supplier_node_id,supplier_node_name,supplier_tier_id,supplier_region_id,supplier_category_id,supplier_capacity_index,supplier_logistics_kind,supplier_is_logistics_hub,supplier_tier_name,supplier_tier_label,supplier_flow_order,supplier_trade_bloc
RAW_MATERIAL_0000,Korrin Minerals - Batam,0,Southeast Asia,Crude industrial gas,0.7800724674956511,,0,RAW_MATERIAL,Raw Material,0,East Asia
RAW_MATERIAL_0001,Granth Extraction - Pune,0,South Asia,Crude industrial gas,0.10238029836366164,,0,RAW_MATERIAL,Raw Material,0,Unaligned
RAW_MATERIAL_0002,Yarrow Feedstock - Tianjin,0,China,Rare earth elements,1.6989952323849167,,0,RAW_MATERIAL,Raw Material,0,East Asia
RAW_MATERIAL_0003,Trellis Resources - Johannesburg,0,Rest of World,Substrate resin,1.773489110852051,,0,RAW_MATERIAL,Raw Material,0,Unaligned
RAW_MATERIAL_0004,Belan Resources - Leixlip,0,Europe,Substrate resin,1.984614840631363,,0,RAW_MATERIAL,Raw Material,0,Western
RAW_MATERIAL_0005,Korrin Resources - Guadalajara,0,North America,Silicon feedstock,2.17632941667514,,0,RAW_MATERIAL,Raw Material,0,Western
RAW_MATERIAL_0006,Quarn Minerals - Perth,0,Rest of World,Copper,0.8846549355313017,,0,RAW_MATERIAL,Raw Material,0,Unaligned
RAW_MATERIAL_0007,Doran Resources - Perth,0,Rest of World,Silicon feedstock,0.6364090670467121,,0,RAW_MATERIAL,Raw Material,0,Unaligned
RAW_MATERIAL_0008,Noral Minerals - Malta,0,North America,Bulk chemical,0.7012642981890086,,0,RAW_MATERIAL,Raw Material,0,Western
RAW_MATERIAL_0009,Mervi Minerals - Batangas,0,Southeast Asia,Substrate resin,0.6213763184431937,,0,RAW_MATERIAL,Raw Material,0,East Asia
RAW_MATERIAL_0010,Ulvid Feedstock - Belo Horizonte,0,Rest of World,Copper,0.4429068955315996,,0,RAW_MATERIAL,Raw Material,0,Unaligned
RAW_MATERIAL_0011,Oxbow Minerals - Bengaluru,0,South Asia,Silicon feedstock,1.3713636912726868,,0,RAW_MATERIAL,Raw Material,0,Unaligned
RAW_MATERIAL_0012,Dyne Resources - Guadalajara,0,North America,Substrate resin,0.9514304802238882,,0,RAW_MATERIAL,Raw Material,0,Western
RAW_MATERIAL_0013,Stade Extraction - Batangas,0,Southeast Asia,Copper,0.3812362778202961,,0,RAW_MATERIAL,Raw Material,0,East Asia
RAW_MATERIAL_0014,Alder Feedstock - Xi'an,0,China,Substrate resin,0.8261691315971136,,0,RAW_MATERIAL,Raw Material,0,East Asia
RAW_MATERIAL_0015,Vantor Resources - Villach,0,Europe,Crude industrial gas,2.1404495429043586,,0,RAW_MATERIAL,Raw Material,0,Western
RAW_MATERIAL_0016,Orvid Extraction - Belo Horizonte,0,Rest of World,Copper,1.2755675416847563,,0,RAW_MATERIAL,Raw Material,0,Unaligned
RAW_MATERIAL_0017,Ystad Feedstock - Chengdu,0,China,Substrate resin,1.0623514441355992,,0,RAW_MATERIAL,Raw Material,0,East Asia
RAW_MATERIAL_0018,Ferrin Minerals - Shenzhen,0,China,Substrate resin,2.1691637927400547,,0,RAW_MATERIAL,Raw Material,0,East Asia
RAW_MATERIAL_0019,Faryn Extraction - Hiroshima,0,Japan,Substrate resin,0.9546462555064097,,0,RAW_MATERIAL,Raw Material,0,East Asia
RAW_MATERIAL_0020,Quill Resources - Xi'an,0,China,Crude industrial gas,2.2348859353692845,,0,RAW_MATERIAL,Raw Material,0,East Asia
RAW_MATERIAL_0021,Ader Resources - Xi'an,0,China,Crude industrial gas,2.025258704739244,,0,RAW_MATERIAL,Raw Material,0,East Asia
RAW_MATERIAL_0022,Mervi Resources - Austin,0,North America,Copper,0.3984251596671915,,0,RAW_MATERIAL,Raw Material,0,Western
RAW_MATERIAL_0023,Solvex Feedstock - Belo Horizonte,0,Rest of World,Bulk chemical,5.70534791302323,,0,RAW_MATERIAL,Raw Material,0,Unaligned
RAW_MATERIAL_0024,Belan Resources - Dalian,0,China,Substrate resin,2.545516906143334,,0,RAW_MATERIAL,Raw Material,0,East Asia
RAW_MATERIAL_0025,Ystad Feedstock - Kolwezi,0,Rest of World,Gold,0.8177281294537837,,0,RAW_MATERIAL,Raw Material,0,Unaligned
RAW_MATERIAL_0026,Calder Resources - Kolwezi,0,Rest of World,Silicon feedstock,2.6601361855465537,,0,RAW_MATERIAL,Raw Material,0,Unaligned
RAW_MATERIAL_0027,Ulvid Feedstock - Icheon,0,Korea,Copper,2.979582543725419,,0,RAW_MATERIAL,Raw Material,0,East Asia
RAW_MATERIAL_0028,Palter Feedstock - Leixlip,0,Europe,Silicon feedstock,2.3559537395333736,,0,RAW_MATERIAL,Raw Material,0,Western
RAW_MATERIAL_0029,Elstow Minerals - Xi'an,0,China,Bulk chemical,0.32987569688940466,,0,RAW_MATERIAL,Raw Material,0,East Asia
RAW_MATERIAL_0030,Umber Minerals - Dalian,0,China,Rare earth elements,1.0806695444730496,,0,RAW_MATERIAL,Raw Material,0,East Asia
RAW_MATERIAL_0031,Solvex Feedstock - Chandler,0,North America,Gold,0.27552740194526093,,0,RAW_MATERIAL,Raw Material,0,Western
RAW_MATERIAL_0032,Elstow Extraction - Yokkaichi,0,Japan,Crude industrial gas,0.2230730258601702,,0,RAW_MATERIAL,Raw Material,0,East Asia
RAW_MATERIAL_0033,Vantor Extraction - Ottawa,0,North America,Crude industrial gas,0.5775255667080461,,0,RAW_MATERIAL,Raw Material,0,Western
RAW_MATERIAL_0034,Vantor Minerals - Chengdu,0,China,Bulk chemical,1.450481808141789,,0,RAW_MATERIAL,Raw Material,0,East Asia
RAW_MATERIAL_0035,Nevin Resources - Antofagasta,0,Rest of World,Bulk chemical,0.7763173930481191,,0,RAW_MATERIAL,Raw Material,0,Unaligned
RAW_MATERIAL_0036,Thorne Feedstock - Shanghai,0,China,Crude industrial gas,1.2231855685919149,,0,RAW_MATERIAL,Raw Material,0,East Asia
RAW_MATERIAL_0037,Yarrow Minerals - Bangkok,0,Southeast Asia,Silicon feedstock,0.18372627625530982,,0,RAW_MATERIAL,Raw Material,0,East Asia
RAW_MATERIAL_0038,Holt Feedstock - Shenzhen,0,China,Crude industrial gas,1.099815414340173,,0,RAW_MATERIAL,Raw Material,0,East Asia
RAW_MATERIAL_0039,Lumen Minerals - Chandler,0,North America,Bulk chemical,0.2546156316264565,,0,RAW_MATERIAL,Raw Material,0,Western
RAW_MATERIAL_0040,Granth Extraction - Dresden,0,Europe,Copper,0.570422311018084,,0,RAW_MATERIAL,Raw Material,0,Western
RAW_MATERIAL_0041,Mervi Resources - Hyderabad,0,South Asia,Copper,4.510097040627108,,0,RAW_MATERIAL,Raw Material,0,Unaligned
RAW_MATERIAL_0042,Quill Extraction - Antofagasta,0,Rest of World,Rare earth elements,0.342128912174029,,0,RAW_MATERIAL,Raw Material,0,Unaligned
RAW_MATERIAL_0043,Faryn Resources - Xi'an,0,China,Rare earth elements,1.4460488880944717,,0,RAW_MATERIAL,Raw Material,0,East Asia
RAW_MATERIAL_0044,Thorne Minerals - Tianjin,0,China,Rare earth elements,0.6675093034554749,,0,RAW_MATERIAL,Raw Material,0,East Asia
RAW_MATERIAL_0045,Belan Extraction - Shenzhen,0,China,Rare earth elements,0.20128496989626377,,0,RAW_MATERIAL,Raw Material,0,East Asia
RAW_MATERIAL_0046,Ader Extraction - Grenoble,0,Europe,Silicon feedstock,1.182975423440761,,0,RAW_MATERIAL,Raw Material,0,Western
RAW_MATERIAL_0047,Renbeck Resources - Wuxi,0,China,Silicon feedstock,0.8983565947932752,,0,RAW_MATERIAL,Raw Material,0,East Asia
RAW_MATERIAL_0048,Calder Extraction - Singapore,0,Southeast Asia,Bulk chemical,2.963831631523443,,0,RAW_MATERIAL,Raw Material,0,East Asia
RAW_MATERIAL_0049,Faryn Extraction - Icheon,0,Korea,Substrate resin,1.1293423362159989,,0,RAW_MATERIAL,Raw Material,0,East Asia
RAW_MATERIAL_0050,Gethin Feedstock - Bac Ninh,0,Southeast Asia,Silicon feedstock,0.6953579350550175,,0,RAW_MATERIAL,Raw Material,0,East Asia
RAW_MATERIAL_0051,Vantor Extraction - Chengdu,0,China,Bulk chemical,1.026181627063616,,0,RAW_MATERIAL,Raw Material,0,East Asia
RAW_MATERIAL_0052,Ader Feedstock - Johannesburg,0,Rest of World,Copper,0.8336170247750746,,0,RAW_MATERIAL,Raw Material,0,Unaligned
RAW_MATERIAL_0053,Ferrin Resources - Shanghai,0,China,Bulk chemical,3.1627380382387136,,0,RAW_MATERIAL,Raw Material,0,East Asia
RAW_MATERIAL_0054,Palter Extraction - Dresden,0,Europe,Bulk chemical,0.11305010866589381,,0,RAW_MATERIAL,Raw Material,0,Western
RAW_MATERIAL_0055,Halcy Extraction - Bengaluru,0,South Asia,Substrate resin,2.822238572539958,,0,RAW_MATERIAL,Raw Material,0,Unaligned
RAW_MATERIAL_0056,Belan Resources - Xi'an,0,China,Bulk chemical,0.9040563386820661,,0,RAW_MATERIAL,Raw Material,0,East Asia
RAW_MATERIAL_0057,Ader Minerals - Malta,0,North America,Rare earth elements,0.4244405718736419,,0,RAW_MATERIAL,Raw Material,0,Western
RAW_MATERIAL_0058,Granth Feedstock - Kolwezi,0,Rest of World,Silicon feedstock,1.431596516910009,,0,RAW_MATERIAL,Raw Material,0,Unaligned
RAW_MATERIAL_0059,Alder Extraction - Kolwezi,0,Rest of World,Bulk chemical,0.4741406133526178,,0,RAW_MATERIAL,Raw Material,0,Unaligned
RAW_MATERIAL_0060,Mordant Resources - Singapore,0,Southeast Asia,Bulk chemical,1.373639364824031,,0,RAW_MATERIAL,Raw Material,0,East Asia
RAW_MATERIAL_0061,Elstow Extraction - Perth,0,Rest of World,Crude industrial gas,0.397452994931912,,0,RAW_MATERIAL,Raw Material,0,Unaligned
RAW_MATERIAL_0062,Palter Resources - Kolwezi,0,Rest of World,Silicon feedstock,4.4499333089575055,,0,RAW_MATERIAL,Raw Material,0,Unaligned
RAW_MATERIAL_0063,Oxbow Feedstock - Tianjin,0,China,Crude industrial gas,0.2638555854408566,,0,RAW_MATERIAL,Raw Material,0,East Asia
RAW_MATERIAL_0064,Mordant Resources - Wuxi,0,China,Copper,4.230138458326108,,0,RAW_MATERIAL,Raw Material,0,East Asia
RAW_MATERIAL_0065,Thorne Minerals - Yokkaichi,0,Japan,Silicon feedstock,0.803219211207115,,0,RAW_MATERIAL,Raw Material,0,East Asia
RAW_MATERIAL_0066,Noral Feedstock - Pune,0,South Asia,Silicon feedstock,0.8723794010602614,,0,RAW_MATERIAL,Raw Material,0,Unaligned
RAW_MATERIAL_0067,Jarn Extraction - Wuxi,0,China,Copper,0.39315140174781676,,0,RAW_MATERIAL,Raw Material,0,East Asia
RAW_MATERIAL_0068,Ader Minerals - Dalian,0,China,Crude industrial gas,1.124381803924064,,0,RAW_MATERIAL,Raw Material,0,East Asia
RAW_MATERIAL_0069,Solvex Extraction - Xi'an,0,China,Gold,1.0252476297557929,,0,RAW_MATERIAL,Raw Material,0,East Asia
RAW_MATERIAL_0070,Xanthe Extraction - Chengdu,0,China,Bulk chemical,1.4841402699840556,,0,RAW_MATERIAL,Raw Material,0,East Asia
RAW_MATERIAL_0071,Calder Minerals - Bengaluru,0,South Asia,Bulk chemical,1.1076393178034576,,0,RAW_MATERIAL,Raw Material,0,Unaligned
RAW_MATERIAL_0072,Korrin Extraction - Kolwezi,0,Rest of World,Gold,0.37773785852462766,,0,RAW_MATERIAL,Raw Material,0,Unaligned
RAW_MATERIAL_0073,Lethe Extraction - Perth,0,Rest of World,Rare earth elements,0.8603820562183065,,0,RAW_MATERIAL,Raw Material,0,Unaligned
RAW_MATERIAL_0074,Alder Minerals - Wuxi,0,China,Crude industrial gas,0.23049952239443194,,0,RAW_MATERIAL,Raw Material,0,East Asia
RAW_MATERIAL_0075,Noral Extraction - Tianjin,0,China,Bulk chemical,0.8568095614501718,,0,RAW_MATERIAL,Raw Material,0,East Asia
RAW_MATERIAL_0076,Renbeck Feedstock - Belo Horizonte,0,Rest of World,Copper,2.213284828035543,,0,RAW_MATERIAL,Raw Material,0,Unaligned
RAW_MATERIAL_0077,Stade Resources - Ottawa,0,North America,Copper,1.4426335481133596,,0,RAW_MATERIAL,Raw Material,0,Western
RAW_MATERIAL_0078,Ivex Extraction - Perth,0,Rest of World,Crude industrial gas,0.930713409392877,,0,RAW_MATERIAL,Raw Material,0,Unaligned
RAW_MATERIAL_0079,Solvex Resources - Chengdu,0,China,Substrate resin,0.6234198043578586,,0,RAW_MATERIAL,Raw Material,0,East Asia
RAW_MATERIAL_0080,Rivet Feedstock - Shanghai,0,China,Copper,0.936909021934616,,0,RAW_MATERIAL,Raw Material,0,East Asia
RAW_MATERIAL_0081,Palter Feedstock - Hyderabad,0,South Asia,Rare earth elements,0.5223503078621723,,0,RAW_MATERIAL,Raw Material,0,Unaligned
RAW_MATERIAL_0082,Lethe Resources - Xi'an,0,China,Bulk chemical,2.706483973534908,,0,RAW_MATERIAL,Raw Material,0,East Asia
RAW_MATERIAL_0083,Brant Extraction - Belo Horizonte,0,Rest of World,Substrate resin,2.291415025851117,,0,RAW_MATERIAL,Raw Material,0,Unaligned
RAW_MATERIAL_0084,Gethin Minerals - Johannesburg,0,Rest of World,Rare earth elements,2.547108856075537,,0,RAW_MATERIAL,Raw Material,0,Unaligned
RAW_MATERIAL_0085,Trellis Resources - Perth,0,Rest of World,Crude industrial gas,0.08655612992985381,,0,RAW_MATERIAL,Raw Material,0,Unaligned
RAW_MATERIAL_0086,Solvex Extraction - Bac Ninh,0,Southeast Asia,Gold,0.5399114491130387,,0,RAW_MATERIAL,Raw Material,0,East Asia
RAW_MATERIAL_0087,Mordant Resources - Taoyuan,0,Taiwan,Gold,0.5650239727711356,,0,RAW_MATERIAL,Raw Material,0,East Asia
RAW_MATERIAL_0088,Faryn Minerals - Villach,0,Europe,Bulk chemical,1.0410583844419197,,0,RAW_MATERIAL,Raw Material,0,Western
RAW_MATERIAL_0089,Ferrin Feedstock - Hiroshima,0,Japan,Rare earth elements,2.0164825931622037,,0,RAW_MATERIAL,Raw Material,0,East Asia
RAW_MATERIAL_0090,Ader Minerals - Xi'an,0,China,Bulk chemical,0.7214700099632183,,0,RAW_MATERIAL,Raw Material,0,East Asia
RAW_MATERIAL_0091,Mervi Feedstock - Villach,0,Europe,Substrate resin,0.48201603021253764,,0,RAW_MATERIAL,Raw Material,0,Western
RAW_MATERIAL_0092,Wend Extraction - Shenzhen,0,China,Silicon feedstock,0.42919531941607364,,0,RAW_MATERIAL,Raw Material,0,East Asia
RAW_MATERIAL_0093,Jarn Feedstock - Batam,0,Southeast Asia,Copper,0.9125349358737339,,0,RAW_MATERIAL,Raw Material,0,East Asia
RAW_MATERIAL_0094,Thorne Minerals - Batangas,0,Southeast Asia,Rare earth elements,1.6718304600906917,,0,RAW_MATERIAL,Raw Material,0,East Asia
RAW_MATERIAL_0095,Stade Extraction - Perth,0,Rest of World,Copper,0.6634705478698683,,0,RAW_MATERIAL,Raw Material,0,Unaligned
RAW_MATERIAL_0096,Lethe Extraction - Johannesburg,0,Rest of World,Copper,0.7303085605116949,,0,RAW_MATERIAL,Raw Material,0,Unaligned
RAW_MATERIAL_0097,Belan Resources - Belo Horizonte,0,Rest of World,Bulk chemical,0.800918263750255,,0,RAW_MATERIAL,Raw Material,0,Unaligned
RAW_MATERIAL_0098,Stade Extraction - Tainan,0,Taiwan,Bulk chemical,3.5689022306320686,,0,RAW_MATERIAL,Raw Material,0,East Asia
RAW_MATERIAL_0099,Halcy Extraction - Perth,0,Rest of World,Silicon feedstock,1.0763186895712755,,0,RAW_MATERIAL,Raw Material,0,Unaligned
RAW_MATERIAL_0100,Lethe Extraction - Chandler,0,North America,Crude industrial gas,0.8116540194373877,,0,RAW_MATERIAL,Raw Material,0,Western
RAW_MATERIAL_0101,Prendel Resources - Wuxi,0,China,Bulk chemical,6.605040890559546,,0,RAW_MATERIAL,Raw Material,0,East Asia
RAW_MATERIAL_0102,Holt Extraction - Johannesburg,0,Rest of World,Bulk chemical,1.877534679551043,,0,RAW_MATERIAL,Raw Material,0,Unaligned
RAW_MATERIAL_0103,Lethe Feedstock - Kolwezi,0,Rest of World,Rare earth elements,1.0177667077058443,,0,RAW_MATERIAL,Raw Material,0,Unaligned
RAW_MATERIAL_0104,Xanthe Feedstock - Ottawa,0,North America,Copper,0.4741743044899717,,0,RAW_MATERIAL,Raw Material,0,Western
RAW_MATERIAL_0105,Rivet Feedstock - Shanghai 2,0,China,Silicon feedstock,0.8882581047030159,,0,RAW_MATERIAL,Raw Material,0,East Asia
RAW_MATERIAL_0106,Halcy Feedstock - Belo Horizonte,0,Rest of World,Copper,1.0873379971199437,,0,RAW_MATERIAL,Raw Material,0,Unaligned
RAW_MATERIAL_0107,Solvex Minerals - Hyderabad,0,South Asia,Crude industrial gas,5.637254057889134,,0,RAW_MATERIAL,Raw Material,0,Unaligned
RAW_MATERIAL_0108,Ystad Resources - Perth,0,Rest of World,Rare earth elements,0.8856940816850248,,0,RAW_MATERIAL,Raw Material,0,Unaligned
RAW_MATERIAL_0109,Faryn Minerals - Sanand,0,South Asia,Rare earth elements,1.1924187684000023,,0,RAW_MATERIAL,Raw Material,0,Unaligned
RAW_MATERIAL_0110,Renbeck Extraction - Sanand,0,South Asia,Copper,0.9630926040895978,,0,RAW_MATERIAL,Raw Material,0,Unaligned
RAW_MATERIAL_0111,Ferrin Extraction - Leixlip,0,Europe,Crude industrial gas,1.3709069591436214,,0,RAW_MATERIAL,Raw Material,0,Western
RAW_MATERIAL_0112,Alder Resources - Kolwezi,0,Rest of World,Substrate resin,0.39727576370858436,,0,RAW_MATERIAL,Raw Material,0,Unaligned
RAW_MATERIAL_0113,Doran Resources - Johannesburg,0,Rest of World,Substrate resin,0.653140871664167,,0,RAW_MATERIAL,Raw Material,0,Unaligned
RAW_MATERIAL_0114,Elstow Resources - Eindhoven,0,Europe,Bulk chemical,1.93439096797758,,0,RAW_MATERIAL,Raw Material,0,Western
RAW_MATERIAL_0115,Yarrow Resources - Hyderabad,0,South Asia,Bulk chemical,1.5184973712306944,,0,RAW_MATERIAL,Raw Material,0,Unaligned
RAW_MATERIAL_0116,Zephyr Extraction - Dalian,0,China,Bulk chemical,0.7836630178444063,,0,RAW_MATERIAL,Raw Material,0,East Asia
RAW_MATERIAL_0117,Gethin Resources - Shenzhen,0,China,Copper,0.4273064671056052,,0,RAW_MATERIAL,Raw Material,0,East Asia
RAW_MATERIAL_0118,Brant Extraction - Kolwezi,0,Rest of World,Silicon feedstock,2.1276380726950848,,0,RAW_MATERIAL,Raw Material,0,Unaligned
RAW_MATERIAL_0119,Kestrel Resources - Grenoble,0,Europe,Rare earth elements,3.665794916795632,,0,RAW_MATERIAL,Raw Material,0,Western
RAW_MATERIAL_0120,Ember Minerals - Ottawa,0,North America,Bulk chemical,1.2030593208851095,,0,RAW_MATERIAL,Raw Material,0,Western
RAW_MATERIAL_0121,Halcy Feedstock - Kolwezi,0,Rest of World,Substrate resin,2.152687004198521,,0,RAW_MATERIAL,Raw Material,0,Unaligned
RAW_MATERIAL_0122,Holt Minerals - Belo Horizonte,0,Rest of World,Rare earth elements,0.4421250558658404,,0,RAW_MATERIAL,Raw Material,0,Unaligned
RAW_MATERIAL_0123,Granth Resources - Tianjin,0,China,Silicon feedstock,1.821735730554742,,0,RAW_MATERIAL,Raw Material,0,East Asia
RAW_MATERIAL_0124,Doran Minerals - Johannesburg,0,Rest of World,Silicon feedstock,0.10504742791508273,,0,RAW_MATERIAL,Raw Material,0,Unaligned
RAW_MATERIAL_0125,Zephyr Resources - Xi'an,0,China,Silicon feedstock,0.40461471156552126,,0,RAW_MATERIAL,Raw Material,0,East Asia
RAW_MATERIAL_0126,Rivet Feedstock - Malta,0,North America,Crude industrial gas,2.76913870278715,,0,RAW_MATERIAL,Raw Material,0,Western
RAW_MATERIAL_0127,Korrin Minerals - Gumi,0,Korea,Copper,1.0565582681252577,,0,RAW_MATERIAL,Raw Material,0,East Asia
RAW_MATERIAL_0128,Korrin Minerals - Xi'an,0,China,Copper,0.9870545573788696,,0,RAW_MATERIAL,Raw Material,0,East Asia
RAW_MATERIAL_0129,Belan Extraction - Shanghai,0,China,Bulk chemical,0.1496366734028728,,0,RAW_MATERIAL,Raw Material,0,East Asia
RAW_MATERIAL_0130,Ivex Feedstock - Shanghai,0,China,Gold,4.136741763896977,,0,RAW_MATERIAL,Raw Material,0,East Asia
RAW_MATERIAL_0131,Ivex Minerals - Shanghai,0,China,Bulk chemical,2.4179775178838563,,0,RAW_MATERIAL,Raw Material,0,East Asia
RAW_MATERIAL_0132,Noral Minerals - Wuxi,0,China,Rare earth elements,0.3429890872715097,,0,RAW_MATERIAL,Raw Material,0,East Asia
RAW_MATERIAL_0133,Palter Feedstock - Xi'an,0,China,Bulk chemical,1.9342886526638412,,0,RAW_MATERIAL,Raw Material,0,East Asia
RAW_MATERIAL_0134,Renbeck Extraction - Chengdu,0,China,Crude industrial gas,0.7946291376274789,,0,RAW_MATERIAL,Raw Material,0,East Asia
RAW_MATERIAL_0135,Holt Extraction - Johannesburg 2,0,Rest of World,Bulk chemical,1.519620104607928,,0,RAW_MATERIAL,Raw Material,0,Unaligned
RAW_MATERIAL_0136,Verity Extraction - Pune,0,South Asia,Substrate resin,2.045615516645596,,0,RAW_MATERIAL,Raw Material,0,Unaligned
RAW_MATERIAL_0137,Cortex Minerals - Johannesburg,0,Rest of World,Rare earth elements,2.3230067476742295,,0,RAW_MATERIAL,Raw Material,0,Unaligned
RAW_MATERIAL_0138,Lethe Resources - Sanand,0,South Asia,Silicon feedstock,1.4221370711968964,,0,RAW_MATERIAL,Raw Material,0,Unaligned
RAW_MATERIAL_0139,Belan Feedstock - Antofagasta,0,Rest of World,Crude industrial gas,2.039020962583019,,0,RAW_MATERIAL,Raw Material,0,Unaligned
RAW_MATERIAL_0140,Wexler Resources - Kumamoto,0,Japan,Bulk chemical,5.2010916847579525,,0,RAW_MATERIAL,Raw Material,0,East Asia
RAW_MATERIAL_0141,Nevin Feedstock - Taoyuan,0,Taiwan,Rare earth elements,4.837084310873,,0,RAW_MATERIAL,Raw Material,0,East Asia
RAW_MATERIAL_0142,Solvex Resources - Tianjin,0,China,Substrate resin,1.357176817598795,,0,RAW_MATERIAL,Raw Material,0,East Asia
RAW_MATERIAL_0143,Jarn Minerals - Belo Horizonte,0,Rest of World,Bulk chemical,0.5879410323808291,,0,RAW_MATERIAL,Raw Material,0,Unaligned
RAW_MATERIAL_0144,Prendel Feedstock - Xi'an,0,China,Bulk chemical,0.6389823486525483,,0,RAW_MATERIAL,Raw Material,0,East Asia
RAW_MATERIAL_0145,Lethe Feedstock - Kolwezi 2,0,Rest of World,Copper,1.387800168893626,,0,RAW_MATERIAL,Raw Material,0,Unaligned
RAW_MATERIAL_0146,Stade Resources - Kolwezi,0,Rest of World,Crude industrial gas,1.4599790183004413,,0,RAW_MATERIAL,Raw Material,0,Unaligned
RAW_MATERIAL_0147,Renbeck Minerals - Grenoble,0,Europe,Bulk chemical,0.31699180858148335,,0,RAW_MATERIAL,Raw Material,0,Western
RAW_MATERIAL_0148,Dyne Feedstock - Kolwezi,0,Rest of World,Bulk chemical,1.9639494990816153,,0,RAW_MATERIAL,Raw Material,0,Unaligned
RAW_MATERIAL_0149,Cortex Extraction - Bengaluru,0,South Asia,Substrate resin,1.0517916648189265,,0,RAW_MATERIAL,Raw Material,0,Unaligned
RAW_MATERIAL_0150,Jarn Minerals - Gumi,0,Korea,Copper,0.18688086732930131,,0,RAW_MATERIAL,Raw Material,0,East Asia
RAW_MATERIAL_0151,Ystad Resources - Belo Horizonte,0,Rest of World,Bulk chemical,1.4628711925106075,,0,RAW_MATERIAL,Raw Material,0,Unaligned
RAW_MATERIAL_0152,Zephyr Minerals - Austin,0,North America,Crude industrial gas,3.9200898541060045,,0,RAW_MATERIAL,Raw Material,0,Western
RAW_MATERIAL_0153,Wexler Feedstock - Penang,0,Southeast Asia,Substrate resin,0.5210060082856185,,0,RAW_MATERIAL,Raw Material,0,East Asia
RAW_MATERIAL_0154,Rivet Extraction - Shenzhen,0,China,Copper,4.050492580768667,,0,RAW_MATERIAL,Raw Material,0,East Asia
RAW_MATERIAL_0155,Nevin Feedstock - Sanand,0,South Asia,Bulk chemical,1.948123651596235,,0,RAW_MATERIAL,Raw Material,0,Unaligned
RAW_MATERIAL_0156,Korrin Minerals - Villach,0,Europe,Copper,1.0851333451995018,,0,RAW_MATERIAL,Raw Material,0,Western
RAW_MATERIAL_0157,Korrin Extraction - Cheongju,0,Korea,Substrate resin,3.906483513152427,,0,RAW_MATERIAL,Raw Material,0,East Asia
RAW_MATERIAL_0158,Jarn Extraction - Sanand,0,South Asia,Substrate resin,0.5292066356206897,,0,RAW_MATERIAL,Raw Material,0,Unaligned
RAW_MATERIAL_0159,Xanthe Feedstock - Kitakyushu,0,Japan,Copper,0.6330494030130444,,0,RAW_MATERIAL,Raw Material,0,East Asia
RAW_MATERIAL_0160,Brant Minerals - Kolwezi,0,Rest of World,Copper,1.7743484551578965,,0,RAW_MATERIAL,Raw Material,0,Unaligned
RAW_MATERIAL_0161,Ember Minerals - Dalian,0,China,Copper,2.6123427716842444,,0,RAW_MATERIAL,Raw Material,0,East Asia
RAW_MATERIAL_0162,Korrin Extraction - Crolles,0,Europe,Substrate resin,2.0413015017309095,,0,RAW_MATERIAL,Raw Material,0,Western
RAW_MATERIAL_0163,Umber Feedstock - Leixlip,0,Europe,Bulk chemical,1.0089326203412048,,0,RAW_MATERIAL,Raw Material,0,Western
RAW_MATERIAL_0164,Cortex Minerals - Perth,0,Rest of World,Copper,2.7964388896472965,,0,RAW_MATERIAL,Raw Material,0,Unaligned
RAW_MATERIAL_0165,Stade Resources - Kumamoto,0,Japan,Bulk chemical,0.5781594369859794,,0,RAW_MATERIAL,Raw Material,0,East Asia
RAW_MATERIAL_0166,Ferrin Feedstock - Ottawa,0,North America,Rare earth elements,1.2556768756755863,,0,RAW_MATERIAL,Raw Material,0,Western
RAW_MATERIAL_0167,Mordant Feedstock - Bac Ninh,0,Southeast Asia,Rare earth elements,0.7805262235087626,,0,RAW_MATERIAL,Raw Material,0,East Asia
RAW_MATERIAL_0168,Halcy Feedstock - Perth,0,Rest of World,Crude industrial gas,0.3889839757334564,,0,RAW_MATERIAL,Raw Material,0,Unaligned
RAW_MATERIAL_0169,Palter Extraction - Antofagasta,0,Rest of World,Bulk chemical,1.0642769261061653,,0,RAW_MATERIAL,Raw Material,0,Unaligned
RAW_MATERIAL_0170,Mervi Feedstock - Kolwezi,0,Rest of World,Crude industrial gas,0.24855709774931203,,0,RAW_MATERIAL,Raw Material,0,Unaligned
RAW_MATERIAL_0171,Holt Resources - Kolwezi,0,Rest of World,Silicon feedstock,0.2697111306197298,,0,RAW_MATERIAL,Raw Material,0,Unaligned
RAW_MATERIAL_0172,Zephyr Extraction - Bac Ninh,0,Southeast Asia,Bulk chemical,0.410695320183281,,0,RAW_MATERIAL,Raw Material,0,East Asia
RAW_MATERIAL_0173,Lumen Resources - Hillsboro,0,North America,Rare earth elements,1.9319843683831195,,0,RAW_MATERIAL,Raw Material,0,Western
RAW_MATERIAL_0174,Prendel Minerals - Guadalajara,0,North America,Bulk chemical,3.7830941453232168,,0,RAW_MATERIAL,Raw Material,0,Western
RAW_MATERIAL_0175,Halcy Feedstock - Wuxi,0,China,Copper,2.171508221846334,,0,RAW_MATERIAL,Raw Material,0,East Asia
RAW_MATERIAL_0176,Doran Resources - Villach,0,Europe,Substrate resin,0.6261498556146464,,0,RAW_MATERIAL,Raw Material,0,Western
RAW_MATERIAL_0177,Nevin Feedstock - Shenzhen,0,China,Substrate resin,0.6092867735345168,,0,RAW_MATERIAL,Raw Material,0,East Asia
RAW_MATERIAL_0178,Nevin Resources - Guadalajara,0,North America,Crude industrial gas,0.3215056517258007,,0,RAW_MATERIAL,Raw Material,0,Western
RAW_MATERIAL_0179,Nevin Minerals - Pune,0,South Asia,Copper,0.9971358373523844,,0,RAW_MATERIAL,Raw Material,0,Unaligned
RAW_MATERIAL_0180,Gethin Resources - Chengdu,0,China,Silicon feedstock,0.38687157505131015,,0,RAW_MATERIAL,Raw Material,0,East Asia
RAW_MATERIAL_0181,Ferrin Minerals - Ottawa,0,North America,Bulk chemical,1.9548840539128223,,0,RAW_MATERIAL,Raw Material,0,Western
RAW_MATERIAL_0182,Verity Feedstock - Antofagasta,0,Rest of World,Bulk chemical,0.8177335320624586,,0,RAW_MATERIAL,Raw Material,0,Unaligned
RAW_MATERIAL_0183,Mervi Resources - Belo Horizonte,0,Rest of World,Substrate resin,0.517808564552875,,0,RAW_MATERIAL,Raw Material,0,Unaligned
RAW_MATERIAL_0184,Thorne Minerals - Kolwezi,0,Rest of World,Copper,1.0939345538830423,,0,RAW_MATERIAL,Raw Material,0,Unaligned
RAW_MATERIAL_0185,Quarn Resources - Tianjin,0,China,Bulk chemical,1.985366438162659,,0,RAW_MATERIAL,Raw Material,0,East Asia
RAW_MATERIAL_0186,Ystad Feedstock - Johannesburg,0,Rest of World,Silicon feedstock,2.4239085168026864,,0,RAW_MATERIAL,Raw Material,0,Unaligned
RAW_MATERIAL_0187,Calder Extraction - Tainan,0,Taiwan,Crude industrial gas,0.7668958557544291,,0,RAW_MATERIAL,Raw Material,0,East Asia
RAW_MATERIAL_0188,Xanthe Minerals - Dalian,0,China,Silicon feedstock,0.27758557428848585,,0,RAW_MATERIAL,Raw Material,0,East Asia
RAW_MATERIAL_0189,Cortex Minerals - Tianjin,0,China,Gold,0.20559230253121466,,0,RAW_MATERIAL,Raw Material,0,East Asia
RAW_MATERIAL_0190,Ystad Minerals - Wuxi,0,China,Bulk chemical,0.46308082811642803,,0,RAW_MATERIAL,Raw Material,0,East Asia
RAW_MATERIAL_0191,Korrin Minerals - Perth,0,Rest of World,Copper,2.256126556567869,,0,RAW_MATERIAL,Raw Material,0,Unaligned
RAW_MATERIAL_0192,Dyne Resources - Wuxi,0,China,Rare earth elements,1.109730644692604,,0,RAW_MATERIAL,Raw Material,0,East Asia
RAW_MATERIAL_0193,Dyne Feedstock - Tianjin,0,China,Bulk chemical,0.3473618810888166,,0,RAW_MATERIAL,Raw Material,0,East Asia
RAW_MATERIAL_0194,Quill Feedstock - Grenoble,0,Europe,Copper,2.9180109891868327,,0,RAW_MATERIAL,Raw Material,0,Western
RAW_MATERIAL_0195,Rivet Extraction - Antofagasta,0,Rest of World,Copper,0.4436942369220117,,0,RAW_MATERIAL,Raw Material,0,Unaligned
RAW_MATERIAL_0196,Holt Feedstock - Belo Horizonte,0,Rest of World,Bulk chemical,0.9337461592672847,,0,RAW_MATERIAL,Raw Material,0,Unaligned
RAW_MATERIAL_0197,Lethe Feedstock - Hyderabad,0,South Asia,Rare earth elements,1.30564409235115,,0,RAW_MATERIAL,Raw Material,0,Unaligned
RAW_MATERIAL_0198,Xanthe Extraction - Bengaluru,0,South Asia,Gold,1.892804247865334,,0,RAW_MATERIAL,Raw Material,0,Unaligned
RAW_MATERIAL_0199,Belan Minerals - Johannesburg,0,Rest of World,Bulk chemical,0.402211309554018,,0,RAW_MATERIAL,Raw Material,0,Unaligned
RAW_MATERIAL_0200,Doran Extraction - Shanghai,0,China,Copper,1.6337111026742346,,0,RAW_MATERIAL,Raw Material,0,East Asia
RAW_MATERIAL_0201,Rivet Feedstock - Wuxi,0,China,Rare earth elements,0.8988654353398319,,0,RAW_MATERIAL,Raw Material,0,East Asia
RAW_MATERIAL_0202,Oxbow Extraction - Tainan,0,Taiwan,Bulk chemical,0.714733613132612,,0,RAW_MATERIAL,Raw Material,0,East Asia
RAW_MATERIAL_0203,Prendel Resources - Dalian,0,China,Silicon feedstock,0.9068365067307206,,0,RAW_MATERIAL,Raw Material,0,East Asia
RAW_MATERIAL_0204,Zephyr Feedstock - Villach,0,Europe,Crude industrial gas,0.4773853282608603,,0,RAW_MATERIAL,Raw Material,0,Western
RAW_MATERIAL_0205,Korrin Extraction - Perth,0,Rest of World,Bulk chemical,0.5215021670403339,,0,RAW_MATERIAL,Raw Material,0,Unaligned
RAW_MATERIAL_0206,Quill Minerals - Hyderabad,0,South Asia,Copper,1.088101998109574,,0,RAW_MATERIAL,Raw Material,0,Unaligned
RAW_MATERIAL_0207,Nevin Resources - Perth,0,Rest of World,Crude industrial gas,2.7439901356294905,,0,RAW_MATERIAL,Raw Material,0,Unaligned
RAW_MATERIAL_0208,Korrin Extraction - Shanghai,0,China,Silicon feedstock,0.4422745005960627,,0,RAW_MATERIAL,Raw Material,0,East Asia
RAW_MATERIAL_0209,Solvex Feedstock - Tianjin,0,China,Rare earth elements,0.48224129079081063,,0,RAW_MATERIAL,Raw Material,0,East Asia
RAW_MATERIAL_0210,Jarn Extraction - Wuxi 2,0,China,Substrate resin,3.199421419970863,,0,RAW_MATERIAL,Raw Material,0,East Asia
RAW_MATERIAL_0211,Nevin Extraction - Wuxi,0,China,Copper,0.8612198114489431,,0,RAW_MATERIAL,Raw Material,0,East Asia
RAW_MATERIAL_0212,Jorel Feedstock - Bangkok,0,Southeast Asia,Bulk chemical,1.4542287446260642,,0,RAW_MATERIAL,Raw Material,0,East Asia
RAW_MATERIAL_0213,Palter Extraction - Hwaseong,0,Korea,Silicon feedstock,0.9505336898494539,,0,RAW_MATERIAL,Raw Material,0,East Asia
RAW_MATERIAL_0214,Rivet Minerals - Chengdu,0,China,Copper,0.42508393260361377,,0,RAW_MATERIAL,Raw Material,0,East Asia
RAW_MATERIAL_0215,Oxbow Feedstock - Austin,0,North America,Copper,2.6875970292957647,,0,RAW_MATERIAL,Raw Material,0,Western
RAW_MATERIAL_0216,Quarn Minerals - Kolwezi,0,Rest of World,Rare earth elements,1.867426629992779,,0,RAW_MATERIAL,Raw Material,0,Unaligned
RAW_MATERIAL_0217,Ember Feedstock - Wuxi,0,China,Gold,1.994628884152523,,0,RAW_MATERIAL,Raw Material,0,East Asia
RAW_MATERIAL_0218,Verity Resources - Xi'an,0,China,Rare earth elements,0.18214009424427324,,0,RAW_MATERIAL,Raw Material,0,East Asia
RAW_MATERIAL_0219,Renbeck Minerals - Gumi,0,Korea,Substrate resin,1.1886828336801973,,0,RAW_MATERIAL,Raw Material,0,East Asia
RAW_MATERIAL_0220,Solvex Feedstock - Kolwezi,0,Rest of World,Copper,1.5716615528435354,,0,RAW_MATERIAL,Raw Material,0,Unaligned
RAW_MATERIAL_0221,Doran Resources - Wuxi,0,China,Crude industrial gas,0.8119856237092148,,0,RAW_MATERIAL,Raw Material,0,East Asia
RAW_MATERIAL_0222,Wend Extraction - Austin,0,North America,Copper,0.40958140793793835,,0,RAW_MATERIAL,Raw Material,0,Western
RAW_MATERIAL_0223,Yarrow Feedstock - Malta,0,North America,Crude industrial gas,2.9108873723743334,,0,RAW_MATERIAL,Raw Material,0,Western
RAW_MATERIAL_0224,Thorne Feedstock - Shenzhen,0,China,Crude industrial gas,1.2547772042954877,,0,RAW_MATERIAL,Raw Material,0,East Asia
RAW_MATERIAL_0225,Halcy Feedstock - Antofagasta,0,Rest of World,Silicon feedstock,0.9694716301816102,,0,RAW_MATERIAL,Raw Material,0,Unaligned
RAW_MATERIAL_0226,Korrin Feedstock - Yokkaichi,0,Japan,Rare earth elements,3.1063690159661967,,0,RAW_MATERIAL,Raw Material,0,East Asia
RAW_MATERIAL_0227,Calder Minerals - Antofagasta,0,Rest of World,Bulk chemical,0.8163151847049338,,0,RAW_MATERIAL,Raw Material,0,Unaligned
RAW_MATERIAL_0228,Noral Extraction - Dalian,0,China,Substrate resin,5.889280076509315,,0,RAW_MATERIAL,Raw Material,0,East Asia
RAW_MATERIAL_0229,Brant Extraction - Austin,0,North America,Copper,0.32966210955517117,,0,RAW_MATERIAL,Raw Material,0,Western
RAW_MATERIAL_0230,Trellis Minerals - Dresden,0,Europe,Crude industrial gas,1.5536118956997915,,0,RAW_MATERIAL,Raw Material,0,Western
RAW_MATERIAL_0231,Rivet Resources - Grenoble,0,Europe,Bulk chemical,0.5450310071393637,,0,RAW_MATERIAL,Raw Material,0,Western
RAW_MATERIAL_0232,Elstow Minerals - Dalian,0,China,Crude industrial gas,0.7367755053277503,,0,RAW_MATERIAL,Raw Material,0,East Asia
RAW_MATERIAL_0233,Jarn Resources - Pune,0,South Asia,Bulk chemical,0.10894943259579207,,0,RAW_MATERIAL,Raw Material,0,Unaligned
RAW_MATERIAL_0234,Brant Extraction - Xi'an,0,China,Crude industrial gas,0.955517147676794,,0,RAW_MATERIAL,Raw Material,0,East Asia
RAW_MATERIAL_0235,Jarn Extraction - Guadalajara,0,North America,Gold,0.5907800696553407,,0,RAW_MATERIAL,Raw Material,0,Western
RAW_MATERIAL_0236,Solvex Minerals - Johannesburg,0,Rest of World,Copper,2.931908230769887,,0,RAW_MATERIAL,Raw Material,0,Unaligned
RAW_MATERIAL_0237,Solvex Resources - Tianjin 2,0,China,Copper,0.7532523510244469,,0,RAW_MATERIAL,Raw Material,0,East Asia
RAW_MATERIAL_0238,Lumen Minerals - Xi'an,0,China,Bulk chemical,0.19280982238109193,,0,RAW_MATERIAL,Raw Material,0,East Asia
RAW_MATERIAL_0239,Kestrel Extraction - Shenzhen,0,China,Silicon feedstock,1.6821246835243933,,0,RAW_MATERIAL,Raw Material,0,East Asia
RAW_MATERIAL_0240,Yarrow Resources - Chengdu,0,China,Bulk chemical,1.3184529313324596,,0,RAW_MATERIAL,Raw Material,0,East Asia
RAW_MATERIAL_0241,Solvex Minerals - Chandler,0,North America,Rare earth elements,1.8463528452992946,,0,RAW_MATERIAL,Raw Material,0,Western
RAW_MATERIAL_0242,Thorne Extraction - Kolwezi,0,Rest of World,Substrate resin,1.4388729703498988,,0,RAW_MATERIAL,Raw Material,0,Unaligned
RAW_MATERIAL_0243,Brant Minerals - Sanand,0,South Asia,Substrate resin,3.3903306927799663,,0,RAW_MATERIAL,Raw Material,0,Unaligned
RAW_MATERIAL_0244,Wend Extraction - Kolwezi,0,Rest of World,Bulk chemical,0.9206953892738767,,0,RAW_MATERIAL,Raw Material,0,Unaligned
RAW_MATERIAL_0245,Jorel Minerals - Guadalajara,0,North America,Substrate resin,0.48935844778881915,,0,RAW_MATERIAL,Raw Material,0,Western
RAW_MATERIAL_0246,Thorne Resources - Taichung,0,Taiwan,Silicon feedstock,0.5350034677270334,,0,RAW_MATERIAL,Raw Material,0,East Asia
RAW_MATERIAL_0247,Yarrow Minerals - Kumamoto,0,Japan,Silicon feedstock,1.8754544130468855,,0,RAW_MATERIAL,Raw Material,0,East Asia
RAW_MATERIAL_0248,Cortex Minerals - Dalian,0,China,Substrate resin,1.267037703094809,,0,RAW_MATERIAL,Raw Material,0,East Asia
RAW_MATERIAL_0249,Cortex Resources - Kolwezi,0,Rest of World,Silicon feedstock,0.7677576600900128,,0,RAW_MATERIAL,Raw Material,0,Unaligned
RAW_MATERIAL_0250,Solvex Extraction - Kolwezi,0,Rest of World,Bulk chemical,0.477734398570018,,0,RAW_MATERIAL,Raw Material,0,Unaligned
RAW_MATERIAL_0251,Ulvid Extraction - Guadalajara,0,North America,Substrate resin,0.6234996013553297,,0,RAW_MATERIAL,Raw Material,0,Western
RAW_MATERIAL_0252,Ader Feedstock - Tainan,0,Taiwan,Bulk chemical,2.6922295528112667,,0,RAW_MATERIAL,Raw Material,0,East Asia
RAW_MATERIAL_0253,Orvid Minerals - Hillsboro,0,North America,Substrate resin,0.3386169097990535,,0,RAW_MATERIAL,Raw Material,0,Western
RAW_MATERIAL_0254,Palter Minerals - Kumamoto,0,Japan,Rare earth elements,0.49664322562274793,,0,RAW_MATERIAL,Raw Material,0,East Asia
RAW_MATERIAL_0255,Elstow Minerals - Shenzhen,0,China,Bulk chemical,3.939682841216125,,0,RAW_MATERIAL,Raw Material,0,East Asia
RAW_MATERIAL_0256,Nevin Minerals - Shenzhen,0,China,Crude industrial gas,0.6505662928257404,,0,RAW_MATERIAL,Raw Material,0,East Asia
RAW_MATERIAL_0257,Quill Minerals - Batam,0,Southeast Asia,Copper,1.2628251774975277,,0,RAW_MATERIAL,Raw Material,0,East Asia
RAW_MATERIAL_0258,Quill Minerals - Chengdu,0,China,Rare earth elements,0.4444805426239347,,0,RAW_MATERIAL,Raw Material,0,East Asia
RAW_MATERIAL_0259,Xanthe Resources - Hillsboro,0,North America,Copper,0.5918634833981737,,0,RAW_MATERIAL,Raw Material,0,Western
RAW_MATERIAL_0260,Orvid Extraction - Austin,0,North America,Substrate resin,0.8706716820170083,,0,RAW_MATERIAL,Raw Material,0,Western
RAW_MATERIAL_0261,Lethe Feedstock - Dalian,0,China,Bulk chemical,1.6725952936174835,,0,RAW_MATERIAL,Raw Material,0,East Asia
RAW_MATERIAL_0262,Ember Minerals - Bac Ninh,0,Southeast Asia,Bulk chemical,0.31178688103761626,,0,RAW_MATERIAL,Raw Material,0,East Asia
RAW_MATERIAL_0263,Ferrin Minerals - Dalian,0,China,Bulk chemical,2.5412748554485205,,0,RAW_MATERIAL,Raw Material,0,East Asia
RAW_MATERIAL_0264,Lethe Resources - Belo Horizonte,0,Rest of World,Copper,1.7760974598144963,,0,RAW_MATERIAL,Raw Material,0,Unaligned
RAW_MATERIAL_0265,Gethin Feedstock - Tianjin,0,China,Rare earth elements,0.975396516517247,,0,RAW_MATERIAL,Raw Material,0,East Asia
RAW_MATERIAL_0266,Xanthe Extraction - Singapore,0,Southeast Asia,Bulk chemical,0.4518497974159457,,0,RAW_MATERIAL,Raw Material,0,East Asia
RAW_MATERIAL_0267,Gethin Feedstock - Wuxi,0,China,Rare earth elements,2.9701600686921883,,0,RAW_MATERIAL,Raw Material,0,East Asia
RAW_MATERIAL_0268,Lumen Minerals - Bangkok,0,Southeast Asia,Crude industrial gas,0.6516756067970156,,0,RAW_MATERIAL,Raw Material,0,East Asia
RAW_MATERIAL_0269,Quarn Extraction - Guadalajara,0,North America,Crude industrial gas,2.1078654821424174,,0,RAW_MATERIAL,Raw Material,0,Western
RAW_MATERIAL_0270,Calder Extraction - Chengdu,0,China,Bulk chemical,2.195940513974883,,0,RAW_MATERIAL,Raw Material,0,East Asia
RAW_MATERIAL_0271,Dyne Minerals - Wuxi,0,China,Rare earth elements,1.4339029724966665,,0,RAW_MATERIAL,Raw Material,0,East Asia
RAW_MATERIAL_0272,Wexler Feedstock - Bac Ninh,0,Southeast Asia,Rare earth elements,0.3204611431630295,,0,RAW_MATERIAL,Raw Material,0,East Asia
RAW_MATERIAL_0273,Prendel Extraction - Crolles,0,Europe,Crude industrial gas,0.650155281217326,,0,RAW_MATERIAL,Raw Material,0,Western
RAW_MATERIAL_0274,Quarn Minerals - Singapore,0,Southeast Asia,Bulk chemical,1.2193081025417174,,0,RAW_MATERIAL,Raw Material,0,East Asia
RAW_MATERIAL_0275,Wend Resources - Perth,0,Rest of World,Bulk chemical,0.3665702918832582,,0,RAW_MATERIAL,Raw Material,0,Unaligned
RAW_MATERIAL_0276,Trellis Feedstock - Perth,0,Rest of World,Bulk chemical,1.7846156913332456,,0,RAW_MATERIAL,Raw Material,0,Unaligned
RAW_MATERIAL_0277,Stade Minerals - Belo Horizonte,0,Rest of World,Silicon feedstock,2.347865336144635,,0,RAW_MATERIAL,Raw Material,0,Unaligned
RAW_MATERIAL_0278,Wend Minerals - Xi'an,0,China,Crude industrial gas,0.606925255579671,,0,RAW_MATERIAL,Raw Material,0,East Asia
RAW_MATERIAL_0279,Belan Minerals - Dalian,0,China,Bulk chemical,0.5721834816130748,,0,RAW_MATERIAL,Raw Material,0,East Asia
RAW_MATERIAL_0280,Kestrel Minerals - Batam,0,Southeast Asia,Bulk chemical,1.7717248828769214,,0,RAW_MATERIAL,Raw Material,0,East Asia
RAW_MATERIAL_0281,Rivet Feedstock - Nagano,0,Japan,Bulk chemical,0.4910612950654302,,0,RAW_MATERIAL,Raw Material,0,East Asia
RAW_MATERIAL_0282,Nevin Extraction - Kolwezi,0,Rest of World,Copper,3.2423809663644976,,0,RAW_MATERIAL,Raw Material,0,Unaligned
RAW_MATERIAL_0283,Ember Feedstock - Chengdu,0,China,Copper,0.17306061277709917,,0,RAW_MATERIAL,Raw Material,0,East Asia
RAW_MATERIAL_0284,Oxbow Feedstock - Singapore,0,Southeast Asia,Crude industrial gas,0.768430948390849,,0,RAW_MATERIAL,Raw Material,0,East Asia
RAW_MATERIAL_0285,Stade Resources - Tianjin,0,China,Copper,0.2972896410061806,,0,RAW_MATERIAL,Raw Material,0,East Asia
RAW_MATERIAL_0286,Palter Minerals - Sanand,0,South Asia,Gold,0.8604850205550147,,0,RAW_MATERIAL,Raw Material,0,Unaligned
RAW_MATERIAL_0287,Alder Extraction - Kumamoto,0,Japan,Rare earth elements,0.39844329577487275,,0,RAW_MATERIAL,Raw Material,0,East Asia
RAW_MATERIAL_0288,Jarn Feedstock - Yokkaichi,0,Japan,Substrate resin,0.276328511077943,,0,RAW_MATERIAL,Raw Material,0,East Asia
RAW_MATERIAL_0289,Granth Resources - Shenzhen,0,China,Copper,11.433017722043394,,0,RAW_MATERIAL,Raw Material,0,East Asia
RAW_MATERIAL_0290,Noral Extraction - Icheon,0,Korea,Bulk chemical,0.41071748230960975,,0,RAW_MATERIAL,Raw Material,0,East Asia
RAW_MATERIAL_0291,Verity Feedstock - Bangkok,0,Southeast Asia,Rare earth elements,1.6247163282127826,,0,RAW_MATERIAL,Raw Material,0,East Asia
RAW_MATERIAL_0292,Rivet Feedstock - Malta 2,0,North America,Bulk chemical,0.7186410367667059,,0,RAW_MATERIAL,Raw Material,0,Western
RAW_MATERIAL_0293,Vantor Extraction - Kolwezi,0,Rest of World,Silicon feedstock,2.661958575953802,,0,RAW_MATERIAL,Raw Material,0,Unaligned
RAW_MATERIAL_0294,Ivex Minerals - Belo Horizonte,0,Rest of World,Silicon feedstock,0.6925933517256647,,0,RAW_MATERIAL,Raw Material,0,Unaligned
RAW_MATERIAL_0295,Jarn Feedstock - Belo Horizonte,0,Rest of World,Copper,1.0417061654183772,,0,RAW_MATERIAL,Raw Material,0,Unaligned
RAW_MATERIAL_0296,Belan Minerals - Villach,0,Europe,Substrate resin,0.934484954581611,,0,RAW_MATERIAL,Raw Material,0,Western
RAW_MATERIAL_0297,Oxbow Extraction - Shenzhen,0,China,Crude industrial gas,1.2500474027441901,,0,RAW_MATERIAL,Raw Material,0,East Asia
RAW_MATERIAL_0298,Granth Resources - Perth,0,Rest of World,Copper,4.300726159420166,,0,RAW_MATERIAL,Raw Material,0,Unaligned
RAW_MATERIAL_0299,Cortex Extraction - Chengdu,0,China,Copper,0.46378691105952136,,0,RAW_MATERIAL,Raw Material,0,East Asia
RAW_MATERIAL_0300,Umber Resources - Chandler,0,North America,Bulk chemical,0.6819645897884818,,0,RAW_MATERIAL,Raw Material,0,Western
RAW_MATERIAL_0301,Faryn Minerals - Johannesburg,0,Rest of World,Substrate resin,5.679448056568171,,0,RAW_MATERIAL,Raw Material,0,Unaligned
RAW_MATERIAL_0302,Doran Resources - Shenzhen,0,China,Bulk chemical,1.943872824382513,,0,RAW_MATERIAL,Raw Material,0,East Asia
RAW_MATERIAL_0303,Lumen Feedstock - Tianjin,0,China,Bulk chemical,1.2573518667026413,,0,RAW_MATERIAL,Raw Material,0,East Asia
RAW_MATERIAL_0304,Quill Resources - Tianjin,0,China,Bulk chemical,1.0429615367348941,,0,RAW_MATERIAL,Raw Material,0,East Asia
RAW_MATERIAL_0305,Umber Extraction - Shenzhen,0,China,Copper,0.680250096864363,,0,RAW_MATERIAL,Raw Material,0,East Asia
RAW_MATERIAL_0306,Isar Feedstock - Cheongju,0,Korea,Crude industrial gas,0.7548340214178628,,0,RAW_MATERIAL,Raw Material,0,East Asia
RAW_MATERIAL_0307,Ferrin Extraction - Chengdu,0,China,Copper,0.9530152429239819,,0,RAW_MATERIAL,Raw Material,0,East Asia
RAW_MATERIAL_0308,Lethe Feedstock - Shanghai,0,China,Rare earth elements,1.8287134837571775,,0,RAW_MATERIAL,Raw Material,0,East Asia
RAW_MATERIAL_0309,Cortex Minerals - Ottawa,0,North America,Copper,1.3516490635028489,,0,RAW_MATERIAL,Raw Material,0,Western
RAW_MATERIAL_0310,Wend Extraction - Shanghai,0,China,Copper,1.4961151191000501,,0,RAW_MATERIAL,Raw Material,0,East Asia
RAW_MATERIAL_0311,Brant Minerals - Wuxi,0,China,Crude industrial gas,0.6676058479736414,,0,RAW_MATERIAL,Raw Material,0,East Asia
RAW_MATERIAL_0312,Renbeck Feedstock - Antofagasta,0,Rest of World,Copper,0.20828495458457616,,0,RAW_MATERIAL,Raw Material,0,Unaligned
RAW_MATERIAL_0313,Quarn Extraction - Wuxi,0,China,Bulk chemical,0.3331873407029119,,0,RAW_MATERIAL,Raw Material,0,East Asia
RAW_MATERIAL_0314,Ulvid Resources - Kolwezi,0,Rest of World,Substrate resin,5.975442764361191,,0,RAW_MATERIAL,Raw Material,0,Unaligned
RAW_MATERIAL_0315,Yarrow Minerals - Wuxi,0,China,Silicon feedstock,0.593497267155132,,0,RAW_MATERIAL,Raw Material,0,East Asia
RAW_MATERIAL_0316,Ystad Extraction - Wuxi,0,China,Copper,0.3566688300324385,,0,RAW_MATERIAL,Raw Material,0,East Asia
RAW_MATERIAL_0317,Quarn Extraction - Shanghai,0,China,Bulk chemical,0.5332168247578017,,0,RAW_MATERIAL,Raw Material,0,East Asia
RAW_MATERIAL_0318,Ystad Extraction - Perth,0,Rest of World,Silicon feedstock,2.754500331082411,,0,RAW_MATERIAL,Raw Material,0,Unaligned
RAW_MATERIAL_0319,Doran Minerals - Hiroshima,0,Japan,Copper,0.878814533086929,,0,RAW_MATERIAL,Raw Material,0,East Asia
RAW_MATERIAL_0320,Faryn Resources - Pune,0,South Asia,Silicon feedstock,1.6245045360808876,,0,RAW_MATERIAL,Raw Material,0,Unaligned
RAW_MATERIAL_0321,Calder Minerals - Bengaluru 2,0,South Asia,Bulk chemical,4.401358705507782,,0,RAW_MATERIAL,Raw Material,0,Unaligned
RAW_MATERIAL_0322,Vantor Minerals - Belo Horizonte,0,Rest of World,Bulk chemical,2.635652845387819,,0,RAW_MATERIAL,Raw Material,0,Unaligned
RAW_MATERIAL_0323,Nevin Extraction - Grenoble,0,Europe,Substrate resin,1.9702148647275097,,0,RAW_MATERIAL,Raw Material,0,Western
RAW_MATERIAL_0324,Prendel Resources - Johannesburg,0,Rest of World,Crude industrial gas,0.36651282653459755,,0,RAW_MATERIAL,Raw Material,0,Unaligned
RAW_MATERIAL_0325,Ivex Minerals - Hyderabad,0,South Asia,Silicon feedstock,1.6654373176013155,,0,RAW_MATERIAL,Raw Material,0,Unaligned
RAW_MATERIAL_0326,Brant Feedstock - Dalian,0,China,Copper,3.059938273820843,,0,RAW_MATERIAL,Raw Material,0,East Asia
RAW_MATERIAL_0327,Palter Resources - Shanghai,0,China,Copper,3.055250727555548,,0,RAW_MATERIAL,Raw Material,0,East Asia
RAW_MATERIAL_0328,Jarn Minerals - Leixlip,0,Europe,Bulk chemical,0.5637268554494316,,0,RAW_MATERIAL,Raw Material,0,Western
RAW_MATERIAL_0329,Verity Feedstock - Belo Horizonte,0,Rest of World,Substrate resin,0.6601729880886071,,0,RAW_MATERIAL,Raw Material,0,Unaligned
RAW_MATERIAL_0330,Vantor Resources - Guadalajara,0,North America,Bulk chemical,0.6193699206959113,,0,RAW_MATERIAL,Raw Material,0,Western
RAW_MATERIAL_0331,Wend Resources - Hillsboro,0,North America,Bulk chemical,0.5486897858561284,,0,RAW_MATERIAL,Raw Material,0,Western
RAW_MATERIAL_0332,Thorne Extraction - Yokkaichi,0,Japan,Substrate resin,1.1892213885081078,,0,RAW_MATERIAL,Raw Material,0,East Asia
RAW_MATERIAL_0333,Isar Minerals - Belo Horizonte,0,Rest of World,Silicon feedstock,0.7470489173758127,,0,RAW_MATERIAL,Raw Material,0,Unaligned
RAW_MATERIAL_0334,Cortex Minerals - Chandler,0,North America,Substrate resin,2.9480714006595603,,0,RAW_MATERIAL,Raw Material,0,Western
RAW_MATERIAL_0335,Palter Extraction - Taichung,0,Taiwan,Copper,0.3459618217624979,,0,RAW_MATERIAL,Raw Material,0,East Asia
RAW_MATERIAL_0336,Cortex Extraction - Hyderabad,0,South Asia,Copper,9.763201576549644,,0,RAW_MATERIAL,Raw Material,0,Unaligned
RAW_MATERIAL_0337,Yarrow Minerals - Guadalajara,0,North America,Copper,2.234075719421431,,0,RAW_MATERIAL,Raw Material,0,Western
RAW_MATERIAL_0338,Holt Minerals - Guadalajara,0,North America,Bulk chemical,0.14578363328848296,,0,RAW_MATERIAL,Raw Material,0,Western
RAW_MATERIAL_0339,Palter Resources - Austin,0,North America,Bulk chemical,0.6767789256369183,,0,RAW_MATERIAL,Raw Material,0,Western
RAW_MATERIAL_0340,Renbeck Extraction - Antofagasta,0,Rest of World,Crude industrial gas,2.3263021484657407,,0,RAW_MATERIAL,Raw Material,0,Unaligned
RAW_MATERIAL_0341,Noral Feedstock - Perth,0,Rest of World,Substrate resin,0.3988172902846044,,0,RAW_MATERIAL,Raw Material,0,Unaligned
RAW_MATERIAL_0342,Xanthe Minerals - Tianjin,0,China,Substrate resin,1.5815494167775128,,0,RAW_MATERIAL,Raw Material,0,East Asia
RAW_MATERIAL_0343,Ivex Extraction - Johannesburg,0,Rest of World,Silicon feedstock,0.44303535381709164,,0,RAW_MATERIAL,Raw Material,0,Unaligned
RAW_MATERIAL_0344,Alder Feedstock - Austin,0,North America,Copper,3.1595303258259784,,0,RAW_MATERIAL,Raw Material,0,Western
RAW_MATERIAL_0345,Xanthe Resources - Belo Horizonte,0,Rest of World,Gold,1.5473182160466166,,0,RAW_MATERIAL,Raw Material,0,Unaligned
RAW_MATERIAL_0346,Prendel Minerals - Bac Ninh,0,Southeast Asia,Crude industrial gas,2.2548559949055154,,0,RAW_MATERIAL,Raw Material,0,East Asia
RAW_MATERIAL_0347,Rivet Minerals - Sanand,0,South Asia,Crude industrial gas,0.3765831745343772,,0,RAW_MATERIAL,Raw Material,0,Unaligned
RAW_MATERIAL_0348,Ulvid Minerals - Antofagasta,0,Rest of World,Copper,1.1626614845926377,,0,RAW_MATERIAL,Raw Material,0,Unaligned
RAW_MATERIAL_0349,Mervi Feedstock - Guadalajara,0,North America,Copper,3.8292445920366296,,0,RAW_MATERIAL,Raw Material,0,Western
RAW_MATERIAL_0350,Trellis Minerals - Antofagasta,0,Rest of World,Crude industrial gas,0.8516599959978981,,0,RAW_MATERIAL,Raw Material,0,Unaligned
RAW_MATERIAL_0351,Umber Minerals - Bengaluru,0,South Asia,Bulk chemical,1.7413320615634273,,0,RAW_MATERIAL,Raw Material,0,Unaligned
RAW_MATERIAL_0352,Holt Resources - Xi'an,0,China,Substrate resin,0.3821859051353684,,0,RAW_MATERIAL,Raw Material,0,East Asia
RAW_MATERIAL_0353,Kestrel Minerals - Grenoble,0,Europe,Substrate resin,1.32979247519344,,0,RAW_MATERIAL,Raw Material,0,Western
RAW_MATERIAL_0354,Korrin Minerals - Xi'an 2,0,China,Copper,0.5182059325414693,,0,RAW_MATERIAL,Raw Material,0,East Asia
RAW_MATERIAL_0355,Dyne Extraction - Antofagasta,0,Rest of World,Bulk chemical,0.970286470300275,,0,RAW_MATERIAL,Raw Material,0,Unaligned
RAW_MATERIAL_0356,Ystad Extraction - Kolwezi,0,Rest of World,Copper,0.5175309407656097,,0,RAW_MATERIAL,Raw Material,0,Unaligned
RAW_MATERIAL_0357,Quarn Minerals - Ottawa,0,North America,Substrate resin,1.3297458831699571,,0,RAW_MATERIAL,Raw Material,0,Western
RAW_MATERIAL_0358,Rivet Feedstock - Dresden,0,Europe,Copper,0.8870293412469389,,0,RAW_MATERIAL,Raw Material,0,Western
RAW_MATERIAL_0359,Wend Resources - Antofagasta,0,Rest of World,Silicon feedstock,0.28743106890578046,,0,RAW_MATERIAL,Raw Material,0,Unaligned
RAW_MATERIAL_0360,Quarn Resources - Kumamoto,0,Japan,Bulk chemical,2.156288775603575,,0,RAW_MATERIAL,Raw Material,0,East Asia
RAW_MATERIAL_0361,Yarrow Minerals - Kumamoto 2,0,Japan,Copper,0.28901682376839866,,0,RAW_MATERIAL,Raw Material,0,East Asia
RAW_MATERIAL_0362,Renbeck Feedstock - Antofagasta 2,0,Rest of World,Rare earth elements,0.8886652439330865,,0,RAW_MATERIAL,Raw Material,0,Unaligned
RAW_MATERIAL_0363,Kestrel Feedstock - Tainan,0,Taiwan,Bulk chemical,0.08198284960978462,,0,RAW_MATERIAL,Raw Material,0,East Asia
RAW_MATERIAL_0364,Calder Feedstock - Hiroshima,0,Japan,Bulk chemical,2.028913587843209,,0,RAW_MATERIAL,Raw Material,0,East Asia
RAW_MATERIAL_0365,Palter Extraction - Taichung 2,0,Taiwan,Bulk chemical,1.0144722343632202,,0,RAW_MATERIAL,Raw Material,0,East Asia
RAW_MATERIAL_0366,Dyne Resources - Hillsboro,0,North America,Bulk chemical,0.2863575719155569,,0,RAW_MATERIAL,Raw Material,0,Western
RAW_MATERIAL_0367,Doran Extraction - Crolles,0,Europe,Bulk chemical,1.0848354682620425,,0,RAW_MATERIAL,Raw Material,0,Western
RAW_MATERIAL_0368,Yarrow Minerals - Villach,0,Europe,Substrate resin,2.009695281613406,,0,RAW_MATERIAL,Raw Material,0,Western
RAW_MATERIAL_0369,Korrin Resources - Hyderabad,0,South Asia,Silicon feedstock,0.7636867875234388,,0,RAW_MATERIAL,Raw Material,0,Unaligned
RAW_MATERIAL_0370,Palter Feedstock - Shenzhen,0,China,Gold,1.6612708069716342,,0,RAW_MATERIAL,Raw Material,0,East Asia
RAW_MATERIAL_0371,Trellis Feedstock - Johannesburg,0,Rest of World,Bulk chemical,1.979635445982602,,0,RAW_MATERIAL,Raw Material,0,Unaligned
RAW_MATERIAL_0372,Isar Extraction - Gumi,0,Korea,Substrate resin,0.4514442213250562,,0,RAW_MATERIAL,Raw Material,0,East Asia
RAW_MATERIAL_0373,Renbeck Feedstock - Dalian,0,China,Crude industrial gas,1.7442644431193493,,0,RAW_MATERIAL,Raw Material,0,East Asia
RAW_MATERIAL_0374,Dyne Resources - Xi'an,0,China,Crude industrial gas,1.2849464732382214,,0,RAW_MATERIAL,Raw Material,0,East Asia
RAW_MATERIAL_0375,Stade Extraction - Kolwezi,0,Rest of World,Silicon feedstock,2.2060105096322924,,0,RAW_MATERIAL,Raw Material,0,Unaligned
RAW_MATERIAL_0376,Gethin Extraction - Johannesburg,0,Rest of World,Crude industrial gas,0.2677656033856544,,0,RAW_MATERIAL,Raw Material,0,Unaligned
RAW_MATERIAL_0377,Mervi Resources - Shenzhen,0,China,Silicon feedstock,0.43890027973069634,,0,RAW_MATERIAL,Raw Material,0,East Asia
RAW_MATERIAL_0378,Ulvid Extraction - Crolles,0,Europe,Crude industrial gas,1.9304185854027325,,0,RAW_MATERIAL,Raw Material,0,Western
RAW_MATERIAL_0379,Korrin Minerals - Shanghai,0,China,Copper,1.957375427514111,,0,RAW_MATERIAL,Raw Material,0,East Asia
RAW_MATERIAL_0380,Ivex Extraction - Chengdu,0,China,Bulk chemical,1.30745173731756,,0,RAW_MATERIAL,Raw Material,0,East Asia
RAW_MATERIAL_0381,Noral Minerals - Kolwezi,0,Rest of World,Rare earth elements,0.736266722935944,,0,RAW_MATERIAL,Raw Material,0,Unaligned
RAW_MATERIAL_0382,Stade Minerals - Bangkok,0,Southeast Asia,Crude industrial gas,0.8357515568959597,,0,RAW_MATERIAL,Raw Material,0,East Asia
RAW_MATERIAL_0383,Solvex Extraction - Xi'an 2,0,China,Bulk chemical,0.3360972786529084,,0,RAW_MATERIAL,Raw Material,0,East Asia
RAW_MATERIAL_0384,Rivet Feedstock - Eindhoven,0,Europe,Substrate resin,0.31058807737828875,,0,RAW_MATERIAL,Raw Material,0,Western
RAW_MATERIAL_0385,Vantor Feedstock - Perth,0,Rest of World,Bulk chemical,0.916876771668255,,0,RAW_MATERIAL,Raw Material,0,Unaligned
RAW_MATERIAL_0386,Nevin Minerals - Austin,0,North America,Gold,0.3844933234597378,,0,RAW_MATERIAL,Raw Material,0,Western
RAW_MATERIAL_0387,Korrin Feedstock - Bengaluru,0,South Asia,Bulk chemical,1.423403226723265,,0,RAW_MATERIAL,Raw Material,0,Unaligned
RAW_MATERIAL_0388,Kestrel Extraction - Xi'an,0,China,Bulk chemical,0.9826009921568465,,0,RAW_MATERIAL,Raw Material,0,East Asia
RAW_MATERIAL_0389,Lethe Resources - Yokkaichi,0,Japan,Copper,0.4094235775366486,,0,RAW_MATERIAL,Raw Material,0,East Asia
RAW_MATERIAL_0390,Noral Minerals - Tianjin,0,China,Crude industrial gas,0.13095932161692336,,0,RAW_MATERIAL,Raw Material,0,East Asia
RAW_MATERIAL_0391,Halcy Minerals - Taoyuan,0,Taiwan,Gold,0.852553542898425,,0,RAW_MATERIAL,Raw Material,0,East Asia
RAW_MATERIAL_0392,Halcy Extraction - Belo Horizonte,0,Rest of World,Bulk chemical,4.249270638618523,,0,RAW_MATERIAL,Raw Material,0,Unaligned
RAW_MATERIAL_0393,Faryn Feedstock - Dalian,0,China,Bulk chemical,0.4454347613309181,,0,RAW_MATERIAL,Raw Material,0,East Asia
RAW_MATERIAL_0394,Elstow Feedstock - Grenoble,0,Europe,Bulk chemical,0.6042868337859577,,0,RAW_MATERIAL,Raw Material,0,Western
RAW_MATERIAL_0395,Oxbow Minerals - Shanghai,0,China,Bulk chemical,1.6301394906937883,,0,RAW_MATERIAL,Raw Material,0,East Asia
RAW_MATERIAL_0396,Verity Minerals - Pune,0,South Asia,Substrate resin,3.4050868685655318,,0,RAW_MATERIAL,Raw Material,0,Unaligned
RAW_MATERIAL_0397,Thorne Extraction - Sanand,0,South Asia,Copper,0.9178043822083085,,0,RAW_MATERIAL,Raw Material,0,Unaligned
RAW_MATERIAL_0398,Trellis Feedstock - Yokkaichi,0,Japan,Bulk chemical,0.44438643885674295,,0,RAW_MATERIAL,Raw Material,0,East Asia
RAW_MATERIAL_0399,Wexler Feedstock - Dalian,0,China,Silicon feedstock,0.45181131497444776,,0,RAW_MATERIAL,Raw Material,0,East Asia
RAW_MATERIAL_0400,Holt Resources - Wuxi,0,China,Copper,1.295641421989954,,0,RAW_MATERIAL,Raw Material,0,East Asia
RAW_MATERIAL_0401,Orvid Resources - Belo Horizonte,0,Rest of World,Crude industrial gas,0.2016806020877044,,0,RAW_MATERIAL,Raw Material,0,Unaligned
RAW_MATERIAL_0402,Stade Feedstock - Belo Horizonte,0,Rest of World,Bulk chemical,1.5447988823361534,,0,RAW_MATERIAL,Raw Material,0,Unaligned
RAW_MATERIAL_0403,Umber Resources - Chengdu,0,China,Bulk chemical,1.3577477654406518,,0,RAW_MATERIAL,Raw Material,0,East Asia
RAW_MATERIAL_0404,Holt Minerals - Icheon,0,Korea,Bulk chemical,1.754958251572817,,0,RAW_MATERIAL,Raw Material,0,East Asia
RAW_MATERIAL_0405,Cortex Extraction - Kolwezi,0,Rest of World,Copper,0.8313454647377254,,0,RAW_MATERIAL,Raw Material,0,Unaligned
RAW_MATERIAL_0406,Lumen Feedstock - Chengdu,0,China,Rare earth elements,5.66955295660133,,0,RAW_MATERIAL,Raw Material,0,East Asia
RAW_MATERIAL_0407,Lumen Minerals - Kolwezi,0,Rest of World,Crude industrial gas,0.7459484172529538,,0,RAW_MATERIAL,Raw Material,0,Unaligned
RAW_MATERIAL_0408,Verity Feedstock - Guadalajara,0,North America,Bulk chemical,0.7623391360744146,,0,RAW_MATERIAL,Raw Material,0,Western
RAW_MATERIAL_0409,Thorne Resources - Kitakyushu,0,Japan,Bulk chemical,4.238003848316701,,0,RAW_MATERIAL,Raw Material,0,East Asia
RAW_MATERIAL_0410,Ystad Minerals - Hsinchu,0,Taiwan,Substrate resin,5.437804381985576,,0,RAW_MATERIAL,Raw Material,0,East Asia
RAW_MATERIAL_0411,Korrin Resources - Chengdu,0,China,Substrate resin,4.16709801527537,,0,RAW_MATERIAL,Raw Material,0,East Asia
RAW_MATERIAL_0412,Quarn Minerals - Cheongju,0,Korea,Bulk chemical,0.9310786778907836,,0,RAW_MATERIAL,Raw Material,0,East Asia
RAW_MATERIAL_0413,Mordant Extraction - Pune,0,South Asia,Crude industrial gas,0.55401731348067,,0,RAW_MATERIAL,Raw Material,0,Unaligned
RAW_MATERIAL_0414,Thorne Minerals - Belo Horizonte,0,Rest of World,Bulk chemical,1.5004752089529978,,0,RAW_MATERIAL,Raw Material,0,Unaligned
RAW_MATERIAL_0415,Jarn Feedstock - Dalian,0,China,Crude industrial gas,0.3213792651666508,,0,RAW_MATERIAL,Raw Material,0,East Asia
RAW_MATERIAL_0416,Wend Minerals - Belo Horizonte,0,Rest of World,Bulk chemical,4.23853847679312,,0,RAW_MATERIAL,Raw Material,0,Unaligned
RAW_MATERIAL_0417,Thorne Resources - Bengaluru,0,South Asia,Crude industrial gas,0.6428488419390012,,0,RAW_MATERIAL,Raw Material,0,Unaligned
RAW_MATERIAL_0418,Palter Resources - Wuxi,0,China,Substrate resin,5.583688358416614,,0,RAW_MATERIAL,Raw Material,0,East Asia
RAW_MATERIAL_0419,Halcy Resources - Bengaluru,0,South Asia,Bulk chemical,3.5346695372122787,,0,RAW_MATERIAL,Raw Material,0,Unaligned
RAW_MATERIAL_0420,Nevin Feedstock - Hyderabad,0,South Asia,Rare earth elements,1.03083286848545,,0,RAW_MATERIAL,Raw Material,0,Unaligned
RAW_MATERIAL_0421,Ember Feedstock - Icheon,0,Korea,Bulk chemical,0.4439891901556571,,0,RAW_MATERIAL,Raw Material,0,East Asia
RAW_MATERIAL_0422,Verity Extraction - Nagano,0,Japan,Crude industrial gas,1.3059440193418796,,0,RAW_MATERIAL,Raw Material,0,East Asia
RAW_MATERIAL_0423,Isar Feedstock - Wuxi,0,China,Copper,0.3436597397414982,,0,RAW_MATERIAL,Raw Material,0,East Asia
RAW_MATERIAL_0424,Ader Minerals - Sanand,0,South Asia,Bulk chemical,2.12695658102247,,0,RAW_MATERIAL,Raw Material,0,Unaligned
RAW_MATERIAL_0425,Ivex Feedstock - Guadalajara,0,North America,Silicon feedstock,0.1915872016442124,,0,RAW_MATERIAL,Raw Material,0,Western
RAW_MATERIAL_0426,Belan Extraction - Malta,0,North America,Crude industrial gas,2.295427419507366,,0,RAW_MATERIAL,Raw Material,0,Western
RAW_MATERIAL_0427,Yarrow Extraction - Gumi,0,Korea,Crude industrial gas,0.9668807655439432,,0,RAW_MATERIAL,Raw Material,0,East Asia
RAW_MATERIAL_0428,Belan Resources - Belo Horizonte 2,0,Rest of World,Gold,0.41832080955819984,,0,RAW_MATERIAL,Raw Material,0,Unaligned
RAW_MATERIAL_0429,Quill Resources - Perth,0,Rest of World,Bulk chemical,0.7624256568807518,,0,RAW_MATERIAL,Raw Material,0,Unaligned
RAW_MATERIAL_0430,Wend Feedstock - Kolwezi,0,Rest of World,Bulk chemical,0.7879103502537488,,0,RAW_MATERIAL,Raw Material,0,Unaligned
RAW_MATERIAL_0431,Nevin Feedstock - Shanghai,0,China,Copper,1.1521068915634078,,0,RAW_MATERIAL,Raw Material,0,East Asia
RAW_MATERIAL_0432,Renbeck Feedstock - Tianjin,0,China,Rare earth elements,0.589887292903436,,0,RAW_MATERIAL,Raw Material,0,East Asia
RAW_MATERIAL_0433,Holt Extraction - Belo Horizonte,0,Rest of World,Copper,0.6902134862540348,,0,RAW_MATERIAL,Raw Material,0,Unaligned
RAW_MATERIAL_0434,Oxbow Feedstock - Bac Ninh,0,Southeast Asia,Copper,0.5508530806475413,,0,RAW_MATERIAL,Raw Material,0,East Asia
RAW_MATERIAL_0435,Mervi Extraction - Xi'an,0,China,Crude industrial gas,0.5090498795503214,,0,RAW_MATERIAL,Raw Material,0,East Asia
RAW_MATERIAL_0436,Mervi Minerals - Tianjin,0,China,Crude industrial gas,0.1244180094855655,,0,RAW_MATERIAL,Raw Material,0,East Asia
RAW_MATERIAL_0437,Zephyr Minerals - Wuxi,0,China,Rare earth elements,0.27998432015751945,,0,RAW_MATERIAL,Raw Material,0,East Asia
RAW_MATERIAL_0438,Verity Extraction - Belo Horizonte,0,Rest of World,Bulk chemical,0.7704520271058555,,0,RAW_MATERIAL,Raw Material,0,Unaligned
RAW_MATERIAL_0439,Granth Feedstock - Tainan,0,Taiwan,Copper,2.7278333634239402,,0,RAW_MATERIAL,Raw Material,0,East Asia
RAW_MATERIAL_0440,Ivex Extraction - Dresden,0,Europe,Rare earth elements,1.1354994220866212,,0,RAW_MATERIAL,Raw Material,0,Western
RAW_MATERIAL_0441,Solvex Extraction - Penang,0,Southeast Asia,Silicon feedstock,1.1481823135533376,,0,RAW_MATERIAL,Raw Material,0,East Asia
RAW_MATERIAL_0442,Korrin Feedstock - Johannesburg,0,Rest of World,Silicon feedstock,5.2809264063662305,,0,RAW_MATERIAL,Raw Material,0,Unaligned
RAW_MATERIAL_0443,Xanthe Extraction - Dalian,0,China,Gold,2.40269733531421,,0,RAW_MATERIAL,Raw Material,0,East Asia
RAW_MATERIAL_0444,Umber Resources - Pune,0,South Asia,Copper,1.353983281173426,,0,RAW_MATERIAL,Raw Material,0,Unaligned
RAW_MATERIAL_0445,Faryn Resources - Belo Horizonte,0,Rest of World,Bulk chemical,4.033395746023613,,0,RAW_MATERIAL,Raw Material,0,Unaligned
RAW_MATERIAL_0446,Lumen Resources - Kaohsiung,0,Taiwan,Copper,0.58274043112794,,0,RAW_MATERIAL,Raw Material,0,East Asia
RAW_MATERIAL_0447,Umber Extraction - Icheon,0,Korea,Bulk chemical,2.3886460991327154,,0,RAW_MATERIAL,Raw Material,0,East Asia
RAW_MATERIAL_0448,Wend Feedstock - Xi'an,0,China,Substrate resin,0.7194669925715408,,0,RAW_MATERIAL,Raw Material,0,East Asia
RAW_MATERIAL_0449,Ulvid Minerals - Yokkaichi,0,Japan,Bulk chemical,1.0497022693825304,,0,RAW_MATERIAL,Raw Material,0,East Asia
RAW_MATERIAL_0450,Vantor Feedstock - Singapore,0,Southeast Asia,Silicon feedstock,0.5039129915838962,,0,RAW_MATERIAL,Raw Material,0,East Asia
RAW_MATERIAL_0451,Lethe Resources - Batangas,0,Southeast Asia,Bulk chemical,1.9761550631142601,,0,RAW_MATERIAL,Raw Material,0,East Asia
RAW_MATERIAL_0452,Lumen Resources - Chengdu,0,China,Bulk chemical,0.6096842453352308,,0,RAW_MATERIAL,Raw Material,0,East Asia
RAW_MATERIAL_0453,Ulvid Minerals - Guadalajara,0,North America,Bulk chemical,2.7856310027925155,,0,RAW_MATERIAL,Raw Material,0,Western
RAW_MATERIAL_0454,Noral Resources - Tianjin,0,China,Substrate resin,1.0333278338154035,,0,RAW_MATERIAL,Raw Material,0,East Asia
RAW_MATERIAL_0455,Halcy Feedstock - Shenzhen,0,China,Bulk chemical,1.8767621165694188,,0,RAW_MATERIAL,Raw Material,0,East Asia
RAW_MATERIAL_0456,Stade Minerals - Dalian,0,China,Bulk chemical,1.0957939095920803,,0,RAW_MATERIAL,Raw Material,0,East Asia
RAW_MATERIAL_0457,Oxbow Extraction - Malta,0,North America,Rare earth elements,1.3840922785279401,,0,RAW_MATERIAL,Raw Material,0,Western
RAW_MATERIAL_0458,Lumen Minerals - Cheongju,0,Korea,Bulk chemical,0.7338132016025438,,0,RAW_MATERIAL,Raw Material,0,East Asia
RAW_MATERIAL_0459,Halcy Minerals - Wuxi,0,China,Crude industrial gas,0.44197743209310686,,0,RAW_MATERIAL,Raw Material,0,East Asia
RAW_MATERIAL_0460,Xanthe Feedstock - Tianjin,0,China,Silicon feedstock,1.243906693616531,,0,RAW_MATERIAL,Raw Material,0,East Asia
RAW_MATERIAL_0461,Prendel Resources - Wuxi 2,0,China,Copper,0.4333016715764956,,0,RAW_MATERIAL,Raw Material,0,East Asia
RAW_MATERIAL_0462,Ader Minerals - Kitakyushu,0,Japan,Bulk chemical,0.73660699887584,,0,RAW_MATERIAL,Raw Material,0,East Asia
RAW_MATERIAL_0463,Kestrel Minerals - Cheongju,0,Korea,Substrate resin,0.5607994232405598,,0,RAW_MATERIAL,Raw Material,0,East Asia
RAW_MATERIAL_0464,Ferrin Minerals - Bangkok,0,Southeast Asia,Bulk chemical,2.057464255083322,,0,RAW_MATERIAL,Raw Material,0,East Asia
RAW_MATERIAL_0465,Lethe Extraction - Johannesburg 2,0,Rest of World,Copper,0.6367860662643875,,0,RAW_MATERIAL,Raw Material,0,Unaligned
RAW_MATERIAL_0466,Ulvid Resources - Sanand,0,South Asia,Bulk chemical,0.8182116357923952,,0,RAW_MATERIAL,Raw Material,0,Unaligned
RAW_MATERIAL_0467,Zephyr Extraction - Batam,0,Southeast Asia,Copper,0.7654292100131448,,0,RAW_MATERIAL,Raw Material,0,East Asia
RAW_MATERIAL_0468,Umber Extraction - Chandler,0,North America,Gold,0.9336795153435117,,0,RAW_MATERIAL,Raw Material,0,Western
RAW_MATERIAL_0469,Gethin Extraction - Shenzhen,0,China,Bulk chemical,0.7245901516654133,,0,RAW_MATERIAL,Raw Material,0,East Asia
RAW_MATERIAL_0470,Nevin Extraction - Wuxi 2,0,China,Bulk chemical,1.2280504350217272,,0,RAW_MATERIAL,Raw Material,0,East Asia
RAW_MATERIAL_0471,Lumen Resources - Tianjin,0,China,Substrate resin,0.528370502444787,,0,RAW_MATERIAL,Raw Material,0,East Asia
RAW_MATERIAL_0472,Palter Feedstock - Tianjin,0,China,Substrate resin,0.6489507648553782,,0,RAW_MATERIAL,Raw Material,0,East Asia
RAW_MATERIAL_0473,Quarn Resources - Johannesburg,0,Rest of World,Bulk chemical,5.58920713311588,,0,RAW_MATERIAL,Raw Material,0,Unaligned
RAW_MATERIAL_0474,Doran Resources - Xi'an,0,China,Silicon feedstock,2.2916636568430016,,0,RAW_MATERIAL,Raw Material,0,East Asia
RAW_MATERIAL_0475,Rivet Feedstock - Dalian,0,China,Copper,2.9383680096556586,,0,RAW_MATERIAL,Raw Material,0,East Asia
RAW_MATERIAL_0476,Nevin Resources - Antofagasta 2,0,Rest of World,Crude industrial gas,1.507651855917472,,0,RAW_MATERIAL,Raw Material,0,Unaligned
RAW_MATERIAL_0477,Lumen Resources - Crolles,0,Europe,Bulk chemical,0.3134212213248728,,0,RAW_MATERIAL,Raw Material,0,Western
RAW_MATERIAL_0478,Yarrow Resources - Antofagasta,0,Rest of World,Gold,0.740618152436403,,0,RAW_MATERIAL,Raw Material,0,Unaligned
RAW_MATERIAL_0479,Kestrel Resources - Malta,0,North America,Crude industrial gas,2.453587095998225,,0,RAW_MATERIAL,Raw Material,0,Western
RAW_MATERIAL_0480,Verity Resources - Wuxi,0,China,Substrate resin,0.7880062643562926,,0,RAW_MATERIAL,Raw Material,0,East Asia
RAW_MATERIAL_0481,Granth Resources - Penang,0,Southeast Asia,Substrate resin,3.1789180655705187,,0,RAW_MATERIAL,Raw Material,0,East Asia
RAW_MATERIAL_0482,Rivet Minerals - Batangas,0,Southeast Asia,Bulk chemical,0.5460084086725372,,0,RAW_MATERIAL,Raw Material,0,East Asia
RAW_MATERIAL_0483,Thorne Extraction - Penang,0,Southeast Asia,Copper,0.5161240411734742,,0,RAW_MATERIAL,Raw Material,0,East Asia
RAW_MATERIAL_0484,Ystad Extraction - Chengdu,0,China,Bulk chemical,1.318813831594631,,0,RAW_MATERIAL,Raw Material,0,East Asia
RAW_MATERIAL_0485,Wexler Feedstock - Sanand,0,South Asia,Copper,2.3430054525492445,,0,RAW_MATERIAL,Raw Material,0,Unaligned
RAW_MATERIAL_0486,Ivex Feedstock - Antofagasta,0,Rest of World,Bulk chemical,0.3818300219285538,,0,RAW_MATERIAL,Raw Material,0,Unaligned
RAW_MATERIAL_0487,Kestrel Minerals - Kolwezi,0,Rest of World,Silicon feedstock,0.3723240598381058,,0,RAW_MATERIAL,Raw Material,0,Unaligned
RAW_MATERIAL_0488,Trellis Feedstock - Dresden,0,Europe,Bulk chemical,0.7169744744830937,,0,RAW_MATERIAL,Raw Material,0,Western
RAW_MATERIAL_0489,Doran Extraction - Batangas,0,Southeast Asia,Silicon feedstock,1.3080909779808967,,0,RAW_MATERIAL,Raw Material,0,East Asia
RAW_MATERIAL_0490,Granth Minerals - Eindhoven,0,Europe,Copper,5.655957261994576,,0,RAW_MATERIAL,Raw Material,0,Western
RAW_MATERIAL_0491,Calder Resources - Hillsboro,0,North America,Copper,0.2215626658433698,,0,RAW_MATERIAL,Raw Material,0,Western
RAW_MATERIAL_0492,Cortex Resources - Dresden,0,Europe,Bulk chemical,0.7985013502309036,,0,RAW_MATERIAL,Raw Material,0,Western
RAW_MATERIAL_0493,Belan Minerals - Sanand,0,South Asia,Crude industrial gas,0.6233659590045006,,0,RAW_MATERIAL,Raw Material,0,Unaligned
RAW_MATERIAL_0494,Quill Feedstock - Tianjin,0,China,Gold,2.389431711295375,,0,RAW_MATERIAL,Raw Material,0,East Asia
RAW_MATERIAL_0495,Zephyr Feedstock - Austin,0,North America,Bulk chemical,0.4666767076827273,,0,RAW_MATERIAL,Raw Material,0,Western
RAW_MATERIAL_0496,Umber Resources - Belo Horizonte,0,Rest of World,Crude industrial gas,0.5611975318751029,,0,RAW_MATERIAL,Raw Material,0,Unaligned
RAW_MATERIAL_0497,Wend Resources - Perth 2,0,Rest of World,Silicon feedstock,0.43902897739245816,,0,RAW_MATERIAL,Raw Material,0,Unaligned
RAW_MATERIAL_0498,Yarrow Extraction - Hwaseong,0,Korea,Substrate resin,3.316813728506901,,0,RAW_MATERIAL,Raw Material,0,East Asia
RAW_MATERIAL_0499,Stade Minerals - Perth,0,Rest of World,Bulk chemical,1.133276441299142,,0,RAW_MATERIAL,Raw Material,0,Unaligned
RAW_MATERIAL_0500,Xanthe Extraction - Sanand,0,South Asia,Copper,0.3961809617579485,,0,RAW_MATERIAL,Raw Material,0,Unaligned
RAW_MATERIAL_0501,Elstow Resources - Shanghai,0,China,Bulk chemical,6.154636599763296,,0,RAW_MATERIAL,Raw Material,0,East Asia
RAW_MATERIAL_0502,Halcy Minerals - Penang,0,Southeast Asia,Rare earth elements,0.708374821286208,,0,RAW_MATERIAL,Raw Material,0,East Asia
RAW_MATERIAL_0503,Palter Resources - Hillsboro,0,North America,Crude industrial gas,1.7842388232591597,,0,RAW_MATERIAL,Raw Material,0,Western
RAW_MATERIAL_0504,Noral Minerals - Tianjin 2,0,China,Crude industrial gas,1.1975053737575352,,0,RAW_MATERIAL,Raw Material,0,East Asia
RAW_MATERIAL_0505,Mervi Feedstock - Kolwezi 2,0,Rest of World,Bulk chemical,9.5225162255405,,0,RAW_MATERIAL,Raw Material,0,Unaligned
RAW_MATERIAL_0506,Brant Extraction - Penang,0,Southeast Asia,Substrate resin,2.9222401531131306,,0,RAW_MATERIAL,Raw Material,0,East Asia
RAW_MATERIAL_0507,Kestrel Feedstock - Leixlip,0,Europe,Silicon feedstock,0.6286929501758025,,0,RAW_MATERIAL,Raw Material,0,Western
RAW_MATERIAL_0508,Ader Minerals - Batam,0,Southeast Asia,Copper,1.6438688415581033,,0,RAW_MATERIAL,Raw Material,0,East Asia
RAW_MATERIAL_0509,Rivet Minerals - Hillsboro,0,North America,Copper,0.5373191302699756,,0,RAW_MATERIAL,Raw Material,0,Western
RAW_MATERIAL_0510,Calder Feedstock - Wuxi,0,China,Rare earth elements,3.5796430894224134,,0,RAW_MATERIAL,Raw Material,0,East Asia
RAW_MATERIAL_0511,Ader Minerals - Dalian 2,0,China,Crude industrial gas,2.452154941270017,,0,RAW_MATERIAL,Raw Material,0,East Asia
RAW_MATERIAL_0512,Quarn Extraction - Wuxi 2,0,China,Rare earth elements,0.8298879996654024,,0,RAW_MATERIAL,Raw Material,0,East Asia
RAW_MATERIAL_0513,Verity Extraction - Grenoble,0,Europe,Bulk chemical,0.7991014699529339,,0,RAW_MATERIAL,Raw Material,0,Western
RAW_MATERIAL_0514,Noral Extraction - Taoyuan,0,Taiwan,Copper,1.0775657295246435,,0,RAW_MATERIAL,Raw Material,0,East Asia
RAW_MATERIAL_0515,Renbeck Extraction - Hsinchu,0,Taiwan,Crude industrial gas,6.030493875157875,,0,RAW_MATERIAL,Raw Material,0,East Asia
RAW_MATERIAL_0516,Ivex Feedstock - Perth,0,Rest of World,Crude industrial gas,0.7003804546757575,,0,RAW_MATERIAL,Raw Material,0,Unaligned
RAW_MATERIAL_0517,Korrin Feedstock - Johannesburg 2,0,Rest of World,Bulk chemical,1.0036034951977817,,0,RAW_MATERIAL,Raw Material,0,Unaligned
RAW_MATERIAL_0518,Trellis Extraction - Antofagasta,0,Rest of World,Crude industrial gas,0.3506782870343551,,0,RAW_MATERIAL,Raw Material,0,Unaligned
RAW_MATERIAL_0519,Ivex Extraction - Pune,0,South Asia,Substrate resin,0.7792095915274474,,0,RAW_MATERIAL,Raw Material,0,Unaligned
REFINED_MATERIAL_0000,Calder Specialty - Shanghai,1,China,Silicon wafer,0.15263216532374574,,0,REFINED_MATERIAL,Refined Material,1,East Asia
REFINED_MATERIAL_0001,Oxbow Advanced Materials - Hsinchu,1,Taiwan,Photoresist,1.618787350371925,,0,REFINED_MATERIAL,Refined Material,1,East Asia
REFINED_MATERIAL_0002,Holt Advanced Materials - Yokkaichi,1,Japan,Packaging substrate,2.15724350747743,,0,REFINED_MATERIAL,Refined Material,1,East Asia
REFINED_MATERIAL_0003,Lethe Chemical - Yokkaichi,1,Japan,Bonding wire,0.5244643020019409,,0,REFINED_MATERIAL,Refined Material,1,East Asia
REFINED_MATERIAL_0004,Palter Advanced Materials - Bangkok,1,Southeast Asia,Process gas,0.2552805536720573,,0,REFINED_MATERIAL,Refined Material,1,East Asia
REFINED_MATERIAL_0005,Alder Materials - Taichung,1,Taiwan,Silicon wafer,3.287742875846577,,0,REFINED_MATERIAL,Refined Material,1,East Asia
REFINED_MATERIAL_0006,Belan Chemical - Tainan,1,Taiwan,Bonding wire,1.3700291108562666,,0,REFINED_MATERIAL,Refined Material,1,East Asia
REFINED_MATERIAL_0007,Gethin Chemical - Dalian,1,China,Silicon wafer,1.3073846371614612,,0,REFINED_MATERIAL,Refined Material,1,East Asia
REFINED_MATERIAL_0008,Prendel Materials - Kaohsiung,1,Taiwan,Bonding wire,0.8307758290317743,,0,REFINED_MATERIAL,Refined Material,1,East Asia
REFINED_MATERIAL_0009,Stade Materials - Nagano,1,Japan,Packaging substrate,0.4528589180463929,,0,REFINED_MATERIAL,Refined Material,1,East Asia
REFINED_MATERIAL_0010,Ulvid Chemical - Gumi,1,Korea,Photoresist,3.1680291996796623,,0,REFINED_MATERIAL,Refined Material,1,East Asia
REFINED_MATERIAL_0011,Xanthe Materials - Nagano,1,Japan,Silicon wafer,1.04545553070059,,0,REFINED_MATERIAL,Refined Material,1,East Asia
REFINED_MATERIAL_0012,Ember Advanced Materials - Bangkok,1,Southeast Asia,Photoresist,1.1081166716161213,,0,REFINED_MATERIAL,Refined Material,1,East Asia
REFINED_MATERIAL_0013,Halcy Materials - Yokkaichi,1,Japan,PCB laminate,1.2448998495694688,,0,REFINED_MATERIAL,Refined Material,1,East Asia
REFINED_MATERIAL_0014,Solvex Specialty - Kaohsiung,1,Taiwan,Silicon wafer,1.1767526887582054,,0,REFINED_MATERIAL,Refined Material,1,East Asia
REFINED_MATERIAL_0015,Quarn Specialty - Kumamoto,1,Japan,Process gas,1.366083177088959,,0,REFINED_MATERIAL,Refined Material,1,East Asia
REFINED_MATERIAL_0016,Wexler Advanced Materials - Grenoble,1,Europe,Photoresist,0.5646068523075832,,0,REFINED_MATERIAL,Refined Material,1,Western
REFINED_MATERIAL_0017,Rivet Specialty - Wuxi,1,China,Packaging substrate,0.235393802470548,,0,REFINED_MATERIAL,Refined Material,1,East Asia
REFINED_MATERIAL_0018,Ivex Materials - Batam,1,Southeast Asia,Packaging substrate,0.39122381824357083,,0,REFINED_MATERIAL,Refined Material,1,East Asia
REFINED_MATERIAL_0019,Isar Advanced Materials - Hiroshima,1,Japan,Process gas,0.32961945065550496,,0,REFINED_MATERIAL,Refined Material,1,East Asia
REFINED_MATERIAL_0020,Zephyr Specialty - Yokkaichi,1,Japan,PCB laminate,2.7398029327590527,,0,REFINED_MATERIAL,Refined Material,1,East Asia
REFINED_MATERIAL_0021,Palter Materials - Hsinchu,1,Taiwan,Silicon wafer,0.9802973392759466,,0,REFINED_MATERIAL,Refined Material,1,East Asia
REFINED_MATERIAL_0022,Cortex Chemical - Nagano,1,Japan,Packaging substrate,1.5780048676976668,,0,REFINED_MATERIAL,Refined Material,1,East Asia
REFINED_MATERIAL_0023,Nevin Specialty - Kumamoto,1,Japan,CMP slurry,1.6599817737446563,,0,REFINED_MATERIAL,Refined Material,1,East Asia
REFINED_MATERIAL_0024,Doran Advanced Materials - Bangkok,1,Southeast Asia,Bonding wire,0.6857843673025151,,0,REFINED_MATERIAL,Refined Material,1,East Asia
REFINED_MATERIAL_0025,Solvex Chemical - Hwaseong,1,Korea,Photoresist,1.1312369145081986,,0,REFINED_MATERIAL,Refined Material,1,East Asia
REFINED_MATERIAL_0026,Ystad Chemical - Taichung,1,Taiwan,Silicon wafer,2.803265495718634,,0,REFINED_MATERIAL,Refined Material,1,East Asia
REFINED_MATERIAL_0027,Trellis Advanced Materials - Kumamoto,1,Japan,Packaging substrate,1.0543750663151576,,0,REFINED_MATERIAL,Refined Material,1,East Asia
REFINED_MATERIAL_0028,Alder Materials - Yokkaichi,1,Japan,PCB laminate,3.526363247993896,,0,REFINED_MATERIAL,Refined Material,1,East Asia
REFINED_MATERIAL_0029,Ader Specialty - Hwaseong,1,Korea,Silicon wafer,1.0783867461878949,,0,REFINED_MATERIAL,Refined Material,1,East Asia
REFINED_MATERIAL_0030,Holt Advanced Materials - Shenzhen,1,China,Bonding wire,2.0565787376378144,,0,REFINED_MATERIAL,Refined Material,1,East Asia
REFINED_MATERIAL_0031,Yarrow Materials - Ottawa,1,North America,Photoresist,0.6364188377390233,,0,REFINED_MATERIAL,Refined Material,1,Western
REFINED_MATERIAL_0032,Nevin Advanced Materials - Hillsboro,1,North America,Process gas,0.6885753331220349,,0,REFINED_MATERIAL,Refined Material,1,Western
REFINED_MATERIAL_0033,Holt Advanced Materials - Bac Ninh,1,Southeast Asia,PCB laminate,0.34885221792713533,,0,REFINED_MATERIAL,Refined Material,1,East Asia
REFINED_MATERIAL_0034,Verity Chemical - Hillsboro,1,North America,Process gas,0.4670184454267864,,0,REFINED_MATERIAL,Refined Material,1,Western
REFINED_MATERIAL_0035,Nevin Chemical - Tianjin,1,China,Process gas,0.3467058672708683,,0,REFINED_MATERIAL,Refined Material,1,East Asia
REFINED_MATERIAL_0036,Stade Chemical - Taichung,1,Taiwan,PCB laminate,1.4931293461961341,,0,REFINED_MATERIAL,Refined Material,1,East Asia
REFINED_MATERIAL_0037,Ystad Materials - Hiroshima,1,Japan,PCB laminate,0.5735893155543283,,0,REFINED_MATERIAL,Refined Material,1,East Asia
REFINED_MATERIAL_0038,Vantor Materials - Yokkaichi,1,Japan,PCB laminate,0.30819079177113823,,0,REFINED_MATERIAL,Refined Material,1,East Asia
REFINED_MATERIAL_0039,Nevin Advanced Materials - Bac Ninh,1,Southeast Asia,PCB laminate,1.6813056658657124,,0,REFINED_MATERIAL,Refined Material,1,East Asia
REFINED_MATERIAL_0040,Alder Chemical - Grenoble,1,Europe,Photoresist,1.4003641038157202,,0,REFINED_MATERIAL,Refined Material,1,Western
REFINED_MATERIAL_0041,Granth Chemical - Austin,1,North America,Process gas,0.9091087238460073,,0,REFINED_MATERIAL,Refined Material,1,Western
REFINED_MATERIAL_0042,Rivet Materials - Dalian,1,China,PCB laminate,1.3854140103158854,,0,REFINED_MATERIAL,Refined Material,1,East Asia
REFINED_MATERIAL_0043,Brant Advanced Materials - Chandler,1,North America,Packaging substrate,0.7332129795754938,,0,REFINED_MATERIAL,Refined Material,1,Western
REFINED_MATERIAL_0044,Ader Materials - Shenzhen,1,China,Packaging substrate,0.6120411311474306,,0,REFINED_MATERIAL,Refined Material,1,East Asia
REFINED_MATERIAL_0045,Belan Advanced Materials - Pyeongtaek,1,Korea,Packaging substrate,0.5089309290038844,,0,REFINED_MATERIAL,Refined Material,1,East Asia
REFINED_MATERIAL_0046,Prendel Advanced Materials - Villach,1,Europe,Silicon wafer,1.2239777803985183,,0,REFINED_MATERIAL,Refined Material,1,Western
REFINED_MATERIAL_0047,Faryn Specialty - Hwaseong,1,Korea,PCB laminate,3.231228804840523,,0,REFINED_MATERIAL,Refined Material,1,East Asia
REFINED_MATERIAL_0048,Ivex Advanced Materials - Shanghai,1,China,Silicon wafer,0.3477624601964656,,0,REFINED_MATERIAL,Refined Material,1,East Asia
REFINED_MATERIAL_0049,Ulvid Advanced Materials - Crolles,1,Europe,PCB laminate,0.8132618121302668,,0,REFINED_MATERIAL,Refined Material,1,Western
REFINED_MATERIAL_0050,Holt Chemical - Chengdu,1,China,Silicon wafer,1.5460009742168102,,0,REFINED_MATERIAL,Refined Material,1,East Asia
REFINED_MATERIAL_0051,Ferrin Chemical - Pyeongtaek,1,Korea,Packaging substrate,4.253197173510925,,0,REFINED_MATERIAL,Refined Material,1,East Asia
REFINED_MATERIAL_0052,Halcy Advanced Materials - Kitakyushu,1,Japan,Silicon wafer,0.8150361639798882,,0,REFINED_MATERIAL,Refined Material,1,East Asia
REFINED_MATERIAL_0053,Wexler Advanced Materials - Austin,1,North America,Silicon wafer,0.48664004340293043,,0,REFINED_MATERIAL,Refined Material,1,Western
REFINED_MATERIAL_0054,Solvex Advanced Materials - Taichung,1,Taiwan,Packaging substrate,0.3767313267195363,,0,REFINED_MATERIAL,Refined Material,1,East Asia
REFINED_MATERIAL_0055,Korrin Chemical - Batam,1,Southeast Asia,Packaging substrate,0.8808997276479782,,0,REFINED_MATERIAL,Refined Material,1,East Asia
REFINED_MATERIAL_0056,Isar Specialty - Tainan,1,Taiwan,Process gas,0.46060385593220016,,0,REFINED_MATERIAL,Refined Material,1,East Asia
REFINED_MATERIAL_0057,Isar Advanced Materials - Kumamoto,1,Japan,Bonding wire,0.4520154101889613,,0,REFINED_MATERIAL,Refined Material,1,East Asia
REFINED_MATERIAL_0058,Granth Advanced Materials - Kaohsiung,1,Taiwan,Photoresist,1.3180957925151786,,0,REFINED_MATERIAL,Refined Material,1,East Asia
REFINED_MATERIAL_0059,Jarn Chemical - Austin,1,North America,Packaging substrate,0.285499117149688,,0,REFINED_MATERIAL,Refined Material,1,Western
REFINED_MATERIAL_0060,Solvex Specialty - Shenzhen,1,China,Bonding wire,1.829145264722042,,0,REFINED_MATERIAL,Refined Material,1,East Asia
REFINED_MATERIAL_0061,Zephyr Advanced Materials - Kaohsiung,1,Taiwan,PCB laminate,0.828348290145798,,0,REFINED_MATERIAL,Refined Material,1,East Asia
REFINED_MATERIAL_0062,Ulvid Specialty - Yokkaichi,1,Japan,CMP slurry,0.46529713336463824,,0,REFINED_MATERIAL,Refined Material,1,East Asia
REFINED_MATERIAL_0063,Cortex Specialty - Nagano,1,Japan,Photoresist,0.41281492177275736,,0,REFINED_MATERIAL,Refined Material,1,East Asia
REFINED_MATERIAL_0064,Solvex Specialty - Kitakyushu,1,Japan,Packaging substrate,0.5510101534944469,,0,REFINED_MATERIAL,Refined Material,1,East Asia
REFINED_MATERIAL_0065,Holt Chemical - Hwaseong,1,Korea,Packaging substrate,3.357044518509754,,0,REFINED_MATERIAL,Refined Material,1,East Asia
REFINED_MATERIAL_0066,Orvid Chemical - Crolles,1,Europe,Process gas,1.9484486495427726,,0,REFINED_MATERIAL,Refined Material,1,Western
REFINED_MATERIAL_0067,Zephyr Specialty - Leixlip,1,Europe,Bonding wire,8.582962746874689,,0,REFINED_MATERIAL,Refined Material,1,Western
REFINED_MATERIAL_0068,Ader Advanced Materials - Austin,1,North America,Photoresist,1.5493121694268288,,0,REFINED_MATERIAL,Refined Material,1,Western
REFINED_MATERIAL_0069,Cortex Specialty - Hsinchu,1,Taiwan,Photoresist,1.1404022953784332,,0,REFINED_MATERIAL,Refined Material,1,East Asia
REFINED_MATERIAL_0070,Ulvid Advanced Materials - Hwaseong,1,Korea,Silicon wafer,1.3294514111169429,,0,REFINED_MATERIAL,Refined Material,1,East Asia
REFINED_MATERIAL_0071,Quill Materials - Taoyuan,1,Taiwan,Bonding wire,2.0992699141054127,,0,REFINED_MATERIAL,Refined Material,1,East Asia
REFINED_MATERIAL_0072,Elstow Materials - Hwaseong,1,Korea,CMP slurry,0.20122179656105513,,0,REFINED_MATERIAL,Refined Material,1,East Asia
REFINED_MATERIAL_0073,Jorel Advanced Materials - Yokkaichi,1,Japan,Process gas,0.723295985312919,,0,REFINED_MATERIAL,Refined Material,1,East Asia
REFINED_MATERIAL_0074,Ader Specialty - Xi'an,1,China,Bonding wire,0.5231886965239826,,0,REFINED_MATERIAL,Refined Material,1,East Asia
REFINED_MATERIAL_0075,Mordant Chemical - Yokkaichi,1,Japan,Photoresist,0.6473776283851453,,0,REFINED_MATERIAL,Refined Material,1,East Asia
REFINED_MATERIAL_0076,Zephyr Specialty - Eindhoven,1,Europe,Silicon wafer,0.47146157529503585,,0,REFINED_MATERIAL,Refined Material,1,Western
REFINED_MATERIAL_0077,Granth Specialty - Bangkok,1,Southeast Asia,Bonding wire,3.0616412508115363,,0,REFINED_MATERIAL,Refined Material,1,East Asia
REFINED_MATERIAL_0078,Quill Advanced Materials - Sendai,1,Japan,Packaging substrate,1.4039982636462174,,0,REFINED_MATERIAL,Refined Material,1,East Asia
REFINED_MATERIAL_0079,Kestrel Materials - Leixlip,1,Europe,Packaging substrate,4.548748075459895,,0,REFINED_MATERIAL,Refined Material,1,Western
REFINED_MATERIAL_0080,Wend Materials - Tainan,1,Taiwan,Photoresist,2.0810621895435197,,0,REFINED_MATERIAL,Refined Material,1,East Asia
REFINED_MATERIAL_0081,Yarrow Materials - Tianjin,1,China,Bonding wire,1.0229749427764223,,0,REFINED_MATERIAL,Refined Material,1,East Asia
REFINED_MATERIAL_0082,Ferrin Materials - Dresden,1,Europe,CMP slurry,1.5735706844108113,,0,REFINED_MATERIAL,Refined Material,1,Western
REFINED_MATERIAL_0083,Stade Specialty - Kumamoto,1,Japan,Packaging substrate,1.0412439275288727,,0,REFINED_MATERIAL,Refined Material,1,East Asia
REFINED_MATERIAL_0084,Halcy Advanced Materials - Pyeongtaek,1,Korea,Packaging substrate,2.711849551316021,,0,REFINED_MATERIAL,Refined Material,1,East Asia
REFINED_MATERIAL_0085,Ystad Specialty - Kumamoto,1,Japan,Silicon wafer,1.1467330927539285,,0,REFINED_MATERIAL,Refined Material,1,East Asia
REFINED_MATERIAL_0086,Ember Advanced Materials - Kitakyushu,1,Japan,Packaging substrate,2.4938445336949924,,0,REFINED_MATERIAL,Refined Material,1,East Asia
REFINED_MATERIAL_0087,Prendel Materials - Icheon,1,Korea,Process gas,2.2536299971530034,,0,REFINED_MATERIAL,Refined Material,1,East Asia
REFINED_MATERIAL_0088,Vantor Chemical - Shanghai,1,China,Process gas,0.8112067303002053,,0,REFINED_MATERIAL,Refined Material,1,East Asia
REFINED_MATERIAL_0089,Faryn Materials - Pyeongtaek,1,Korea,Packaging substrate,1.4085922471908563,,0,REFINED_MATERIAL,Refined Material,1,East Asia
REFINED_MATERIAL_0090,Trellis Chemical - Chengdu,1,China,CMP slurry,1.3831579394454936,,0,REFINED_MATERIAL,Refined Material,1,East Asia
REFINED_MATERIAL_0091,Quill Advanced Materials - Xi'an,1,China,Packaging substrate,1.2838756024155482,,0,REFINED_MATERIAL,Refined Material,1,East Asia
REFINED_MATERIAL_0092,Kestrel Advanced Materials - Kaohsiung,1,Taiwan,Packaging substrate,10.898285288876409,,0,REFINED_MATERIAL,Refined Material,1,East Asia
REFINED_MATERIAL_0093,Vantor Materials - Kaohsiung,1,Taiwan,Photoresist,1.2066880485696618,,0,REFINED_MATERIAL,Refined Material,1,East Asia
REFINED_MATERIAL_0094,Solvex Chemical - Shenzhen,1,China,Silicon wafer,1.0030612451410965,,0,REFINED_MATERIAL,Refined Material,1,East Asia
REFINED_MATERIAL_0095,Prendel Materials - Yokkaichi,1,Japan,Process gas,0.4402225018830647,,0,REFINED_MATERIAL,Refined Material,1,East Asia
REFINED_MATERIAL_0096,Korrin Chemical - Kitakyushu,1,Japan,Bonding wire,1.4542971152117146,,0,REFINED_MATERIAL,Refined Material,1,East Asia
REFINED_MATERIAL_0097,Jarn Materials - Shenzhen,1,China,Photoresist,1.3827194985818965,,0,REFINED_MATERIAL,Refined Material,1,East Asia
REFINED_MATERIAL_0098,Quill Chemical - Yokkaichi,1,Japan,Packaging substrate,0.840550111199891,,0,REFINED_MATERIAL,Refined Material,1,East Asia
REFINED_MATERIAL_0099,Prendel Advanced Materials - Sendai,1,Japan,Packaging substrate,0.340819681650283,,0,REFINED_MATERIAL,Refined Material,1,East Asia
REFINED_MATERIAL_0100,Doran Specialty - Icheon,1,Korea,PCB laminate,0.5286490484765496,,0,REFINED_MATERIAL,Refined Material,1,East Asia
REFINED_MATERIAL_0101,Wend Specialty - Hsinchu,1,Taiwan,PCB laminate,0.7691155006869793,,0,REFINED_MATERIAL,Refined Material,1,East Asia
REFINED_MATERIAL_0102,Ystad Chemical - Nagano,1,Japan,Silicon wafer,1.3997358646233924,,0,REFINED_MATERIAL,Refined Material,1,East Asia
REFINED_MATERIAL_0103,Holt Materials - Wuxi,1,China,Packaging substrate,2.621906888965641,,0,REFINED_MATERIAL,Refined Material,1,East Asia
REFINED_MATERIAL_0104,Ystad Advanced Materials - Hillsboro,1,North America,Silicon wafer,1.948009933016385,,0,REFINED_MATERIAL,Refined Material,1,Western
REFINED_MATERIAL_0105,Quarn Materials - Sendai,1,Japan,PCB laminate,1.3406025754163091,,0,REFINED_MATERIAL,Refined Material,1,East Asia
REFINED_MATERIAL_0106,Belan Advanced Materials - Dresden,1,Europe,Packaging substrate,1.1593460477328492,,0,REFINED_MATERIAL,Refined Material,1,Western
REFINED_MATERIAL_0107,Quill Advanced Materials - Chengdu,1,China,PCB laminate,0.49803351938252655,,0,REFINED_MATERIAL,Refined Material,1,East Asia
REFINED_MATERIAL_0108,Faryn Chemical - Gumi,1,Korea,Silicon wafer,3.0320910638340206,,0,REFINED_MATERIAL,Refined Material,1,East Asia
REFINED_MATERIAL_0109,Belan Specialty - Guadalajara,1,North America,PCB laminate,0.4916944586289037,,0,REFINED_MATERIAL,Refined Material,1,Western
REFINED_MATERIAL_0110,Ader Chemical - Chengdu,1,China,Packaging substrate,1.8909263277143076,,0,REFINED_MATERIAL,Refined Material,1,East Asia
REFINED_MATERIAL_0111,Belan Specialty - Shenzhen,1,China,Packaging substrate,1.4658092287131872,,0,REFINED_MATERIAL,Refined Material,1,East Asia
REFINED_MATERIAL_0112,Vantor Specialty - Grenoble,1,Europe,Silicon wafer,0.9680675881050425,,0,REFINED_MATERIAL,Refined Material,1,Western
REFINED_MATERIAL_0113,Renbeck Specialty - Yokkaichi,1,Japan,Process gas,2.0162174536169144,,0,REFINED_MATERIAL,Refined Material,1,East Asia
REFINED_MATERIAL_0114,Yarrow Chemical - Grenoble,1,Europe,Silicon wafer,1.5223635150539578,,0,REFINED_MATERIAL,Refined Material,1,Western
REFINED_MATERIAL_0115,Halcy Chemical - Tainan,1,Taiwan,Photoresist,4.248790401748536,,0,REFINED_MATERIAL,Refined Material,1,East Asia
REFINED_MATERIAL_0116,Isar Specialty - Gumi,1,Korea,PCB laminate,4.003157032333346,,0,REFINED_MATERIAL,Refined Material,1,East Asia
REFINED_MATERIAL_0117,Gethin Materials - Chandler,1,North America,PCB laminate,1.7150761831670795,,0,REFINED_MATERIAL,Refined Material,1,Western
REFINED_MATERIAL_0118,Brant Chemical - Gumi,1,Korea,PCB laminate,1.094471543431008,,0,REFINED_MATERIAL,Refined Material,1,East Asia
REFINED_MATERIAL_0119,Rivet Specialty - Penang,1,Southeast Asia,Process gas,2.901574505389854,,0,REFINED_MATERIAL,Refined Material,1,East Asia
REFINED_MATERIAL_0120,Ulvid Materials - Sendai,1,Japan,CMP slurry,3.7412429124927797,,0,REFINED_MATERIAL,Refined Material,1,East Asia
REFINED_MATERIAL_0121,Ulvid Specialty - Batam,1,Southeast Asia,Process gas,0.7356586427136884,,0,REFINED_MATERIAL,Refined Material,1,East Asia
REFINED_MATERIAL_0122,Quarn Specialty - Yokkaichi,1,Japan,Silicon wafer,2.330791623732109,,0,REFINED_MATERIAL,Refined Material,1,East Asia
REFINED_MATERIAL_0123,Elstow Specialty - Kumamoto,1,Japan,PCB laminate,0.2645431358720303,,0,REFINED_MATERIAL,Refined Material,1,East Asia
REFINED_MATERIAL_0124,Ember Advanced Materials - Grenoble,1,Europe,Photoresist,7.0116609369530085,,0,REFINED_MATERIAL,Refined Material,1,Western
REFINED_MATERIAL_0125,Palter Materials - Villach,1,Europe,PCB laminate,0.34845751519160756,,0,REFINED_MATERIAL,Refined Material,1,Western
REFINED_MATERIAL_0126,Palter Materials - Icheon,1,Korea,Bonding wire,0.5142637572339892,,0,REFINED_MATERIAL,Refined Material,1,East Asia
REFINED_MATERIAL_0127,Yarrow Materials - Taichung,1,Taiwan,PCB laminate,2.3182747899872944,,0,REFINED_MATERIAL,Refined Material,1,East Asia
REFINED_MATERIAL_0128,Yarrow Materials - Kitakyushu,1,Japan,Bonding wire,1.3959584149701334,,0,REFINED_MATERIAL,Refined Material,1,East Asia
REFINED_MATERIAL_0129,Faryn Chemical - Yokkaichi,1,Japan,Photoresist,0.2129440100095598,,0,REFINED_MATERIAL,Refined Material,1,East Asia
REFINED_MATERIAL_0130,Granth Materials - Sendai,1,Japan,PCB laminate,0.8088137185225568,,0,REFINED_MATERIAL,Refined Material,1,East Asia
REFINED_MATERIAL_0131,Ystad Specialty - Singapore,1,Southeast Asia,Packaging substrate,1.111590802236045,,0,REFINED_MATERIAL,Refined Material,1,East Asia
REFINED_MATERIAL_0132,Faryn Materials - Guadalajara,1,North America,Photoresist,0.22567426104946942,,0,REFINED_MATERIAL,Refined Material,1,Western
REFINED_MATERIAL_0133,Oxbow Advanced Materials - Pune,1,South Asia,Silicon wafer,0.28457006327458284,,0,REFINED_MATERIAL,Refined Material,1,Unaligned
REFINED_MATERIAL_0134,Korrin Chemical - Austin,1,North America,Process gas,0.5544864399371614,,0,REFINED_MATERIAL,Refined Material,1,Western
REFINED_MATERIAL_0135,Lethe Materials - Taoyuan,1,Taiwan,Packaging substrate,2.796492133685478,,0,REFINED_MATERIAL,Refined Material,1,East Asia
REFINED_MATERIAL_0136,Palter Materials - Yokkaichi,1,Japan,Bonding wire,0.20659680644386097,,0,REFINED_MATERIAL,Refined Material,1,East Asia
REFINED_MATERIAL_0137,Xanthe Specialty - Shenzhen,1,China,Bonding wire,0.36477545421255636,,0,REFINED_MATERIAL,Refined Material,1,East Asia
REFINED_MATERIAL_0138,Vantor Materials - Bangkok,1,Southeast Asia,Photoresist,0.761182864961438,,0,REFINED_MATERIAL,Refined Material,1,East Asia
REFINED_MATERIAL_0139,Elstow Materials - Crolles,1,Europe,Process gas,2.086656400852663,,0,REFINED_MATERIAL,Refined Material,1,Western
REFINED_MATERIAL_0140,Lethe Materials - Sendai,1,Japan,Silicon wafer,0.5388946511537347,,0,REFINED_MATERIAL,Refined Material,1,East Asia
REFINED_MATERIAL_0141,Mervi Chemical - Batangas,1,Southeast Asia,Bonding wire,0.30001220343945184,,0,REFINED_MATERIAL,Refined Material,1,East Asia
REFINED_MATERIAL_0142,Noral Materials - Kitakyushu,1,Japan,Silicon wafer,0.23027133380997358,,0,REFINED_MATERIAL,Refined Material,1,East Asia
REFINED_MATERIAL_0143,Stade Chemical - Nagano,1,Japan,Silicon wafer,0.9223819353710015,,0,REFINED_MATERIAL,Refined Material,1,East Asia
REFINED_MATERIAL_0144,Wend Advanced Materials - Icheon,1,Korea,Bonding wire,0.2839043753156814,,0,REFINED_MATERIAL,Refined Material,1,East Asia
REFINED_MATERIAL_0145,Yarrow Materials - Cheongju,1,Korea,Packaging substrate,0.8759158390829221,,0,REFINED_MATERIAL,Refined Material,1,East Asia
REFINED_MATERIAL_0146,Alder Materials - Taoyuan,1,Taiwan,PCB laminate,1.7766147816446132,,0,REFINED_MATERIAL,Refined Material,1,East Asia
REFINED_MATERIAL_0147,Belan Advanced Materials - Singapore,1,Southeast Asia,Silicon wafer,0.980991310358249,,0,REFINED_MATERIAL,Refined Material,1,East Asia
REFINED_MATERIAL_0148,Mordant Specialty - Hiroshima,1,Japan,Silicon wafer,1.0919524522221518,,0,REFINED_MATERIAL,Refined Material,1,East Asia
REFINED_MATERIAL_0149,Wend Specialty - Taoyuan,1,Taiwan,PCB laminate,0.29609217022279477,,0,REFINED_MATERIAL,Refined Material,1,East Asia
REFINED_MATERIAL_0150,Jarn Materials - Villach,1,Europe,Bonding wire,2.0774650759601507,,0,REFINED_MATERIAL,Refined Material,1,Western
REFINED_MATERIAL_0151,Thorne Chemical - Singapore,1,Southeast Asia,Packaging substrate,2.002262940334436,,0,REFINED_MATERIAL,Refined Material,1,East Asia
REFINED_MATERIAL_0152,Alder Advanced Materials - Nagano,1,Japan,Packaging substrate,1.1768512248451881,,0,REFINED_MATERIAL,Refined Material,1,East Asia
REFINED_MATERIAL_0153,Lethe Advanced Materials - Singapore,1,Southeast Asia,PCB laminate,1.4564566115699358,,0,REFINED_MATERIAL,Refined Material,1,East Asia
REFINED_MATERIAL_0154,Isar Chemical - Chengdu,1,China,CMP slurry,1.3414955970965163,,0,REFINED_MATERIAL,Refined Material,1,East Asia
REFINED_MATERIAL_0155,Quarn Advanced Materials - Taoyuan,1,Taiwan,PCB laminate,2.5138266366776425,,0,REFINED_MATERIAL,Refined Material,1,East Asia
REFINED_MATERIAL_0156,Yarrow Advanced Materials - Hwaseong,1,Korea,CMP slurry,1.180251195277261,,0,REFINED_MATERIAL,Refined Material,1,East Asia
REFINED_MATERIAL_0157,Vantor Chemical - Wuxi,1,China,Process gas,1.8415145930358694,,0,REFINED_MATERIAL,Refined Material,1,East Asia
REFINED_MATERIAL_0158,Kestrel Chemical - Hwaseong,1,Korea,Photoresist,0.6623764614710413,,0,REFINED_MATERIAL,Refined Material,1,East Asia
REFINED_MATERIAL_0159,Brant Materials - Chandler,1,North America,Photoresist,0.8388353319619192,,0,REFINED_MATERIAL,Refined Material,1,Western
REFINED_MATERIAL_0160,Wend Materials - Cheongju,1,Korea,CMP slurry,0.5431939777908966,,0,REFINED_MATERIAL,Refined Material,1,East Asia
REFINED_MATERIAL_0161,Ulvid Advanced Materials - Nagano,1,Japan,Bonding wire,1.6554269062629847,,0,REFINED_MATERIAL,Refined Material,1,East Asia
REFINED_MATERIAL_0162,Ferrin Advanced Materials - Gumi,1,Korea,Photoresist,1.8520890683410662,,0,REFINED_MATERIAL,Refined Material,1,East Asia
REFINED_MATERIAL_0163,Alder Materials - Malta,1,North America,Bonding wire,0.10240634409466802,,0,REFINED_MATERIAL,Refined Material,1,Western
REFINED_MATERIAL_0164,Umber Materials - Wuxi,1,China,Process gas,0.3884838264548043,,0,REFINED_MATERIAL,Refined Material,1,East Asia
REFINED_MATERIAL_0165,Vantor Specialty - Villach,1,Europe,Packaging substrate,0.8266388625635951,,0,REFINED_MATERIAL,Refined Material,1,Western
REFINED_MATERIAL_0166,Isar Materials - Icheon,1,Korea,Bonding wire,0.9662980918894616,,0,REFINED_MATERIAL,Refined Material,1,East Asia
REFINED_MATERIAL_0167,Vantor Advanced Materials - Kumamoto,1,Japan,PCB laminate,0.8197851200266699,,0,REFINED_MATERIAL,Refined Material,1,East Asia
REFINED_MATERIAL_0168,Ivex Materials - Kitakyushu,1,Japan,Process gas,0.8854970987245538,,0,REFINED_MATERIAL,Refined Material,1,East Asia
REFINED_MATERIAL_0169,Nevin Chemical - Hiroshima,1,Japan,Packaging substrate,0.6125785007325882,,0,REFINED_MATERIAL,Refined Material,1,East Asia
REFINED_MATERIAL_0170,Palter Specialty - Cheongju,1,Korea,PCB laminate,0.7456012596435899,,0,REFINED_MATERIAL,Refined Material,1,East Asia
REFINED_MATERIAL_0171,Trellis Chemical - Ottawa,1,North America,Packaging substrate,0.531095079748977,,0,REFINED_MATERIAL,Refined Material,1,Western
REFINED_MATERIAL_0172,Alder Specialty - Kitakyushu,1,Japan,Process gas,0.5154169662063923,,0,REFINED_MATERIAL,Refined Material,1,East Asia
REFINED_MATERIAL_0173,Calder Specialty - Hsinchu,1,Taiwan,Process gas,0.33682325106140526,,0,REFINED_MATERIAL,Refined Material,1,East Asia
REFINED_MATERIAL_0174,Vantor Materials - Cheongju,1,Korea,CMP slurry,0.29813874846049965,,0,REFINED_MATERIAL,Refined Material,1,East Asia
REFINED_MATERIAL_0175,Renbeck Advanced Materials - Gumi,1,Korea,Bonding wire,2.25121773265535,,0,REFINED_MATERIAL,Refined Material,1,East Asia
REFINED_MATERIAL_0176,Dyne Advanced Materials - Shanghai,1,China,PCB laminate,0.8735397235182769,,0,REFINED_MATERIAL,Refined Material,1,East Asia
REFINED_MATERIAL_0177,Korrin Materials - Chandler,1,North America,Process gas,1.4530113292482962,,0,REFINED_MATERIAL,Refined Material,1,Western
REFINED_MATERIAL_0178,Prendel Materials - Hwaseong,1,Korea,Process gas,1.2134365426141605,,0,REFINED_MATERIAL,Refined Material,1,East Asia
REFINED_MATERIAL_0179,Orvid Specialty - Kitakyushu,1,Japan,PCB laminate,2.577810798845507,,0,REFINED_MATERIAL,Refined Material,1,East Asia
REFINED_MATERIAL_0180,Granth Materials - Hsinchu,1,Taiwan,CMP slurry,2.0507824025283137,,0,REFINED_MATERIAL,Refined Material,1,East Asia
REFINED_MATERIAL_0181,Kestrel Materials - Icheon,1,Korea,Silicon wafer,2.7417307039545915,,0,REFINED_MATERIAL,Refined Material,1,East Asia
REFINED_MATERIAL_0182,Ferrin Chemical - Hiroshima,1,Japan,Silicon wafer,0.8737813324610738,,0,REFINED_MATERIAL,Refined Material,1,East Asia
REFINED_MATERIAL_0183,Isar Chemical - Hiroshima,1,Japan,Packaging substrate,1.9748077492129315,,0,REFINED_MATERIAL,Refined Material,1,East Asia
REFINED_MATERIAL_0184,Solvex Advanced Materials - Kaohsiung,1,Taiwan,CMP slurry,0.5082622568355657,,0,REFINED_MATERIAL,Refined Material,1,East Asia
REFINED_MATERIAL_0185,Ystad Materials - Chandler,1,North America,Process gas,1.9197936716692563,,0,REFINED_MATERIAL,Refined Material,1,Western
REFINED_MATERIAL_0186,Faryn Specialty - Dresden,1,Europe,Packaging substrate,0.3425222812878503,,0,REFINED_MATERIAL,Refined Material,1,Western
REFINED_MATERIAL_0187,Rivet Advanced Materials - Chengdu,1,China,Silicon wafer,0.4870496379068966,,0,REFINED_MATERIAL,Refined Material,1,East Asia
REFINED_MATERIAL_0188,Mervi Materials - Hsinchu,1,Taiwan,Silicon wafer,1.4539804147018567,,0,REFINED_MATERIAL,Refined Material,1,East Asia
REFINED_MATERIAL_0189,Ember Specialty - Malta,1,North America,Bonding wire,0.48695219301448184,,0,REFINED_MATERIAL,Refined Material,1,Western
REFINED_MATERIAL_0190,Doran Materials - Malta,1,North America,Silicon wafer,0.4486660270845032,,0,REFINED_MATERIAL,Refined Material,1,Western
REFINED_MATERIAL_0191,Nevin Materials - Kitakyushu,1,Japan,Photoresist,1.5365903170797799,,0,REFINED_MATERIAL,Refined Material,1,East Asia
REFINED_MATERIAL_0192,Brant Specialty - Chandler,1,North America,Packaging substrate,0.569682222520695,,0,REFINED_MATERIAL,Refined Material,1,Western
REFINED_MATERIAL_0193,Faryn Advanced Materials - Austin,1,North America,PCB laminate,0.5891861374302435,,0,REFINED_MATERIAL,Refined Material,1,Western
REFINED_MATERIAL_0194,Palter Chemical - Hiroshima,1,Japan,Packaging substrate,0.40304936138081976,,0,REFINED_MATERIAL,Refined Material,1,East Asia
REFINED_MATERIAL_0195,Ader Materials - Leixlip,1,Europe,Silicon wafer,2.327752815447698,,0,REFINED_MATERIAL,Refined Material,1,Western
REFINED_MATERIAL_0196,Palter Chemical - Kitakyushu,1,Japan,PCB laminate,0.576462833379015,,0,REFINED_MATERIAL,Refined Material,1,East Asia
REFINED_MATERIAL_0197,Rivet Specialty - Hiroshima,1,Japan,Packaging substrate,0.6324472351450832,,0,REFINED_MATERIAL,Refined Material,1,East Asia
REFINED_MATERIAL_0198,Halcy Specialty - Hillsboro,1,North America,Packaging substrate,0.46389902784743986,,0,REFINED_MATERIAL,Refined Material,1,Western
REFINED_MATERIAL_0199,Jorel Advanced Materials - Chengdu,1,China,Photoresist,0.5500817265862068,,0,REFINED_MATERIAL,Refined Material,1,East Asia
REFINED_MATERIAL_0200,Yarrow Advanced Materials - Nagano,1,Japan,Bonding wire,0.7734545160048844,,0,REFINED_MATERIAL,Refined Material,1,East Asia
REFINED_MATERIAL_0201,Wexler Specialty - Chandler,1,North America,CMP slurry,0.5863625476774623,,0,REFINED_MATERIAL,Refined Material,1,Western
REFINED_MATERIAL_0202,Jorel Chemical - Tianjin,1,China,Packaging substrate,0.34403715826480213,,0,REFINED_MATERIAL,Refined Material,1,East Asia
REFINED_MATERIAL_0203,Ferrin Materials - Chengdu,1,China,Silicon wafer,0.4561804366204815,,0,REFINED_MATERIAL,Refined Material,1,East Asia
REFINED_MATERIAL_0204,Doran Advanced Materials - Sendai,1,Japan,Silicon wafer,1.9162585398546899,,0,REFINED_MATERIAL,Refined Material,1,East Asia
REFINED_MATERIAL_0205,Wend Materials - Yokkaichi,1,Japan,Packaging substrate,0.9919030640623709,,0,REFINED_MATERIAL,Refined Material,1,East Asia
REFINED_MATERIAL_0206,Quarn Chemical - Hwaseong,1,Korea,Packaging substrate,3.458572899138868,,0,REFINED_MATERIAL,Refined Material,1,East Asia
REFINED_MATERIAL_0207,Ivex Advanced Materials - Sendai,1,Japan,Bonding wire,3.993432383096582,,0,REFINED_MATERIAL,Refined Material,1,East Asia
REFINED_MATERIAL_0208,Rivet Chemical - Tianjin,1,China,Packaging substrate,1.0492465022949455,,0,REFINED_MATERIAL,Refined Material,1,East Asia
REFINED_MATERIAL_0209,Mervi Chemical - Yokkaichi,1,Japan,Bonding wire,0.7844064498451225,,0,REFINED_MATERIAL,Refined Material,1,East Asia
REFINED_MATERIAL_0210,Orvid Specialty - Batangas,1,Southeast Asia,Silicon wafer,0.51895954863762,,0,REFINED_MATERIAL,Refined Material,1,East Asia
REFINED_MATERIAL_0211,Holt Advanced Materials - Penang,1,Southeast Asia,PCB laminate,0.30991530564426073,,0,REFINED_MATERIAL,Refined Material,1,East Asia
REFINED_MATERIAL_0212,Gethin Materials - Yokkaichi,1,Japan,Bonding wire,0.6756841094035474,,0,REFINED_MATERIAL,Refined Material,1,East Asia
REFINED_MATERIAL_0213,Palter Specialty - Xi'an,1,China,Process gas,2.6149292921392133,,0,REFINED_MATERIAL,Refined Material,1,East Asia
REFINED_MATERIAL_0214,Ferrin Chemical - Taoyuan,1,Taiwan,Photoresist,2.20658668397251,,0,REFINED_MATERIAL,Refined Material,1,East Asia
REFINED_MATERIAL_0215,Prendel Advanced Materials - Cheongju,1,Korea,Packaging substrate,0.38758050804208166,,0,REFINED_MATERIAL,Refined Material,1,East Asia
REFINED_MATERIAL_0216,Umber Specialty - Kumamoto,1,Japan,Photoresist,1.0094982519757212,,0,REFINED_MATERIAL,Refined Material,1,East Asia
REFINED_MATERIAL_0217,Prendel Specialty - Kitakyushu,1,Japan,CMP slurry,1.4366474863985312,,0,REFINED_MATERIAL,Refined Material,1,East Asia
REFINED_MATERIAL_0218,Jorel Chemical - Xi'an,1,China,Silicon wafer,0.702853844919921,,0,REFINED_MATERIAL,Refined Material,1,East Asia
REFINED_MATERIAL_0219,Noral Materials - Taichung,1,Taiwan,PCB laminate,0.0733867524004791,,0,REFINED_MATERIAL,Refined Material,1,East Asia
REFINED_MATERIAL_0220,Calder Chemical - Kumamoto,1,Japan,Bonding wire,1.8259208313684403,,0,REFINED_MATERIAL,Refined Material,1,East Asia
REFINED_MATERIAL_0221,Gethin Materials - Hsinchu,1,Taiwan,Silicon wafer,0.4904781077623383,,0,REFINED_MATERIAL,Refined Material,1,East Asia
REFINED_MATERIAL_0222,Quarn Advanced Materials - Taoyuan 2,1,Taiwan,CMP slurry,0.32029077396843275,,0,REFINED_MATERIAL,Refined Material,1,East Asia
REFINED_MATERIAL_0223,Mordant Specialty - Icheon,1,Korea,Process gas,1.5717348924443246,,0,REFINED_MATERIAL,Refined Material,1,East Asia
REFINED_MATERIAL_0224,Jorel Advanced Materials - Wuxi,1,China,Process gas,1.1219435173388586,,0,REFINED_MATERIAL,Refined Material,1,East Asia
REFINED_MATERIAL_0225,Dyne Specialty - Nagano,1,Japan,Process gas,0.5341680026970467,,0,REFINED_MATERIAL,Refined Material,1,East Asia
REFINED_MATERIAL_0226,Isar Advanced Materials - Malta,1,North America,Process gas,0.9916446144895238,,0,REFINED_MATERIAL,Refined Material,1,Western
REFINED_MATERIAL_0227,Ember Chemical - Dresden,1,Europe,Photoresist,1.302630106031197,,0,REFINED_MATERIAL,Refined Material,1,Western
REFINED_MATERIAL_0228,Oxbow Chemical - Grenoble,1,Europe,Packaging substrate,0.6825850926958797,,0,REFINED_MATERIAL,Refined Material,1,Western
REFINED_MATERIAL_0229,Faryn Advanced Materials - Hwaseong,1,Korea,PCB laminate,0.16061465699147642,,0,REFINED_MATERIAL,Refined Material,1,East Asia
REFINED_MATERIAL_0230,Mordant Advanced Materials - Icheon,1,Korea,Photoresist,0.23865333056598326,,0,REFINED_MATERIAL,Refined Material,1,East Asia
REFINED_MATERIAL_0231,Wexler Advanced Materials - Austin 2,1,North America,Packaging substrate,1.0954580354365753,,0,REFINED_MATERIAL,Refined Material,1,Western
REFINED_MATERIAL_0232,Isar Advanced Materials - Leixlip,1,Europe,Process gas,3.1213127450328573,,0,REFINED_MATERIAL,Refined Material,1,Western
REFINED_MATERIAL_0233,Oxbow Materials - Wuxi,1,China,Packaging substrate,2.7711946784914114,,0,REFINED_MATERIAL,Refined Material,1,East Asia
REFINED_MATERIAL_0234,Vantor Chemical - Grenoble,1,Europe,PCB laminate,1.1206215003712212,,0,REFINED_MATERIAL,Refined Material,1,Western
REFINED_MATERIAL_0235,Elstow Chemical - Dalian,1,China,Process gas,2.761533895956392,,0,REFINED_MATERIAL,Refined Material,1,East Asia
REFINED_MATERIAL_0236,Quill Advanced Materials - Malta,1,North America,Process gas,0.7056586193140434,,0,REFINED_MATERIAL,Refined Material,1,Western
REFINED_MATERIAL_0237,Quarn Specialty - Shenzhen,1,China,Bonding wire,1.7500233872951256,,0,REFINED_MATERIAL,Refined Material,1,East Asia
REFINED_MATERIAL_0238,Quill Advanced Materials - Dresden,1,Europe,Silicon wafer,1.3944937941833904,,0,REFINED_MATERIAL,Refined Material,1,Western
REFINED_MATERIAL_0239,Jorel Chemical - Johannesburg,1,Rest of World,CMP slurry,1.378985789036782,,0,REFINED_MATERIAL,Refined Material,1,Unaligned
REFINED_MATERIAL_0240,Palter Advanced Materials - Hiroshima,1,Japan,Process gas,0.7811982392809224,,0,REFINED_MATERIAL,Refined Material,1,East Asia
REFINED_MATERIAL_0241,Trellis Specialty - Yokkaichi,1,Japan,Photoresist,2.3259660654073877,,0,REFINED_MATERIAL,Refined Material,1,East Asia
REFINED_MATERIAL_0242,Mervi Materials - Tianjin,1,China,Process gas,0.907371688927611,,0,REFINED_MATERIAL,Refined Material,1,East Asia
REFINED_MATERIAL_0243,Jorel Chemical - Gumi,1,Korea,CMP slurry,1.4701729612036627,,0,REFINED_MATERIAL,Refined Material,1,East Asia
REFINED_MATERIAL_0244,Ulvid Chemical - Guadalajara,1,North America,PCB laminate,0.4768233545403313,,0,REFINED_MATERIAL,Refined Material,1,Western
REFINED_MATERIAL_0245,Vantor Advanced Materials - Eindhoven,1,Europe,CMP slurry,1.0421334520437626,,0,REFINED_MATERIAL,Refined Material,1,Western
REFINED_MATERIAL_0246,Thorne Chemical - Nagano,1,Japan,PCB laminate,0.23954668662684847,,0,REFINED_MATERIAL,Refined Material,1,East Asia
REFINED_MATERIAL_0247,Xanthe Advanced Materials - Eindhoven,1,Europe,Process gas,1.0661495090532693,,0,REFINED_MATERIAL,Refined Material,1,Western
REFINED_MATERIAL_0248,Wexler Materials - Pyeongtaek,1,Korea,Bonding wire,1.0686696721799422,,0,REFINED_MATERIAL,Refined Material,1,East Asia
REFINED_MATERIAL_0249,Doran Advanced Materials - Bac Ninh,1,Southeast Asia,Process gas,2.3689834825680363,,0,REFINED_MATERIAL,Refined Material,1,East Asia
REFINED_MATERIAL_0250,Wend Chemical - Sanand,1,South Asia,Photoresist,2.608705299175933,,0,REFINED_MATERIAL,Refined Material,1,Unaligned
REFINED_MATERIAL_0251,Quill Specialty - Kaohsiung,1,Taiwan,Process gas,1.1261634280871633,,0,REFINED_MATERIAL,Refined Material,1,East Asia
REFINED_MATERIAL_0252,Mordant Specialty - Hsinchu,1,Taiwan,Bonding wire,1.8435235217439376,,0,REFINED_MATERIAL,Refined Material,1,East Asia
REFINED_MATERIAL_0253,Noral Materials - Chandler,1,North America,Silicon wafer,3.08427814731272,,0,REFINED_MATERIAL,Refined Material,1,Western
REFINED_MATERIAL_0254,Doran Materials - Hiroshima,1,Japan,Process gas,0.1484949156795565,,0,REFINED_MATERIAL,Refined Material,1,East Asia
REFINED_MATERIAL_0255,Cortex Materials - Leixlip,1,Europe,Packaging substrate,1.4491196656779266,,0,REFINED_MATERIAL,Refined Material,1,Western
REFINED_MATERIAL_0256,Prendel Advanced Materials - Tianjin,1,China,CMP slurry,0.313563625813003,,0,REFINED_MATERIAL,Refined Material,1,East Asia
REFINED_MATERIAL_0257,Yarrow Materials - Sendai,1,Japan,Process gas,0.7733431211268433,,0,REFINED_MATERIAL,Refined Material,1,East Asia
REFINED_MATERIAL_0258,Mordant Chemical - Grenoble,1,Europe,Silicon wafer,3.041931866286658,,0,REFINED_MATERIAL,Refined Material,1,Western
REFINED_MATERIAL_0259,Ember Materials - Shanghai,1,China,Packaging substrate,1.1024831081157853,,0,REFINED_MATERIAL,Refined Material,1,East Asia
REFINED_MATERIAL_0260,Ulvid Specialty - Kitakyushu,1,Japan,Process gas,0.1080271223058211,,0,REFINED_MATERIAL,Refined Material,1,East Asia
REFINED_MATERIAL_0261,Lumen Materials - Gumi,1,Korea,CMP slurry,0.7477948975765414,,0,REFINED_MATERIAL,Refined Material,1,East Asia
REFINED_MATERIAL_0262,Trellis Specialty - Pyeongtaek,1,Korea,Silicon wafer,2.635275979568294,,0,REFINED_MATERIAL,Refined Material,1,East Asia
REFINED_MATERIAL_0263,Orvid Advanced Materials - Kumamoto,1,Japan,PCB laminate,1.2257098450344575,,0,REFINED_MATERIAL,Refined Material,1,East Asia
REFINED_MATERIAL_0264,Alder Materials - Hiroshima,1,Japan,Bonding wire,2.0479604882644513,,0,REFINED_MATERIAL,Refined Material,1,East Asia
REFINED_MATERIAL_0265,Mordant Chemical - Sendai,1,Japan,Photoresist,1.2806407356997505,,0,REFINED_MATERIAL,Refined Material,1,East Asia
REFINED_MATERIAL_0266,Prendel Chemical - Hillsboro,1,North America,PCB laminate,0.9948338338519891,,0,REFINED_MATERIAL,Refined Material,1,Western
REFINED_MATERIAL_0267,Yarrow Advanced Materials - Guadalajara,1,North America,Packaging substrate,0.40577312374193014,,0,REFINED_MATERIAL,Refined Material,1,Western
REFINED_MATERIAL_0268,Ember Advanced Materials - Dalian,1,China,Silicon wafer,1.8886966679587527,,0,REFINED_MATERIAL,Refined Material,1,East Asia
REFINED_MATERIAL_0269,Quill Materials - Bengaluru,1,South Asia,Bonding wire,1.269007921317285,,0,REFINED_MATERIAL,Refined Material,1,Unaligned
REFINED_MATERIAL_0270,Holt Materials - Gumi,1,Korea,Silicon wafer,0.8762533660423626,,0,REFINED_MATERIAL,Refined Material,1,East Asia
REFINED_MATERIAL_0271,Ader Materials - Kumamoto,1,Japan,PCB laminate,0.7227106351402159,,0,REFINED_MATERIAL,Refined Material,1,East Asia
REFINED_MATERIAL_0272,Doran Chemical - Pyeongtaek,1,Korea,Packaging substrate,1.2451885053097371,,0,REFINED_MATERIAL,Refined Material,1,East Asia
REFINED_MATERIAL_0273,Faryn Chemical - Gumi 2,1,Korea,Packaging substrate,0.685743881898523,,0,REFINED_MATERIAL,Refined Material,1,East Asia
REFINED_MATERIAL_0274,Belan Specialty - Tainan,1,Taiwan,PCB laminate,2.255933935791482,,0,REFINED_MATERIAL,Refined Material,1,East Asia
REFINED_MATERIAL_0275,Yarrow Specialty - Bangkok,1,Southeast Asia,Process gas,0.5035763034478538,,0,REFINED_MATERIAL,Refined Material,1,East Asia
REFINED_MATERIAL_0276,Orvid Materials - Dresden,1,Europe,PCB laminate,0.2636349063321666,,0,REFINED_MATERIAL,Refined Material,1,Western
REFINED_MATERIAL_0277,Palter Chemical - Hiroshima 2,1,Japan,Bonding wire,0.6129381830097974,,0,REFINED_MATERIAL,Refined Material,1,East Asia
REFINED_MATERIAL_0278,Nevin Specialty - Eindhoven,1,Europe,CMP slurry,2.3617133618245827,,0,REFINED_MATERIAL,Refined Material,1,Western
REFINED_MATERIAL_0279,Ader Materials - Chengdu,1,China,Packaging substrate,0.33871283819232917,,0,REFINED_MATERIAL,Refined Material,1,East Asia
REFINED_MATERIAL_0280,Zephyr Specialty - Icheon,1,Korea,Photoresist,0.17557017584350776,,0,REFINED_MATERIAL,Refined Material,1,East Asia
REFINED_MATERIAL_0281,Renbeck Advanced Materials - Icheon,1,Korea,Packaging substrate,0.15602557311985782,,0,REFINED_MATERIAL,Refined Material,1,East Asia
REFINED_MATERIAL_0282,Ferrin Specialty - Sendai,1,Japan,Process gas,0.7810002339600172,,0,REFINED_MATERIAL,Refined Material,1,East Asia
REFINED_MATERIAL_0283,Lumen Specialty - Kaohsiung,1,Taiwan,PCB laminate,0.6544474185293105,,0,REFINED_MATERIAL,Refined Material,1,East Asia
REFINED_MATERIAL_0284,Ader Materials - Austin,1,North America,Photoresist,1.2954115634678647,,0,REFINED_MATERIAL,Refined Material,1,Western
REFINED_MATERIAL_0285,Nevin Specialty - Nagano,1,Japan,Packaging substrate,0.5205728860435043,,0,REFINED_MATERIAL,Refined Material,1,East Asia
REFINED_MATERIAL_0286,Thorne Advanced Materials - Bac Ninh,1,Southeast Asia,Process gas,1.1765104987128818,,0,REFINED_MATERIAL,Refined Material,1,East Asia
REFINED_MATERIAL_0287,Stade Advanced Materials - Sendai,1,Japan,Silicon wafer,1.8336554574471446,,0,REFINED_MATERIAL,Refined Material,1,East Asia
REFINED_MATERIAL_0288,Mervi Materials - Eindhoven,1,Europe,PCB laminate,4.07331774126122,,0,REFINED_MATERIAL,Refined Material,1,Western
REFINED_MATERIAL_0289,Dyne Chemical - Nagano,1,Japan,Process gas,0.29588617589252963,,0,REFINED_MATERIAL,Refined Material,1,East Asia
REFINED_MATERIAL_0290,Yarrow Advanced Materials - Hillsboro,1,North America,Silicon wafer,0.6356203053439261,,0,REFINED_MATERIAL,Refined Material,1,Western
REFINED_MATERIAL_0291,Dyne Materials - Bac Ninh,1,Southeast Asia,PCB laminate,2.2940708900377826,,0,REFINED_MATERIAL,Refined Material,1,East Asia
REFINED_MATERIAL_0292,Rivet Advanced Materials - Kitakyushu,1,Japan,Process gas,0.23438487887262896,,0,REFINED_MATERIAL,Refined Material,1,East Asia
REFINED_MATERIAL_0293,Xanthe Specialty - Hwaseong,1,Korea,PCB laminate,0.11614973876095334,,0,REFINED_MATERIAL,Refined Material,1,East Asia
REFINED_MATERIAL_0294,Korrin Chemical - Hiroshima,1,Japan,Bonding wire,3.4239954457120323,,0,REFINED_MATERIAL,Refined Material,1,East Asia
REFINED_MATERIAL_0295,Gethin Advanced Materials - Hiroshima,1,Japan,Process gas,0.26187558931578403,,0,REFINED_MATERIAL,Refined Material,1,East Asia
REFINED_MATERIAL_0296,Jorel Chemical - Kitakyushu,1,Japan,Packaging substrate,0.6804896785968552,,0,REFINED_MATERIAL,Refined Material,1,East Asia
REFINED_MATERIAL_0297,Ember Chemical - Sendai,1,Japan,Packaging substrate,0.13164605512225894,,0,REFINED_MATERIAL,Refined Material,1,East Asia
REFINED_MATERIAL_0298,Wexler Specialty - Taoyuan,1,Taiwan,Process gas,2.267293184012212,,0,REFINED_MATERIAL,Refined Material,1,East Asia
REFINED_MATERIAL_0299,Umber Chemical - Bengaluru,1,South Asia,Silicon wafer,1.9565730984766951,,0,REFINED_MATERIAL,Refined Material,1,Unaligned
REFINED_MATERIAL_0300,Vantor Advanced Materials - Shanghai,1,China,Packaging substrate,0.7529021879369198,,0,REFINED_MATERIAL,Refined Material,1,East Asia
REFINED_MATERIAL_0301,Orvid Chemical - Hiroshima,1,Japan,Silicon wafer,0.8548128496664633,,0,REFINED_MATERIAL,Refined Material,1,East Asia
REFINED_MATERIAL_0302,Yarrow Advanced Materials - Tianjin,1,China,Packaging substrate,0.975457862265891,,0,REFINED_MATERIAL,Refined Material,1,East Asia
REFINED_MATERIAL_0303,Calder Advanced Materials - Austin,1,North America,Photoresist,0.6543941549815615,,0,REFINED_MATERIAL,Refined Material,1,Western
REFINED_MATERIAL_0304,Cortex Chemical - Kumamoto,1,Japan,Process gas,0.303313624098112,,0,REFINED_MATERIAL,Refined Material,1,East Asia
REFINED_MATERIAL_0305,Ystad Advanced Materials - Grenoble,1,Europe,Packaging substrate,0.28103080134287517,,0,REFINED_MATERIAL,Refined Material,1,Western
REFINED_MATERIAL_0306,Korrin Advanced Materials - Singapore,1,Southeast Asia,Bonding wire,0.8808033360107446,,0,REFINED_MATERIAL,Refined Material,1,East Asia
REFINED_MATERIAL_0307,Lethe Specialty - Xi'an,1,China,Packaging substrate,1.0135367134040716,,0,REFINED_MATERIAL,Refined Material,1,East Asia
REFINED_MATERIAL_0308,Trellis Materials - Eindhoven,1,Europe,Silicon wafer,0.5766754319786395,,0,REFINED_MATERIAL,Refined Material,1,Western
REFINED_MATERIAL_0309,Halcy Specialty - Sendai,1,Japan,Packaging substrate,1.6630591743495822,,0,REFINED_MATERIAL,Refined Material,1,East Asia
REFINED_MATERIAL_0310,Stade Advanced Materials - Yokkaichi,1,Japan,Silicon wafer,0.577185474893657,,0,REFINED_MATERIAL,Refined Material,1,East Asia
REFINED_MATERIAL_0311,Ivex Specialty - Nagano,1,Japan,Silicon wafer,6.719775121331146,,0,REFINED_MATERIAL,Refined Material,1,East Asia
REFINED_MATERIAL_0312,Alder Advanced Materials - Kumamoto,1,Japan,PCB laminate,1.3703014570029008,,0,REFINED_MATERIAL,Refined Material,1,East Asia
REFINED_MATERIAL_0313,Dyne Advanced Materials - Pyeongtaek,1,Korea,Packaging substrate,1.4455503625631898,,0,REFINED_MATERIAL,Refined Material,1,East Asia
REFINED_MATERIAL_0314,Trellis Advanced Materials - Tianjin,1,China,Packaging substrate,0.8375257766428339,,0,REFINED_MATERIAL,Refined Material,1,East Asia
REFINED_MATERIAL_0315,Halcy Chemical - Antofagasta,1,Rest of World,Photoresist,0.7093897565871984,,0,REFINED_MATERIAL,Refined Material,1,Unaligned
REFINED_MATERIAL_0316,Doran Specialty - Bengaluru,1,South Asia,Bonding wire,0.7703336829143409,,0,REFINED_MATERIAL,Refined Material,1,Unaligned
REFINED_MATERIAL_0317,Ember Materials - Dalian,1,China,Silicon wafer,4.287647378752722,,0,REFINED_MATERIAL,Refined Material,1,East Asia
REFINED_MATERIAL_0318,Quarn Chemical - Ottawa,1,North America,PCB laminate,0.5363536652904654,,0,REFINED_MATERIAL,Refined Material,1,Western
REFINED_MATERIAL_0319,Dyne Chemical - Grenoble,1,Europe,CMP slurry,1.4742156319468627,,0,REFINED_MATERIAL,Refined Material,1,Western
REFINED_MATERIAL_0320,Jarn Specialty - Nagano,1,Japan,PCB laminate,3.5088644833656337,,0,REFINED_MATERIAL,Refined Material,1,East Asia
REFINED_MATERIAL_0321,Halcy Specialty - Kitakyushu,1,Japan,PCB laminate,1.0881724600776774,,0,REFINED_MATERIAL,Refined Material,1,East Asia
REFINED_MATERIAL_0322,Korrin Specialty - Hsinchu,1,Taiwan,PCB laminate,0.20384776915055303,,0,REFINED_MATERIAL,Refined Material,1,East Asia
REFINED_MATERIAL_0323,Quill Materials - Hillsboro,1,North America,Bonding wire,0.5273863281679838,,0,REFINED_MATERIAL,Refined Material,1,Western
REFINED_MATERIAL_0324,Ember Specialty - Shanghai,1,China,PCB laminate,0.6223043789406701,,0,REFINED_MATERIAL,Refined Material,1,East Asia
REFINED_MATERIAL_0325,Elstow Materials - Dresden,1,Europe,Packaging substrate,0.22135977204094268,,0,REFINED_MATERIAL,Refined Material,1,Western
REFINED_MATERIAL_0326,Thorne Chemical - Nagano 2,1,Japan,Packaging substrate,2.5324438869380033,,0,REFINED_MATERIAL,Refined Material,1,East Asia
REFINED_MATERIAL_0327,Ulvid Advanced Materials - Leixlip,1,Europe,Packaging substrate,0.6389247331100484,,0,REFINED_MATERIAL,Refined Material,1,Western
REFINED_MATERIAL_0328,Granth Specialty - Chengdu,1,China,PCB laminate,0.2271265612124718,,0,REFINED_MATERIAL,Refined Material,1,East Asia
REFINED_MATERIAL_0329,Quill Chemical - Grenoble,1,Europe,Packaging substrate,1.4082107133396577,,0,REFINED_MATERIAL,Refined Material,1,Western
REFINED_MATERIAL_0330,Alder Specialty - Bangkok,1,Southeast Asia,Packaging substrate,1.27821990500759,,0,REFINED_MATERIAL,Refined Material,1,East Asia
REFINED_MATERIAL_0331,Ferrin Advanced Materials - Tianjin,1,China,PCB laminate,1.042447182343976,,0,REFINED_MATERIAL,Refined Material,1,East Asia
REFINED_MATERIAL_0332,Renbeck Materials - Wuxi,1,China,Process gas,1.1131281021081856,,0,REFINED_MATERIAL,Refined Material,1,East Asia
REFINED_MATERIAL_0333,Rivet Materials - Kitakyushu,1,Japan,PCB laminate,1.1586832179650999,,0,REFINED_MATERIAL,Refined Material,1,East Asia
REFINED_MATERIAL_0334,Noral Specialty - Gumi,1,Korea,CMP slurry,0.849463922431383,,0,REFINED_MATERIAL,Refined Material,1,East Asia
REFINED_MATERIAL_0335,Elstow Advanced Materials - Tainan,1,Taiwan,PCB laminate,0.7342052305710366,,0,REFINED_MATERIAL,Refined Material,1,East Asia
REFINED_MATERIAL_0336,Korrin Materials - Yokkaichi,1,Japan,Process gas,1.1138674320989317,,0,REFINED_MATERIAL,Refined Material,1,East Asia
REFINED_MATERIAL_0337,Granth Chemical - Kitakyushu,1,Japan,Process gas,0.5264050043265672,,0,REFINED_MATERIAL,Refined Material,1,East Asia
REFINED_MATERIAL_0338,Prendel Chemical - Wuxi,1,China,Silicon wafer,1.2693689101614896,,0,REFINED_MATERIAL,Refined Material,1,East Asia
REFINED_MATERIAL_0339,Brant Chemical - Nagano,1,Japan,Process gas,0.6501475330989606,,0,REFINED_MATERIAL,Refined Material,1,East Asia
REFINED_MATERIAL_0340,Renbeck Advanced Materials - Taichung,1,Taiwan,PCB laminate,0.7703156742444023,,0,REFINED_MATERIAL,Refined Material,1,East Asia
REFINED_MATERIAL_0341,Ember Advanced Materials - Taichung,1,Taiwan,Silicon wafer,2.409894654868447,,0,REFINED_MATERIAL,Refined Material,1,East Asia
REFINED_MATERIAL_0342,Lethe Materials - Kumamoto,1,Japan,Silicon wafer,0.45117216877618044,,0,REFINED_MATERIAL,Refined Material,1,East Asia
REFINED_MATERIAL_0343,Doran Chemical - Guadalajara,1,North America,Bonding wire,1.2901647194754267,,0,REFINED_MATERIAL,Refined Material,1,Western
REFINED_MATERIAL_0344,Oxbow Materials - Shenzhen,1,China,PCB laminate,0.49121779341896343,,0,REFINED_MATERIAL,Refined Material,1,East Asia
REFINED_MATERIAL_0345,Dyne Materials - Kumamoto,1,Japan,PCB laminate,0.580729189646384,,0,REFINED_MATERIAL,Refined Material,1,East Asia
REFINED_MATERIAL_0346,Zephyr Chemical - Hiroshima,1,Japan,Bonding wire,0.7473952221417876,,0,REFINED_MATERIAL,Refined Material,1,East Asia
REFINED_MATERIAL_0347,Brant Specialty - Kitakyushu,1,Japan,Bonding wire,0.6065270204068363,,0,REFINED_MATERIAL,Refined Material,1,East Asia
REFINED_MATERIAL_0348,Ivex Specialty - Pyeongtaek,1,Korea,PCB laminate,1.048057661023464,,0,REFINED_MATERIAL,Refined Material,1,East Asia
REFINED_MATERIAL_0349,Yarrow Chemical - Eindhoven,1,Europe,Silicon wafer,0.5735575848220088,,0,REFINED_MATERIAL,Refined Material,1,Western
REFINED_MATERIAL_0350,Kestrel Materials - Nagano,1,Japan,PCB laminate,1.4523035120424774,,0,REFINED_MATERIAL,Refined Material,1,East Asia
REFINED_MATERIAL_0351,Brant Advanced Materials - Yokkaichi,1,Japan,Packaging substrate,1.6316119143482477,,0,REFINED_MATERIAL,Refined Material,1,East Asia
REFINED_MATERIAL_0352,Ystad Advanced Materials - Villach,1,Europe,PCB laminate,0.8313975608843032,,0,REFINED_MATERIAL,Refined Material,1,Western
REFINED_MATERIAL_0353,Granth Materials - Taichung,1,Taiwan,PCB laminate,0.5806668746817946,,0,REFINED_MATERIAL,Refined Material,1,East Asia
REFINED_MATERIAL_0354,Ferrin Specialty - Austin,1,North America,Silicon wafer,1.6488589734372,,0,REFINED_MATERIAL,Refined Material,1,Western
REFINED_MATERIAL_0355,Mordant Specialty - Chengdu,1,China,CMP slurry,0.3702152619380583,,0,REFINED_MATERIAL,Refined Material,1,East Asia
REFINED_MATERIAL_0356,Mervi Chemical - Singapore,1,Southeast Asia,PCB laminate,0.23852522375368881,,0,REFINED_MATERIAL,Refined Material,1,East Asia
REFINED_MATERIAL_0357,Korrin Materials - Wuxi,1,China,PCB laminate,1.1753689103675988,,0,REFINED_MATERIAL,Refined Material,1,East Asia
REFINED_MATERIAL_0358,Solvex Advanced Materials - Malta,1,North America,CMP slurry,0.42840524966265914,,0,REFINED_MATERIAL,Refined Material,1,Western
REFINED_MATERIAL_0359,Lumen Advanced Materials - Malta,1,North America,Process gas,1.5589025125098386,,0,REFINED_MATERIAL,Refined Material,1,Western
REFINED_MATERIAL_0360,Wexler Advanced Materials - Nagano,1,Japan,PCB laminate,0.7921448892165944,,0,REFINED_MATERIAL,Refined Material,1,East Asia
REFINED_MATERIAL_0361,Jarn Advanced Materials - Ottawa,1,North America,Silicon wafer,0.9122718626335096,,0,REFINED_MATERIAL,Refined Material,1,Western
REFINED_MATERIAL_0362,Mordant Advanced Materials - Hiroshima,1,Japan,PCB laminate,1.056921367957189,,0,REFINED_MATERIAL,Refined Material,1,East Asia
REFINED_MATERIAL_0363,Lethe Advanced Materials - Eindhoven,1,Europe,CMP slurry,0.26587291585625045,,0,REFINED_MATERIAL,Refined Material,1,Western
REFINED_MATERIAL_0364,Mordant Advanced Materials - Villach,1,Europe,Bonding wire,2.959038304447082,,0,REFINED_MATERIAL,Refined Material,1,Western
REFINED_MATERIAL_0365,Ulvid Materials - Pyeongtaek,1,Korea,Silicon wafer,0.19346092747173108,,0,REFINED_MATERIAL,Refined Material,1,East Asia
REFINED_MATERIAL_0366,Umber Specialty - Austin,1,North America,Packaging substrate,0.926460857247979,,0,REFINED_MATERIAL,Refined Material,1,Western
REFINED_MATERIAL_0367,Ember Materials - Kaohsiung,1,Taiwan,Packaging substrate,3.5696505732595973,,0,REFINED_MATERIAL,Refined Material,1,East Asia
REFINED_MATERIAL_0368,Oxbow Specialty - Hwaseong,1,Korea,Packaging substrate,1.3773925999175354,,0,REFINED_MATERIAL,Refined Material,1,East Asia
REFINED_MATERIAL_0369,Cortex Materials - Dalian,1,China,Packaging substrate,3.473579947008789,,0,REFINED_MATERIAL,Refined Material,1,East Asia
REFINED_MATERIAL_0370,Granth Chemical - Nagano,1,Japan,Packaging substrate,1.8913197084510989,,0,REFINED_MATERIAL,Refined Material,1,East Asia
REFINED_MATERIAL_0371,Quill Materials - Kitakyushu,1,Japan,PCB laminate,0.6267458805617289,,0,REFINED_MATERIAL,Refined Material,1,East Asia
REFINED_MATERIAL_0372,Thorne Materials - Chengdu,1,China,PCB laminate,0.8685236277897621,,0,REFINED_MATERIAL,Refined Material,1,East Asia
REFINED_MATERIAL_0373,Ulvid Materials - Singapore,1,Southeast Asia,Process gas,1.5045111891553098,,0,REFINED_MATERIAL,Refined Material,1,East Asia
REFINED_MATERIAL_0374,Palter Materials - Kolwezi,1,Rest of World,Silicon wafer,1.5382683886341892,,0,REFINED_MATERIAL,Refined Material,1,Unaligned
REFINED_MATERIAL_0375,Doran Chemical - Tianjin,1,China,Bonding wire,0.10466820587285103,,0,REFINED_MATERIAL,Refined Material,1,East Asia
REFINED_MATERIAL_0376,Prendel Materials - Xi'an,1,China,Silicon wafer,0.31105392988306907,,0,REFINED_MATERIAL,Refined Material,1,East Asia
REFINED_MATERIAL_0377,Ember Specialty - Xi'an,1,China,Packaging substrate,2.421087919982975,,0,REFINED_MATERIAL,Refined Material,1,East Asia
REFINED_MATERIAL_0378,Vantor Materials - Xi'an,1,China,PCB laminate,0.3549672980975099,,0,REFINED_MATERIAL,Refined Material,1,East Asia
REFINED_MATERIAL_0379,Palter Advanced Materials - Xi'an,1,China,Packaging substrate,0.9169101281704354,,0,REFINED_MATERIAL,Refined Material,1,East Asia
EQUIPMENT_0000,Orvid Technologies - Austin,2,North America,Deposition system,1.46323052829102,,0,EQUIPMENT,Equipment,2,Western
EQUIPMENT_0001,Belan Instruments - Grenoble,2,Europe,Deposition system,2.037595877573969,,0,EQUIPMENT,Equipment,2,Western
EQUIPMENT_0002,Granth Instruments - Crolles,2,Europe,Etch system,1.0416538030342644,,0,EQUIPMENT,Equipment,2,Western
EQUIPMENT_0003,Isar Technologies - Kumamoto,2,Japan,Metrology system,1.6376065924975913,,0,EQUIPMENT,Equipment,2,East Asia
EQUIPMENT_0004,Verity Precision - Kitakyushu,2,Japan,Etch system,0.5119593396972575,,0,EQUIPMENT,Equipment,2,East Asia
EQUIPMENT_0005,Vantor Instruments - Eindhoven,2,Europe,Etch system,4.651724120717899,,0,EQUIPMENT,Equipment,2,Western
EQUIPMENT_0006,Noral Systems - Nagano,2,Japan,Ion implantation system,2.7437012655475743,,0,EQUIPMENT,Equipment,2,East Asia
EQUIPMENT_0007,Ember Systems - Grenoble,2,Europe,Deposition system,1.2888616977886955,,0,EQUIPMENT,Equipment,2,Western
EQUIPMENT_0008,Mervi Systems - Ottawa,2,North America,Metrology system,2.462076726763493,,0,EQUIPMENT,Equipment,2,Western
EQUIPMENT_0009,Wexler Precision - Leixlip,2,Europe,Test handler,0.8677277329257242,,0,EQUIPMENT,Equipment,2,Western
EQUIPMENT_0010,Quarn Technologies - Nagano,2,Japan,Ion implantation system,0.961362154654229,,0,EQUIPMENT,Equipment,2,East Asia
EQUIPMENT_0011,Jorel Systems - Austin,2,North America,Test handler,1.4753483161895973,,0,EQUIPMENT,Equipment,2,Western
EQUIPMENT_0012,Calder Instruments - Shanghai,2,China,Ion implantation system,0.6043938073661708,,0,EQUIPMENT,Equipment,2,East Asia
EQUIPMENT_0013,Ember Instruments - Sendai,2,Japan,Etch system,1.9662984094845046,,0,EQUIPMENT,Equipment,2,East Asia
EQUIPMENT_0014,Ferrin Precision - Ottawa,2,North America,Metrology system,2.488420561031895,,0,EQUIPMENT,Equipment,2,Western
EQUIPMENT_0015,Kestrel Instruments - Dresden,2,Europe,Etch system,0.5558980020845046,,0,EQUIPMENT,Equipment,2,Western
EQUIPMENT_0016,Quill Instruments - Austin,2,North America,Metrology system,0.6155332372664682,,0,EQUIPMENT,Equipment,2,Western
EQUIPMENT_0017,Mordant Technologies - Batam,2,Southeast Asia,Test handler,1.0650798955473022,,0,EQUIPMENT,Equipment,2,East Asia
EQUIPMENT_0018,Palter Instruments - Leixlip,2,Europe,Deposition system,0.5110098576738596,,0,EQUIPMENT,Equipment,2,Western
EQUIPMENT_0019,Wend Systems - Chandler,2,North America,Test handler,1.3942282254001124,,0,EQUIPMENT,Equipment,2,Western
EQUIPMENT_0020,Belan Precision - Austin,2,North America,Etch system,3.6650166539990314,,0,EQUIPMENT,Equipment,2,Western
EQUIPMENT_0021,Alder Systems - Guadalajara,2,North America,Test handler,0.3224301128040291,,0,EQUIPMENT,Equipment,2,Western
EQUIPMENT_0022,Jarn Systems - Ottawa,2,North America,Test handler,1.3265761844557005,,0,EQUIPMENT,Equipment,2,Western
EQUIPMENT_0023,Dyne Systems - Leixlip,2,Europe,Lithography system,0.6625845979763536,,0,EQUIPMENT,Equipment,2,Western
EQUIPMENT_0024,Quarn Technologies - Hiroshima,2,Japan,Deposition system,0.4265758964183484,,0,EQUIPMENT,Equipment,2,East Asia
EQUIPMENT_0025,Oxbow Systems - Hiroshima,2,Japan,Ion implantation system,0.7028219161537769,,0,EQUIPMENT,Equipment,2,East Asia
EQUIPMENT_0026,Jorel Systems - Crolles,2,Europe,Test handler,0.8971964358950177,,0,EQUIPMENT,Equipment,2,Western
EQUIPMENT_0027,Isar Instruments - Kitakyushu,2,Japan,Deposition system,1.1424860368209582,,0,EQUIPMENT,Equipment,2,East Asia
EQUIPMENT_0028,Renbeck Instruments - Ottawa,2,North America,Metrology system,0.44442679138509694,,0,EQUIPMENT,Equipment,2,Western
EQUIPMENT_0029,Ivex Systems - Kumamoto,2,Japan,Ion implantation system,0.8337357866349756,,0,EQUIPMENT,Equipment,2,East Asia
EQUIPMENT_0030,Elstow Technologies - Dalian,2,China,Deposition system,5.356877876609611,,0,EQUIPMENT,Equipment,2,East Asia
EQUIPMENT_0031,Nevin Systems - Crolles,2,Europe,Test handler,3.4323573981700117,,0,EQUIPMENT,Equipment,2,Western
EQUIPMENT_0032,Orvid Instruments - Villach,2,Europe,Deposition system,0.5470344868356807,,0,EQUIPMENT,Equipment,2,Western
EQUIPMENT_0033,Calder Precision - Taoyuan,2,Taiwan,Metrology system,0.26424096063253333,,0,EQUIPMENT,Equipment,2,East Asia
EQUIPMENT_0034,Ader Systems - Icheon,2,Korea,Metrology system,0.8959156994245436,,0,EQUIPMENT,Equipment,2,East Asia
EQUIPMENT_0035,Renbeck Technologies - Dresden,2,Europe,Deposition system,0.26202103576280683,,0,EQUIPMENT,Equipment,2,Western
EQUIPMENT_0036,Vantor Systems - Hillsboro,2,North America,Deposition system,0.5644508108920847,,0,EQUIPMENT,Equipment,2,Western
EQUIPMENT_0037,Xanthe Technologies - Kumamoto,2,Japan,Test handler,0.5039087485307264,,0,EQUIPMENT,Equipment,2,East Asia
EQUIPMENT_0038,Elstow Instruments - Leixlip,2,Europe,Test handler,1.2295218485184645,,0,EQUIPMENT,Equipment,2,Western
EQUIPMENT_0039,Lumen Instruments - Leixlip,2,Europe,Etch system,0.38111206125118946,,0,EQUIPMENT,Equipment,2,Western
EQUIPMENT_0040,Korrin Precision - Ottawa,2,North America,Test handler,1.1676925086088425,,0,EQUIPMENT,Equipment,2,Western
EQUIPMENT_0041,Quill Technologies - Taoyuan,2,Taiwan,Etch system,0.34900186328100136,,0,EQUIPMENT,Equipment,2,East Asia
EQUIPMENT_0042,Gethin Systems - Kumamoto,2,Japan,Deposition system,1.0276334518508323,,0,EQUIPMENT,Equipment,2,East Asia
EQUIPMENT_0043,Holt Technologies - Wuxi,2,China,Etch system,1.3317302303448069,,0,EQUIPMENT,Equipment,2,East Asia
EQUIPMENT_0044,Ader Instruments - Kumamoto,2,Japan,Deposition system,2.0257148112425796,,0,EQUIPMENT,Equipment,2,East Asia
EQUIPMENT_0045,Solvex Precision - Hiroshima,2,Japan,Metrology system,0.40849899009242346,,0,EQUIPMENT,Equipment,2,East Asia
EQUIPMENT_0046,Ferrin Precision - Hiroshima,2,Japan,Test handler,0.2690755642900529,,0,EQUIPMENT,Equipment,2,East Asia
EQUIPMENT_0047,Mervi Precision - Sendai,2,Japan,Lithography system,0.3505715507421792,,0,EQUIPMENT,Equipment,2,East Asia
EQUIPMENT_0048,Jorel Precision - Nagano,2,Japan,Deposition system,0.7294241159265809,,0,EQUIPMENT,Equipment,2,East Asia
EQUIPMENT_0049,Ivex Instruments - Nagano,2,Japan,Deposition system,0.7516942000315853,,0,EQUIPMENT,Equipment,2,East Asia
EQUIPMENT_0050,Zephyr Technologies - Eindhoven,2,Europe,Test handler,0.6184642065429379,,0,EQUIPMENT,Equipment,2,Western
EQUIPMENT_0051,Zephyr Precision - Leixlip,2,Europe,Ion implantation system,3.817487720521772,,0,EQUIPMENT,Equipment,2,Western
EQUIPMENT_0052,Xanthe Systems - Grenoble,2,Europe,Ion implantation system,0.5960268613967871,,0,EQUIPMENT,Equipment,2,Western
EQUIPMENT_0053,Lethe Precision - Grenoble,2,Europe,Metrology system,2.5594954068887588,,0,EQUIPMENT,Equipment,2,Western
EQUIPMENT_0054,Yarrow Systems - Malta,2,North America,Deposition system,1.952207372931622,,0,EQUIPMENT,Equipment,2,Western
EQUIPMENT_0055,Korrin Systems - Hillsboro,2,North America,Test handler,3.3611596372603274,,0,EQUIPMENT,Equipment,2,Western
EQUIPMENT_0056,Ivex Systems - Ottawa,2,North America,Etch system,0.7647238155346021,,0,EQUIPMENT,Equipment,2,Western
EQUIPMENT_0057,Holt Systems - Hiroshima,2,Japan,Test handler,2.8968251234086804,,0,EQUIPMENT,Equipment,2,East Asia
EQUIPMENT_0058,Faryn Instruments - Malta,2,North America,Test handler,0.29572444245382895,,0,EQUIPMENT,Equipment,2,Western
EQUIPMENT_0059,Thorne Systems - Nagano,2,Japan,Deposition system,5.299007239811815,,0,EQUIPMENT,Equipment,2,East Asia
EQUIPMENT_0060,Thorne Systems - Taichung,2,Taiwan,Metrology system,3.293591271610908,,0,EQUIPMENT,Equipment,2,East Asia
EQUIPMENT_0061,Korrin Instruments - Leixlip,2,Europe,Etch system,0.5981530022373096,,0,EQUIPMENT,Equipment,2,Western
EQUIPMENT_0062,Belan Technologies - Dresden,2,Europe,Ion implantation system,0.6223586512873313,,0,EQUIPMENT,Equipment,2,Western
EQUIPMENT_0063,Umber Systems - Crolles,2,Europe,Deposition system,0.6425412388701751,,0,EQUIPMENT,Equipment,2,Western
EQUIPMENT_0064,Umber Instruments - Penang,2,Southeast Asia,Ion implantation system,2.3108861670025247,,0,EQUIPMENT,Equipment,2,East Asia
EQUIPMENT_0065,Rivet Precision - Hiroshima,2,Japan,Deposition system,4.141024022404481,,0,EQUIPMENT,Equipment,2,East Asia
EQUIPMENT_0066,Ferrin Technologies - Hillsboro,2,North America,Etch system,0.24478305961450803,,0,EQUIPMENT,Equipment,2,Western
EQUIPMENT_0067,Belan Instruments - Eindhoven,2,Europe,Metrology system,0.6825786604823972,,0,EQUIPMENT,Equipment,2,Western
EQUIPMENT_0068,Holt Precision - Austin,2,North America,Test handler,0.7670067339035446,,0,EQUIPMENT,Equipment,2,Western
EQUIPMENT_0069,Cortex Systems - Hsinchu,2,Taiwan,Etch system,0.9591954420184984,,0,EQUIPMENT,Equipment,2,East Asia
EQUIPMENT_0070,Jorel Instruments - Malta,2,North America,Deposition system,1.6730228691441469,,0,EQUIPMENT,Equipment,2,Western
EQUIPMENT_0071,Quill Technologies - Gumi,2,Korea,Ion implantation system,1.0463766007726927,,0,EQUIPMENT,Equipment,2,East Asia
EQUIPMENT_0072,Cortex Instruments - Yokkaichi,2,Japan,Etch system,0.6600746016601001,,0,EQUIPMENT,Equipment,2,East Asia
EQUIPMENT_0073,Thorne Systems - Malta,2,North America,Deposition system,0.7698209848404699,,0,EQUIPMENT,Equipment,2,Western
EQUIPMENT_0074,Stade Systems - Chengdu,2,China,Metrology system,0.29718284978955684,,0,EQUIPMENT,Equipment,2,East Asia
EQUIPMENT_0075,Nevin Systems - Austin,2,North America,Test handler,1.819532539218394,,0,EQUIPMENT,Equipment,2,Western
EQUIPMENT_0076,Alder Technologies - Austin,2,North America,Deposition system,0.7081062733108714,,0,EQUIPMENT,Equipment,2,Western
EQUIPMENT_0077,Rivet Precision - Hiroshima 2,2,Japan,Metrology system,0.1990415693228379,,0,EQUIPMENT,Equipment,2,East Asia
EQUIPMENT_0078,Trellis Precision - Malta,2,North America,Test handler,1.8758890510336688,,0,EQUIPMENT,Equipment,2,Western
EQUIPMENT_0079,Kestrel Instruments - Shenzhen,2,China,Test handler,0.3217261468565439,,0,EQUIPMENT,Equipment,2,East Asia
EQUIPMENT_0080,Cortex Systems - Grenoble,2,Europe,Test handler,1.5145204856394152,,0,EQUIPMENT,Equipment,2,Western
EQUIPMENT_0081,Prendel Instruments - Cheongju,2,Korea,Test handler,0.4931738498626497,,0,EQUIPMENT,Equipment,2,East Asia
EQUIPMENT_0082,Prendel Instruments - Chandler,2,North America,Lithography system,0.9668444935686067,,0,EQUIPMENT,Equipment,2,Western
EQUIPMENT_0083,Ader Technologies - Malta,2,North America,Deposition system,0.7992045387136214,,0,EQUIPMENT,Equipment,2,Western
EQUIPMENT_0084,Vantor Technologies - Chandler,2,North America,Deposition system,0.24948468619852784,,0,EQUIPMENT,Equipment,2,Western
EQUIPMENT_0085,Elstow Instruments - Kitakyushu,2,Japan,Deposition system,3.3324944760080166,,0,EQUIPMENT,Equipment,2,East Asia
EQUIPMENT_0086,Dyne Technologies - Malta,2,North America,Deposition system,0.819877138655619,,0,EQUIPMENT,Equipment,2,Western
EQUIPMENT_0087,Oxbow Technologies - Chandler,2,North America,Deposition system,1.9620437201703707,,0,EQUIPMENT,Equipment,2,Western
EQUIPMENT_0088,Granth Systems - Nagano,2,Japan,Etch system,0.4940780167573806,,0,EQUIPMENT,Equipment,2,East Asia
EQUIPMENT_0089,Brant Systems - Ottawa,2,North America,Metrology system,0.20335805212159283,,0,EQUIPMENT,Equipment,2,Western
EQUIPMENT_0090,Quill Precision - Dresden,2,Europe,Metrology system,1.2420037930390964,,0,EQUIPMENT,Equipment,2,Western
EQUIPMENT_0091,Rivet Technologies - Austin,2,North America,Ion implantation system,1.0682191677815436,,0,EQUIPMENT,Equipment,2,Western
EQUIPMENT_0092,Gethin Systems - Kumamoto 2,2,Japan,Test handler,1.0239999088860907,,0,EQUIPMENT,Equipment,2,East Asia
EQUIPMENT_0093,Elstow Instruments - Chandler,2,North America,Test handler,0.6387620532635413,,0,EQUIPMENT,Equipment,2,Western
EQUIPMENT_0094,Ader Precision - Ottawa,2,North America,Metrology system,0.18502879868223956,,0,EQUIPMENT,Equipment,2,Western
EQUIPMENT_0095,Lumen Systems - Crolles,2,Europe,Test handler,2.887269894823523,,0,EQUIPMENT,Equipment,2,Western
EQUIPMENT_0096,Kestrel Instruments - Chandler,2,North America,Deposition system,0.5661429010850814,,0,EQUIPMENT,Equipment,2,Western
EQUIPMENT_0097,Orvid Systems - Taoyuan,2,Taiwan,Etch system,0.4826291088183275,,0,EQUIPMENT,Equipment,2,East Asia
EQUIPMENT_0098,Lumen Systems - Nagano,2,Japan,Metrology system,1.4992801814840921,,0,EQUIPMENT,Equipment,2,East Asia
EQUIPMENT_0099,Ulvid Instruments - Crolles,2,Europe,Deposition system,1.4493830153678149,,0,EQUIPMENT,Equipment,2,Western
EQUIPMENT_0100,Verity Precision - Guadalajara,2,North America,Deposition system,1.6008867106784814,,0,EQUIPMENT,Equipment,2,Western
EQUIPMENT_0101,Jorel Systems - Hiroshima,2,Japan,Etch system,0.8213840581404634,,0,EQUIPMENT,Equipment,2,East Asia
EQUIPMENT_0102,Belan Instruments - Crolles,2,Europe,Test handler,1.5295592887012406,,0,EQUIPMENT,Equipment,2,Western
EQUIPMENT_0103,Thorne Technologies - Dresden,2,Europe,Etch system,0.9284882388500554,,0,EQUIPMENT,Equipment,2,Western
EQUIPMENT_0104,Korrin Instruments - Hillsboro,2,North America,Ion implantation system,0.5658315524493207,,0,EQUIPMENT,Equipment,2,Western
EQUIPMENT_0105,Solvex Technologies - Pyeongtaek,2,Korea,Metrology system,3.2172125563511615,,0,EQUIPMENT,Equipment,2,East Asia
EQUIPMENT_0106,Gethin Precision - Austin,2,North America,Etch system,2.3299577668698306,,0,EQUIPMENT,Equipment,2,Western
EQUIPMENT_0107,Holt Systems - Eindhoven,2,Europe,Metrology system,1.2214523112877262,,0,EQUIPMENT,Equipment,2,Western
EQUIPMENT_0108,Prendel Instruments - Xi'an,2,China,Test handler,1.0695765790110154,,0,EQUIPMENT,Equipment,2,East Asia
EQUIPMENT_0109,Palter Instruments - Crolles,2,Europe,Deposition system,0.30815784004183666,,0,EQUIPMENT,Equipment,2,Western
EQUIPMENT_0110,Alder Precision - Nagano,2,Japan,Etch system,1.747826873527722,,0,EQUIPMENT,Equipment,2,East Asia
EQUIPMENT_0111,Mervi Systems - Ottawa 2,2,North America,Deposition system,0.2308408896204563,,0,EQUIPMENT,Equipment,2,Western
EQUIPMENT_0112,Xanthe Precision - Kitakyushu,2,Japan,Deposition system,1.0696921178283203,,0,EQUIPMENT,Equipment,2,East Asia
EQUIPMENT_0113,Wend Systems - Grenoble,2,Europe,Etch system,0.7593987867805854,,0,EQUIPMENT,Equipment,2,Western
EQUIPMENT_0114,Granth Instruments - Shanghai,2,China,Deposition system,0.2755468694593869,,0,EQUIPMENT,Equipment,2,East Asia
EQUIPMENT_0115,Korrin Systems - Malta,2,North America,Ion implantation system,1.7926349510231598,,0,EQUIPMENT,Equipment,2,Western
EQUIPMENT_0116,Orvid Precision - Kumamoto,2,Japan,Deposition system,4.557320879339801,,0,EQUIPMENT,Equipment,2,East Asia
EQUIPMENT_0117,Stade Precision - Austin,2,North America,Test handler,0.23414706373377495,,0,EQUIPMENT,Equipment,2,Western
EQUIPMENT_0118,Vantor Systems - Shenzhen,2,China,Lithography system,2.963952256382519,,0,EQUIPMENT,Equipment,2,East Asia
EQUIPMENT_0119,Palter Instruments - Chandler,2,North America,Test handler,0.5605963434157459,,0,EQUIPMENT,Equipment,2,Western
EQUIPMENT_0120,Mervi Technologies - Sendai,2,Japan,Ion implantation system,1.7005367790118613,,0,EQUIPMENT,Equipment,2,East Asia
EQUIPMENT_0121,Yarrow Technologies - Hillsboro,2,North America,Lithography system,0.3077043228417639,,0,EQUIPMENT,Equipment,2,Western
EQUIPMENT_0122,Korrin Precision - Crolles,2,Europe,Deposition system,0.2926074357510041,,0,EQUIPMENT,Equipment,2,Western
EQUIPMENT_0123,Jarn Technologies - Ottawa,2,North America,Deposition system,0.6705546711791209,,0,EQUIPMENT,Equipment,2,Western
EQUIPMENT_0124,Mordant Technologies - Eindhoven,2,Europe,Ion implantation system,0.447418555056599,,0,EQUIPMENT,Equipment,2,Western
EQUIPMENT_0125,Lumen Precision - Hiroshima,2,Japan,Ion implantation system,1.6404548224225517,,0,EQUIPMENT,Equipment,2,East Asia
EQUIPMENT_0126,Brant Instruments - Tainan,2,Taiwan,Test handler,0.6893416062788513,,0,EQUIPMENT,Equipment,2,East Asia
EQUIPMENT_0127,Oxbow Instruments - Nagano,2,Japan,Test handler,2.4496622270403967,,0,EQUIPMENT,Equipment,2,East Asia
EQUIPMENT_0128,Nevin Systems - Chandler,2,North America,Etch system,1.100406917255834,,0,EQUIPMENT,Equipment,2,Western
EQUIPMENT_0129,Gethin Technologies - Wuxi,2,China,Ion implantation system,0.1854676658282188,,0,EQUIPMENT,Equipment,2,East Asia
EQUIPMENT_0130,Ulvid Instruments - Nagano,2,Japan,Metrology system,0.4341183576390129,,0,EQUIPMENT,Equipment,2,East Asia
EQUIPMENT_0131,Solvex Precision - Austin,2,North America,Lithography system,0.51252859090475,,0,EQUIPMENT,Equipment,2,Western
EQUIPMENT_0132,Wend Technologies - Hwaseong,2,Korea,Deposition system,0.6419230022572303,,0,EQUIPMENT,Equipment,2,East Asia
EQUIPMENT_0133,Jarn Systems - Hillsboro,2,North America,Ion implantation system,1.331657187682301,,0,EQUIPMENT,Equipment,2,Western
EQUIPMENT_0134,Halcy Systems - Leixlip,2,Europe,Metrology system,1.7520471299769456,,0,EQUIPMENT,Equipment,2,Western
EQUIPMENT_0135,Vantor Systems - Austin,2,North America,Test handler,0.3536193713692738,,0,EQUIPMENT,Equipment,2,Western
EQUIPMENT_0136,Trellis Instruments - Crolles,2,Europe,Etch system,3.2758710057066036,,0,EQUIPMENT,Equipment,2,Western
EQUIPMENT_0137,Kestrel Technologies - Yokkaichi,2,Japan,Test handler,6.831426367597933,,0,EQUIPMENT,Equipment,2,East Asia
EQUIPMENT_0138,Lethe Precision - Yokkaichi,2,Japan,Test handler,2.2375780290730924,,0,EQUIPMENT,Equipment,2,East Asia
EQUIPMENT_0139,Thorne Precision - Icheon,2,Korea,Metrology system,0.8305345339854971,,0,EQUIPMENT,Equipment,2,East Asia
FAB_0000,Halcy Foundry - Villach,3,Europe,Power die,2.3068665642188573,,0,FAB,Fab,3,Western
FAB_0001,Yarrow Semiconductor - Taoyuan,3,Taiwan,Logic die,0.5041837363151699,,0,FAB,Fab,3,East Asia
FAB_0002,Mordant Foundry - Hsinchu,3,Taiwan,Power die,1.1527391618692389,,0,FAB,Fab,3,East Asia
FAB_0003,Korrin Microelectronics - Taoyuan,3,Taiwan,Power die,2.402565197004636,,0,FAB,Fab,3,East Asia
FAB_0004,Halcy Microelectronics - Hsinchu,3,Taiwan,Power die,0.42110360804890534,,0,FAB,Fab,3,East Asia
FAB_0005,Nevin Wafer Works - Hsinchu,3,Taiwan,Analog die,1.4275028008261987,,0,FAB,Fab,3,East Asia
FAB_0006,Renbeck Foundry - Guadalajara,3,North America,Memory die,0.5766339417254529,,0,FAB,Fab,3,Western
FAB_0007,Doran Wafer Works - Taoyuan,3,Taiwan,RF die,5.173599301442401,,0,FAB,Fab,3,East Asia
FAB_0008,Stade Semiconductor - Icheon,3,Korea,RF die,0.6212226306645043,,0,FAB,Fab,3,East Asia
FAB_0009,Palter Wafer Works - Taichung,3,Taiwan,Power die,0.1759025584113831,,0,FAB,Fab,3,East Asia
FAB_0010,Isar Foundry - Taoyuan,3,Taiwan,Analog die,1.3302634825026232,,0,FAB,Fab,3,East Asia
FAB_0011,Ferrin Semiconductor - Gumi,3,Korea,Memory die,8.687644201261344,,0,FAB,Fab,3,East Asia
FAB_0012,Alder Foundry - Xi'an,3,China,RF die,2.4669099417261493,,0,FAB,Fab,3,East Asia
FAB_0013,Halcy Foundry - Tainan,3,Taiwan,Power die,0.5020768272858221,,0,FAB,Fab,3,East Asia
FAB_0014,Cortex Semiconductor - Tianjin,3,China,Memory die,1.001156337355532,,0,FAB,Fab,3,East Asia
FAB_0015,Elstow Wafer Works - Wuxi,3,China,MEMS die,0.8937736561600605,,0,FAB,Fab,3,East Asia
FAB_0016,Doran Microelectronics - Shanghai,3,China,Power die,0.9042514000828592,,0,FAB,Fab,3,East Asia
FAB_0017,Ember Semiconductor - Guadalajara,3,North America,Logic die,0.41268230565150343,,0,FAB,Fab,3,Western
FAB_0018,Holt Semiconductor - Taoyuan,3,Taiwan,MEMS die,2.2205616457251964,,0,FAB,Fab,3,East Asia
FAB_0019,Jorel Wafer Works - Taichung,3,Taiwan,Logic die,0.1364610316450089,,0,FAB,Fab,3,East Asia
FAB_0020,Trellis Semiconductor - Taichung,3,Taiwan,RF die,3.7502260031609445,,0,FAB,Fab,3,East Asia
FAB_0021,Belan Semiconductor - Xi'an,3,China,MEMS die,0.8222561545098248,,0,FAB,Fab,3,East Asia
FAB_0022,Vantor Semiconductor - Gumi,3,Korea,Power die,2.02195531726255,,0,FAB,Fab,3,East Asia
FAB_0023,Xanthe Wafer Works - Kitakyushu,3,Japan,Logic die,0.5480916202139365,,0,FAB,Fab,3,East Asia
FAB_0024,Cortex Foundry - Yokkaichi,3,Japan,Memory die,4.560597907808697,,0,FAB,Fab,3,East Asia
FAB_0025,Brant Semiconductor - Tainan,3,Taiwan,Power die,0.3092981722357991,,0,FAB,Fab,3,East Asia
FAB_0026,Quarn Semiconductor - Icheon,3,Korea,Analog die,1.1927219549194792,,0,FAB,Fab,3,East Asia
FAB_0027,Lumen Foundry - Hsinchu,3,Taiwan,Memory die,1.3541630211114484,,0,FAB,Fab,3,East Asia
FAB_0028,Mervi Microelectronics - Taoyuan,3,Taiwan,Power die,1.8326879046939615,,0,FAB,Fab,3,East Asia
FAB_0029,Nevin Microelectronics - Taoyuan,3,Taiwan,Logic die,1.0637869547736178,,0,FAB,Fab,3,East Asia
FAB_0030,Solvex Semiconductor - Icheon,3,Korea,MEMS die,2.9299330183410324,,0,FAB,Fab,3,East Asia
FAB_0031,Isar Semiconductor - Pyeongtaek,3,Korea,Logic die,0.24066122222481393,,0,FAB,Fab,3,East Asia
FAB_0032,Nevin Wafer Works - Hiroshima,3,Japan,Memory die,1.9264594695538524,,0,FAB,Fab,3,East Asia
FAB_0033,Belan Wafer Works - Hsinchu,3,Taiwan,Analog die,0.9754034780765554,,0,FAB,Fab,3,East Asia
FAB_0034,Isar Wafer Works - Hillsboro,3,North America,Memory die,6.084838806521091,,0,FAB,Fab,3,Western
FAB_0035,Granth Semiconductor - Pyeongtaek,3,Korea,Analog die,1.8199638347791998,,0,FAB,Fab,3,East Asia
FAB_0036,Vantor Wafer Works - Taichung,3,Taiwan,Analog die,2.9882172765059565,,0,FAB,Fab,3,East Asia
FAB_0037,Oxbow Wafer Works - Hillsboro,3,North America,Logic die,0.32124123173735636,,0,FAB,Fab,3,Western
FAB_0038,Jarn Semiconductor - Chengdu,3,China,Logic die,1.284560635673287,,0,FAB,Fab,3,East Asia
FAB_0039,Jarn Semiconductor - Taichung,3,Taiwan,Memory die,1.1704449442733473,,0,FAB,Fab,3,East Asia
FAB_0040,Vantor Foundry - Hwaseong,3,Korea,MEMS die,2.8618101429165357,,0,FAB,Fab,3,East Asia
FAB_0041,Doran Foundry - Cheongju,3,Korea,Analog die,0.4037344818189206,,0,FAB,Fab,3,East Asia
FAB_0042,Ystad Semiconductor - Gumi,3,Korea,Analog die,1.1666298434559415,,0,FAB,Fab,3,East Asia
FAB_0043,Wend Wafer Works - Dalian,3,China,Memory die,0.2087887582165787,,0,FAB,Fab,3,East Asia
FAB_0044,Isar Microelectronics - Kaohsiung,3,Taiwan,Analog die,1.3165246313090313,,0,FAB,Fab,3,East Asia
FAB_0045,Elstow Wafer Works - Gumi,3,Korea,Logic die,0.31707499205098233,,0,FAB,Fab,3,East Asia
FAB_0046,Umber Wafer Works - Dresden,3,Europe,Logic die,0.3954751723992256,,0,FAB,Fab,3,Western
FAB_0047,Renbeck Wafer Works - Grenoble,3,Europe,Analog die,1.2457153292892014,,0,FAB,Fab,3,Western
FAB_0048,Mordant Foundry - Hsinchu 2,3,Taiwan,Memory die,0.8218062117962862,,0,FAB,Fab,3,East Asia
FAB_0049,Holt Microelectronics - Ottawa,3,North America,Analog die,0.9247484294966926,,0,FAB,Fab,3,Western
FAB_0050,Lumen Wafer Works - Shanghai,3,China,Logic die,1.1755884675843034,,0,FAB,Fab,3,East Asia
FAB_0051,Lumen Foundry - Nagano,3,Japan,Analog die,0.2542814373409286,,0,FAB,Fab,3,East Asia
FAB_0052,Kestrel Microelectronics - Xi'an,3,China,Analog die,0.40075834762547197,,0,FAB,Fab,3,East Asia
FAB_0053,Verity Wafer Works - Hsinchu,3,Taiwan,RF die,0.6129727167265917,,0,FAB,Fab,3,East Asia
FAB_0054,Jorel Semiconductor - Pyeongtaek,3,Korea,Memory die,1.2231445259973917,,0,FAB,Fab,3,East Asia
FAB_0055,Alder Wafer Works - Taoyuan,3,Taiwan,RF die,0.29745862671657447,,0,FAB,Fab,3,East Asia
FAB_0056,Calder Microelectronics - Dalian,3,China,RF die,0.6501570909204117,,0,FAB,Fab,3,East Asia
FAB_0057,Umber Semiconductor - Kaohsiung,3,Taiwan,Analog die,0.988681149592622,,0,FAB,Fab,3,East Asia
FAB_0058,Solvex Foundry - Austin,3,North America,RF die,1.0324984425371089,,0,FAB,Fab,3,Western
FAB_0059,Ivex Wafer Works - Nagano,3,Japan,Power die,2.0346865795222513,,0,FAB,Fab,3,East Asia
FAB_0060,Thorne Microelectronics - Hiroshima,3,Japan,Logic die,0.8011172113675301,,0,FAB,Fab,3,East Asia
FAB_0061,Kestrel Foundry - Tianjin,3,China,Memory die,1.9792801814242709,,0,FAB,Fab,3,East Asia
FAB_0062,Quill Foundry - Hsinchu,3,Taiwan,Memory die,1.2879599699593978,,0,FAB,Fab,3,East Asia
FAB_0063,Wend Microelectronics - Tainan,3,Taiwan,Analog die,0.6234918715655262,,0,FAB,Fab,3,East Asia
FAB_0064,Isar Semiconductor - Kaohsiung,3,Taiwan,Logic die,2.4201708976246166,,0,FAB,Fab,3,East Asia
FAB_0065,Dyne Microelectronics - Xi'an,3,China,Memory die,0.6321607073111768,,0,FAB,Fab,3,East Asia
FAB_0066,Noral Semiconductor - Ottawa,3,North America,Power die,1.6681536416396294,,0,FAB,Fab,3,Western
FAB_0067,Halcy Foundry - Guadalajara,3,North America,Power die,0.22490742553884546,,0,FAB,Fab,3,Western
FAB_0068,Faryn Microelectronics - Shenzhen,3,China,Memory die,0.23699796885726254,,0,FAB,Fab,3,East Asia
FAB_0069,Mordant Microelectronics - Hsinchu,3,Taiwan,Logic die,2.069407619025389,,0,FAB,Fab,3,East Asia
FAB_0070,Ivex Semiconductor - Austin,3,North America,Logic die,2.2765897609285854,,0,FAB,Fab,3,Western
FAB_0071,Noral Foundry - Leixlip,3,Europe,Analog die,3.567044387727898,,0,FAB,Fab,3,Western
FAB_0072,Lumen Foundry - Tainan,3,Taiwan,Memory die,2.077442772701954,,0,FAB,Fab,3,East Asia
FAB_0073,Alder Semiconductor - Tainan,3,Taiwan,Logic die,0.2812863738857675,,0,FAB,Fab,3,East Asia
FAB_0074,Korrin Semiconductor - Kaohsiung,3,Taiwan,Power die,2.39264465667268,,0,FAB,Fab,3,East Asia
FAB_0075,Kestrel Foundry - Icheon,3,Korea,Logic die,2.2992764578328404,,0,FAB,Fab,3,East Asia
FAB_0076,Granth Wafer Works - Chandler,3,North America,MEMS die,0.8814249372176438,,0,FAB,Fab,3,Western
FAB_0077,Faryn Microelectronics - Malta,3,North America,RF die,1.3967428998604698,,0,FAB,Fab,3,Western
FAB_0078,Lethe Microelectronics - Kaohsiung,3,Taiwan,Analog die,2.683507526131328,,0,FAB,Fab,3,East Asia
FAB_0079,Oxbow Wafer Works - Chandler,3,North America,Power die,1.3734738283268608,,0,FAB,Fab,3,Western
FAB_0080,Mervi Semiconductor - Kaohsiung,3,Taiwan,MEMS die,0.9188424751916535,,0,FAB,Fab,3,East Asia
FAB_0081,Orvid Wafer Works - Kaohsiung,3,Taiwan,Analog die,0.6962361324182411,,0,FAB,Fab,3,East Asia
FAB_0082,Calder Wafer Works - Chengdu,3,China,Analog die,1.4635242945344655,,0,FAB,Fab,3,East Asia
FAB_0083,Verity Microelectronics - Wuxi,3,China,RF die,0.5379228194254737,,0,FAB,Fab,3,East Asia
FAB_0084,Jarn Wafer Works - Nagano,3,Japan,Analog die,1.5435042150120921,,0,FAB,Fab,3,East Asia
FAB_0085,Faryn Microelectronics - Kumamoto,3,Japan,Logic die,2.1372373253732935,,0,FAB,Fab,3,East Asia
FAB_0086,Verity Microelectronics - Chengdu,3,China,Memory die,4.268320360287784,,0,FAB,Fab,3,East Asia
FAB_0087,Thorne Semiconductor - Hsinchu,3,Taiwan,Memory die,0.7502113788802214,,0,FAB,Fab,3,East Asia
FAB_0088,Ferrin Foundry - Kaohsiung,3,Taiwan,Memory die,0.19605650284565915,,0,FAB,Fab,3,East Asia
FAB_0089,Vantor Semiconductor - Kaohsiung,3,Taiwan,Memory die,1.5655566979168838,,0,FAB,Fab,3,East Asia
FAB_0090,Yarrow Foundry - Hsinchu,3,Taiwan,Memory die,0.48561791098552143,,0,FAB,Fab,3,East Asia
FAB_0091,Prendel Semiconductor - Yokkaichi,3,Japan,MEMS die,0.9853015503856405,,0,FAB,Fab,3,East Asia
FAB_0092,Mervi Foundry - Penang,3,Southeast Asia,Analog die,0.785287563375474,,0,FAB,Fab,3,East Asia
FAB_0093,Belan Wafer Works - Gumi,3,Korea,Analog die,5.263928785260188,,0,FAB,Fab,3,East Asia
FAB_0094,Yarrow Wafer Works - Kaohsiung,3,Taiwan,Power die,0.3843240585029383,,0,FAB,Fab,3,East Asia
OSAT_0000,Granth Microassembly - Dalian,4,China,Power IC,0.4868111339739406,,0,OSAT,OSAT,4,East Asia
OSAT_0001,Lumen Packaging - Hsinchu,4,Taiwan,Memory IC,0.22996035351875402,,0,OSAT,OSAT,4,East Asia
OSAT_0002,Yarrow Packaging - Taichung,4,Taiwan,Power IC,3.6769338640405893,,0,OSAT,OSAT,4,East Asia
OSAT_0003,Nevin Test Services - Icheon,4,Korea,MEMS sensor,3.721932864891454,,0,OSAT,OSAT,4,East Asia
OSAT_0004,Wexler Microassembly - Taoyuan,4,Taiwan,MEMS sensor,0.6193279306844492,,0,OSAT,OSAT,4,East Asia
OSAT_0005,Vantor Microassembly - Tianjin,4,China,Power IC,1.367221192418411,,0,OSAT,OSAT,4,East Asia
OSAT_0006,Korrin Microassembly - Hsinchu,4,Taiwan,Analog IC,0.29969156274641423,,0,OSAT,OSAT,4,East Asia
OSAT_0007,Renbeck Microassembly - Batangas,4,Southeast Asia,Analog IC,0.42890339137374606,,0,OSAT,OSAT,4,East Asia
OSAT_0008,Cortex Packaging - Hsinchu,4,Taiwan,Logic IC,1.4610269580703368,,0,OSAT,OSAT,4,East Asia
OSAT_0009,Verity Test Services - Sendai,4,Japan,Logic IC,0.1972157250331951,,0,OSAT,OSAT,4,East Asia
OSAT_0010,Vantor Microassembly - Tianjin 2,4,China,Memory IC,0.5652271490057282,,0,OSAT,OSAT,4,East Asia
OSAT_0011,Oxbow Microassembly - Dalian,4,China,MEMS sensor,2.0768500887370314,,0,OSAT,OSAT,4,East Asia
OSAT_0012,Calder Assembly - Kumamoto,4,Japan,Analog IC,1.2309036980903034,,0,OSAT,OSAT,4,East Asia
OSAT_0013,Belan Test Services - Tianjin,4,China,Power IC,1.7107436959130737,,0,OSAT,OSAT,4,East Asia
OSAT_0014,Oxbow Microassembly - Taoyuan,4,Taiwan,Power IC,0.7558304669184592,,0,OSAT,OSAT,4,East Asia
OSAT_0015,Ferrin Assembly - Penang,4,Southeast Asia,Power IC,1.1422761275841284,,0,OSAT,OSAT,4,East Asia
OSAT_0016,Wexler Test Services - Taichung,4,Taiwan,Analog IC,1.8583516203252657,,0,OSAT,OSAT,4,East Asia
OSAT_0017,Prendel Packaging - Chengdu,4,China,Analog IC,2.267564951242048,,0,OSAT,OSAT,4,East Asia
OSAT_0018,Ferrin Microassembly - Icheon,4,Korea,RF IC,0.7365598560746867,,0,OSAT,OSAT,4,East Asia
OSAT_0019,Quill Test Services - Hiroshima,4,Japan,Power IC,0.5348858479835465,,0,OSAT,OSAT,4,East Asia
OSAT_0020,Yarrow Microassembly - Taichung,4,Taiwan,Memory IC,0.5026020060279734,,0,OSAT,OSAT,4,East Asia
OSAT_0021,Quill Packaging - Wuxi,4,China,MEMS sensor,0.5219016301014809,,0,OSAT,OSAT,4,East Asia
OSAT_0022,Doran Test Services - Bac Ninh,4,Southeast Asia,Memory IC,2.113081138099793,,0,OSAT,OSAT,4,East Asia
OSAT_0023,Palter Packaging - Kaohsiung,4,Taiwan,RF IC,0.3636954860819949,,0,OSAT,OSAT,4,East Asia
OSAT_0024,Quill Assembly - Guadalajara,4,North America,Analog IC,2.910712462937229,,0,OSAT,OSAT,4,Western
OSAT_0025,Lethe Assembly - Bac Ninh,4,Southeast Asia,Analog IC,0.5541811256219363,,0,OSAT,OSAT,4,East Asia
OSAT_0026,Doran Microassembly - Guadalajara,4,North America,Analog IC,0.8051822190123787,,0,OSAT,OSAT,4,Western
OSAT_0027,Verity Microassembly - Hwaseong,4,Korea,Analog IC,0.9885137536901779,,0,OSAT,OSAT,4,East Asia
OSAT_0028,Rivet Packaging - Penang,4,Southeast Asia,Analog IC,0.4044911413032611,,0,OSAT,OSAT,4,East Asia
OSAT_0029,Palter Microassembly - Chengdu,4,China,Power IC,2.854144555938765,,0,OSAT,OSAT,4,East Asia
OSAT_0030,Trellis Microassembly - Batangas,4,Southeast Asia,Power IC,0.3583637062578687,,0,OSAT,OSAT,4,East Asia
OSAT_0031,Quill Packaging - Kaohsiung,4,Taiwan,Power IC,0.5445226686807888,,0,OSAT,OSAT,4,East Asia
OSAT_0032,Wexler Packaging - Kaohsiung,4,Taiwan,Memory IC,0.6274095300880947,,0,OSAT,OSAT,4,East Asia
OSAT_0033,Faryn Microassembly - Tainan,4,Taiwan,Memory IC,0.6808344959867033,,0,OSAT,OSAT,4,East Asia
OSAT_0034,Yarrow Microassembly - Penang,4,Southeast Asia,Analog IC,1.252265542964633,,0,OSAT,OSAT,4,East Asia
OSAT_0035,Wend Packaging - Dalian,4,China,Analog IC,0.8534619083847295,,0,OSAT,OSAT,4,East Asia
OSAT_0036,Kestrel Assembly - Kaohsiung,4,Taiwan,Power IC,2.4667555963522747,,0,OSAT,OSAT,4,East Asia
OSAT_0037,Trellis Microassembly - Tainan,4,Taiwan,Logic IC,0.9213536977822141,,0,OSAT,OSAT,4,East Asia
OSAT_0038,Yarrow Microassembly - Bangkok,4,Southeast Asia,Analog IC,0.9532763434719828,,0,OSAT,OSAT,4,East Asia
OSAT_0039,Ember Assembly - Xi'an,4,China,Analog IC,4.0338779398314415,,0,OSAT,OSAT,4,East Asia
OSAT_0040,Doran Assembly - Batam,4,Southeast Asia,Memory IC,2.4801495209196607,,0,OSAT,OSAT,4,East Asia
OSAT_0041,Prendel Assembly - Kaohsiung,4,Taiwan,Logic IC,0.5099295907607974,,0,OSAT,OSAT,4,East Asia
OSAT_0042,Ferrin Microassembly - Dalian,4,China,Logic IC,0.5618905019054641,,0,OSAT,OSAT,4,East Asia
OSAT_0043,Halcy Assembly - Chengdu,4,China,Power IC,0.6189858054210018,,0,OSAT,OSAT,4,East Asia
OSAT_0044,Orvid Microassembly - Dalian,4,China,RF IC,2.720523490533483,,0,OSAT,OSAT,4,East Asia
OSAT_0045,Renbeck Packaging - Tainan,4,Taiwan,Memory IC,0.6174869835928603,,0,OSAT,OSAT,4,East Asia
OSAT_0046,Quarn Assembly - Shenzhen,4,China,RF IC,0.5992696205833888,,0,OSAT,OSAT,4,East Asia
OSAT_0047,Ulvid Assembly - Tainan,4,Taiwan,Analog IC,1.7120440379169488,,0,OSAT,OSAT,4,East Asia
OSAT_0048,Yarrow Packaging - Malta,4,North America,Logic IC,5.6229280231110454,,0,OSAT,OSAT,4,Western
OSAT_0049,Elstow Test Services - Kaohsiung,4,Taiwan,Power IC,1.1001159027050935,,0,OSAT,OSAT,4,East Asia
OSAT_0050,Jorel Test Services - Taichung,4,Taiwan,Logic IC,0.29434389508184405,,0,OSAT,OSAT,4,East Asia
OSAT_0051,Ulvid Assembly - Tainan 2,4,Taiwan,Analog IC,3.2053375164201072,,0,OSAT,OSAT,4,East Asia
OSAT_0052,Verity Packaging - Hsinchu,4,Taiwan,Power IC,2.4370139097361023,,0,OSAT,OSAT,4,East Asia
OSAT_0053,Granth Packaging - Xi'an,4,China,Power IC,1.5187394708106365,,0,OSAT,OSAT,4,East Asia
OSAT_0054,Orvid Packaging - Bangkok,4,Southeast Asia,Analog IC,0.42761143232668425,,0,OSAT,OSAT,4,East Asia
OSAT_0055,Stade Test Services - Pyeongtaek,4,Korea,Analog IC,0.40093080293483946,,0,OSAT,OSAT,4,East Asia
OSAT_0056,Wexler Test Services - Penang,4,Southeast Asia,MEMS sensor,4.890335238098367,,0,OSAT,OSAT,4,East Asia
OSAT_0057,Orvid Assembly - Kaohsiung,4,Taiwan,MEMS sensor,0.6907712825841731,,0,OSAT,OSAT,4,East Asia
OSAT_0058,Quarn Assembly - Taoyuan,4,Taiwan,Logic IC,0.5715460191326492,,0,OSAT,OSAT,4,East Asia
OSAT_0059,Isar Assembly - Wuxi,4,China,Memory IC,3.3315700357029754,,0,OSAT,OSAT,4,East Asia
OSAT_0060,Verity Test Services - Hsinchu,4,Taiwan,Analog IC,0.552545630687925,,0,OSAT,OSAT,4,East Asia
OSAT_0061,Wexler Packaging - Taichung,4,Taiwan,Analog IC,1.5861076242532193,,0,OSAT,OSAT,4,East Asia
OSAT_0062,Ystad Assembly - Penang,4,Southeast Asia,RF IC,0.8552402800145376,,0,OSAT,OSAT,4,East Asia
OSAT_0063,Faryn Microassembly - Kaohsiung,4,Taiwan,Analog IC,0.5933186220470995,,0,OSAT,OSAT,4,East Asia
OSAT_0064,Renbeck Microassembly - Xi'an,4,China,Power IC,2.960830810548142,,0,OSAT,OSAT,4,East Asia
OSAT_0065,Quill Test Services - Wuxi,4,China,Memory IC,0.5470220713531027,,0,OSAT,OSAT,4,East Asia
OSAT_0066,Alder Assembly - Hsinchu,4,Taiwan,Power IC,0.7512108404613733,,0,OSAT,OSAT,4,East Asia
OSAT_0067,Oxbow Microassembly - Bac Ninh,4,Southeast Asia,Power IC,0.5937226092421611,,0,OSAT,OSAT,4,East Asia
OSAT_0068,Kestrel Packaging - Tianjin,4,China,Memory IC,1.8073725370125433,,0,OSAT,OSAT,4,East Asia
OSAT_0069,Ader Microassembly - Kaohsiung,4,Taiwan,Power IC,0.29063795512403295,,0,OSAT,OSAT,4,East Asia
OSAT_0070,Alder Microassembly - Hsinchu,4,Taiwan,Logic IC,1.0377072956092963,,0,OSAT,OSAT,4,East Asia
OSAT_0071,Kestrel Assembly - Xi'an,4,China,Analog IC,1.8029873447429705,,0,OSAT,OSAT,4,East Asia
OSAT_0072,Cortex Assembly - Shanghai,4,China,MEMS sensor,0.7569909680298451,,0,OSAT,OSAT,4,East Asia
OSAT_0073,Vantor Microassembly - Icheon,4,Korea,RF IC,1.2508856370616417,,0,OSAT,OSAT,4,East Asia
OSAT_0074,Calder Microassembly - Bac Ninh,4,Southeast Asia,Analog IC,3.323769709123418,,0,OSAT,OSAT,4,East Asia
OSAT_0075,Oxbow Packaging - Taichung,4,Taiwan,Analog IC,0.19175771292546492,,0,OSAT,OSAT,4,East Asia
OSAT_0076,Isar Microassembly - Xi'an,4,China,Analog IC,1.0633834701448694,,0,OSAT,OSAT,4,East Asia
OSAT_0077,Mervi Test Services - Hsinchu,4,Taiwan,Analog IC,0.3400345974033571,,0,OSAT,OSAT,4,East Asia
OSAT_0078,Calder Assembly - Tainan,4,Taiwan,Power IC,0.18488030724460217,,0,OSAT,OSAT,4,East Asia
OSAT_0079,Belan Packaging - Batangas,4,Southeast Asia,Logic IC,1.910058119683668,,0,OSAT,OSAT,4,East Asia
OSAT_0080,Jorel Assembly - Hiroshima,4,Japan,Analog IC,0.5201518196986319,,0,OSAT,OSAT,4,East Asia
OSAT_0081,Yarrow Packaging - Xi'an,4,China,RF IC,1.5757539412575245,,0,OSAT,OSAT,4,East Asia
OSAT_0082,Mordant Microassembly - Shenzhen,4,China,Power IC,1.2346671436072025,,0,OSAT,OSAT,4,East Asia
OSAT_0083,Quill Microassembly - Shenzhen,4,China,Logic IC,0.8950838009658049,,0,OSAT,OSAT,4,East Asia
OSAT_0084,Halcy Test Services - Singapore,4,Southeast Asia,Power IC,1.1969604652672594,,0,OSAT,OSAT,4,East Asia
OSAT_0085,Granth Assembly - Chengdu,4,China,MEMS sensor,0.9367427827673521,,0,OSAT,OSAT,4,East Asia
OSAT_0086,Thorne Microassembly - Taoyuan,4,Taiwan,Power IC,0.45327484966072706,,0,OSAT,OSAT,4,East Asia
OSAT_0087,Ader Assembly - Crolles,4,Europe,Analog IC,1.9697086210107095,,0,OSAT,OSAT,4,Western
OSAT_0088,Verity Assembly - Cheongju,4,Korea,Memory IC,1.0321124011275442,,0,OSAT,OSAT,4,East Asia
OSAT_0089,Prendel Assembly - Shenzhen,4,China,Logic IC,11.400477016035051,,0,OSAT,OSAT,4,East Asia
OSAT_0090,Oxbow Packaging - Tainan,4,Taiwan,Power IC,1.4988394297621297,,0,OSAT,OSAT,4,East Asia
OSAT_0091,Yarrow Assembly - Tainan,4,Taiwan,Memory IC,0.974363626543241,,0,OSAT,OSAT,4,East Asia
OSAT_0092,Lumen Test Services - Xi'an,4,China,RF IC,3.0326545231859665,,0,OSAT,OSAT,4,East Asia
OSAT_0093,Belan Packaging - Batam,4,Southeast Asia,Power IC,0.9526437952800498,,0,OSAT,OSAT,4,East Asia
OSAT_0094,Elstow Test Services - Bangkok,4,Southeast Asia,Logic IC,2.628260270198652,,0,OSAT,OSAT,4,East Asia
OSAT_0095,Oxbow Microassembly - Wuxi,4,China,Logic IC,0.4137068500575242,,0,OSAT,OSAT,4,East Asia
OSAT_0096,Trellis Packaging - Tainan,4,Taiwan,Logic IC,1.689532874965666,,0,OSAT,OSAT,4,East Asia
OSAT_0097,Oxbow Test Services - Batangas,4,Southeast Asia,Power IC,1.3350263301380885,,0,OSAT,OSAT,4,East Asia
OSAT_0098,Mervi Test Services - Pyeongtaek,4,Korea,RF IC,0.7250352604559382,,0,OSAT,OSAT,4,East Asia
OSAT_0099,Faryn Assembly - Kaohsiung,4,Taiwan,Analog IC,1.1617372985002166,,0,OSAT,OSAT,4,East Asia
OSAT_0100,Calder Microassembly - Kaohsiung,4,Taiwan,Logic IC,1.1315477565843632,,0,OSAT,OSAT,4,East Asia
OSAT_0101,Lethe Assembly - Hsinchu,4,Taiwan,Memory IC,0.2884483030131906,,0,OSAT,OSAT,4,East Asia
OSAT_0102,Alder Packaging - Pyeongtaek,4,Korea,Logic IC,0.42236868755512386,,0,OSAT,OSAT,4,East Asia
OSAT_0103,Gethin Packaging - Hsinchu,4,Taiwan,Memory IC,0.904469527044297,,0,OSAT,OSAT,4,East Asia
OSAT_0104,Belan Microassembly - Chengdu,4,China,RF IC,0.4469657620391519,,0,OSAT,OSAT,4,East Asia
OSAT_0105,Ystad Packaging - Batangas,4,Southeast Asia,Logic IC,1.1391759391267489,,0,OSAT,OSAT,4,East Asia
OSAT_0106,Stade Microassembly - Bangkok,4,Southeast Asia,Analog IC,0.4185716871590911,,0,OSAT,OSAT,4,East Asia
OSAT_0107,Quarn Packaging - Shanghai,4,China,Analog IC,0.4682868055548139,,0,OSAT,OSAT,4,East Asia
OSAT_0108,Korrin Packaging - Taoyuan,4,Taiwan,Logic IC,2.0607335814500285,,0,OSAT,OSAT,4,East Asia
OSAT_0109,Trellis Microassembly - Bangkok,4,Southeast Asia,Analog IC,1.1159116701019576,,0,OSAT,OSAT,4,East Asia
OSAT_0110,Cortex Packaging - Batangas,4,Southeast Asia,MEMS sensor,2.0695885256903797,,0,OSAT,OSAT,4,East Asia
OSAT_0111,Ember Test Services - Hillsboro,4,North America,Logic IC,0.3274673444918036,,0,OSAT,OSAT,4,Western
OSAT_0112,Belan Assembly - Batam,4,Southeast Asia,Power IC,0.09124209829315928,,0,OSAT,OSAT,4,East Asia
OSAT_0113,Ulvid Packaging - Kitakyushu,4,Japan,Logic IC,1.0372169391891652,,0,OSAT,OSAT,4,East Asia
OSAT_0114,Lethe Packaging - Tainan,4,Taiwan,Power IC,0.627625134983658,,0,OSAT,OSAT,4,East Asia
OSAT_0115,Oxbow Test Services - Batam,4,Southeast Asia,Logic IC,1.4500573211559598,,0,OSAT,OSAT,4,East Asia
OSAT_0116,Quarn Assembly - Penang,4,Southeast Asia,Power IC,1.7767254058711852,,0,OSAT,OSAT,4,East Asia
OSAT_0117,Ember Test Services - Ottawa,4,North America,MEMS sensor,1.7985202854456956,,0,OSAT,OSAT,4,Western
OSAT_0118,Prendel Test Services - Bac Ninh,4,Southeast Asia,Analog IC,1.8524924023180394,,0,OSAT,OSAT,4,East Asia
OSAT_0119,Gethin Microassembly - Taichung,4,Taiwan,Analog IC,1.422574338944687,,0,OSAT,OSAT,4,East Asia
OSAT_0120,Prendel Packaging - Bac Ninh,4,Southeast Asia,Memory IC,0.9551775821469457,,0,OSAT,OSAT,4,East Asia
OSAT_0121,Isar Microassembly - Tainan,4,Taiwan,Power IC,0.29974125489642245,,0,OSAT,OSAT,4,East Asia
OSAT_0122,Nevin Assembly - Kaohsiung,4,Taiwan,Logic IC,0.1891814060395768,,0,OSAT,OSAT,4,East Asia
OSAT_0123,Lethe Assembly - Hiroshima,4,Japan,Memory IC,0.5974729610793456,,0,OSAT,OSAT,4,East Asia
OSAT_0124,Korrin Test Services - Penang,4,Southeast Asia,Analog IC,0.7450205294682012,,0,OSAT,OSAT,4,East Asia
OSAT_0125,Umber Test Services - Dalian,4,China,Power IC,0.6548623039624122,,0,OSAT,OSAT,4,East Asia
OSAT_0126,Quarn Packaging - Hiroshima,4,Japan,Analog IC,3.1589578002068825,,0,OSAT,OSAT,4,East Asia
OSAT_0127,Elstow Test Services - Taichung,4,Taiwan,Analog IC,0.38249855119180637,,0,OSAT,OSAT,4,East Asia
OSAT_0128,Stade Microassembly - Chengdu,4,China,Memory IC,2.3167402404031656,,0,OSAT,OSAT,4,East Asia
OSAT_0129,Holt Assembly - Bac Ninh,4,Southeast Asia,RF IC,1.7621200453178925,,0,OSAT,OSAT,4,East Asia
OSAT_0130,Kestrel Microassembly - Cheongju,4,Korea,Analog IC,0.8284072368038254,,0,OSAT,OSAT,4,East Asia
OSAT_0131,Alder Assembly - Hillsboro,4,North America,Power IC,2.7755876958129475,,0,OSAT,OSAT,4,Western
OSAT_0132,Belan Assembly - Taoyuan,4,Taiwan,RF IC,2.9254304975369783,,0,OSAT,OSAT,4,East Asia
OSAT_0133,Holt Test Services - Kumamoto,4,Japan,Power IC,3.4385115752292554,,0,OSAT,OSAT,4,East Asia
OSAT_0134,Palter Assembly - Nagano,4,Japan,Analog IC,2.3215923025721086,,0,OSAT,OSAT,4,East Asia
OSAT_0135,Stade Test Services - Batangas,4,Southeast Asia,Logic IC,4.850413072584539,,0,OSAT,OSAT,4,East Asia
OSAT_0136,Solvex Test Services - Shenzhen,4,China,Power IC,1.1105967326805395,,0,OSAT,OSAT,4,East Asia
OSAT_0137,Palter Microassembly - Singapore,4,Southeast Asia,Memory IC,0.8947435968708752,,0,OSAT,OSAT,4,East Asia
OSAT_0138,Renbeck Test Services - Batam,4,Southeast Asia,Logic IC,1.2505457951135133,,0,OSAT,OSAT,4,East Asia
OSAT_0139,Gethin Test Services - Taichung,4,Taiwan,MEMS sensor,1.4140753442291345,,0,OSAT,OSAT,4,East Asia
OSAT_0140,Dyne Packaging - Taichung,4,Taiwan,Logic IC,0.3679693073003157,,0,OSAT,OSAT,4,East Asia
OSAT_0141,Korrin Assembly - Wuxi,4,China,Logic IC,0.4157558929036013,,0,OSAT,OSAT,4,East Asia
OSAT_0142,Holt Microassembly - Tianjin,4,China,Power IC,0.8761634324569217,,0,OSAT,OSAT,4,East Asia
OSAT_0143,Zephyr Packaging - Kaohsiung,4,Taiwan,Memory IC,0.4062273441755702,,0,OSAT,OSAT,4,East Asia
OSAT_0144,Alder Assembly - Taichung,4,Taiwan,Power IC,1.883675620071936,,0,OSAT,OSAT,4,East Asia
OSAT_0145,Renbeck Microassembly - Tainan,4,Taiwan,RF IC,0.5751957190261121,,0,OSAT,OSAT,4,East Asia
OSAT_0146,Ader Assembly - Tianjin,4,China,RF IC,0.818078133013258,,0,OSAT,OSAT,4,East Asia
OSAT_0147,Gethin Assembly - Bac Ninh,4,Southeast Asia,Power IC,0.5660577549469115,,0,OSAT,OSAT,4,East Asia
OSAT_0148,Gethin Microassembly - Chengdu,4,China,Memory IC,1.3343872604325602,,0,OSAT,OSAT,4,East Asia
OSAT_0149,Zephyr Microassembly - Gumi,4,Korea,RF IC,0.8458858674559363,,0,OSAT,OSAT,4,East Asia
OSAT_0150,Xanthe Test Services - Kaohsiung,4,Taiwan,Memory IC,0.25063258684569517,,0,OSAT,OSAT,4,East Asia
OSAT_0151,Mervi Microassembly - Icheon,4,Korea,MEMS sensor,0.7781721860904532,,0,OSAT,OSAT,4,East Asia
OSAT_0152,Lethe Test Services - Tianjin,4,China,Analog IC,1.0747329709747022,,0,OSAT,OSAT,4,East Asia
OSAT_0153,Noral Assembly - Chengdu,4,China,Analog IC,0.763412080719207,,0,OSAT,OSAT,4,East Asia
OSAT_0154,Isar Assembly - Hillsboro,4,North America,Memory IC,0.3658320154652408,,0,OSAT,OSAT,4,Western
OSAT_0155,Holt Test Services - Pyeongtaek,4,Korea,Analog IC,0.6767438794913403,,0,OSAT,OSAT,4,East Asia
OSAT_0156,Jorel Packaging - Chandler,4,North America,Power IC,0.9212393417055776,,0,OSAT,OSAT,4,Western
OSAT_0157,Lumen Assembly - Kaohsiung,4,Taiwan,RF IC,0.7023824618015547,,0,OSAT,OSAT,4,East Asia
OSAT_0158,Calder Microassembly - Taoyuan,4,Taiwan,Analog IC,0.20275555238922166,,0,OSAT,OSAT,4,East Asia
OSAT_0159,Solvex Microassembly - Tainan,4,Taiwan,Analog IC,0.4706092713921496,,0,OSAT,OSAT,4,East Asia
OSAT_0160,Ystad Assembly - Batangas,4,Southeast Asia,RF IC,0.3678333958657805,,0,OSAT,OSAT,4,East Asia
OSAT_0161,Doran Test Services - Cheongju,4,Korea,Power IC,2.6710203864976503,,0,OSAT,OSAT,4,East Asia
OSAT_0162,Solvex Assembly - Kaohsiung,4,Taiwan,Analog IC,4.582722291205509,,0,OSAT,OSAT,4,East Asia
OSAT_0163,Ember Assembly - Taoyuan,4,Taiwan,Memory IC,0.9921302468021438,,0,OSAT,OSAT,4,East Asia
OSAT_0164,Vantor Test Services - Kaohsiung,4,Taiwan,Power IC,2.9071168271636916,,0,OSAT,OSAT,4,East Asia
OSAT_0165,Mervi Assembly - Kaohsiung,4,Taiwan,Power IC,0.8641124832453234,,0,OSAT,OSAT,4,East Asia
OSAT_0166,Xanthe Packaging - Kaohsiung,4,Taiwan,Memory IC,0.9719077633639648,,0,OSAT,OSAT,4,East Asia
OSAT_0167,Jarn Packaging - Taoyuan,4,Taiwan,Analog IC,0.3381986476591506,,0,OSAT,OSAT,4,East Asia
OSAT_0168,Alder Packaging - Tainan,4,Taiwan,Logic IC,0.4344395373251051,,0,OSAT,OSAT,4,East Asia
OSAT_0169,Palter Microassembly - Pyeongtaek,4,Korea,Analog IC,0.18615343318172753,,0,OSAT,OSAT,4,East Asia
EMS_0000,Belan Assemblies - Bangkok,5,Southeast Asia,Power module,0.8144845417019143,,0,EMS,EMS,5,East Asia
EMS_0001,Noral Manufacturing - Chengdu,5,China,Power module,5.318924277255994,,0,EMS,EMS,5,East Asia
EMS_0002,Mordant Manufacturing - Shanghai,5,China,PCB assembly,2.7560524103435453,,0,EMS,EMS,5,East Asia
EMS_0003,Yarrow Assemblies - Shanghai,5,China,Sensor module,0.46010081395716496,,0,EMS,EMS,5,East Asia
EMS_0004,Palter Electronics - Leixlip,5,Europe,PCB assembly,0.6006314767811629,,0,EMS,EMS,5,Western
EMS_0005,Trellis Electronics - Batangas,5,Southeast Asia,PCB assembly,2.2914913861459794,,0,EMS,EMS,5,East Asia
EMS_0006,Noral Assemblies - Batangas,5,Southeast Asia,PCB assembly,0.5257103837235308,,0,EMS,EMS,5,East Asia
EMS_0007,Palter Electronics - Kaohsiung,5,Taiwan,PCB assembly,0.6248633996613129,,0,EMS,EMS,5,East Asia
EMS_0008,Halcy Circuits - Bac Ninh,5,Southeast Asia,PCB assembly,1.2746239740842542,,0,EMS,EMS,5,East Asia
EMS_0009,Brant Electronics - Batam,5,Southeast Asia,PCB assembly,1.6415433861496067,,0,EMS,EMS,5,East Asia
EMS_0010,Holt Assemblies - Malta,5,North America,Sensor module,0.6332744752536882,,0,EMS,EMS,5,Western
EMS_0011,Jorel Electronics - Eindhoven,5,Europe,Power module,1.1522481131702493,,0,EMS,EMS,5,Western
EMS_0012,Ystad Assemblies - Xi'an,5,China,Sensor module,0.3015457112193285,,0,EMS,EMS,5,East Asia
EMS_0013,Zephyr Assemblies - Tianjin,5,China,Power module,2.1658654562133566,,0,EMS,EMS,5,East Asia
EMS_0014,Ivex Assemblies - Taoyuan,5,Taiwan,PCB assembly,0.20545326021822632,,0,EMS,EMS,5,East Asia
EMS_0015,Verity Circuits - Wuxi,5,China,PCB assembly,0.8667918881379226,,0,EMS,EMS,5,East Asia
EMS_0016,Jarn Manufacturing - Bangkok,5,Southeast Asia,Sensor module,0.7525858980160137,,0,EMS,EMS,5,East Asia
EMS_0017,Thorne Circuits - Dalian,5,China,PCB assembly,0.8213244896796151,,0,EMS,EMS,5,East Asia
EMS_0018,Korrin Circuits - Singapore,5,Southeast Asia,PCB assembly,0.6958314189284762,,0,EMS,EMS,5,East Asia
EMS_0019,Stade Manufacturing - Shenzhen,5,China,PCB assembly,3.5393671328325147,,0,EMS,EMS,5,East Asia
EMS_0020,Alder Assemblies - Hillsboro,5,North America,PCB assembly,0.4640901705187166,,0,EMS,EMS,5,Western
EMS_0021,Jorel Manufacturing - Bangkok,5,Southeast Asia,PCB assembly,2.2621655468590065,,0,EMS,EMS,5,East Asia
EMS_0022,Ader Manufacturing - Leixlip,5,Europe,Sensor module,2.1001939509315566,,0,EMS,EMS,5,Western
EMS_0023,Oxbow Assemblies - Chengdu,5,China,Power module,2.1033469735645314,,0,EMS,EMS,5,East Asia
EMS_0024,Ferrin Circuits - Penang,5,Southeast Asia,PCB assembly,1.504674314599464,,0,EMS,EMS,5,East Asia
EMS_0025,Ferrin Electronics - Leixlip,5,Europe,PCB assembly,0.49796668707369585,,0,EMS,EMS,5,Western
EMS_0026,Gethin Electronics - Batam,5,Southeast Asia,PCB assembly,2.1398376420571963,,0,EMS,EMS,5,East Asia
EMS_0027,Dyne Electronics - Dalian,5,China,Power module,2.094125993650906,,0,EMS,EMS,5,East Asia
EMS_0028,Korrin Circuits - Pyeongtaek,5,Korea,PCB assembly,2.8335285086096165,,0,EMS,EMS,5,East Asia
EMS_0029,Lumen Electronics - Tianjin,5,China,PCB assembly,1.3301246754062157,,0,EMS,EMS,5,East Asia
EMS_0030,Alder Manufacturing - Batam,5,Southeast Asia,PCB assembly,0.36160484631134376,,0,EMS,EMS,5,East Asia
EMS_0031,Oxbow Manufacturing - Malta,5,North America,Sensor module,2.135361027819835,,0,EMS,EMS,5,Western
EMS_0032,Zephyr Electronics - Shenzhen,5,China,Power module,1.174247884047983,,0,EMS,EMS,5,East Asia
EMS_0033,Oxbow Manufacturing - Yokkaichi,5,Japan,PCB assembly,0.8338371869396318,,0,EMS,EMS,5,East Asia
EMS_0034,Holt Electronics - Dresden,5,Europe,PCB assembly,0.829446059463466,,0,EMS,EMS,5,Western
EMS_0035,Umber Manufacturing - Eindhoven,5,Europe,PCB assembly,0.897231524286742,,0,EMS,EMS,5,Western
EMS_0036,Prendel Assemblies - Tianjin,5,China,PCB assembly,0.4768566283307529,,0,EMS,EMS,5,East Asia
EMS_0037,Holt Circuits - Xi'an,5,China,PCB assembly,0.9561518241038838,,0,EMS,EMS,5,East Asia
EMS_0038,Kestrel Circuits - Bangkok,5,Southeast Asia,PCB assembly,0.18491182887904825,,0,EMS,EMS,5,East Asia
EMS_0039,Lumen Electronics - Bac Ninh,5,Southeast Asia,PCB assembly,1.4091184367639984,,0,EMS,EMS,5,East Asia
EMS_0040,Ivex Electronics - Shenzhen,5,China,Sensor module,0.3769780593740487,,0,EMS,EMS,5,East Asia
EMS_0041,Quill Assemblies - Tianjin,5,China,Power module,1.6191544504884066,,0,EMS,EMS,5,East Asia
EMS_0042,Isar Circuits - Austin,5,North America,PCB assembly,2.257211647928639,,0,EMS,EMS,5,Western
EMS_0043,Brant Assemblies - Guadalajara,5,North America,Power module,1.3985471782389374,,0,EMS,EMS,5,Western
EMS_0044,Cortex Assemblies - Pune,5,South Asia,PCB assembly,1.9763438205667228,,0,EMS,EMS,5,Unaligned
EMS_0045,Umber Circuits - Xi'an,5,China,Sensor module,0.3951958297912797,,0,EMS,EMS,5,East Asia
EMS_0046,Gethin Electronics - Shanghai,5,China,PCB assembly,3.0342129419407238,,0,EMS,EMS,5,East Asia
EMS_0047,Trellis Manufacturing - Bangkok,5,Southeast Asia,PCB assembly,0.5443410501293867,,0,EMS,EMS,5,East Asia
EMS_0048,Quill Assemblies - Shanghai,5,China,PCB assembly,0.23728087188954866,,0,EMS,EMS,5,East Asia
EMS_0049,Orvid Assemblies - Xi'an,5,China,PCB assembly,0.7571949747126345,,0,EMS,EMS,5,East Asia
EMS_0050,Holt Electronics - Sanand,5,South Asia,Power module,0.9486499106986646,,0,EMS,EMS,5,Unaligned
EMS_0051,Prendel Assemblies - Ottawa,5,North America,Sensor module,1.7593388247203012,,0,EMS,EMS,5,Western
EMS_0052,Nevin Assemblies - Batangas,5,Southeast Asia,PCB assembly,0.7888156985087238,,0,EMS,EMS,5,East Asia
EMS_0053,Palter Circuits - Bangkok,5,Southeast Asia,PCB assembly,1.4799781602815911,,0,EMS,EMS,5,East Asia
EMS_0054,Ystad Manufacturing - Wuxi,5,China,Power module,0.35498626443290304,,0,EMS,EMS,5,East Asia
EMS_0055,Mordant Assemblies - Ottawa,5,North America,PCB assembly,3.3007098819599965,,0,EMS,EMS,5,Western
EMS_0056,Lethe Electronics - Sanand,5,South Asia,PCB assembly,0.9456374638933728,,0,EMS,EMS,5,Unaligned
EMS_0057,Renbeck Circuits - Bangkok,5,Southeast Asia,Sensor module,0.9525395048246209,,0,EMS,EMS,5,East Asia
EMS_0058,Korrin Assemblies - Dresden,5,Europe,PCB assembly,3.11746712186798,,0,EMS,EMS,5,Western
EMS_0059,Lumen Circuits - Xi'an,5,China,Sensor module,0.3152844174236761,,0,EMS,EMS,5,East Asia
EMS_0060,Calder Circuits - Batangas,5,Southeast Asia,PCB assembly,3.2474247689238904,,0,EMS,EMS,5,East Asia
EMS_0061,Halcy Electronics - Shenzhen,5,China,PCB assembly,2.1971437565893166,,0,EMS,EMS,5,East Asia
EMS_0062,Alder Assemblies - Kaohsiung,5,Taiwan,Power module,2.297069513887882,,0,EMS,EMS,5,East Asia
EMS_0063,Holt Circuits - Tianjin,5,China,PCB assembly,1.2661502359723655,,0,EMS,EMS,5,East Asia
EMS_0064,Wend Assemblies - Hsinchu,5,Taiwan,PCB assembly,0.3912222003017881,,0,EMS,EMS,5,East Asia
EMS_0065,Xanthe Manufacturing - Tainan,5,Taiwan,PCB assembly,2.6668018738434367,,0,EMS,EMS,5,East Asia
EMS_0066,Mervi Electronics - Villach,5,Europe,PCB assembly,0.23607562805659585,,0,EMS,EMS,5,Western
EMS_0067,Mervi Circuits - Chandler,5,North America,PCB assembly,0.8278662373590879,,0,EMS,EMS,5,Western
EMS_0068,Nevin Manufacturing - Shanghai,5,China,PCB assembly,0.6236586396813326,,0,EMS,EMS,5,East Asia
EMS_0069,Rivet Electronics - Sendai,5,Japan,PCB assembly,1.649827816599537,,0,EMS,EMS,5,East Asia
EMS_0070,Trellis Electronics - Hyderabad,5,South Asia,Power module,0.7706684027912931,,0,EMS,EMS,5,Unaligned
EMS_0071,Brant Assemblies - Tianjin,5,China,PCB assembly,1.7678336695947099,,0,EMS,EMS,5,East Asia
EMS_0072,Brant Electronics - Grenoble,5,Europe,PCB assembly,0.44511935428959004,,0,EMS,EMS,5,Western
EMS_0073,Thorne Circuits - Dalian 2,5,China,Power module,0.8695380927387576,,0,EMS,EMS,5,East Asia
EMS_0074,Cortex Assemblies - Sanand,5,South Asia,Sensor module,0.4238738609165235,,0,EMS,EMS,5,Unaligned
EMS_0075,Solvex Electronics - Hsinchu,5,Taiwan,PCB assembly,0.5903534160006588,,0,EMS,EMS,5,East Asia
EMS_0076,Vantor Assemblies - Batam,5,Southeast Asia,PCB assembly,2.5494195860459183,,0,EMS,EMS,5,East Asia
EMS_0077,Kestrel Assemblies - Batam,5,Southeast Asia,PCB assembly,1.433894026891762,,0,EMS,EMS,5,East Asia
EMS_0078,Stade Circuits - Pune,5,South Asia,PCB assembly,2.464598573447055,,0,EMS,EMS,5,Unaligned
EMS_0079,Wexler Manufacturing - Pune,5,South Asia,PCB assembly,0.20993393806757812,,0,EMS,EMS,5,Unaligned
EMS_0080,Prendel Manufacturing - Shanghai,5,China,PCB assembly,1.0455197455723129,,0,EMS,EMS,5,East Asia
EMS_0081,Quill Electronics - Bac Ninh,5,Southeast Asia,PCB assembly,2.7928988849719527,,0,EMS,EMS,5,East Asia
EMS_0082,Granth Electronics - Chengdu,5,China,Sensor module,0.21856793897740898,,0,EMS,EMS,5,East Asia
EMS_0083,Mervi Assemblies - Shanghai,5,China,PCB assembly,0.6821919241010431,,0,EMS,EMS,5,East Asia
EMS_0084,Zephyr Circuits - Batam,5,Southeast Asia,Power module,2.1972100599451854,,0,EMS,EMS,5,East Asia
EMS_0085,Prendel Manufacturing - Pune,5,South Asia,PCB assembly,1.0354661939065126,,0,EMS,EMS,5,Unaligned
EMS_0086,Wexler Manufacturing - Nagano,5,Japan,PCB assembly,2.1307142917471182,,0,EMS,EMS,5,East Asia
EMS_0087,Calder Assemblies - Kumamoto,5,Japan,PCB assembly,1.188242063932814,,0,EMS,EMS,5,East Asia
EMS_0088,Palter Assemblies - Batam,5,Southeast Asia,Power module,1.619063660244043,,0,EMS,EMS,5,East Asia
EMS_0089,Vantor Electronics - Xi'an,5,China,PCB assembly,1.6368960229468863,,0,EMS,EMS,5,East Asia
EMS_0090,Trellis Manufacturing - Bangkok 2,5,Southeast Asia,PCB assembly,2.021337369335507,,0,EMS,EMS,5,East Asia
EMS_0091,Lumen Manufacturing - Batangas,5,Southeast Asia,PCB assembly,1.7866777042297477,,0,EMS,EMS,5,East Asia
EMS_0092,Cortex Electronics - Crolles,5,Europe,Sensor module,1.2786628741469401,,0,EMS,EMS,5,Western
EMS_0093,Quarn Manufacturing - Taichung,5,Taiwan,PCB assembly,1.021465889516402,,0,EMS,EMS,5,East Asia
EMS_0094,Jorel Circuits - Wuxi,5,China,PCB assembly,1.0560574562240923,,0,EMS,EMS,5,East Asia
EMS_0095,Faryn Electronics - Wuxi,5,China,Power module,1.0709919330863897,,0,EMS,EMS,5,East Asia
EMS_0096,Palter Circuits - Grenoble,5,Europe,PCB assembly,0.7094177714571048,,0,EMS,EMS,5,Western
EMS_0097,Gethin Manufacturing - Shenzhen,5,China,Sensor module,2.5997703492059863,,0,EMS,EMS,5,East Asia
EMS_0098,Korrin Assemblies - Pune,5,South Asia,PCB assembly,0.8946824157041586,,0,EMS,EMS,5,Unaligned
EMS_0099,Renbeck Electronics - Singapore,5,Southeast Asia,Power module,0.9126417838837465,,0,EMS,EMS,5,East Asia
EMS_0100,Gethin Circuits - Singapore,5,Southeast Asia,Power module,0.2097256081382278,,0,EMS,EMS,5,East Asia
EMS_0101,Ystad Manufacturing - Crolles,5,Europe,PCB assembly,1.0841288219054372,,0,EMS,EMS,5,Western
EMS_0102,Ader Electronics - Shanghai,5,China,PCB assembly,1.4609978156066594,,0,EMS,EMS,5,East Asia
EMS_0103,Quill Manufacturing - Dalian,5,China,Power module,1.222224622996519,,0,EMS,EMS,5,East Asia
EMS_0104,Nevin Assemblies - Shanghai,5,China,Power module,0.4994042698312985,,0,EMS,EMS,5,East Asia
EMS_0105,Oxbow Electronics - Malta,5,North America,PCB assembly,0.5147001454448366,,0,EMS,EMS,5,Western
EMS_0106,Ystad Circuits - Bac Ninh,5,Southeast Asia,Sensor module,0.47879031931133725,,0,EMS,EMS,5,East Asia
EMS_0107,Doran Electronics - Shanghai,5,China,Power module,1.6510407537504652,,0,EMS,EMS,5,East Asia
EMS_0108,Ember Assemblies - Shanghai,5,China,PCB assembly,0.507328132231288,,0,EMS,EMS,5,East Asia
EMS_0109,Calder Assemblies - Dalian,5,China,PCB assembly,3.103568998937123,,0,EMS,EMS,5,East Asia
EMS_0110,Dyne Manufacturing - Dalian,5,China,PCB assembly,0.14080309235173094,,0,EMS,EMS,5,East Asia
EMS_0111,Ferrin Manufacturing - Bac Ninh,5,Southeast Asia,PCB assembly,0.8047819767734355,,0,EMS,EMS,5,East Asia
EMS_0112,Ferrin Manufacturing - Dalian,5,China,PCB assembly,0.2871245048052633,,0,EMS,EMS,5,East Asia
EMS_0113,Oxbow Manufacturing - Wuxi,5,China,PCB assembly,2.9214383585229187,,0,EMS,EMS,5,East Asia
EMS_0114,Zephyr Assemblies - Shanghai,5,China,PCB assembly,0.3295583678034524,,0,EMS,EMS,5,East Asia
EMS_0115,Isar Circuits - Wuxi,5,China,PCB assembly,2.4862195533051605,,0,EMS,EMS,5,East Asia
EMS_0116,Rivet Assemblies - Dalian,5,China,Sensor module,1.6902878388958231,,0,EMS,EMS,5,East Asia
EMS_0117,Faryn Manufacturing - Hillsboro,5,North America,Sensor module,0.5904492410536399,,0,EMS,EMS,5,Western
EMS_0118,Noral Electronics - Shanghai,5,China,Power module,1.287055020723413,,0,EMS,EMS,5,East Asia
EMS_0119,Noral Electronics - Shenzhen,5,China,PCB assembly,0.5235078788920925,,0,EMS,EMS,5,East Asia
EMS_0120,Xanthe Circuits - Shanghai,5,China,PCB assembly,0.6584207036717692,,0,EMS,EMS,5,East Asia
EMS_0121,Cortex Electronics - Taoyuan,5,Taiwan,PCB assembly,0.477246498247106,,0,EMS,EMS,5,East Asia
EMS_0122,Vantor Electronics - Austin,5,North America,PCB assembly,0.39576655946357175,,0,EMS,EMS,5,Western
EMS_0123,Umber Manufacturing - Tianjin,5,China,PCB assembly,0.9107523248809115,,0,EMS,EMS,5,East Asia
EMS_0124,Halcy Electronics - Tianjin,5,China,Sensor module,0.2729994309907034,,0,EMS,EMS,5,East Asia
EMS_0125,Isar Manufacturing - Tianjin,5,China,PCB assembly,0.8044743410561077,,0,EMS,EMS,5,East Asia
EMS_0126,Zephyr Assemblies - Penang,5,Southeast Asia,PCB assembly,2.90834521377984,,0,EMS,EMS,5,East Asia
EMS_0127,Zephyr Electronics - Dalian,5,China,PCB assembly,4.056392425924836,,0,EMS,EMS,5,East Asia
EMS_0128,Lethe Electronics - Penang,5,Southeast Asia,Sensor module,0.47231796865997017,,0,EMS,EMS,5,East Asia
EMS_0129,Orvid Electronics - Xi'an,5,China,PCB assembly,0.8505505744608288,,0,EMS,EMS,5,East Asia
EMS_0130,Lethe Circuits - Penang,5,Southeast Asia,PCB assembly,2.8586560927866986,,0,EMS,EMS,5,East Asia
EMS_0131,Zephyr Electronics - Malta,5,North America,Power module,0.28908047256086417,,0,EMS,EMS,5,Western
EMS_0132,Zephyr Circuits - Malta,5,North America,PCB assembly,0.8445546166607635,,0,EMS,EMS,5,Western
EMS_0133,Yarrow Manufacturing - Xi'an,5,China,PCB assembly,0.5374758914457839,,0,EMS,EMS,5,East Asia
EMS_0134,Umber Manufacturing - Grenoble,5,Europe,Sensor module,1.7198095798998765,,0,EMS,EMS,5,Western
EMS_0135,Gethin Circuits - Tianjin,5,China,PCB assembly,1.260540750651884,,0,EMS,EMS,5,East Asia
EMS_0136,Mordant Assemblies - Malta,5,North America,PCB assembly,0.19473253454832465,,0,EMS,EMS,5,Western
EMS_0137,Solvex Assemblies - Austin,5,North America,PCB assembly,0.9752503065653503,,0,EMS,EMS,5,Western
EMS_0138,Ember Electronics - Guadalajara,5,North America,PCB assembly,4.17676098468161,,0,EMS,EMS,5,Western
EMS_0139,Ferrin Assemblies - Batam,5,Southeast Asia,PCB assembly,0.7165941187166744,,0,EMS,EMS,5,East Asia
EMS_0140,Dyne Assemblies - Penang,5,Southeast Asia,PCB assembly,0.8268490768325389,,0,EMS,EMS,5,East Asia
EMS_0141,Dyne Assemblies - Wuxi,5,China,PCB assembly,1.802683282352202,,0,EMS,EMS,5,East Asia
EMS_0142,Wexler Assemblies - Pyeongtaek,5,Korea,Sensor module,0.5237398711090158,,0,EMS,EMS,5,East Asia
EMS_0143,Dyne Assemblies - Shanghai,5,China,PCB assembly,0.18174428155178682,,0,EMS,EMS,5,East Asia
EMS_0144,Quill Manufacturing - Wuxi,5,China,PCB assembly,0.32136824406948167,,0,EMS,EMS,5,East Asia
EMS_0145,Thorne Circuits - Dalian 3,5,China,PCB assembly,1.682878140452284,,0,EMS,EMS,5,East Asia
EMS_0146,Ulvid Electronics - Dalian,5,China,PCB assembly,2.6837813827807078,,0,EMS,EMS,5,East Asia
EMS_0147,Ember Circuits - Ottawa,5,North America,PCB assembly,2.6471390192006132,,0,EMS,EMS,5,Western
EMS_0148,Thorne Circuits - Tianjin,5,China,PCB assembly,0.7324463579771787,,0,EMS,EMS,5,East Asia
EMS_0149,Granth Circuits - Chandler,5,North America,PCB assembly,1.450159121694417,,0,EMS,EMS,5,Western
EMS_0150,Wexler Electronics - Batangas,5,Southeast Asia,PCB assembly,2.747207085680487,,0,EMS,EMS,5,East Asia
EMS_0151,Oxbow Manufacturing - Chengdu,5,China,PCB assembly,0.27607054405441506,,0,EMS,EMS,5,East Asia
EMS_0152,Granth Manufacturing - Chengdu,5,China,PCB assembly,0.6479530963857507,,0,EMS,EMS,5,East Asia
EMS_0153,Wend Manufacturing - Tianjin,5,China,Sensor module,0.43006727394958955,,0,EMS,EMS,5,East Asia
EMS_0154,Calder Assemblies - Ottawa,5,North America,Sensor module,1.9661881898196136,,0,EMS,EMS,5,Western
EMS_0155,Wend Assemblies - Grenoble,5,Europe,PCB assembly,2.267400046559544,,0,EMS,EMS,5,Western
EMS_0156,Cortex Manufacturing - Dalian,5,China,Power module,1.4653227372241249,,0,EMS,EMS,5,East Asia
EMS_0157,Dyne Circuits - Dalian,5,China,PCB assembly,0.7884204106430684,,0,EMS,EMS,5,East Asia
EMS_0158,Holt Electronics - Batam,5,Southeast Asia,PCB assembly,1.1635250871651714,,0,EMS,EMS,5,East Asia
EMS_0159,Ember Manufacturing - Bac Ninh,5,Southeast Asia,Power module,2.0053834430531396,,0,EMS,EMS,5,East Asia
EMS_0160,Ivex Manufacturing - Hillsboro,5,North America,PCB assembly,0.5108920482178311,,0,EMS,EMS,5,Western
EMS_0161,Mordant Circuits - Shenzhen,5,China,Power module,0.5977640384011793,,0,EMS,EMS,5,East Asia
EMS_0162,Belan Electronics - Tainan,5,Taiwan,Power module,0.5712024232184125,,0,EMS,EMS,5,East Asia
EMS_0163,Wend Manufacturing - Chengdu,5,China,Sensor module,1.3441694603569594,,0,EMS,EMS,5,East Asia
EMS_0164,Dyne Circuits - Chengdu,5,China,PCB assembly,2.6692941656930143,,0,EMS,EMS,5,East Asia
EMS_0165,Halcy Electronics - Shenzhen 2,5,China,Sensor module,1.2301026179251515,,0,EMS,EMS,5,East Asia
EMS_0166,Isar Manufacturing - Chengdu,5,China,PCB assembly,0.48904377834388524,,0,EMS,EMS,5,East Asia
EMS_0167,Wexler Electronics - Dalian,5,China,PCB assembly,1.6533185024374952,,0,EMS,EMS,5,East Asia
EMS_0168,Trellis Assemblies - Tianjin,5,China,PCB assembly,1.2555755975883185,,0,EMS,EMS,5,East Asia
EMS_0169,Solvex Electronics - Dresden,5,Europe,PCB assembly,5.8580979302702545,,0,EMS,EMS,5,Western
EMS_0170,Elstow Manufacturing - Leixlip,5,Europe,PCB assembly,1.5177262788348156,,0,EMS,EMS,5,Western
EMS_0171,Granth Circuits - Sanand,5,South Asia,PCB assembly,0.7989274242022939,,0,EMS,EMS,5,Unaligned
EMS_0172,Wexler Electronics - Xi'an,5,China,PCB assembly,0.3257321322367258,,0,EMS,EMS,5,East Asia
EMS_0173,Vantor Electronics - Batangas,5,Southeast Asia,PCB assembly,0.9105974298280581,,0,EMS,EMS,5,East Asia
EMS_0174,Ember Manufacturing - Chandler,5,North America,PCB assembly,0.7880987679820193,,0,EMS,EMS,5,Western
EMS_0175,Renbeck Manufacturing - Tianjin,5,China,PCB assembly,0.4261655493288527,,0,EMS,EMS,5,East Asia
EMS_0176,Gethin Manufacturing - Dalian,5,China,PCB assembly,0.4779746451528032,,0,EMS,EMS,5,East Asia
EMS_0177,Oxbow Assemblies - Xi'an,5,China,Power module,0.9603589979549789,,0,EMS,EMS,5,East Asia
EMS_0178,Noral Circuits - Bac Ninh,5,Southeast Asia,PCB assembly,1.3661447652120458,,0,EMS,EMS,5,East Asia
EMS_0179,Belan Manufacturing - Hyderabad,5,South Asia,Power module,0.3559214273547066,,0,EMS,EMS,5,Unaligned
EMS_0180,Calder Manufacturing - Tianjin,5,China,PCB assembly,1.4838063217226407,,0,EMS,EMS,5,East Asia
EMS_0181,Isar Manufacturing - Dalian,5,China,PCB assembly,0.46349052893540676,,0,EMS,EMS,5,East Asia
EMS_0182,Verity Assemblies - Chengdu,5,China,Sensor module,0.38720648926527246,,0,EMS,EMS,5,East Asia
EMS_0183,Zephyr Circuits - Kaohsiung,5,Taiwan,PCB assembly,1.5616234952059924,,0,EMS,EMS,5,East Asia
EMS_0184,Belan Manufacturing - Taichung,5,Taiwan,Power module,1.0658777844523435,,0,EMS,EMS,5,East Asia
EMS_0185,Kestrel Electronics - Tianjin,5,China,PCB assembly,0.7949841556205177,,0,EMS,EMS,5,East Asia
EMS_0186,Doran Manufacturing - Shenzhen,5,China,Power module,3.229381251259437,,0,EMS,EMS,5,East Asia
EMS_0187,Dyne Electronics - Bangkok,5,Southeast Asia,PCB assembly,1.9160460426098878,,0,EMS,EMS,5,East Asia
EMS_0188,Wend Electronics - Sanand,5,South Asia,PCB assembly,2.060136603353353,,0,EMS,EMS,5,Unaligned
EMS_0189,Trellis Circuits - Malta,5,North America,PCB assembly,4.223151622751101,,0,EMS,EMS,5,Western
EMS_0190,Ivex Assemblies - Chandler,5,North America,PCB assembly,0.11528374043886926,,0,EMS,EMS,5,Western
EMS_0191,Yarrow Circuits - Sanand,5,South Asia,PCB assembly,3.3626741347957716,,0,EMS,EMS,5,Unaligned
EMS_0192,Isar Manufacturing - Cheongju,5,Korea,PCB assembly,1.312106912848579,,0,EMS,EMS,5,East Asia
EMS_0193,Dyne Assemblies - Xi'an,5,China,Sensor module,4.723377294014124,,0,EMS,EMS,5,East Asia
EMS_0194,Jarn Electronics - Hsinchu,5,Taiwan,Sensor module,3.0158454543435638,,0,EMS,EMS,5,East Asia
EMS_0195,Gethin Electronics - Guadalajara,5,North America,PCB assembly,0.5722980821230732,,0,EMS,EMS,5,Western
EMS_0196,Korrin Circuits - Wuxi,5,China,PCB assembly,0.8245907523697538,,0,EMS,EMS,5,East Asia
EMS_0197,Ader Manufacturing - Batam,5,Southeast Asia,PCB assembly,1.7916479252710051,,0,EMS,EMS,5,East Asia
EMS_0198,Calder Electronics - Dalian,5,China,PCB assembly,1.2603499468405526,,0,EMS,EMS,5,East Asia
EMS_0199,Thorne Manufacturing - Taoyuan,5,Taiwan,Power module,2.767042444721255,,0,EMS,EMS,5,East Asia
EMS_0200,Rivet Assemblies - Penang,5,Southeast Asia,Sensor module,0.22815116045968312,,0,EMS,EMS,5,East Asia
EMS_0201,Jarn Manufacturing - Icheon,5,Korea,PCB assembly,2.8855261517913564,,0,EMS,EMS,5,East Asia
EMS_0202,Stade Electronics - Penang,5,Southeast Asia,PCB assembly,1.9148900499975816,,0,EMS,EMS,5,East Asia
EMS_0203,Renbeck Circuits - Taoyuan,5,Taiwan,Power module,5.93573057827231,,0,EMS,EMS,5,East Asia
EMS_0204,Lumen Circuits - Dresden,5,Europe,Sensor module,0.7879332498750904,,0,EMS,EMS,5,Western
EMS_0205,Granth Manufacturing - Chengdu 2,5,China,Power module,1.475543186432371,,0,EMS,EMS,5,East Asia
EMS_0206,Xanthe Manufacturing - Bac Ninh,5,Southeast Asia,PCB assembly,0.33072133599775244,,0,EMS,EMS,5,East Asia
EMS_0207,Alder Electronics - Chengdu,5,China,PCB assembly,1.1453086479321535,,0,EMS,EMS,5,East Asia
EMS_0208,Lethe Electronics - Xi'an,5,China,PCB assembly,2.118385584890717,,0,EMS,EMS,5,East Asia
EMS_0209,Trellis Electronics - Wuxi,5,China,PCB assembly,0.3790180639761234,,0,EMS,EMS,5,East Asia
EMS_0210,Prendel Electronics - Bengaluru,5,South Asia,PCB assembly,0.35795150049946056,,0,EMS,EMS,5,Unaligned
EMS_0211,Mordant Assemblies - Wuxi,5,China,PCB assembly,0.3481165417229392,,0,EMS,EMS,5,East Asia
EMS_0212,Trellis Electronics - Hyderabad 2,5,South Asia,PCB assembly,0.9786468529884195,,0,EMS,EMS,5,Unaligned
EMS_0213,Ivex Assemblies - Tianjin,5,China,PCB assembly,0.772976041118727,,0,EMS,EMS,5,East Asia
EMS_0214,Vantor Assemblies - Eindhoven,5,Europe,PCB assembly,0.512628200011478,,0,EMS,EMS,5,Western
EMS_0215,Jorel Manufacturing - Tianjin,5,China,PCB assembly,0.7561145981122899,,0,EMS,EMS,5,East Asia
EMS_0216,Ferrin Manufacturing - Wuxi,5,China,Sensor module,0.3645951922573004,,0,EMS,EMS,5,East Asia
EMS_0217,Verity Electronics - Tianjin,5,China,Sensor module,1.4742035346033635,,0,EMS,EMS,5,East Asia
EMS_0218,Verity Assemblies - Guadalajara,5,North America,Power module,1.363113295015348,,0,EMS,EMS,5,Western
EMS_0219,Umber Electronics - Crolles,5,Europe,PCB assembly,1.8590432604320064,,0,EMS,EMS,5,Western
EMS_0220,Dyne Assemblies - Ottawa,5,North America,PCB assembly,0.7355819735551168,,0,EMS,EMS,5,Western
EMS_0221,Ulvid Manufacturing - Grenoble,5,Europe,Power module,2.2026408428252875,,0,EMS,EMS,5,Western
EMS_0222,Renbeck Electronics - Dresden,5,Europe,PCB assembly,0.6020366671305337,,0,EMS,EMS,5,Western
EMS_0223,Noral Electronics - Wuxi,5,China,PCB assembly,0.524607608110744,,0,EMS,EMS,5,East Asia
EMS_0224,Gethin Assemblies - Hsinchu,5,Taiwan,Sensor module,0.39935402381159724,,0,EMS,EMS,5,East Asia
EMS_0225,Ystad Assemblies - Batam,5,Southeast Asia,PCB assembly,0.5637792705484164,,0,EMS,EMS,5,East Asia
EMS_0226,Ulvid Assemblies - Austin,5,North America,PCB assembly,1.9131767703973024,,0,EMS,EMS,5,Western
EMS_0227,Wend Assemblies - Xi'an,5,China,PCB assembly,2.664491268221178,,0,EMS,EMS,5,East Asia
EMS_0228,Halcy Circuits - Chandler,5,North America,PCB assembly,0.6298781639741765,,0,EMS,EMS,5,Western
EMS_0229,Trellis Electronics - Pyeongtaek,5,Korea,PCB assembly,1.0839525765805818,,0,EMS,EMS,5,East Asia
EMS_0230,Prendel Electronics - Tianjin,5,China,PCB assembly,0.34859595132838417,,0,EMS,EMS,5,East Asia
EMS_0231,Calder Circuits - Shanghai,5,China,PCB assembly,0.2149131680174541,,0,EMS,EMS,5,East Asia
EMS_0232,Mervi Assemblies - Xi'an,5,China,PCB assembly,0.8324221224302335,,0,EMS,EMS,5,East Asia
EMS_0233,Lumen Electronics - Bac Ninh 2,5,Southeast Asia,PCB assembly,5.5695977876239295,,0,EMS,EMS,5,East Asia
EMS_0234,Trellis Manufacturing - Wuxi,5,China,PCB assembly,0.9245038976102121,,0,EMS,EMS,5,East Asia
EMS_0235,Wexler Manufacturing - Tianjin,5,China,PCB assembly,0.28054375117496294,,0,EMS,EMS,5,East Asia
EMS_0236,Holt Circuits - Xi'an 2,5,China,Power module,0.25465976498789045,,0,EMS,EMS,5,East Asia
EMS_0237,Renbeck Electronics - Sanand,5,South Asia,Sensor module,0.7213860109694016,,0,EMS,EMS,5,Unaligned
EMS_0238,Wend Assemblies - Tianjin,5,China,Sensor module,0.9156568769491348,,0,EMS,EMS,5,East Asia
EMS_0239,Yarrow Circuits - Chengdu,5,China,Power module,0.3861206706225304,,0,EMS,EMS,5,East Asia
EMS_0240,Kestrel Electronics - Tainan,5,Taiwan,PCB assembly,0.4751059206438657,,0,EMS,EMS,5,East Asia
EMS_0241,Rivet Assemblies - Hwaseong,5,Korea,PCB assembly,1.5204624679580574,,0,EMS,EMS,5,East Asia
EMS_0242,Rivet Manufacturing - Wuxi,5,China,PCB assembly,0.5198540044314504,,0,EMS,EMS,5,East Asia
EMS_0243,Oxbow Electronics - Sanand,5,South Asia,Power module,0.26238391896101737,,0,EMS,EMS,5,Unaligned
EMS_0244,Doran Assemblies - Batangas,5,Southeast Asia,PCB assembly,2.083090640823798,,0,EMS,EMS,5,East Asia
EMS_0245,Calder Circuits - Sanand,5,South Asia,Sensor module,1.464450551627004,,0,EMS,EMS,5,Unaligned
EMS_0246,Lethe Manufacturing - Austin,5,North America,Sensor module,2.1556797308549047,,0,EMS,EMS,5,Western
EMS_0247,Zephyr Circuits - Batangas,5,Southeast Asia,PCB assembly,0.9487919729283938,,0,EMS,EMS,5,East Asia
EMS_0248,Renbeck Assemblies - Sanand,5,South Asia,PCB assembly,1.0083478468202718,,0,EMS,EMS,5,Unaligned
EMS_0249,Quill Manufacturing - Sendai,5,Japan,PCB assembly,0.7815046130417175,,0,EMS,EMS,5,East Asia
EMS_0250,Korrin Manufacturing - Tainan,5,Taiwan,Power module,0.32977504232676336,,0,EMS,EMS,5,East Asia
EMS_0251,Umber Manufacturing - Taoyuan,5,Taiwan,Power module,0.9034367421208633,,0,EMS,EMS,5,East Asia
EMS_0252,Solvex Circuits - Guadalajara,5,North America,Power module,1.1630046275661412,,0,EMS,EMS,5,Western
EMS_0253,Lumen Manufacturing - Wuxi,5,China,PCB assembly,0.4263506588094597,,0,EMS,EMS,5,East Asia
EMS_0254,Verity Assemblies - Tainan,5,Taiwan,Sensor module,0.8803686252455973,,0,EMS,EMS,5,East Asia
EMS_0255,Thorne Electronics - Ottawa,5,North America,PCB assembly,1.819126006347031,,0,EMS,EMS,5,Western
EMS_0256,Elstow Circuits - Tianjin,5,China,PCB assembly,0.6619879358829326,,0,EMS,EMS,5,East Asia
EMS_0257,Zephyr Assemblies - Wuxi,5,China,Power module,0.7698388987429436,,0,EMS,EMS,5,East Asia
EMS_0258,Cortex Electronics - Tianjin,5,China,PCB assembly,0.8218432475570402,,0,EMS,EMS,5,East Asia
EMS_0259,Faryn Circuits - Hillsboro,5,North America,Power module,0.6014627515700897,,0,EMS,EMS,5,Western
EMS_0260,Dyne Assemblies - Austin,5,North America,PCB assembly,0.9436831328399883,,0,EMS,EMS,5,Western
EMS_0261,Gethin Electronics - Leixlip,5,Europe,Power module,0.4580739692004486,,0,EMS,EMS,5,Western
EMS_0262,Rivet Electronics - Eindhoven,5,Europe,Power module,0.47226209653562107,,0,EMS,EMS,5,Western
EMS_0263,Ulvid Electronics - Batam,5,Southeast Asia,PCB assembly,3.1797917177164177,,0,EMS,EMS,5,East Asia
EMS_0264,Zephyr Assemblies - Bangkok,5,Southeast Asia,Power module,1.5823883191820662,,0,EMS,EMS,5,East Asia
EMS_0265,Yarrow Circuits - Dalian,5,China,PCB assembly,0.6830872495166411,,0,EMS,EMS,5,East Asia
EMS_0266,Belan Assemblies - Penang,5,Southeast Asia,PCB assembly,0.3326329414275396,,0,EMS,EMS,5,East Asia
EMS_0267,Stade Circuits - Crolles,5,Europe,PCB assembly,0.254914103526562,,0,EMS,EMS,5,Western
EMS_0268,Vantor Assemblies - Shenzhen,5,China,Sensor module,0.9458840189783628,,0,EMS,EMS,5,East Asia
EMS_0269,Quarn Manufacturing - Shenzhen,5,China,PCB assembly,3.0049930825790185,,0,EMS,EMS,5,East Asia
EMS_0270,Solvex Circuits - Shanghai,5,China,PCB assembly,0.12031145143432105,,0,EMS,EMS,5,East Asia
EMS_0271,Prendel Electronics - Crolles,5,Europe,PCB assembly,0.4207681897477041,,0,EMS,EMS,5,Western
EMS_0272,Dyne Assemblies - Chandler,5,North America,Power module,0.2720303145227472,,0,EMS,EMS,5,Western
EMS_0273,Nevin Assemblies - Hsinchu,5,Taiwan,PCB assembly,1.2703210543598025,,0,EMS,EMS,5,East Asia
EMS_0274,Isar Circuits - Bangkok,5,Southeast Asia,Power module,0.23027220225212147,,0,EMS,EMS,5,East Asia
EMS_0275,Mordant Circuits - Wuxi,5,China,PCB assembly,1.3462120277746796,,0,EMS,EMS,5,East Asia
EMS_0276,Orvid Electronics - Ottawa,5,North America,Sensor module,2.659869998818081,,0,EMS,EMS,5,Western
EMS_0277,Ystad Manufacturing - Shenzhen,5,China,Sensor module,0.5821506609054311,,0,EMS,EMS,5,East Asia
EMS_0278,Mordant Electronics - Wuxi,5,China,Power module,1.6065079324408897,,0,EMS,EMS,5,East Asia
EMS_0279,Halcy Circuits - Hyderabad,5,South Asia,PCB assembly,0.4801837275172378,,0,EMS,EMS,5,Unaligned
EMS_0280,Mervi Assemblies - Dalian,5,China,Power module,1.620440330436581,,0,EMS,EMS,5,East Asia
EMS_0281,Ystad Circuits - Singapore,5,Southeast Asia,PCB assembly,0.8636649774725745,,0,EMS,EMS,5,East Asia
EMS_0282,Trellis Manufacturing - Shanghai,5,China,Power module,0.2565595075503121,,0,EMS,EMS,5,East Asia
EMS_0283,Holt Manufacturing - Penang,5,Southeast Asia,PCB assembly,5.260165884835149,,0,EMS,EMS,5,East Asia
EMS_0284,Elstow Circuits - Hiroshima,5,Japan,PCB assembly,0.16555120165977563,,0,EMS,EMS,5,East Asia
EMS_0285,Stade Assemblies - Hwaseong,5,Korea,PCB assembly,0.2062538342856492,,0,EMS,EMS,5,East Asia
EMS_0286,Belan Manufacturing - Batam,5,Southeast Asia,Sensor module,1.7742176476329272,,0,EMS,EMS,5,East Asia
EMS_0287,Vantor Assemblies - Wuxi,5,China,Sensor module,1.0469276384736321,,0,EMS,EMS,5,East Asia
EMS_0288,Vantor Assemblies - Crolles,5,Europe,Power module,0.8609659615531763,,0,EMS,EMS,5,Western
EMS_0289,Ader Assemblies - Dalian,5,China,PCB assembly,2.322126450359797,,0,EMS,EMS,5,East Asia
EMS_0290,Trellis Electronics - Penang,5,Southeast Asia,PCB assembly,2.1936074999493496,,0,EMS,EMS,5,East Asia
EMS_0291,Dyne Electronics - Chandler,5,North America,Power module,0.3149431387141898,,0,EMS,EMS,5,Western
EMS_0292,Ader Assemblies - Wuxi,5,China,PCB assembly,1.4274348523681686,,0,EMS,EMS,5,East Asia
EMS_0293,Elstow Circuits - Bangkok,5,Southeast Asia,PCB assembly,2.813469612748908,,0,EMS,EMS,5,East Asia
EMS_0294,Zephyr Electronics - Tianjin,5,China,PCB assembly,1.298607477952844,,0,EMS,EMS,5,East Asia
EMS_0295,Yarrow Circuits - Villach,5,Europe,PCB assembly,0.5334210813489974,,0,EMS,EMS,5,Western
EMS_0296,Prendel Manufacturing - Shenzhen,5,China,Power module,0.9770856192200759,,0,EMS,EMS,5,East Asia
EMS_0297,Mordant Electronics - Hyderabad,5,South Asia,Power module,1.188550665310149,,0,EMS,EMS,5,Unaligned
EMS_0298,Stade Assemblies - Kaohsiung,5,Taiwan,PCB assembly,1.0532092688517305,,0,EMS,EMS,5,East Asia
EMS_0299,Holt Assemblies - Kaohsiung,5,Taiwan,PCB assembly,2.382275429563433,,0,EMS,EMS,5,East Asia
EMS_0300,Quarn Manufacturing - Austin,5,North America,PCB assembly,0.565343333856184,,0,EMS,EMS,5,Western
EMS_0301,Faryn Assemblies - Dalian,5,China,Sensor module,1.805053498160817,,0,EMS,EMS,5,East Asia
EMS_0302,Wexler Assemblies - Wuxi,5,China,Power module,0.3317888403991772,,0,EMS,EMS,5,East Asia
EMS_0303,Zephyr Circuits - Xi'an,5,China,Sensor module,0.8874856449791105,,0,EMS,EMS,5,East Asia
EMS_0304,Ivex Electronics - Singapore,5,Southeast Asia,PCB assembly,0.5245276742390593,,0,EMS,EMS,5,East Asia
EMS_0305,Alder Manufacturing - Bangkok,5,Southeast Asia,Power module,0.9326364445863269,,0,EMS,EMS,5,East Asia
EMS_0306,Renbeck Electronics - Shanghai,5,China,Power module,1.6426248909161105,,0,EMS,EMS,5,East Asia
EMS_0307,Noral Electronics - Xi'an,5,China,Power module,1.1897052912816417,,0,EMS,EMS,5,East Asia
EMS_0308,Jarn Manufacturing - Bac Ninh,5,Southeast Asia,Sensor module,1.7905309634272342,,0,EMS,EMS,5,East Asia
EMS_0309,Kestrel Circuits - Hillsboro,5,North America,PCB assembly,1.7204449311375538,,0,EMS,EMS,5,Western
EMS_0310,Granth Manufacturing - Dalian,5,China,PCB assembly,1.269304685094057,,0,EMS,EMS,5,East Asia
EMS_0311,Ystad Manufacturing - Chengdu,5,China,PCB assembly,0.4599308050542237,,0,EMS,EMS,5,East Asia
EMS_0312,Noral Assemblies - Villach,5,Europe,PCB assembly,2.5958938330176693,,0,EMS,EMS,5,Western
EMS_0313,Umber Assemblies - Tianjin,5,China,PCB assembly,0.32743137520725457,,0,EMS,EMS,5,East Asia
EMS_0314,Lethe Assemblies - Gumi,5,Korea,Power module,0.5194872067166221,,0,EMS,EMS,5,East Asia
EMS_0315,Renbeck Assemblies - Batam,5,Southeast Asia,Power module,1.8255827868453944,,0,EMS,EMS,5,East Asia
EMS_0316,Jarn Manufacturing - Xi'an,5,China,Sensor module,10.108945730670362,,0,EMS,EMS,5,East Asia
EMS_0317,Solvex Manufacturing - Austin,5,North America,PCB assembly,0.41130389880523693,,0,EMS,EMS,5,Western
EMS_0318,Oxbow Electronics - Dalian,5,China,PCB assembly,4.558709871703533,,0,EMS,EMS,5,East Asia
EMS_0319,Mordant Circuits - Batangas,5,Southeast Asia,Power module,0.5836537778864662,,0,EMS,EMS,5,East Asia
EMS_0320,Quarn Circuits - Shanghai,5,China,PCB assembly,3.653354592739809,,0,EMS,EMS,5,East Asia
EMS_0321,Korrin Manufacturing - Batam,5,Southeast Asia,Power module,0.2717157995344484,,0,EMS,EMS,5,East Asia
EMS_0322,Verity Electronics - Hyderabad,5,South Asia,PCB assembly,3.6372057625732634,,0,EMS,EMS,5,Unaligned
EMS_0323,Stade Circuits - Bac Ninh,5,Southeast Asia,PCB assembly,0.37322317098334856,,0,EMS,EMS,5,East Asia
EMS_0324,Umber Circuits - Ottawa,5,North America,PCB assembly,0.6919354990386591,,0,EMS,EMS,5,Western
EMS_0325,Isar Electronics - Singapore,5,Southeast Asia,Power module,3.049988070326693,,0,EMS,EMS,5,East Asia
EMS_0326,Lumen Assemblies - Chengdu,5,China,PCB assembly,10.033080215784915,,0,EMS,EMS,5,East Asia
EMS_0327,Zephyr Assemblies - Xi'an,5,China,PCB assembly,2.8117010812176395,,0,EMS,EMS,5,East Asia
EMS_0328,Ember Circuits - Taoyuan,5,Taiwan,PCB assembly,0.7443176015270049,,0,EMS,EMS,5,East Asia
EMS_0329,Umber Manufacturing - Chengdu,5,China,PCB assembly,2.9909872451010155,,0,EMS,EMS,5,East Asia
EMS_0330,Dyne Electronics - Xi'an,5,China,Power module,1.4928899331586833,,0,EMS,EMS,5,East Asia
EMS_0331,Xanthe Circuits - Shanghai 2,5,China,Power module,0.5287737347745082,,0,EMS,EMS,5,East Asia
EMS_0332,Zephyr Manufacturing - Sanand,5,South Asia,Power module,2.730519298797371,,0,EMS,EMS,5,Unaligned
EMS_0333,Renbeck Assemblies - Dalian,5,China,Sensor module,0.8975052083830641,,0,EMS,EMS,5,East Asia
EMS_0334,Mervi Manufacturing - Malta,5,North America,Power module,0.32807308504538446,,0,EMS,EMS,5,Western
EMS_0335,Brant Electronics - Singapore,5,Southeast Asia,PCB assembly,0.791566666801791,,0,EMS,EMS,5,East Asia
EMS_0336,Korrin Assemblies - Tianjin,5,China,Power module,1.0377842372577077,,0,EMS,EMS,5,East Asia
EMS_0337,Belan Assemblies - Eindhoven,5,Europe,PCB assembly,0.9197368393681028,,0,EMS,EMS,5,Western
EMS_0338,Mordant Electronics - Hsinchu,5,Taiwan,PCB assembly,0.8283563449778311,,0,EMS,EMS,5,East Asia
EMS_0339,Mordant Circuits - Wuxi 2,5,China,PCB assembly,0.39343869431818673,,0,EMS,EMS,5,East Asia
EMS_0340,Kestrel Electronics - Tianjin 2,5,China,Power module,1.095452421317231,,0,EMS,EMS,5,East Asia
EMS_0341,Oxbow Electronics - Hsinchu,5,Taiwan,Power module,1.1258892313515658,,0,EMS,EMS,5,East Asia
EMS_0342,Kestrel Assemblies - Austin,5,North America,Sensor module,2.507280554963726,,0,EMS,EMS,5,Western
EMS_0343,Zephyr Electronics - Hillsboro,5,North America,PCB assembly,2.709428599950959,,0,EMS,EMS,5,Western
EMS_0344,Jorel Circuits - Bangkok,5,Southeast Asia,PCB assembly,1.4522946693558958,,0,EMS,EMS,5,East Asia
EMS_0345,Prendel Assemblies - Bac Ninh,5,Southeast Asia,Sensor module,1.5353928449514351,,0,EMS,EMS,5,East Asia
EMS_0346,Kestrel Circuits - Hyderabad,5,South Asia,PCB assembly,1.9574037924653411,,0,EMS,EMS,5,Unaligned
EMS_0347,Umber Assemblies - Ottawa,5,North America,Power module,0.35622254970994083,,0,EMS,EMS,5,Western
EMS_0348,Mervi Electronics - Sendai,5,Japan,PCB assembly,0.7138886985854577,,0,EMS,EMS,5,East Asia
EMS_0349,Zephyr Electronics - Chengdu,5,China,Power module,0.8838656140522854,,0,EMS,EMS,5,East Asia
EMS_0350,Nevin Assemblies - Malta,5,North America,PCB assembly,0.5361775992254304,,0,EMS,EMS,5,Western
EMS_0351,Thorne Manufacturing - Bengaluru,5,South Asia,Power module,0.6233005106474865,,0,EMS,EMS,5,Unaligned
EMS_0352,Prendel Electronics - Hillsboro,5,North America,Power module,1.1846142841849723,,0,EMS,EMS,5,Western
EMS_0353,Brant Manufacturing - Guadalajara,5,North America,PCB assembly,0.22878355558397953,,0,EMS,EMS,5,Western
EMS_0354,Doran Manufacturing - Hwaseong,5,Korea,PCB assembly,1.1968878468342714,,0,EMS,EMS,5,East Asia
EMS_0355,Ferrin Circuits - Dresden,5,Europe,PCB assembly,1.4259971195529542,,0,EMS,EMS,5,Western
EMS_0356,Trellis Manufacturing - Taoyuan,5,Taiwan,Power module,1.7276062172832034,,0,EMS,EMS,5,East Asia
EMS_0357,Faryn Circuits - Eindhoven,5,Europe,Sensor module,0.7381169071999232,,0,EMS,EMS,5,Western
EMS_0358,Alder Assemblies - Dresden,5,Europe,Sensor module,0.3565558637635116,,0,EMS,EMS,5,Western
EMS_0359,Vantor Electronics - Shenzhen,5,China,PCB assembly,2.4797679126996766,,0,EMS,EMS,5,East Asia
EMS_0360,Ader Assemblies - Penang,5,Southeast Asia,Power module,10.45975312019923,,0,EMS,EMS,5,East Asia
EMS_0361,Alder Electronics - Dalian,5,China,Sensor module,2.797191868575552,,0,EMS,EMS,5,East Asia
EMS_0362,Jarn Electronics - Penang,5,Southeast Asia,PCB assembly,0.7740457001069443,,0,EMS,EMS,5,East Asia
EMS_0363,Verity Circuits - Dalian,5,China,PCB assembly,1.188429214826076,,0,EMS,EMS,5,East Asia
EMS_0364,Quill Electronics - Hillsboro,5,North America,PCB assembly,1.327891216827781,,0,EMS,EMS,5,Western
EMS_0365,Quarn Manufacturing - Malta,5,North America,PCB assembly,0.14143590686149746,,0,EMS,EMS,5,Western
EMS_0366,Ember Manufacturing - Shenzhen,5,China,PCB assembly,1.3588892385650195,,0,EMS,EMS,5,East Asia
EMS_0367,Palter Manufacturing - Austin,5,North America,PCB assembly,0.302237636969421,,0,EMS,EMS,5,Western
EMS_0368,Elstow Electronics - Xi'an,5,China,PCB assembly,1.8854150045080726,,0,EMS,EMS,5,East Asia
EMS_0369,Brant Manufacturing - Malta,5,North America,Sensor module,0.8553658060213882,,0,EMS,EMS,5,Western
EMS_0370,Noral Assemblies - Kaohsiung,5,Taiwan,PCB assembly,2.0842259997988775,,0,EMS,EMS,5,East Asia
EMS_0371,Oxbow Electronics - Hillsboro,5,North America,PCB assembly,0.4332995555711839,,0,EMS,EMS,5,Western
EMS_0372,Oxbow Assemblies - Austin,5,North America,PCB assembly,0.6107764654717592,,0,EMS,EMS,5,Western
EMS_0373,Dyne Manufacturing - Chengdu,5,China,PCB assembly,1.2576443279631904,,0,EMS,EMS,5,East Asia
EMS_0374,Ystad Manufacturing - Shanghai,5,China,Sensor module,1.2751132374317282,,0,EMS,EMS,5,East Asia
EMS_0375,Nevin Assemblies - Pune,5,South Asia,PCB assembly,1.8359129673133312,,0,EMS,EMS,5,Unaligned
EMS_0376,Stade Circuits - Malta,5,North America,Power module,0.25463604710225596,,0,EMS,EMS,5,Western
EMS_0377,Ader Circuits - Chengdu,5,China,Sensor module,0.4420599626701668,,0,EMS,EMS,5,East Asia
EMS_0378,Halcy Assemblies - Batam,5,Southeast Asia,PCB assembly,0.47342471411915515,,0,EMS,EMS,5,East Asia
EMS_0379,Ferrin Manufacturing - Shanghai,5,China,PCB assembly,1.095025170752843,,0,EMS,EMS,5,East Asia
EMS_0380,Oxbow Circuits - Xi'an,5,China,PCB assembly,1.5241630317521295,,0,EMS,EMS,5,East Asia
EMS_0381,Dyne Circuits - Hillsboro,5,North America,PCB assembly,0.8673393412285954,,0,EMS,EMS,5,Western
EMS_0382,Alder Electronics - Tianjin,5,China,PCB assembly,1.3219159639277043,,0,EMS,EMS,5,East Asia
EMS_0383,Faryn Assemblies - Bangkok,5,Southeast Asia,PCB assembly,0.30872966685074965,,0,EMS,EMS,5,East Asia
EMS_0384,Vantor Assemblies - Shenzhen 2,5,China,Power module,0.39557923187140365,,0,EMS,EMS,5,East Asia
EMS_0385,Ivex Assemblies - Kaohsiung,5,Taiwan,PCB assembly,2.2976561608079447,,0,EMS,EMS,5,East Asia
EMS_0386,Wexler Manufacturing - Hsinchu,5,Taiwan,Power module,2.496237545362423,,0,EMS,EMS,5,East Asia
EMS_0387,Umber Electronics - Austin,5,North America,PCB assembly,1.8879742267225108,,0,EMS,EMS,5,Western
EMS_0388,Lethe Electronics - Chengdu,5,China,Sensor module,3.238472784517063,,0,EMS,EMS,5,East Asia
EMS_0389,Wexler Circuits - Guadalajara,5,North America,PCB assembly,1.6652840493012517,,0,EMS,EMS,5,Western
EMS_0390,Zephyr Electronics - Crolles,5,Europe,PCB assembly,3.3552383855469947,,0,EMS,EMS,5,Western
EMS_0391,Verity Manufacturing - Grenoble,5,Europe,Sensor module,0.6196996545948003,,0,EMS,EMS,5,Western
EMS_0392,Renbeck Assemblies - Wuxi,5,China,PCB assembly,5.36526354445722,,0,EMS,EMS,5,East Asia
EMS_0393,Korrin Manufacturing - Hiroshima,5,Japan,Power module,1.240422078814333,,0,EMS,EMS,5,East Asia
EMS_0394,Ader Circuits - Singapore,5,Southeast Asia,PCB assembly,2.9867701924969783,,0,EMS,EMS,5,East Asia
EMS_0395,Wend Assemblies - Batam,5,Southeast Asia,Power module,0.537229243795924,,0,EMS,EMS,5,East Asia
EMS_0396,Kestrel Manufacturing - Xi'an,5,China,PCB assembly,0.2545974633778779,,0,EMS,EMS,5,East Asia
EMS_0397,Stade Manufacturing - Austin,5,North America,PCB assembly,1.4526385847492327,,0,EMS,EMS,5,Western
EMS_0398,Elstow Electronics - Guadalajara,5,North America,PCB assembly,0.5696375123831913,,0,EMS,EMS,5,Western
EMS_0399,Rivet Assemblies - Dalian 2,5,China,PCB assembly,0.26991970941158366,,0,EMS,EMS,5,East Asia
EMS_0400,Granth Electronics - Wuxi,5,China,PCB assembly,0.21996577203450823,,0,EMS,EMS,5,East Asia
EMS_0401,Prendel Manufacturing - Villach,5,Europe,PCB assembly,12.103733375124405,,0,EMS,EMS,5,Western
EMS_0402,Verity Assemblies - Shanghai,5,China,PCB assembly,0.886122955634847,,0,EMS,EMS,5,East Asia
EMS_0403,Ferrin Assemblies - Tianjin,5,China,PCB assembly,0.33678193789052735,,0,EMS,EMS,5,East Asia
EMS_0404,Xanthe Circuits - Guadalajara,5,North America,PCB assembly,0.7362119663222154,,0,EMS,EMS,5,Western
EMS_0405,Vantor Electronics - Shanghai,5,China,Sensor module,0.5657169792875949,,0,EMS,EMS,5,East Asia
EMS_0406,Brant Manufacturing - Tianjin,5,China,Power module,2.31486076808882,,0,EMS,EMS,5,East Asia
EMS_0407,Korrin Manufacturing - Shenzhen,5,China,Sensor module,1.6369033517809732,,0,EMS,EMS,5,East Asia
EMS_0408,Xanthe Assemblies - Penang,5,Southeast Asia,PCB assembly,1.4885716309077577,,0,EMS,EMS,5,East Asia
EMS_0409,Kestrel Electronics - Shanghai,5,China,PCB assembly,2.0676612115325037,,0,EMS,EMS,5,East Asia
EMS_0410,Lumen Electronics - Taichung,5,Taiwan,PCB assembly,1.346607232764313,,0,EMS,EMS,5,East Asia
EMS_0411,Vantor Manufacturing - Hsinchu,5,Taiwan,PCB assembly,0.3292511583362434,,0,EMS,EMS,5,East Asia
EMS_0412,Yarrow Circuits - Shenzhen,5,China,PCB assembly,1.9832923770627582,,0,EMS,EMS,5,East Asia
EMS_0413,Calder Circuits - Wuxi,5,China,Power module,1.7271920970489614,,0,EMS,EMS,5,East Asia
EMS_0414,Ader Electronics - Penang,5,Southeast Asia,PCB assembly,2.2459123774703134,,0,EMS,EMS,5,East Asia
EMS_0415,Calder Assemblies - Hsinchu,5,Taiwan,PCB assembly,0.7179527610596182,,0,EMS,EMS,5,East Asia
EMS_0416,Xanthe Manufacturing - Bangkok,5,Southeast Asia,Power module,0.5256550998608607,,0,EMS,EMS,5,East Asia
EMS_0417,Verity Assemblies - Batam,5,Southeast Asia,Power module,0.8806601403761375,,0,EMS,EMS,5,East Asia
EMS_0418,Palter Circuits - Villach,5,Europe,Sensor module,1.6705289995285109,,0,EMS,EMS,5,Western
EMS_0419,Gethin Assemblies - Shenzhen,5,China,PCB assembly,0.7855499793172044,,0,EMS,EMS,5,East Asia
EMS_0420,Belan Assemblies - Sanand,5,South Asia,PCB assembly,0.8842305169744068,,0,EMS,EMS,5,Unaligned
EMS_0421,Solvex Circuits - Penang,5,Southeast Asia,PCB assembly,0.4212676737951517,,0,EMS,EMS,5,East Asia
EMS_0422,Stade Circuits - Sanand,5,South Asia,PCB assembly,1.3694185762905051,,0,EMS,EMS,5,Unaligned
EMS_0423,Calder Assemblies - Tianjin,5,China,Power module,0.5890055343105557,,0,EMS,EMS,5,East Asia
EMS_0424,Wend Electronics - Dalian,5,China,PCB assembly,1.919369439839123,,0,EMS,EMS,5,East Asia
EMS_0425,Cortex Electronics - Shanghai,5,China,PCB assembly,5.536794554937668,,0,EMS,EMS,5,East Asia
EMS_0426,Jorel Electronics - Wuxi,5,China,PCB assembly,0.8616659321054195,,0,EMS,EMS,5,East Asia
EMS_0427,Nevin Circuits - Chandler,5,North America,PCB assembly,3.062094825781955,,0,EMS,EMS,5,Western
EMS_0428,Halcy Electronics - Shanghai,5,China,Power module,0.8073020721080018,,0,EMS,EMS,5,East Asia
EMS_0429,Elstow Circuits - Hillsboro,5,North America,Sensor module,0.6779644744520852,,0,EMS,EMS,5,Western
EMS_0430,Jorel Assemblies - Batam,5,Southeast Asia,Power module,3.217199641360413,,0,EMS,EMS,5,East Asia
EMS_0431,Noral Circuits - Hsinchu,5,Taiwan,PCB assembly,0.8353107410180439,,0,EMS,EMS,5,East Asia
EMS_0432,Xanthe Assemblies - Leixlip,5,Europe,PCB assembly,2.1418282999887124,,0,EMS,EMS,5,Western
EMS_0433,Elstow Manufacturing - Tainan,5,Taiwan,PCB assembly,2.465117623771169,,0,EMS,EMS,5,East Asia
EMS_0434,Ferrin Circuits - Hillsboro,5,North America,PCB assembly,1.125505987835114,,0,EMS,EMS,5,Western
EMS_0435,Quarn Electronics - Xi'an,5,China,PCB assembly,1.8878453852729338,,0,EMS,EMS,5,East Asia
EMS_0436,Brant Electronics - Xi'an,5,China,PCB assembly,0.768779883392351,,0,EMS,EMS,5,East Asia
EMS_0437,Xanthe Electronics - Shanghai,5,China,PCB assembly,1.3115619817181994,,0,EMS,EMS,5,East Asia
EMS_0438,Rivet Manufacturing - Chengdu,5,China,PCB assembly,1.113717978712429,,0,EMS,EMS,5,East Asia
EMS_0439,Quill Electronics - Shanghai,5,China,PCB assembly,1.9997457815491062,,0,EMS,EMS,5,East Asia
EMS_0440,Halcy Electronics - Batangas,5,Southeast Asia,Power module,1.5932696776703092,,0,EMS,EMS,5,East Asia
EMS_0441,Vantor Assemblies - Pune,5,South Asia,PCB assembly,3.0557282162863855,,0,EMS,EMS,5,Unaligned
EMS_0442,Trellis Circuits - Chengdu,5,China,Sensor module,2.544170867164394,,0,EMS,EMS,5,East Asia
EMS_0443,Mervi Assemblies - Xi'an 2,5,China,Power module,1.4899479465239067,,0,EMS,EMS,5,East Asia
EMS_0444,Lethe Assemblies - Leixlip,5,Europe,Sensor module,0.3977218761527865,,0,EMS,EMS,5,Western
EMS_0445,Brant Manufacturing - Wuxi,5,China,PCB assembly,2.982536444732279,,0,EMS,EMS,5,East Asia
EMS_0446,Stade Manufacturing - Chengdu,5,China,PCB assembly,1.3089517168518021,,0,EMS,EMS,5,East Asia
EMS_0447,Holt Electronics - Bac Ninh,5,Southeast Asia,Power module,0.434009866432938,,0,EMS,EMS,5,East Asia
EMS_0448,Prendel Manufacturing - Austin,5,North America,Power module,1.5089151447127176,,0,EMS,EMS,5,Western
EMS_0449,Verity Circuits - Singapore,5,Southeast Asia,Power module,1.5366478691839411,,0,EMS,EMS,5,East Asia
EMS_0450,Mordant Circuits - Singapore,5,Southeast Asia,PCB assembly,0.9482182017615258,,0,EMS,EMS,5,East Asia
EMS_0451,Gethin Electronics - Guadalajara 2,5,North America,PCB assembly,2.288553215021144,,0,EMS,EMS,5,Western
EMS_0452,Trellis Manufacturing - Singapore,5,Southeast Asia,PCB assembly,3.6068309605416857,,0,EMS,EMS,5,East Asia
EMS_0453,Kestrel Electronics - Batangas,5,Southeast Asia,Power module,11.455991403555567,,0,EMS,EMS,5,East Asia
EMS_0454,Kestrel Circuits - Wuxi,5,China,PCB assembly,5.338578908368593,,0,EMS,EMS,5,East Asia
EMS_0455,Orvid Circuits - Bac Ninh,5,Southeast Asia,PCB assembly,1.1333373571279322,,0,EMS,EMS,5,East Asia
EMS_0456,Rivet Circuits - Pune,5,South Asia,PCB assembly,3.210011981156251,,0,EMS,EMS,5,Unaligned
EMS_0457,Jorel Assemblies - Wuxi,5,China,PCB assembly,2.1363691894961003,,0,EMS,EMS,5,East Asia
EMS_0458,Isar Circuits - Tianjin,5,China,PCB assembly,0.9159190120852575,,0,EMS,EMS,5,East Asia
EMS_0459,Solvex Electronics - Batam,5,Southeast Asia,PCB assembly,0.2802741941900408,,0,EMS,EMS,5,East Asia
EMS_0460,Elstow Electronics - Taoyuan,5,Taiwan,PCB assembly,6.477685396412922,,0,EMS,EMS,5,East Asia
EMS_0461,Jorel Assemblies - Hsinchu,5,Taiwan,Power module,3.3734819935729647,,0,EMS,EMS,5,East Asia
EMS_0462,Mordant Circuits - Batangas 2,5,Southeast Asia,PCB assembly,3.4287727502856047,,0,EMS,EMS,5,East Asia
EMS_0463,Ystad Electronics - Wuxi,5,China,Sensor module,0.1082047136044,,0,EMS,EMS,5,East Asia
EMS_0464,Wend Circuits - Chengdu,5,China,PCB assembly,0.24825220074792456,,0,EMS,EMS,5,East Asia
EMS_0465,Prendel Manufacturing - Bangkok,5,Southeast Asia,PCB assembly,0.7373820772855814,,0,EMS,EMS,5,East Asia
EMS_0466,Dyne Circuits - Austin,5,North America,PCB assembly,1.8720673750227703,,0,EMS,EMS,5,Western
EMS_0467,Korrin Circuits - Dalian,5,China,PCB assembly,0.8626292327643003,,0,EMS,EMS,5,East Asia
EMS_0468,Jarn Circuits - Wuxi,5,China,Sensor module,2.7484366670500306,,0,EMS,EMS,5,East Asia
EMS_0469,Halcy Circuits - Bengaluru,5,South Asia,PCB assembly,2.0989421348891573,,0,EMS,EMS,5,Unaligned
EMS_0470,Halcy Assemblies - Eindhoven,5,Europe,PCB assembly,0.6981178647699567,,0,EMS,EMS,5,Western
EMS_0471,Ivex Circuits - Penang,5,Southeast Asia,PCB assembly,0.1688908758340283,,0,EMS,EMS,5,East Asia
EMS_0472,Noral Manufacturing - Villach,5,Europe,Sensor module,2.448415830615458,,0,EMS,EMS,5,Western
EMS_0473,Elstow Circuits - Leixlip,5,Europe,PCB assembly,0.6752870846959841,,0,EMS,EMS,5,Western
EMS_0474,Belan Circuits - Tianjin,5,China,PCB assembly,0.6822406765478095,,0,EMS,EMS,5,East Asia
EMS_0475,Vantor Circuits - Batangas,5,Southeast Asia,PCB assembly,1.3909960481324601,,0,EMS,EMS,5,East Asia
EMS_0476,Thorne Manufacturing - Batam,5,Southeast Asia,Power module,1.8402356402249105,,0,EMS,EMS,5,East Asia
EMS_0477,Quarn Assemblies - Ottawa,5,North America,Sensor module,0.2861443852453472,,0,EMS,EMS,5,Western
EMS_0478,Gethin Circuits - Shenzhen,5,China,PCB assembly,5.4387846975176775,,0,EMS,EMS,5,East Asia
EMS_0479,Doran Circuits - Hillsboro,5,North America,PCB assembly,0.9172389920427704,,0,EMS,EMS,5,Western
EMS_0480,Doran Assemblies - Icheon,5,Korea,PCB assembly,3.541710472017704,,0,EMS,EMS,5,East Asia
EMS_0481,Quarn Manufacturing - Ottawa,5,North America,PCB assembly,0.8928805822946817,,0,EMS,EMS,5,Western
EMS_0482,Ulvid Circuits - Bac Ninh,5,Southeast Asia,PCB assembly,1.294881055678976,,0,EMS,EMS,5,East Asia
EMS_0483,Ivex Manufacturing - Yokkaichi,5,Japan,Power module,1.932305947884863,,0,EMS,EMS,5,East Asia
EMS_0484,Faryn Manufacturing - Penang,5,Southeast Asia,PCB assembly,0.6199466544303005,,0,EMS,EMS,5,East Asia
EMS_0485,Wend Assemblies - Malta,5,North America,PCB assembly,1.7927887165923038,,0,EMS,EMS,5,Western
EMS_0486,Rivet Circuits - Penang,5,Southeast Asia,PCB assembly,2.2236869206867165,,0,EMS,EMS,5,East Asia
EMS_0487,Orvid Circuits - Penang,5,Southeast Asia,Power module,1.1874075494545988,,0,EMS,EMS,5,East Asia
EMS_0488,Mordant Assemblies - Taoyuan,5,Taiwan,Sensor module,1.450911780164444,,0,EMS,EMS,5,East Asia
EMS_0489,Ystad Manufacturing - Dresden,5,Europe,Power module,7.574651872846831,,0,EMS,EMS,5,Western
EMS_0490,Jarn Manufacturing - Dalian,5,China,PCB assembly,1.876890784276364,,0,EMS,EMS,5,East Asia
EMS_0491,Isar Assemblies - Bengaluru,5,South Asia,Power module,0.7528826125916201,,0,EMS,EMS,5,Unaligned
EMS_0492,Oxbow Circuits - Dalian,5,China,PCB assembly,1.0989143766458775,,0,EMS,EMS,5,East Asia
EMS_0493,Cortex Manufacturing - Ottawa,5,North America,PCB assembly,1.348427006374498,,0,EMS,EMS,5,Western
EMS_0494,Alder Manufacturing - Taoyuan,5,Taiwan,PCB assembly,0.6722868524506763,,0,EMS,EMS,5,East Asia
EMS_0495,Thorne Electronics - Tianjin,5,China,PCB assembly,1.4601650708161626,,0,EMS,EMS,5,East Asia
EMS_0496,Zephyr Circuits - Bac Ninh,5,Southeast Asia,Power module,0.721206293803534,,0,EMS,EMS,5,East Asia
EMS_0497,Stade Assemblies - Dalian,5,China,Power module,3.060241108191789,,0,EMS,EMS,5,East Asia
EMS_0498,Vantor Electronics - Shanghai 2,5,China,Sensor module,0.616359482742303,,0,EMS,EMS,5,East Asia
EMS_0499,Oxbow Manufacturing - Taichung,5,Taiwan,PCB assembly,0.5061974960619232,,0,EMS,EMS,5,East Asia
EMS_0500,Korrin Assemblies - Dresden 2,5,Europe,PCB assembly,1.5340422921701056,,0,EMS,EMS,5,Western
EMS_0501,Mervi Manufacturing - Grenoble,5,Europe,PCB assembly,0.6148664169540005,,0,EMS,EMS,5,Western
EMS_0502,Granth Circuits - Batangas,5,Southeast Asia,Sensor module,1.3796317165554375,,0,EMS,EMS,5,East Asia
EMS_0503,Cortex Manufacturing - Tianjin,5,China,PCB assembly,0.7791889351732553,,0,EMS,EMS,5,East Asia
EMS_0504,Wexler Electronics - Wuxi,5,China,PCB assembly,5.063740896095341,,0,EMS,EMS,5,East Asia
EMS_0505,Isar Circuits - Dalian,5,China,PCB assembly,0.6203034336265482,,0,EMS,EMS,5,East Asia
EMS_0506,Doran Electronics - Xi'an,5,China,Power module,0.34632290828412315,,0,EMS,EMS,5,East Asia
EMS_0507,Palter Circuits - Singapore,5,Southeast Asia,PCB assembly,2.2427724812635375,,0,EMS,EMS,5,East Asia
EMS_0508,Cortex Manufacturing - Tianjin 2,5,China,PCB assembly,0.7205299289789248,,0,EMS,EMS,5,East Asia
EMS_0509,Rivet Assemblies - Wuxi,5,China,PCB assembly,1.0148769430045657,,0,EMS,EMS,5,East Asia
EMS_0510,Yarrow Circuits - Penang,5,Southeast Asia,PCB assembly,0.33118563350011276,,0,EMS,EMS,5,East Asia
EMS_0511,Wexler Electronics - Taoyuan,5,Taiwan,Power module,7.970877916195562,,0,EMS,EMS,5,East Asia
EMS_0512,Oxbow Electronics - Batam,5,Southeast Asia,PCB assembly,0.738822190072638,,0,EMS,EMS,5,East Asia
EMS_0513,Lumen Electronics - Penang,5,Southeast Asia,PCB assembly,6.5306524284809795,,0,EMS,EMS,5,East Asia
EMS_0514,Ivex Manufacturing - Dalian,5,China,PCB assembly,1.3819869458183902,,0,EMS,EMS,5,East Asia
EMS_0515,Verity Electronics - Crolles,5,Europe,PCB assembly,1.338812148779378,,0,EMS,EMS,5,Western
EMS_0516,Gethin Circuits - Singapore 2,5,Southeast Asia,PCB assembly,0.48370792780932237,,0,EMS,EMS,5,East Asia
EMS_0517,Solvex Assemblies - Shanghai,5,China,PCB assembly,2.149571813991353,,0,EMS,EMS,5,East Asia
EMS_0518,Solvex Assemblies - Batangas,5,Southeast Asia,PCB assembly,1.2681145283997237,,0,EMS,EMS,5,East Asia
EMS_0519,Rivet Manufacturing - Gumi,5,Korea,Sensor module,0.5006142109287839,,0,EMS,EMS,5,East Asia
OEM_0000,Nevin Products - Guadalajara,6,North America,Industrial controller,1.4065115978102838,,0,OEM,OEM,6,Western
OEM_0001,Cortex Devices - Dalian,6,China,Automotive ECU,1.7756174128628297,,0,OEM,OEM,6,East Asia
OEM_0002,Wend Group - Chengdu,6,China,Industrial controller,0.5447146773367759,,0,OEM,OEM,6,East Asia
OEM_0003,Nevin Products - Bengaluru,6,South Asia,Server,1.684811550806726,,0,OEM,OEM,6,Unaligned
OEM_0004,Ivex Devices - Hillsboro,6,North America,Industrial controller,0.29383228814745294,,0,OEM,OEM,6,Western
OEM_0005,Zephyr Products - Cheongju,6,Korea,Network equipment,0.7221149378505727,,0,OEM,OEM,6,East Asia
OEM_0006,Mordant Products - Xi'an,6,China,Automotive ECU,1.729789010042958,,0,OEM,OEM,6,East Asia
OEM_0007,Orvid Industries - Chengdu,6,China,Server,0.971012456894886,,0,OEM,OEM,6,East Asia
OEM_0008,Verity Group - Malta,6,North America,Industrial controller,1.050201643665924,,0,OEM,OEM,6,Western
OEM_0009,Ferrin Devices - Kitakyushu,6,Japan,Laptop,1.15152638328394,,0,OEM,OEM,6,East Asia
OEM_0010,Palter Products - Batam,6,Southeast Asia,Smartphone,1.405082056052363,,0,OEM,OEM,6,East Asia
OEM_0011,Isar Products - Wuxi,6,China,Network equipment,1.7924648908412724,,0,OEM,OEM,6,East Asia
OEM_0012,Granth Group - Crolles,6,Europe,Industrial controller,1.6617011502008985,,0,OEM,OEM,6,Western
OEM_0013,Cortex Group - Sendai,6,Japan,Smartphone,2.3075594947591265,,0,OEM,OEM,6,East Asia
OEM_0014,Elstow Devices - Taoyuan,6,Taiwan,Laptop,0.6570750181145962,,0,OEM,OEM,6,East Asia
OEM_0015,Umber Devices - Hillsboro,6,North America,Industrial controller,0.779723883406986,,0,OEM,OEM,6,Western
OEM_0016,Wexler Industries - Ottawa,6,North America,Medical device,0.5192448127071703,,0,OEM,OEM,6,Western
OEM_0017,Brant Products - Austin,6,North America,Laptop,1.8111680156253291,,0,OEM,OEM,6,Western
OEM_0018,Ader Industries - Hiroshima,6,Japan,Laptop,0.8648888423615059,,0,OEM,OEM,6,East Asia
OEM_0019,Doran Industries - Shanghai,6,China,Automotive ECU,1.0903262500721307,,0,OEM,OEM,6,East Asia
OEM_0020,Faryn Industries - Grenoble,6,Europe,Network equipment,0.7005019136214181,,0,OEM,OEM,6,Western
OEM_0021,Belan Products - Tainan,6,Taiwan,Network equipment,0.8316780256047872,,0,OEM,OEM,6,East Asia
OEM_0022,Ember Industries - Hiroshima,6,Japan,Industrial controller,0.6712001380707114,,0,OEM,OEM,6,East Asia
OEM_0023,Nevin Products - Chandler,6,North America,Server,2.3748772852962916,,0,OEM,OEM,6,Western
OEM_0024,Rivet Devices - Guadalajara,6,North America,Smartphone,1.477857848537706,,0,OEM,OEM,6,Western
OEM_0025,Ember Products - Malta,6,North America,Server,0.742506373764359,,0,OEM,OEM,6,Western
OEM_0026,Renbeck Products - Grenoble,6,Europe,Smartphone,5.21190064423652,,0,OEM,OEM,6,Western
OEM_0027,Quill Products - Eindhoven,6,Europe,Industrial controller,0.10027399574876288,,0,OEM,OEM,6,Western
OEM_0028,Brant Products - Gumi,6,Korea,Server,0.8081125714946903,,0,OEM,OEM,6,East Asia
OEM_0029,Doran Industries - Austin,6,North America,Network equipment,2.2748266753632285,,0,OEM,OEM,6,Western
OEM_0030,Doran Products - Bangkok,6,Southeast Asia,Industrial controller,3.047023985060196,,0,OEM,OEM,6,East Asia
OEM_0031,Belan Products - Austin,6,North America,Industrial controller,1.8736723811732203,,0,OEM,OEM,6,Western
OEM_0032,Stade Devices - Kaohsiung,6,Taiwan,Network equipment,1.0745763168190563,,0,OEM,OEM,6,East Asia
OEM_0033,Lethe Products - Hillsboro,6,North America,Server,0.5361875701870988,,0,OEM,OEM,6,Western
OEM_0034,Quarn Industries - Kaohsiung,6,Taiwan,Laptop,1.7476309933284455,,0,OEM,OEM,6,East Asia
OEM_0035,Elstow Group - Hwaseong,6,Korea,Smartphone,0.6858164107828422,,0,OEM,OEM,6,East Asia
OEM_0036,Umber Devices - Nagano,6,Japan,Automotive ECU,0.24723988816140896,,0,OEM,OEM,6,East Asia
OEM_0037,Solvex Group - Chandler,6,North America,Server,2.6422788068650545,,0,OEM,OEM,6,Western
OEM_0038,Oxbow Devices - Sanand,6,South Asia,Automotive ECU,1.4417668607811018,,0,OEM,OEM,6,Unaligned
OEM_0039,Kestrel Industries - Shenzhen,6,China,Automotive ECU,0.8237874650266213,,0,OEM,OEM,6,East Asia
OEM_0040,Alder Products - Leixlip,6,Europe,Industrial controller,0.4087265759627684,,0,OEM,OEM,6,Western
OEM_0041,Brant Group - Chandler,6,North America,Industrial controller,0.9864094066764837,,0,OEM,OEM,6,Western
OEM_0042,Elstow Group - Icheon,6,Korea,Network equipment,1.448045073064186,,0,OEM,OEM,6,East Asia
OEM_0043,Orvid Devices - Hillsboro,6,North America,Laptop,0.3810382247793357,,0,OEM,OEM,6,Western
OEM_0044,Lethe Devices - Shanghai,6,China,Industrial controller,1.8077643356690325,,0,OEM,OEM,6,East Asia
OEM_0045,Zephyr Group - Hwaseong,6,Korea,Industrial controller,0.29516850662644284,,0,OEM,OEM,6,East Asia
OEM_0046,Gethin Industries - Sendai,6,Japan,Network equipment,1.2959190541962555,,0,OEM,OEM,6,East Asia
OEM_0047,Mervi Industries - Penang,6,Southeast Asia,Automotive ECU,1.7389542040054453,,0,OEM,OEM,6,East Asia
OEM_0048,Lumen Devices - Tainan,6,Taiwan,Medical device,0.363695424982761,,0,OEM,OEM,6,East Asia
OEM_0049,Solvex Group - Kitakyushu,6,Japan,Network equipment,1.6633167569468708,,0,OEM,OEM,6,East Asia
OEM_0050,Lethe Devices - Wuxi,6,China,Server,1.1281565773686144,,0,OEM,OEM,6,East Asia
OEM_0051,Brant Products - Wuxi,6,China,Medical device,2.849092923956826,,0,OEM,OEM,6,East Asia
OEM_0052,Noral Industries - Chandler,6,North America,Medical device,0.21047437883294784,,0,OEM,OEM,6,Western
OEM_0053,Rivet Products - Icheon,6,Korea,Automotive ECU,5.099956300118748,,0,OEM,OEM,6,East Asia
OEM_0054,Noral Industries - Yokkaichi,6,Japan,Automotive ECU,1.5677734813005553,,0,OEM,OEM,6,East Asia
OEM_0055,Lumen Industries - Leixlip,6,Europe,Medical device,1.0891076389497232,,0,OEM,OEM,6,Western
OEM_0056,Jarn Products - Austin,6,North America,Laptop,0.941474513961975,,0,OEM,OEM,6,Western
OEM_0057,Zephyr Devices - Taichung,6,Taiwan,Smartphone,2.4901993718231092,,0,OEM,OEM,6,East Asia
OEM_0058,Vantor Products - Eindhoven,6,Europe,Laptop,0.3774849956085034,,0,OEM,OEM,6,Western
OEM_0059,Ader Devices - Pyeongtaek,6,Korea,Network equipment,0.7517370319464008,,0,OEM,OEM,6,East Asia
OEM_0060,Zephyr Industries - Tianjin,6,China,Server,1.1384051018972454,,0,OEM,OEM,6,East Asia
OEM_0061,Ember Industries - Wuxi,6,China,Industrial controller,5.545090658282168,,0,OEM,OEM,6,East Asia
OEM_0062,Umber Devices - Kitakyushu,6,Japan,Automotive ECU,1.2927192175300455,,0,OEM,OEM,6,East Asia
OEM_0063,Gethin Products - Kumamoto,6,Japan,Industrial controller,0.6648648511485532,,0,OEM,OEM,6,East Asia
OEM_0064,Ember Devices - Hillsboro,6,North America,Network equipment,3.635843289389014,,0,OEM,OEM,6,Western
OEM_0065,Faryn Group - Xi'an,6,China,Server,8.153783413998852,,0,OEM,OEM,6,East Asia
OEM_0066,Mervi Industries - Dalian,6,China,Server,2.5877592526409834,,0,OEM,OEM,6,East Asia
OEM_0067,Solvex Group - Nagano,6,Japan,Automotive ECU,8.703913019450264,,0,OEM,OEM,6,East Asia
OEM_0068,Renbeck Products - Austin,6,North America,Medical device,3.635065042682996,,0,OEM,OEM,6,Western
OEM_0069,Renbeck Products - Icheon,6,Korea,Industrial controller,0.5042680178203581,,0,OEM,OEM,6,East Asia
OEM_0070,Wexler Group - Leixlip,6,Europe,Industrial controller,1.2259679004142832,,0,OEM,OEM,6,Western
OEM_0071,Thorne Industries - Guadalajara,6,North America,Laptop,6.039848303190124,,0,OEM,OEM,6,Western
OEM_0072,Belan Group - Hillsboro,6,North America,Network equipment,0.7136900140414372,,0,OEM,OEM,6,Western
OEM_0073,Mervi Group - Guadalajara,6,North America,Medical device,1.8956043989718503,,0,OEM,OEM,6,Western
OEM_0074,Alder Industries - Grenoble,6,Europe,Automotive ECU,0.36862617223323446,,0,OEM,OEM,6,Western
OEM_0075,Trellis Industries - Cheongju,6,Korea,Network equipment,0.20803599956348376,,0,OEM,OEM,6,East Asia
OEM_0076,Cortex Group - Sanand,6,South Asia,Network equipment,3.456768880868733,,0,OEM,OEM,6,Unaligned
OEM_0077,Cortex Devices - Austin,6,North America,Laptop,1.474879870781648,,0,OEM,OEM,6,Western
OEM_0078,Ember Devices - Guadalajara,6,North America,Smartphone,0.16613696485329724,,0,OEM,OEM,6,Western
OEM_0079,Mervi Industries - Leixlip,6,Europe,Automotive ECU,0.5749925692237111,,0,OEM,OEM,6,Western
OEM_0080,Prendel Industries - Kaohsiung,6,Taiwan,Server,1.1098143143761603,,0,OEM,OEM,6,East Asia
OEM_0081,Stade Industries - Austin,6,North America,Medical device,0.726163708092574,,0,OEM,OEM,6,Western
OEM_0082,Lumen Industries - Ottawa,6,North America,Network equipment,2.664748298710205,,0,OEM,OEM,6,Western
OEM_0083,Korrin Products - Dalian,6,China,Smartphone,0.4035089150003406,,0,OEM,OEM,6,East Asia
OEM_0084,Nevin Devices - Chandler,6,North America,Medical device,1.0226827315342295,,0,OEM,OEM,6,Western
OEM_0085,Brant Devices - Dalian,6,China,Industrial controller,0.5625950343481742,,0,OEM,OEM,6,East Asia
OEM_0086,Ember Devices - Wuxi,6,China,Automotive ECU,0.6899217288678651,,0,OEM,OEM,6,East Asia
OEM_0087,Verity Group - Kumamoto,6,Japan,Industrial controller,1.1769657108606,,0,OEM,OEM,6,East Asia
OEM_0088,Wend Group - Hiroshima,6,Japan,Industrial controller,0.29551122957724896,,0,OEM,OEM,6,East Asia
OEM_0089,Verity Devices - Kumamoto,6,Japan,Medical device,3.6477599843633315,,0,OEM,OEM,6,East Asia
OEM_0090,Ivex Products - Grenoble,6,Europe,Smartphone,0.6081651049121332,,0,OEM,OEM,6,Western
OEM_0091,Belan Products - Dresden,6,Europe,Medical device,4.946545316276426,,0,OEM,OEM,6,Western
OEM_0092,Vantor Group - Shanghai,6,China,Laptop,0.38476664542349653,,0,OEM,OEM,6,East Asia
OEM_0093,Quill Group - Dalian,6,China,Laptop,0.5385538942851839,,0,OEM,OEM,6,East Asia
OEM_0094,Umber Industries - Ottawa,6,North America,Laptop,1.5192166282448714,,0,OEM,OEM,6,Western
OEM_0095,Stade Products - Kitakyushu,6,Japan,Laptop,0.7050007578062881,,0,OEM,OEM,6,East Asia
OEM_0096,Quarn Products - Cheongju,6,Korea,Server,0.8496425530334092,,0,OEM,OEM,6,East Asia
OEM_0097,Jarn Group - Batam,6,Southeast Asia,Smartphone,2.3048065385977936,,0,OEM,OEM,6,East Asia
OEM_0098,Brant Products - Hwaseong,6,Korea,Network equipment,0.5153400465578629,,0,OEM,OEM,6,East Asia
OEM_0099,Elstow Devices - Xi'an,6,China,Laptop,0.5663658258547897,,0,OEM,OEM,6,East Asia
OEM_0100,Granth Products - Chengdu,6,China,Smartphone,1.471394803373433,,0,OEM,OEM,6,East Asia
OEM_0101,Ivex Industries - Hillsboro,6,North America,Network equipment,0.35113627441516737,,0,OEM,OEM,6,Western
OEM_0102,Nevin Products - Malta,6,North America,Network equipment,0.6402850278788839,,0,OEM,OEM,6,Western
OEM_0103,Mervi Group - Dalian,6,China,Network equipment,1.3135089125286337,,0,OEM,OEM,6,East Asia
OEM_0104,Doran Devices - Ottawa,6,North America,Network equipment,0.8826079142947347,,0,OEM,OEM,6,Western
OEM_0105,Noral Products - Dalian,6,China,Network equipment,0.08280960581741512,,0,OEM,OEM,6,East Asia
OEM_0106,Holt Products - Austin,6,North America,Industrial controller,0.432194431912223,,0,OEM,OEM,6,Western
OEM_0107,Faryn Group - Grenoble,6,Europe,Medical device,3.056251808951226,,0,OEM,OEM,6,Western
OEM_0108,Renbeck Products - Kumamoto,6,Japan,Network equipment,2.2438841330339496,,0,OEM,OEM,6,East Asia
OEM_0109,Ulvid Devices - Crolles,6,Europe,Industrial controller,0.7346596396609679,,0,OEM,OEM,6,Western
OEM_0110,Korrin Industries - Leixlip,6,Europe,Automotive ECU,0.9114709920932366,,0,OEM,OEM,6,Western
OEM_0111,Isar Industries - Bangkok,6,Southeast Asia,Server,0.5364820292394706,,0,OEM,OEM,6,East Asia
OEM_0112,Trellis Industries - Pyeongtaek,6,Korea,Medical device,2.5351419049398434,,0,OEM,OEM,6,East Asia
OEM_0113,Holt Products - Shenzhen,6,China,Network equipment,1.2363687580249154,,0,OEM,OEM,6,East Asia
OEM_0114,Alder Products - Xi'an,6,China,Automotive ECU,1.492929431119071,,0,OEM,OEM,6,East Asia
OEM_0115,Cortex Products - Yokkaichi,6,Japan,Industrial controller,2.2171683437724816,,0,OEM,OEM,6,East Asia
OEM_0116,Korrin Devices - Shanghai,6,China,Network equipment,0.4071805424357087,,0,OEM,OEM,6,East Asia
OEM_0117,Yarrow Industries - Hillsboro,6,North America,Laptop,0.707656674974575,,0,OEM,OEM,6,Western
OEM_0118,Jarn Products - Penang,6,Southeast Asia,Medical device,1.3892883278819754,,0,OEM,OEM,6,East Asia
OEM_0119,Dyne Group - Eindhoven,6,Europe,Server,2.693307822678569,,0,OEM,OEM,6,Western
OEM_0120,Wexler Industries - Hwaseong,6,Korea,Industrial controller,0.9478501284333515,,0,OEM,OEM,6,East Asia
OEM_0121,Jorel Industries - Shenzhen,6,China,Smartphone,0.7462681866440712,,0,OEM,OEM,6,East Asia
OEM_0122,Prendel Industries - Austin,6,North America,Automotive ECU,2.113743258569484,,0,OEM,OEM,6,Western
OEM_0123,Brant Products - Shanghai,6,China,Automotive ECU,1.2597659225377462,,0,OEM,OEM,6,East Asia
OEM_0124,Palter Devices - Batam,6,Southeast Asia,Laptop,0.39331724231157705,,0,OEM,OEM,6,East Asia
OEM_0125,Ferrin Group - Malta,6,North America,Smartphone,0.4477246134325385,,0,OEM,OEM,6,Western
OEM_0126,Kestrel Industries - Hyderabad,6,South Asia,Laptop,1.4202826025144277,,0,OEM,OEM,6,Unaligned
OEM_0127,Ivex Industries - Villach,6,Europe,Laptop,8.52930982145056,,0,OEM,OEM,6,Western
OEM_0128,Palter Group - Guadalajara,6,North America,Automotive ECU,0.415134490786818,,0,OEM,OEM,6,Western
OEM_0129,Korrin Products - Chandler,6,North America,Server,0.12331197888526947,,0,OEM,OEM,6,Western
OEM_0130,Vantor Group - Ottawa,6,North America,Smartphone,1.545195892740988,,0,OEM,OEM,6,Western
OEM_0131,Dyne Industries - Austin,6,North America,Network equipment,0.3700554314094076,,0,OEM,OEM,6,Western
OEM_0132,Prendel Group - Eindhoven,6,Europe,Smartphone,1.106728680690346,,0,OEM,OEM,6,Western
OEM_0133,Doran Products - Nagano,6,Japan,Medical device,1.132533313870962,,0,OEM,OEM,6,East Asia
OEM_0134,Granth Industries - Ottawa,6,North America,Laptop,0.6748739565231654,,0,OEM,OEM,6,Western
OEM_0135,Umber Industries - Leixlip,6,Europe,Network equipment,1.9071321978626816,,0,OEM,OEM,6,Western
OEM_0136,Noral Devices - Dalian,6,China,Industrial controller,0.8642560650897658,,0,OEM,OEM,6,East Asia
OEM_0137,Quill Devices - Villach,6,Europe,Smartphone,0.8575466607027379,,0,OEM,OEM,6,Western
OEM_0138,Ystad Products - Icheon,6,Korea,Automotive ECU,0.6484358170005536,,0,OEM,OEM,6,East Asia
OEM_0139,Thorne Industries - Shenzhen,6,China,Smartphone,0.9149787884909005,,0,OEM,OEM,6,East Asia
OEM_0140,Quill Group - Nagano,6,Japan,Network equipment,1.3553728184227487,,0,OEM,OEM,6,East Asia
OEM_0141,Xanthe Products - Malta,6,North America,Smartphone,2.931336522058401,,0,OEM,OEM,6,Western
OEM_0142,Renbeck Devices - Chengdu,6,China,Medical device,2.3726729201231005,,0,OEM,OEM,6,East Asia
OEM_0143,Solvex Products - Kumamoto,6,Japan,Smartphone,0.5549501605461539,,0,OEM,OEM,6,East Asia
OEM_0144,Oxbow Industries - Hillsboro,6,North America,Smartphone,2.85998907796451,,0,OEM,OEM,6,Western
OEM_0145,Verity Products - Grenoble,6,Europe,Laptop,1.007992990651886,,0,OEM,OEM,6,Western
OEM_0146,Thorne Products - Leixlip,6,Europe,Server,0.620240099619646,,0,OEM,OEM,6,Western
OEM_0147,Ader Devices - Malta,6,North America,Medical device,1.6167803630111721,,0,OEM,OEM,6,Western
OEM_0148,Doran Group - Pyeongtaek,6,Korea,Industrial controller,0.6795016694825027,,0,OEM,OEM,6,East Asia
OEM_0149,Halcy Devices - Dresden,6,Europe,Server,0.3159926235928518,,0,OEM,OEM,6,Western
OEM_0150,Kestrel Products - Gumi,6,Korea,Smartphone,1.2385486723239874,,0,OEM,OEM,6,East Asia
OEM_0151,Granth Devices - Shenzhen,6,China,Automotive ECU,1.1151226271726276,,0,OEM,OEM,6,East Asia
OEM_0152,Verity Industries - Grenoble,6,Europe,Medical device,0.8096437884334159,,0,OEM,OEM,6,Western
OEM_0153,Trellis Industries - Sanand,6,South Asia,Smartphone,5.688088024816879,,0,OEM,OEM,6,Unaligned
OEM_0154,Calder Industries - Hwaseong,6,Korea,Industrial controller,2.7631981238631815,,0,OEM,OEM,6,East Asia
OEM_0155,Kestrel Group - Ottawa,6,North America,Smartphone,1.4711641448435901,,0,OEM,OEM,6,Western
OEM_0156,Alder Industries - Pyeongtaek,6,Korea,Laptop,1.604512030263201,,0,OEM,OEM,6,East Asia
OEM_0157,Granth Industries - Guadalajara,6,North America,Network equipment,0.5967804117496771,,0,OEM,OEM,6,Western
OEM_0158,Brant Group - Hillsboro,6,North America,Laptop,3.447275320939458,,0,OEM,OEM,6,Western
OEM_0159,Alder Products - Sendai,6,Japan,Network equipment,1.2617722924292751,,0,OEM,OEM,6,East Asia
OEM_0160,Stade Group - Austin,6,North America,Network equipment,5.452164569900404,,0,OEM,OEM,6,Western
OEM_0161,Zephyr Products - Bangkok,6,Southeast Asia,Network equipment,0.7730741972927709,,0,OEM,OEM,6,East Asia
OEM_0162,Gethin Industries - Ottawa,6,North America,Automotive ECU,0.712645279860264,,0,OEM,OEM,6,Western
OEM_0163,Ulvid Devices - Yokkaichi,6,Japan,Industrial controller,0.6322016487766421,,0,OEM,OEM,6,East Asia
OEM_0164,Korrin Industries - Kumamoto,6,Japan,Industrial controller,0.26501349640781013,,0,OEM,OEM,6,East Asia
OEM_0165,Prendel Industries - Shanghai,6,China,Medical device,1.2525070960132432,,0,OEM,OEM,6,East Asia
OEM_0166,Faryn Products - Chandler,6,North America,Industrial controller,0.41289837173749977,,0,OEM,OEM,6,Western
OEM_0167,Verity Products - Ottawa,6,North America,Automotive ECU,0.6717188307183888,,0,OEM,OEM,6,Western
OEM_0168,Quarn Group - Leixlip,6,Europe,Smartphone,0.8400123399216823,,0,OEM,OEM,6,Western
OEM_0169,Elstow Products - Chengdu,6,China,Automotive ECU,0.850818208512248,,0,OEM,OEM,6,East Asia
OEM_0170,Halcy Products - Icheon,6,Korea,Smartphone,0.44300024999386534,,0,OEM,OEM,6,East Asia
OEM_0171,Rivet Industries - Dresden,6,Europe,Automotive ECU,0.638439672032872,,0,OEM,OEM,6,Western
OEM_0172,Ystad Industries - Shanghai,6,China,Industrial controller,1.7217395402311317,,0,OEM,OEM,6,East Asia
OEM_0173,Quarn Group - Guadalajara,6,North America,Industrial controller,2.556971162500305,,0,OEM,OEM,6,Western
OEM_0174,Faryn Industries - Nagano,6,Japan,Automotive ECU,0.9106211551879602,,0,OEM,OEM,6,East Asia
OEM_0175,Oxbow Group - Icheon,6,Korea,Industrial controller,5.740399162781852,,0,OEM,OEM,6,East Asia
OEM_0176,Belan Products - Ottawa,6,North America,Industrial controller,0.6093234949889131,,0,OEM,OEM,6,Western
OEM_0177,Wexler Products - Malta,6,North America,Automotive ECU,0.7457512064179366,,0,OEM,OEM,6,Western
OEM_0178,Palter Group - Kumamoto,6,Japan,Network equipment,1.0542005074219039,,0,OEM,OEM,6,East Asia
OEM_0179,Holt Devices - Guadalajara,6,North America,Industrial controller,0.9826976910522027,,0,OEM,OEM,6,Western
OEM_0180,Nevin Devices - Kumamoto,6,Japan,Industrial controller,1.3338067146421817,,0,OEM,OEM,6,East Asia
OEM_0181,Holt Industries - Yokkaichi,6,Japan,Automotive ECU,1.4043722944524455,,0,OEM,OEM,6,East Asia
OEM_0182,Holt Products - Cheongju,6,Korea,Industrial controller,0.9566607853108993,,0,OEM,OEM,6,East Asia
OEM_0183,Lethe Group - Austin,6,North America,Medical device,0.3288646734771866,,0,OEM,OEM,6,Western
OEM_0184,Mervi Group - Hyderabad,6,South Asia,Medical device,1.2640682022691545,,0,OEM,OEM,6,Unaligned
OEM_0185,Holt Industries - Hillsboro,6,North America,Industrial controller,0.2866025475078241,,0,OEM,OEM,6,Western
OEM_0186,Vantor Products - Malta,6,North America,Smartphone,0.5322640413967233,,0,OEM,OEM,6,Western
OEM_0187,Thorne Products - Eindhoven,6,Europe,Industrial controller,0.6376712373800946,,0,OEM,OEM,6,Western
OEM_0188,Oxbow Products - Hillsboro,6,North America,Smartphone,1.6280055451070792,,0,OEM,OEM,6,Western
OEM_0189,Ystad Devices - Chengdu,6,China,Medical device,2.16755294326642,,0,OEM,OEM,6,East Asia
OEM_0190,Thorne Devices - Malta,6,North America,Industrial controller,4.996158380994265,,0,OEM,OEM,6,Western
OEM_0191,Lumen Devices - Cheongju,6,Korea,Smartphone,3.8304647869902135,,0,OEM,OEM,6,East Asia
OEM_0192,Palter Industries - Cheongju,6,Korea,Industrial controller,1.0568057417558223,,0,OEM,OEM,6,East Asia
OEM_0193,Jorel Products - Xi'an,6,China,Server,0.2809421563083174,,0,OEM,OEM,6,East Asia
OEM_0194,Isar Devices - Leixlip,6,Europe,Smartphone,0.44769706586245334,,0,OEM,OEM,6,Western
OEM_0195,Yarrow Group - Hwaseong,6,Korea,Smartphone,0.5801192549987774,,0,OEM,OEM,6,East Asia
OEM_0196,Quill Industries - Villach,6,Europe,Medical device,7.976407124192994,,0,OEM,OEM,6,Western
OEM_0197,Dyne Devices - Villach,6,Europe,Server,2.0775574601664317,,0,OEM,OEM,6,Western
OEM_0198,Oxbow Industries - Guadalajara,6,North America,Laptop,0.5335751856850094,,0,OEM,OEM,6,Western
OEM_0199,Umber Group - Dresden,6,Europe,Network equipment,0.803905014070796,,0,OEM,OEM,6,Western
OEM_0200,Rivet Products - Gumi,6,Korea,Smartphone,0.5018366206885478,,0,OEM,OEM,6,East Asia
OEM_0201,Zephyr Group - Shanghai,6,China,Laptop,0.993587157521375,,0,OEM,OEM,6,East Asia
OEM_0202,Belan Products - Shanghai,6,China,Network equipment,0.5619189479981093,,0,OEM,OEM,6,East Asia
OEM_0203,Elstow Group - Cheongju,6,Korea,Automotive ECU,0.5335439425206763,,0,OEM,OEM,6,East Asia
OEM_0204,Wexler Products - Chandler,6,North America,Automotive ECU,3.1531239216427513,,0,OEM,OEM,6,Western
OEM_0205,Wexler Devices - Crolles,6,Europe,Automotive ECU,1.0013949819388346,,0,OEM,OEM,6,Western
OEM_0206,Renbeck Industries - Shenzhen,6,China,Server,1.8455173161530154,,0,OEM,OEM,6,East Asia
OEM_0207,Elstow Industries - Leixlip,6,Europe,Medical device,1.2981058635456881,,0,OEM,OEM,6,Western
OEM_0208,Renbeck Industries - Yokkaichi,6,Japan,Laptop,1.855786713799269,,0,OEM,OEM,6,East Asia
OEM_0209,Quarn Industries - Hsinchu,6,Taiwan,Automotive ECU,0.42798421048671365,,0,OEM,OEM,6,East Asia
OEM_0210,Vantor Devices - Hillsboro,6,North America,Smartphone,0.5365486898919242,,0,OEM,OEM,6,Western
OEM_0211,Quill Industries - Guadalajara,6,North America,Industrial controller,0.555392716599597,,0,OEM,OEM,6,Western
OEM_0212,Halcy Group - Ottawa,6,North America,Laptop,1.8113040144152983,,0,OEM,OEM,6,Western
OEM_0213,Halcy Devices - Sanand,6,South Asia,Industrial controller,3.515059138242827,,0,OEM,OEM,6,Unaligned
OEM_0214,Orvid Devices - Yokkaichi,6,Japan,Medical device,2.50235201218509,,0,OEM,OEM,6,East Asia
OEM_0215,Calder Industries - Dresden,6,Europe,Medical device,0.8183305970104465,,0,OEM,OEM,6,Western
OEM_0216,Belan Group - Bengaluru,6,South Asia,Smartphone,0.8269906673601005,,0,OEM,OEM,6,Unaligned
OEM_0217,Noral Devices - Cheongju,6,Korea,Network equipment,0.6336399163239514,,0,OEM,OEM,6,East Asia
OEM_0218,Oxbow Group - Chandler,6,North America,Laptop,5.245967612242174,,0,OEM,OEM,6,Western
OEM_0219,Korrin Group - Malta,6,North America,Network equipment,1.1782705874999024,,0,OEM,OEM,6,Western
OEM_0220,Halcy Products - Shenzhen,6,China,Laptop,1.5349080439160523,,0,OEM,OEM,6,East Asia
OEM_0221,Lumen Industries - Chandler,6,North America,Medical device,0.20980104333504948,,0,OEM,OEM,6,Western
OEM_0222,Wend Industries - Kitakyushu,6,Japan,Smartphone,3.996048613249397,,0,OEM,OEM,6,East Asia
OEM_0223,Mervi Products - Austin,6,North America,Network equipment,1.035999515199791,,0,OEM,OEM,6,Western
OEM_0224,Trellis Products - Shenzhen,6,China,Smartphone,0.6636977257906,,0,OEM,OEM,6,East Asia
OEM_0225,Jorel Group - Grenoble,6,Europe,Medical device,6.27719840265057,,0,OEM,OEM,6,Western
OEM_0226,Granth Devices - Guadalajara,6,North America,Server,1.6603339879874792,,0,OEM,OEM,6,Western
OEM_0227,Brant Group - Guadalajara,6,North America,Medical device,0.8803596262736375,,0,OEM,OEM,6,Western
OEM_0228,Orvid Group - Nagano,6,Japan,Automotive ECU,0.21820976832953595,,0,OEM,OEM,6,East Asia
OEM_0229,Cortex Industries - Kitakyushu,6,Japan,Automotive ECU,1.3244953576836707,,0,OEM,OEM,6,East Asia
OEM_0230,Quill Group - Crolles,6,Europe,Medical device,0.6579653928605739,,0,OEM,OEM,6,Western
OEM_0231,Doran Industries - Taichung,6,Taiwan,Smartphone,0.5876944069707555,,0,OEM,OEM,6,East Asia
OEM_0232,Holt Devices - Hillsboro,6,North America,Smartphone,0.36887421486009325,,0,OEM,OEM,6,Western
OEM_0233,Noral Products - Villach,6,Europe,Automotive ECU,0.5531974918025901,,0,OEM,OEM,6,Western
OEM_0234,Doran Devices - Cheongju,6,Korea,Smartphone,0.3519598471189744,,0,OEM,OEM,6,East Asia
OEM_0235,Mervi Devices - Ottawa,6,North America,Laptop,2.445960067825529,,0,OEM,OEM,6,Western
OEM_0236,Prendel Products - Hwaseong,6,Korea,Industrial controller,2.5404231813274727,,0,OEM,OEM,6,East Asia
OEM_0237,Umber Group - Pyeongtaek,6,Korea,Network equipment,0.45591613298261074,,0,OEM,OEM,6,East Asia
OEM_0238,Xanthe Products - Dresden,6,Europe,Network equipment,0.6481379175820017,,0,OEM,OEM,6,Western
OEM_0239,Palter Industries - Grenoble,6,Europe,Laptop,1.4317791939759559,,0,OEM,OEM,6,Western
OEM_0240,Ember Products - Kitakyushu,6,Japan,Automotive ECU,0.6925481604609625,,0,OEM,OEM,6,East Asia
OEM_0241,Jorel Products - Villach,6,Europe,Network equipment,0.7065011424271453,,0,OEM,OEM,6,Western
OEM_0242,Isar Group - Dresden,6,Europe,Smartphone,0.7536604485882789,,0,OEM,OEM,6,Western
OEM_0243,Quarn Group - Bac Ninh,6,Southeast Asia,Laptop,1.1984583510784803,,0,OEM,OEM,6,East Asia
OEM_0244,Yarrow Products - Austin,6,North America,Automotive ECU,7.732102184279216,,0,OEM,OEM,6,Western
OEM_0245,Thorne Devices - Hillsboro,6,North America,Automotive ECU,0.10855423121979646,,0,OEM,OEM,6,Western
OEM_0246,Lethe Devices - Eindhoven,6,Europe,Medical device,2.1987434999417927,,0,OEM,OEM,6,Western
OEM_0247,Jarn Devices - Chengdu,6,China,Laptop,2.074134812058843,,0,OEM,OEM,6,East Asia
OEM_0248,Lethe Group - Gumi,6,Korea,Automotive ECU,1.125211670955363,,0,OEM,OEM,6,East Asia
OEM_0249,Renbeck Products - Tianjin,6,China,Automotive ECU,0.6140908801740965,,0,OEM,OEM,6,East Asia
OEM_0250,Solvex Devices - Ottawa,6,North America,Automotive ECU,1.316334655377933,,0,OEM,OEM,6,Western
OEM_0251,Xanthe Products - Dresden 2,6,Europe,Industrial controller,1.0910993401565985,,0,OEM,OEM,6,Western
OEM_0252,Trellis Devices - Yokkaichi,6,Japan,Smartphone,1.7618996746956759,,0,OEM,OEM,6,East Asia
OEM_0253,Holt Group - Pyeongtaek,6,Korea,Network equipment,1.2275785536499555,,0,OEM,OEM,6,East Asia
OEM_0254,Doran Products - Tainan,6,Taiwan,Smartphone,4.830051367747718,,0,OEM,OEM,6,East Asia
OEM_0255,Lumen Products - Tianjin,6,China,Smartphone,0.737689414718795,,0,OEM,OEM,6,East Asia
OEM_0256,Gethin Industries - Hwaseong,6,Korea,Laptop,1.5615245185330733,,0,OEM,OEM,6,East Asia
OEM_0257,Ferrin Industries - Singapore,6,Southeast Asia,Smartphone,0.3300592304982807,,0,OEM,OEM,6,East Asia
OEM_0258,Faryn Devices - Crolles,6,Europe,Industrial controller,3.986760687890241,,0,OEM,OEM,6,Western
OEM_0259,Wend Devices - Crolles,6,Europe,Automotive ECU,0.400655864389249,,0,OEM,OEM,6,Western
OEM_0260,Kestrel Group - Leixlip,6,Europe,Laptop,1.1782379173420472,,0,OEM,OEM,6,Western
OEM_0261,Mordant Group - Gumi,6,Korea,Automotive ECU,1.6351689148108068,,0,OEM,OEM,6,East Asia
OEM_0262,Ader Products - Chengdu,6,China,Industrial controller,1.0567796990420193,,0,OEM,OEM,6,East Asia
OEM_0263,Cortex Group - Wuxi,6,China,Industrial controller,1.5728691828353834,,0,OEM,OEM,6,East Asia
OEM_0264,Jorel Devices - Wuxi,6,China,Server,0.6620092491120775,,0,OEM,OEM,6,East Asia
OEM_0265,Brant Devices - Wuxi,6,China,Automotive ECU,3.054721098566922,,0,OEM,OEM,6,East Asia
OEM_0266,Vantor Group - Malta,6,North America,Industrial controller,0.5286877425446175,,0,OEM,OEM,6,Western
OEM_0267,Umber Group - Crolles,6,Europe,Smartphone,0.8211298654807944,,0,OEM,OEM,6,Western
OEM_0268,Holt Industries - Crolles,6,Europe,Industrial controller,0.6532309553333043,,0,OEM,OEM,6,Western
OEM_0269,Granth Industries - Chengdu,6,China,Laptop,2.0048444164432992,,0,OEM,OEM,6,East Asia
OEM_0270,Wexler Industries - Shanghai,6,China,Smartphone,0.7112512461824051,,0,OEM,OEM,6,East Asia
OEM_0271,Jorel Group - Tianjin,6,China,Industrial controller,0.43036713837661833,,0,OEM,OEM,6,East Asia
OEM_0272,Renbeck Products - Tainan,6,Taiwan,Industrial controller,0.521336280303982,,0,OEM,OEM,6,East Asia
OEM_0273,Quarn Devices - Xi'an,6,China,Network equipment,1.9546079713286129,,0,OEM,OEM,6,East Asia
OEM_0274,Trellis Products - Eindhoven,6,Europe,Server,2.192171586553685,,0,OEM,OEM,6,Western
OEM_0275,Orvid Industries - Crolles,6,Europe,Automotive ECU,0.5280635786070409,,0,OEM,OEM,6,Western
OEM_0276,Yarrow Industries - Xi'an,6,China,Industrial controller,0.7887088491109467,,0,OEM,OEM,6,East Asia
OEM_0277,Solvex Group - Wuxi,6,China,Server,0.6889785542830913,,0,OEM,OEM,6,East Asia
OEM_0278,Nevin Products - Singapore,6,Southeast Asia,Automotive ECU,0.35429667165740225,,0,OEM,OEM,6,East Asia
OEM_0279,Brant Products - Hillsboro,6,North America,Automotive ECU,0.39938297649126536,,0,OEM,OEM,6,Western
OEM_0280,Ulvid Devices - Shanghai,6,China,Smartphone,2.998968975737024,,0,OEM,OEM,6,East Asia
OEM_0281,Wend Devices - Pune,6,South Asia,Industrial controller,0.5484951796526452,,0,OEM,OEM,6,Unaligned
OEM_0282,Jarn Devices - Xi'an,6,China,Network equipment,0.8812406402139583,,0,OEM,OEM,6,East Asia
OEM_0283,Zephyr Products - Chandler,6,North America,Industrial controller,0.8150716116971369,,0,OEM,OEM,6,Western
OEM_0284,Dyne Group - Wuxi,6,China,Server,0.8012406347963227,,0,OEM,OEM,6,East Asia
OEM_0285,Halcy Devices - Chandler,6,North America,Laptop,4.582435428701147,,0,OEM,OEM,6,Western
OEM_0286,Ferrin Industries - Kitakyushu,6,Japan,Laptop,4.290391085682237,,0,OEM,OEM,6,East Asia
OEM_0287,Granth Group - Yokkaichi,6,Japan,Automotive ECU,1.3941435372090332,,0,OEM,OEM,6,East Asia
OEM_0288,Calder Devices - Villach,6,Europe,Automotive ECU,0.23799996629385964,,0,OEM,OEM,6,Western
OEM_0289,Mervi Products - Hillsboro,6,North America,Server,0.7733451857224074,,0,OEM,OEM,6,Western
OEM_0290,Elstow Group - Leixlip,6,Europe,Network equipment,0.22841602009781944,,0,OEM,OEM,6,Western
OEM_0291,Wend Group - Dalian,6,China,Laptop,1.271578406941028,,0,OEM,OEM,6,East Asia
OEM_0292,Halcy Devices - Dresden 2,6,Europe,Medical device,0.7867084589933813,,0,OEM,OEM,6,Western
OEM_0293,Noral Products - Malta,6,North America,Automotive ECU,1.2877843661605328,,0,OEM,OEM,6,Western
OEM_0294,Xanthe Industries - Tianjin,6,China,Laptop,0.2984460528786074,,0,OEM,OEM,6,East Asia
OEM_0295,Ivex Group - Hillsboro,6,North America,Industrial controller,1.50977896617775,,0,OEM,OEM,6,Western
OEM_0296,Holt Industries - Guadalajara,6,North America,Industrial controller,1.3128075010430234,,0,OEM,OEM,6,Western
OEM_0297,Mervi Industries - Gumi,6,Korea,Smartphone,0.7483349244858628,,0,OEM,OEM,6,East Asia
OEM_0298,Holt Products - Gumi,6,Korea,Medical device,0.9704177953920098,,0,OEM,OEM,6,East Asia
OEM_0299,Rivet Devices - Gumi,6,Korea,Automotive ECU,1.1983105809920096,,0,OEM,OEM,6,East Asia
OEM_0300,Trellis Group - Sendai,6,Japan,Smartphone,0.6370059442586811,,0,OEM,OEM,6,East Asia
OEM_0301,Rivet Group - Cheongju,6,Korea,Laptop,0.5808687100544885,,0,OEM,OEM,6,East Asia
OEM_0302,Stade Industries - Kumamoto,6,Japan,Automotive ECU,0.6395731215551566,,0,OEM,OEM,6,East Asia
OEM_0303,Zephyr Products - Austin,6,North America,Automotive ECU,1.2605637991765313,,0,OEM,OEM,6,Western
OEM_0304,Quill Group - Kitakyushu,6,Japan,Network equipment,2.191300519806351,,0,OEM,OEM,6,East Asia
OEM_0305,Halcy Group - Batangas,6,Southeast Asia,Network equipment,1.4254655013114665,,0,OEM,OEM,6,East Asia
OEM_0306,Xanthe Industries - Chengdu,6,China,Industrial controller,1.1290935441906729,,0,OEM,OEM,6,East Asia
OEM_0307,Isar Group - Dresden 2,6,Europe,Network equipment,0.624681752596593,,0,OEM,OEM,6,Western
OEM_0308,Ulvid Products - Malta,6,North America,Smartphone,0.5623028753831265,,0,OEM,OEM,6,Western
OEM_0309,Ulvid Products - Crolles,6,Europe,Automotive ECU,0.5106617656448517,,0,OEM,OEM,6,Western
OEM_0310,Orvid Products - Ottawa,6,North America,Industrial controller,0.7931195776675082,,0,OEM,OEM,6,Western
OEM_0311,Holt Products - Malta,6,North America,Industrial controller,0.354652092339556,,0,OEM,OEM,6,Western
OEM_0312,Calder Industries - Hsinchu,6,Taiwan,Smartphone,0.5511676092723604,,0,OEM,OEM,6,East Asia
OEM_0313,Lethe Products - Guadalajara,6,North America,Industrial controller,1.8688075641818032,,0,OEM,OEM,6,Western
OEM_0314,Quill Group - Austin,6,North America,Server,1.4162065981830478,,0,OEM,OEM,6,Western
OEM_0315,Isar Products - Cheongju,6,Korea,Laptop,0.5319227501974393,,0,OEM,OEM,6,East Asia
OEM_0316,Dyne Devices - Shanghai,6,China,Network equipment,0.800510325047926,,0,OEM,OEM,6,East Asia
OEM_0317,Orvid Devices - Chengdu,6,China,Medical device,1.4123207021063704,,0,OEM,OEM,6,East Asia
OEM_0318,Lumen Devices - Wuxi,6,China,Medical device,0.34121149921070415,,0,OEM,OEM,6,East Asia
OEM_0319,Dyne Devices - Taoyuan,6,Taiwan,Automotive ECU,0.4557896707387066,,0,OEM,OEM,6,East Asia
OEM_0320,Lumen Group - Hyderabad,6,South Asia,Medical device,2.7127975054387856,,0,OEM,OEM,6,Unaligned
OEM_0321,Prendel Devices - Kumamoto,6,Japan,Laptop,0.6035154542610865,,0,OEM,OEM,6,East Asia
OEM_0322,Trellis Products - Shanghai,6,China,Network equipment,0.6518347144563613,,0,OEM,OEM,6,East Asia
OEM_0323,Belan Products - Guadalajara,6,North America,Network equipment,2.1688074402570714,,0,OEM,OEM,6,Western
OEM_0324,Jorel Group - Yokkaichi,6,Japan,Industrial controller,2.7799129652510235,,0,OEM,OEM,6,East Asia
OEM_0325,Lethe Group - Kaohsiung,6,Taiwan,Server,1.442545125281456,,0,OEM,OEM,6,East Asia
OEM_0326,Doran Devices - Hillsboro,6,North America,Automotive ECU,1.2692295356695573,,0,OEM,OEM,6,Western
OEM_0327,Trellis Group - Wuxi,6,China,Smartphone,0.5863395105802784,,0,OEM,OEM,6,East Asia
OEM_0328,Noral Group - Austin,6,North America,Smartphone,0.32164374014943653,,0,OEM,OEM,6,Western
OEM_0329,Quarn Devices - Malta,6,North America,Smartphone,0.979514103514842,,0,OEM,OEM,6,Western
OEM_0330,Halcy Products - Cheongju,6,Korea,Automotive ECU,2.8903033161523615,,0,OEM,OEM,6,East Asia
OEM_0331,Ystad Industries - Malta,6,North America,Industrial controller,0.9625062251978262,,0,OEM,OEM,6,Western
OEM_0332,Orvid Products - Taoyuan,6,Taiwan,Automotive ECU,0.6681044191744129,,0,OEM,OEM,6,East Asia
OEM_0333,Ferrin Products - Gumi,6,Korea,Industrial controller,1.154857446728186,,0,OEM,OEM,6,East Asia
OEM_0334,Granth Industries - Taoyuan,6,Taiwan,Industrial controller,1.9162475685345401,,0,OEM,OEM,6,East Asia
OEM_0335,Ferrin Industries - Taichung,6,Taiwan,Automotive ECU,1.8056000656175755,,0,OEM,OEM,6,East Asia
OEM_0336,Holt Devices - Ottawa,6,North America,Smartphone,1.815008748646416,,0,OEM,OEM,6,Western
OEM_0337,Ember Group - Austin,6,North America,Smartphone,0.4257322698195141,,0,OEM,OEM,6,Western
OEM_0338,Ulvid Products - Hillsboro,6,North America,Laptop,2.5462480365675453,,0,OEM,OEM,6,Western
OEM_0339,Mervi Industries - Dresden,6,Europe,Network equipment,2.398692944535917,,0,OEM,OEM,6,Western
OEM_0340,Rivet Industries - Crolles,6,Europe,Laptop,0.39396252915023877,,0,OEM,OEM,6,Western
OEM_0341,Elstow Devices - Leixlip,6,Europe,Server,1.3459786916569296,,0,OEM,OEM,6,Western
OEM_0342,Cortex Group - Grenoble,6,Europe,Industrial controller,1.4990516108593337,,0,OEM,OEM,6,Western
OEM_0343,Cortex Devices - Ottawa,6,North America,Laptop,0.4404504679629938,,0,OEM,OEM,6,Western
OEM_0344,Gethin Products - Ottawa,6,North America,Automotive ECU,0.4714897184381376,,0,OEM,OEM,6,Western
OEM_0345,Ulvid Devices - Ottawa,6,North America,Industrial controller,0.8026727052446424,,0,OEM,OEM,6,Western
OEM_0346,Ulvid Industries - Gumi,6,Korea,Industrial controller,0.5893815276581484,,0,OEM,OEM,6,East Asia
OEM_0347,Solvex Products - Malta,6,North America,Smartphone,0.23657463289655886,,0,OEM,OEM,6,Western
OEM_0348,Lethe Products - Guadalajara 2,6,North America,Network equipment,0.9028187187104262,,0,OEM,OEM,6,Western
OEM_0349,Ferrin Industries - Hillsboro,6,North America,Automotive ECU,0.3005076514898374,,0,OEM,OEM,6,Western
OEM_0350,Noral Products - Austin,6,North America,Network equipment,1.5786867097173873,,0,OEM,OEM,6,Western
OEM_0351,Prendel Devices - Hwaseong,6,Korea,Industrial controller,0.8914118869902652,,0,OEM,OEM,6,East Asia
OEM_0352,Prendel Group - Eindhoven 2,6,Europe,Industrial controller,1.0331933205610522,,0,OEM,OEM,6,Western
OEM_0353,Solvex Industries - Kitakyushu,6,Japan,Medical device,1.4862762332331663,,0,OEM,OEM,6,East Asia
OEM_0354,Brant Group - Eindhoven,6,Europe,Industrial controller,0.8570779027448898,,0,OEM,OEM,6,Western
OEM_0355,Stade Industries - Singapore,6,Southeast Asia,Medical device,0.6168709434026248,,0,OEM,OEM,6,East Asia
OEM_0356,Palter Group - Tianjin,6,China,Industrial controller,0.4626202576962306,,0,OEM,OEM,6,East Asia
OEM_0357,Elstow Group - Hwaseong 2,6,Korea,Medical device,1.0856524469462174,,0,OEM,OEM,6,East Asia
OEM_0358,Lumen Group - Icheon,6,Korea,Industrial controller,1.3867806277265242,,0,OEM,OEM,6,East Asia
OEM_0359,Zephyr Products - Dalian,6,China,Medical device,1.190994117454825,,0,OEM,OEM,6,East Asia
OEM_0360,Thorne Products - Hillsboro,6,North America,Automotive ECU,3.745703549055505,,0,OEM,OEM,6,Western
OEM_0361,Korrin Devices - Tianjin,6,China,Network equipment,0.08929066423424262,,0,OEM,OEM,6,East Asia
OEM_0362,Noral Products - Pyeongtaek,6,Korea,Smartphone,0.4150407447274663,,0,OEM,OEM,6,East Asia
OEM_0363,Zephyr Industries - Guadalajara,6,North America,Industrial controller,0.7305602627227693,,0,OEM,OEM,6,Western
OEM_0364,Halcy Products - Bengaluru,6,South Asia,Smartphone,5.285979673792024,,0,OEM,OEM,6,Unaligned
OEM_0365,Dyne Products - Ottawa,6,North America,Server,0.5788624472961861,,0,OEM,OEM,6,Western
OEM_0366,Trellis Devices - Kumamoto,6,Japan,Laptop,1.1009556969174346,,0,OEM,OEM,6,East Asia
OEM_0367,Noral Group - Kaohsiung,6,Taiwan,Laptop,0.500080228990997,,0,OEM,OEM,6,East Asia
OEM_0368,Jorel Devices - Shenzhen,6,China,Medical device,2.7239368914635897,,0,OEM,OEM,6,East Asia
OEM_0369,Nevin Group - Chengdu,6,China,Server,0.957741833633227,,0,OEM,OEM,6,East Asia
OEM_0370,Renbeck Group - Guadalajara,6,North America,Smartphone,0.8794314875671367,,0,OEM,OEM,6,Western
OEM_0371,Verity Products - Crolles,6,Europe,Industrial controller,1.0769417761033049,,0,OEM,OEM,6,Western
OEM_0372,Rivet Group - Malta,6,North America,Laptop,1.0340010154094768,,0,OEM,OEM,6,Western
OEM_0373,Doran Devices - Shenzhen,6,China,Smartphone,1.2455071298401972,,0,OEM,OEM,6,East Asia
OEM_0374,Noral Group - Eindhoven,6,Europe,Automotive ECU,1.3289416237712108,,0,OEM,OEM,6,Western
OEM_0375,Brant Group - Malta,6,North America,Industrial controller,1.2690084012782585,,0,OEM,OEM,6,Western
OEM_0376,Ystad Industries - Hyderabad,6,South Asia,Server,0.19127519807542945,,0,OEM,OEM,6,Unaligned
OEM_0377,Lumen Group - Xi'an,6,China,Automotive ECU,1.7027530184995405,,0,OEM,OEM,6,East Asia
OEM_0378,Thorne Products - Leixlip 2,6,Europe,Automotive ECU,0.3852349077231968,,0,OEM,OEM,6,Western
OEM_0379,Noral Industries - Malta,6,North America,Server,1.1707469188864716,,0,OEM,OEM,6,Western
OEM_0380,Gethin Group - Tianjin,6,China,Industrial controller,0.3711265000382035,,0,OEM,OEM,6,East Asia
OEM_0381,Verity Industries - Kumamoto,6,Japan,Smartphone,0.2766156410720856,,0,OEM,OEM,6,East Asia
OEM_0382,Lethe Products - Grenoble,6,Europe,Laptop,2.136576003699108,,0,OEM,OEM,6,Western
OEM_0383,Noral Industries - Xi'an,6,China,Laptop,1.668846906659944,,0,OEM,OEM,6,East Asia
OEM_0384,Ferrin Devices - Crolles,6,Europe,Automotive ECU,0.8848449141297524,,0,OEM,OEM,6,Western
OEM_0385,Gethin Devices - Guadalajara,6,North America,Laptop,1.29325362015419,,0,OEM,OEM,6,Western
OEM_0386,Nevin Industries - Kumamoto,6,Japan,Smartphone,0.2902141181444997,,0,OEM,OEM,6,East Asia
OEM_0387,Zephyr Products - Hiroshima,6,Japan,Industrial controller,1.826955070466576,,0,OEM,OEM,6,East Asia
OEM_0388,Holt Products - Kitakyushu,6,Japan,Automotive ECU,0.8315667605222954,,0,OEM,OEM,6,East Asia
OEM_0389,Prendel Group - Tainan,6,Taiwan,Medical device,1.2966173998288568,,0,OEM,OEM,6,East Asia
OEM_0390,Rivet Products - Villach,6,Europe,Industrial controller,1.0560625425009456,,0,OEM,OEM,6,Western
OEM_0391,Jorel Industries - Kitakyushu,6,Japan,Automotive ECU,3.7666560646005984,,0,OEM,OEM,6,East Asia
OEM_0392,Yarrow Industries - Hwaseong,6,Korea,Smartphone,0.9706381102144427,,0,OEM,OEM,6,East Asia
OEM_0393,Ferrin Group - Hwaseong,6,Korea,Smartphone,0.3971406699675113,,0,OEM,OEM,6,East Asia
OEM_0394,Quill Industries - Sendai,6,Japan,Smartphone,0.47734618018198166,,0,OEM,OEM,6,East Asia
OEM_0395,Korrin Industries - Ottawa,6,North America,Automotive ECU,0.34707186648318383,,0,OEM,OEM,6,Western
OEM_0396,Holt Group - Leixlip,6,Europe,Automotive ECU,0.07245861337804144,,0,OEM,OEM,6,Western
OEM_0397,Cortex Devices - Dresden,6,Europe,Laptop,0.9122783693367092,,0,OEM,OEM,6,Western
OEM_0398,Faryn Industries - Hillsboro,6,North America,Industrial controller,3.9829058850539103,,0,OEM,OEM,6,Western
OEM_0399,Palter Devices - Wuxi,6,China,Industrial controller,4.068094881598222,,0,OEM,OEM,6,East Asia
OEM_0400,Korrin Products - Ottawa,6,North America,Industrial controller,0.3551643664087058,,0,OEM,OEM,6,Western
OEM_0401,Granth Industries - Eindhoven,6,Europe,Laptop,4.4532616364104864,,0,OEM,OEM,6,Western
OEM_0402,Verity Group - Hwaseong,6,Korea,Laptop,3.628511040539735,,0,OEM,OEM,6,East Asia
OEM_0403,Stade Devices - Batangas,6,Southeast Asia,Server,0.6011309738740394,,0,OEM,OEM,6,East Asia
OEM_0404,Nevin Devices - Hillsboro,6,North America,Network equipment,1.9036329450776481,,0,OEM,OEM,6,Western
OEM_0405,Umber Industries - Crolles,6,Europe,Smartphone,0.6576989068255266,,0,OEM,OEM,6,Western
OEM_0406,Prendel Devices - Ottawa,6,North America,Industrial controller,1.4375469027724839,,0,OEM,OEM,6,Western
OEM_0407,Elstow Products - Dalian,6,China,Network equipment,2.6214538059226,,0,OEM,OEM,6,East Asia
OEM_0408,Mervi Devices - Shenzhen,6,China,Smartphone,0.916046937832348,,0,OEM,OEM,6,East Asia
OEM_0409,Xanthe Group - Grenoble,6,Europe,Automotive ECU,0.541948775979843,,0,OEM,OEM,6,Western
OEM_0410,Quill Devices - Guadalajara,6,North America,Server,0.4332921238199515,,0,OEM,OEM,6,Western
OEM_0411,Ferrin Devices - Leixlip,6,Europe,Server,1.3359180376235475,,0,OEM,OEM,6,Western
OEM_0412,Trellis Products - Eindhoven 2,6,Europe,Smartphone,1.0718880173446539,,0,OEM,OEM,6,Western
OEM_0413,Yarrow Group - Bac Ninh,6,Southeast Asia,Laptop,0.48316037057771455,,0,OEM,OEM,6,East Asia
OEM_0414,Rivet Products - Hsinchu,6,Taiwan,Server,1.874799235347046,,0,OEM,OEM,6,East Asia
OEM_0415,Ystad Industries - Dresden,6,Europe,Industrial controller,0.8360710803455318,,0,OEM,OEM,6,Western
OEM_0416,Trellis Devices - Malta,6,North America,Server,0.45207954074926276,,0,OEM,OEM,6,Western
OEM_0417,Ulvid Group - Cheongju,6,Korea,Automotive ECU,2.2678998989253873,,0,OEM,OEM,6,East Asia
OEM_0418,Cortex Industries - Shenzhen,6,China,Smartphone,1.3272436029056922,,0,OEM,OEM,6,East Asia
OEM_0419,Faryn Group - Pune,6,South Asia,Industrial controller,2.0018457343479383,,0,OEM,OEM,6,Unaligned
OEM_0420,Vantor Group - Bac Ninh,6,Southeast Asia,Smartphone,9.018578097043655,,0,OEM,OEM,6,East Asia
OEM_0421,Ember Devices - Guadalajara 2,6,North America,Medical device,2.0354964407097342,,0,OEM,OEM,6,Western
OEM_0422,Stade Group - Bangkok,6,Southeast Asia,Industrial controller,5.738254284911399,,0,OEM,OEM,6,East Asia
OEM_0423,Quill Industries - Villach 2,6,Europe,Automotive ECU,1.5613668635824483,,0,OEM,OEM,6,Western
OEM_0424,Korrin Group - Leixlip,6,Europe,Network equipment,0.1958513289090234,,0,OEM,OEM,6,Western
OEM_0425,Brant Group - Yokkaichi,6,Japan,Industrial controller,2.3743565611185655,,0,OEM,OEM,6,East Asia
OEM_0426,Solvex Industries - Crolles,6,Europe,Laptop,1.790834087017062,,0,OEM,OEM,6,Western
OEM_0427,Thorne Industries - Shenzhen 2,6,China,Industrial controller,1.4058311959995444,,0,OEM,OEM,6,East Asia
OEM_0428,Wexler Devices - Leixlip,6,Europe,Laptop,4.6425615669325815,,0,OEM,OEM,6,Western
OEM_0429,Oxbow Products - Austin,6,North America,Automotive ECU,1.3156583370425345,,0,OEM,OEM,6,Western
OEM_0430,Calder Devices - Shenzhen,6,China,Network equipment,0.11427510017498616,,0,OEM,OEM,6,East Asia
OEM_0431,Holt Products - Kumamoto,6,Japan,Smartphone,0.3966912986915267,,0,OEM,OEM,6,East Asia
OEM_0432,Zephyr Industries - Bac Ninh,6,Southeast Asia,Laptop,1.2743065263278641,,0,OEM,OEM,6,East Asia
OEM_0433,Jorel Products - Taoyuan,6,Taiwan,Smartphone,0.39123620735762227,,0,OEM,OEM,6,East Asia
OEM_0434,Lumen Group - Shenzhen,6,China,Industrial controller,0.23446545684787135,,0,OEM,OEM,6,East Asia
OEM_0435,Calder Products - Ottawa,6,North America,Industrial controller,0.7544468726199741,,0,OEM,OEM,6,Western
OEM_0436,Nevin Industries - Dalian,6,China,Industrial controller,0.46793480402888143,,0,OEM,OEM,6,East Asia
OEM_0437,Mervi Industries - Villach,6,Europe,Smartphone,0.800042502951438,,0,OEM,OEM,6,Western
OEM_0438,Granth Devices - Eindhoven,6,Europe,Laptop,2.2576213982793454,,0,OEM,OEM,6,Western
OEM_0439,Verity Industries - Icheon,6,Korea,Network equipment,0.531094898344922,,0,OEM,OEM,6,East Asia
OEM_0440,Faryn Industries - Sanand,6,South Asia,Automotive ECU,4.409680510657153,,0,OEM,OEM,6,Unaligned
OEM_0441,Yarrow Products - Tianjin,6,China,Industrial controller,1.0250897891827455,,0,OEM,OEM,6,East Asia
OEM_0442,Solvex Devices - Tianjin,6,China,Automotive ECU,1.5232555987682945,,0,OEM,OEM,6,East Asia
OEM_0443,Ulvid Industries - Dresden,6,Europe,Industrial controller,1.7984276360328937,,0,OEM,OEM,6,Western
OEM_0444,Faryn Group - Pyeongtaek,6,Korea,Laptop,0.5186137380022587,,0,OEM,OEM,6,East Asia
OEM_0445,Thorne Group - Batam,6,Southeast Asia,Industrial controller,0.45735460467053185,,0,OEM,OEM,6,East Asia
OEM_0446,Faryn Products - Kitakyushu,6,Japan,Medical device,0.3501260892534675,,0,OEM,OEM,6,East Asia
OEM_0447,Ferrin Group - Chandler,6,North America,Server,0.20034034425697061,,0,OEM,OEM,6,Western
OEM_0448,Rivet Devices - Dalian,6,China,Server,0.6484394270006202,,0,OEM,OEM,6,East Asia
OEM_0449,Holt Group - Penang,6,Southeast Asia,Server,1.7752361483264323,,0,OEM,OEM,6,East Asia
OEM_0450,Wexler Devices - Gumi,6,Korea,Medical device,0.8422287014913127,,0,OEM,OEM,6,East Asia
OEM_0451,Doran Industries - Eindhoven,6,Europe,Industrial controller,1.4422048963580487,,0,OEM,OEM,6,Western
OEM_0452,Dyne Products - Leixlip,6,Europe,Network equipment,1.0147435697780867,,0,OEM,OEM,6,Western
OEM_0453,Faryn Industries - Kaohsiung,6,Taiwan,Server,0.3420045586230417,,0,OEM,OEM,6,East Asia
OEM_0454,Dyne Industries - Hillsboro,6,North America,Industrial controller,2.8247698709784466,,0,OEM,OEM,6,Western
OEM_0455,Nevin Products - Crolles,6,Europe,Laptop,0.5499948890189644,,0,OEM,OEM,6,Western
OEM_0456,Doran Products - Icheon,6,Korea,Network equipment,0.06844572405582036,,0,OEM,OEM,6,East Asia
OEM_0457,Wend Industries - Chengdu,6,China,Smartphone,1.1774579218645642,,0,OEM,OEM,6,East Asia
OEM_0458,Quill Group - Leixlip,6,Europe,Server,0.25682658114552775,,0,OEM,OEM,6,Western
OEM_0459,Ader Products - Wuxi,6,China,Laptop,2.099961423054398,,0,OEM,OEM,6,East Asia
OEM_0460,Noral Industries - Guadalajara,6,North America,Industrial controller,2.178758818846933,,0,OEM,OEM,6,Western
OEM_0461,Zephyr Group - Guadalajara,6,North America,Industrial controller,1.1211469193915857,,0,OEM,OEM,6,Western
OEM_0462,Oxbow Group - Crolles,6,Europe,Network equipment,1.554896572678146,,0,OEM,OEM,6,Western
OEM_0463,Oxbow Industries - Cheongju,6,Korea,Server,0.7060746053075592,,0,OEM,OEM,6,East Asia
OEM_0464,Ader Group - Dalian,6,China,Server,1.0852842711631596,,0,OEM,OEM,6,East Asia
OEM_0465,Alder Group - Guadalajara,6,North America,Laptop,1.1079413409021124,,0,OEM,OEM,6,Western
OEM_0466,Calder Industries - Taichung,6,Taiwan,Smartphone,6.198459420315293,,0,OEM,OEM,6,East Asia
OEM_0467,Wend Group - Chengdu 2,6,China,Industrial controller,1.9373128682724647,,0,OEM,OEM,6,East Asia
OEM_0468,Wexler Industries - Icheon,6,Korea,Industrial controller,1.5435330469263815,,0,OEM,OEM,6,East Asia
OEM_0469,Mordant Products - Austin,6,North America,Laptop,0.48142553944090866,,0,OEM,OEM,6,Western
OEM_0470,Faryn Products - Kitakyushu 2,6,Japan,Medical device,2.764451923054679,,0,OEM,OEM,6,East Asia
OEM_0471,Ferrin Devices - Shenzhen,6,China,Automotive ECU,2.1410536843713643,,0,OEM,OEM,6,East Asia
OEM_0472,Zephyr Industries - Hsinchu,6,Taiwan,Medical device,1.1108860472232438,,0,OEM,OEM,6,East Asia
OEM_0473,Ulvid Group - Bac Ninh,6,Southeast Asia,Smartphone,0.47297079570937045,,0,OEM,OEM,6,East Asia
OEM_0474,Granth Products - Dresden,6,Europe,Laptop,1.2354431857878985,,0,OEM,OEM,6,Western
OEM_0475,Jarn Industries - Nagano,6,Japan,Network equipment,2.965716326139673,,0,OEM,OEM,6,East Asia
OEM_0476,Elstow Industries - Pyeongtaek,6,Korea,Medical device,0.3881593243959302,,0,OEM,OEM,6,East Asia
OEM_0477,Isar Devices - Bangkok,6,Southeast Asia,Smartphone,0.19434999699903613,,0,OEM,OEM,6,East Asia
OEM_0478,Quill Industries - Grenoble,6,Europe,Server,0.4632546544398127,,0,OEM,OEM,6,Western
OEM_0479,Jarn Group - Chengdu,6,China,Smartphone,0.21979632112819528,,0,OEM,OEM,6,East Asia
OEM_0480,Stade Products - Malta,6,North America,Automotive ECU,2.2199979855947483,,0,OEM,OEM,6,Western
OEM_0481,Cortex Devices - Kitakyushu,6,Japan,Server,0.7934707723946524,,0,OEM,OEM,6,East Asia
OEM_0482,Nevin Devices - Villach,6,Europe,Automotive ECU,1.2119678807706342,,0,OEM,OEM,6,Western
OEM_0483,Oxbow Products - Nagano,6,Japan,Laptop,1.6639329224274393,,0,OEM,OEM,6,East Asia
OEM_0484,Dyne Industries - Leixlip,6,Europe,Network equipment,2.7564735556771085,,0,OEM,OEM,6,Western
OEM_0485,Belan Group - Gumi,6,Korea,Laptop,0.3864319000736743,,0,OEM,OEM,6,East Asia
OEM_0486,Belan Group - Pyeongtaek,6,Korea,Smartphone,2.64288779143418,,0,OEM,OEM,6,East Asia
OEM_0487,Palter Products - Ottawa,6,North America,Smartphone,1.61125837456609,,0,OEM,OEM,6,Western
OEM_0488,Xanthe Devices - Austin,6,North America,Server,2.3031544542523767,,0,OEM,OEM,6,Western
OEM_0489,Ivex Products - Tianjin,6,China,Smartphone,1.3508109523505762,,0,OEM,OEM,6,East Asia
OEM_0490,Ferrin Group - Bangkok,6,Southeast Asia,Network equipment,2.422605612161418,,0,OEM,OEM,6,East Asia
OEM_0491,Gethin Industries - Chandler,6,North America,Network equipment,0.5522928502368032,,0,OEM,OEM,6,Western
OEM_0492,Faryn Group - Chandler,6,North America,Industrial controller,0.414107278963689,,0,OEM,OEM,6,Western
OEM_0493,Thorne Industries - Ottawa,6,North America,Laptop,0.7511105759459349,,0,OEM,OEM,6,Western
OEM_0494,Zephyr Devices - Villach,6,Europe,Automotive ECU,0.6127893100472126,,0,OEM,OEM,6,Western
OEM_0495,Renbeck Products - Hillsboro,6,North America,Automotive ECU,0.5957661460210562,,0,OEM,OEM,6,Western
OEM_0496,Yarrow Devices - Taichung,6,Taiwan,Smartphone,1.792149969237656,,0,OEM,OEM,6,East Asia
OEM_0497,Solvex Industries - Ottawa,6,North America,Automotive ECU,1.5292228732349684,,0,OEM,OEM,6,Western
OEM_0498,Korrin Group - Hillsboro,6,North America,Laptop,0.4497998861165251,,0,OEM,OEM,6,Western
OEM_0499,Stade Group - Bengaluru,6,South Asia,Automotive ECU,0.8013693437902627,,0,OEM,OEM,6,Unaligned
OEM_0500,Noral Products - Dalian 2,6,China,Smartphone,0.6495408912834993,,0,OEM,OEM,6,East Asia
OEM_0501,Lumen Products - Chengdu,6,China,Smartphone,0.9940792209776784,,0,OEM,OEM,6,East Asia
OEM_0502,Ader Group - Malta,6,North America,Automotive ECU,1.087509142083807,,0,OEM,OEM,6,Western
OEM_0503,Halcy Devices - Crolles,6,Europe,Smartphone,0.31490057033171176,,0,OEM,OEM,6,Western
OEM_0504,Mordant Group - Xi'an,6,China,Automotive ECU,0.6830719317837791,,0,OEM,OEM,6,East Asia
OEM_0505,Nevin Products - Tianjin,6,China,Network equipment,2.2049039366495484,,0,OEM,OEM,6,East Asia
OEM_0506,Alder Group - Shenzhen,6,China,Industrial controller,0.986156178184655,,0,OEM,OEM,6,East Asia
OEM_0507,Gethin Products - Taichung,6,Taiwan,Medical device,2.1263558467744748,,0,OEM,OEM,6,East Asia
OEM_0508,Solvex Group - Chandler 2,6,North America,Network equipment,0.8623338321741277,,0,OEM,OEM,6,Western
OEM_0509,Oxbow Devices - Hillsboro,6,North America,Laptop,0.43039343485722864,,0,OEM,OEM,6,Western
OEM_0510,Quill Products - Chandler,6,North America,Medical device,0.8405680632436549,,0,OEM,OEM,6,Western
OEM_0511,Quarn Devices - Chengdu,6,China,Network equipment,0.8066674473556781,,0,OEM,OEM,6,East Asia
OEM_0512,Faryn Industries - Crolles,6,Europe,Medical device,7.533584028625141,,0,OEM,OEM,6,Western
OEM_0513,Jarn Products - Villach,6,Europe,Smartphone,2.7685176144966444,,0,OEM,OEM,6,Western
OEM_0514,Elstow Devices - Ottawa,6,North America,Laptop,1.9307137418718467,,0,OEM,OEM,6,Western
OEM_0515,Lethe Products - Villach,6,Europe,Automotive ECU,1.467300425065455,,0,OEM,OEM,6,Western
OEM_0516,Mervi Industries - Icheon,6,Korea,Automotive ECU,0.5332348860692971,,0,OEM,OEM,6,East Asia
OEM_0517,Halcy Group - Grenoble,6,Europe,Server,0.7353399506833856,,0,OEM,OEM,6,Western
OEM_0518,Ferrin Industries - Villach,6,Europe,Automotive ECU,1.0772415882283586,,0,OEM,OEM,6,Western
OEM_0519,Gethin Devices - Dalian,6,China,Automotive ECU,3.655141825497189,,0,OEM,OEM,6,East Asia
OEM_0520,Lumen Devices - Tianjin,6,China,Smartphone,0.7461979618212063,,0,OEM,OEM,6,East Asia
OEM_0521,Ystad Group - Shenzhen,6,China,Automotive ECU,0.13966451348557682,,0,OEM,OEM,6,East Asia
OEM_0522,Dyne Products - Austin,6,North America,Industrial controller,0.9515328094951262,,0,OEM,OEM,6,Western
OEM_0523,Brant Devices - Chandler,6,North America,Server,0.5527746411812028,,0,OEM,OEM,6,Western
OEM_0524,Solvex Industries - Bengaluru,6,South Asia,Server,0.8189365083573656,,0,OEM,OEM,6,Unaligned
OEM_0525,Wexler Group - Crolles,6,Europe,Smartphone,0.41344395994585686,,0,OEM,OEM,6,Western
OEM_0526,Ferrin Group - Ottawa,6,North America,Industrial controller,0.23667694290866603,,0,OEM,OEM,6,Western
OEM_0527,Rivet Group - Dalian,6,China,Network equipment,1.3503161032677198,,0,OEM,OEM,6,East Asia
OEM_0528,Dyne Products - Xi'an,6,China,Automotive ECU,1.3040592325300802,,0,OEM,OEM,6,East Asia
OEM_0529,Orvid Group - Bangkok,6,Southeast Asia,Medical device,0.32932912460229513,,0,OEM,OEM,6,East Asia
OEM_0530,Zephyr Industries - Ottawa,6,North America,Network equipment,0.31031879976461363,,0,OEM,OEM,6,Western
OEM_0531,Lethe Products - Dresden,6,Europe,Server,0.7033628996056036,,0,OEM,OEM,6,Western
OEM_0532,Trellis Industries - Chengdu,6,China,Network equipment,1.1688210430899357,,0,OEM,OEM,6,East Asia
OEM_0533,Prendel Group - Eindhoven 3,6,Europe,Industrial controller,0.48895140956756983,,0,OEM,OEM,6,Western
OEM_0534,Doran Devices - Crolles,6,Europe,Automotive ECU,1.1744840962845526,,0,OEM,OEM,6,Western
OEM_0535,Wexler Group - Leixlip 2,6,Europe,Laptop,0.3606294265954975,,0,OEM,OEM,6,Western
OEM_0536,Noral Products - Tianjin,6,China,Automotive ECU,0.31997797524474114,,0,OEM,OEM,6,East Asia
OEM_0537,Quarn Products - Hillsboro,6,North America,Laptop,4.314211227440962,,0,OEM,OEM,6,Western
OEM_0538,Granth Products - Sendai,6,Japan,Laptop,0.23689659358244777,,0,OEM,OEM,6,East Asia
OEM_0539,Quarn Industries - Guadalajara,6,North America,Server,1.5295329212773427,,0,OEM,OEM,6,Western
OEM_0540,Xanthe Devices - Shanghai,6,China,Medical device,0.39993270491421956,,0,OEM,OEM,6,East Asia
OEM_0541,Quill Products - Tainan,6,Taiwan,Smartphone,1.1318314245667325,,0,OEM,OEM,6,East Asia
OEM_0542,Halcy Devices - Eindhoven,6,Europe,Server,0.4680658544040684,,0,OEM,OEM,6,Western
OEM_0543,Halcy Industries - Batam,6,Southeast Asia,Industrial controller,0.6852330747544849,,0,OEM,OEM,6,East Asia
OEM_0544,Wexler Group - Dalian,6,China,Smartphone,1.9059356614224758,,0,OEM,OEM,6,East Asia
OEM_0545,Trellis Group - Chengdu,6,China,Network equipment,0.6517358181704088,,0,OEM,OEM,6,East Asia
OEM_0546,Ivex Industries - Guadalajara,6,North America,Smartphone,0.5521297977974723,,0,OEM,OEM,6,Western
OEM_0547,Ader Devices - Villach,6,Europe,Medical device,0.7661138987339468,,0,OEM,OEM,6,Western
OEM_0548,Ulvid Industries - Singapore,6,Southeast Asia,Server,0.8074664923146895,,0,OEM,OEM,6,East Asia
OEM_0549,Wexler Industries - Sendai,6,Japan,Laptop,0.9803351917911415,,0,OEM,OEM,6,East Asia
OEM_0550,Isar Products - Sanand,6,South Asia,Network equipment,1.0815401362912678,,0,OEM,OEM,6,Unaligned
OEM_0551,Quill Group - Chengdu,6,China,Smartphone,0.3579780034500735,,0,OEM,OEM,6,East Asia
OEM_0552,Palter Products - Austin,6,North America,Smartphone,3.939653743665913,,0,OEM,OEM,6,Western
OEM_0553,Ader Devices - Kaohsiung,6,Taiwan,Automotive ECU,0.7709595523506645,,0,OEM,OEM,6,East Asia
OEM_0554,Rivet Products - Yokkaichi,6,Japan,Industrial controller,0.8215399559108018,,0,OEM,OEM,6,East Asia
OEM_0555,Xanthe Industries - Cheongju,6,Korea,Laptop,1.6073680815895552,,0,OEM,OEM,6,East Asia
OEM_0556,Palter Industries - Kitakyushu,6,Japan,Industrial controller,4.196680838286835,,0,OEM,OEM,6,East Asia
OEM_0557,Ember Devices - Chandler,6,North America,Laptop,1.5798178165838597,,0,OEM,OEM,6,Western
OEM_0558,Elstow Devices - Kaohsiung,6,Taiwan,Smartphone,2.323073666164617,,0,OEM,OEM,6,East Asia
OEM_0559,Doran Devices - Malta,6,North America,Smartphone,0.9918491337719395,,0,OEM,OEM,6,Western
OEM_0560,Verity Devices - Taoyuan,6,Taiwan,Network equipment,0.6528641014200955,,0,OEM,OEM,6,East Asia
OEM_0561,Xanthe Group - Ottawa,6,North America,Automotive ECU,0.7105599645715865,,0,OEM,OEM,6,Western
OEM_0562,Cortex Devices - Eindhoven,6,Europe,Smartphone,0.8881644508051098,,0,OEM,OEM,6,Western
OEM_0563,Alder Group - Ottawa,6,North America,Automotive ECU,1.5193128713708537,,0,OEM,OEM,6,Western
OEM_0564,Orvid Devices - Guadalajara,6,North America,Smartphone,0.9384133698558547,,0,OEM,OEM,6,Western
OEM_0565,Mordant Products - Dalian,6,China,Medical device,1.2064510892504576,,0,OEM,OEM,6,East Asia
OEM_0566,Verity Products - Austin,6,North America,Industrial controller,3.105154061636601,,0,OEM,OEM,6,Western
OEM_0567,Gethin Products - Hyderabad,6,South Asia,Smartphone,1.6855927111927753,,0,OEM,OEM,6,Unaligned
OEM_0568,Palter Devices - Shanghai,6,China,Server,1.2731550557180622,,0,OEM,OEM,6,East Asia
OEM_0569,Halcy Industries - Guadalajara,6,North America,Server,0.6487662781599111,,0,OEM,OEM,6,Western
OEM_0570,Isar Products - Ottawa,6,North America,Smartphone,0.7498025276554999,,0,OEM,OEM,6,Western
OEM_0571,Brant Group - Ottawa,6,North America,Server,0.4472197118378414,,0,OEM,OEM,6,Western
OEM_0572,Quarn Industries - Shenzhen,6,China,Network equipment,1.0576524926398616,,0,OEM,OEM,6,East Asia
OEM_0573,Palter Group - Chandler,6,North America,Automotive ECU,0.12692035455244308,,0,OEM,OEM,6,Western
OEM_0574,Palter Products - Taichung,6,Taiwan,Automotive ECU,0.5593168878756078,,0,OEM,OEM,6,East Asia
OEM_0575,Thorne Group - Taichung,6,Taiwan,Laptop,1.5164658497945815,,0,OEM,OEM,6,East Asia
OEM_0576,Granth Group - Malta,6,North America,Smartphone,0.8752139422180888,,0,OEM,OEM,6,Western
OEM_0577,Stade Group - Wuxi,6,China,Industrial controller,1.0690870406828918,,0,OEM,OEM,6,East Asia
OEM_0578,Doran Devices - Malta 2,6,North America,Industrial controller,0.278719843176477,,0,OEM,OEM,6,Western
OEM_0579,Vantor Group - Hillsboro,6,North America,Network equipment,2.5601817139733543,,0,OEM,OEM,6,Western
OEM_0580,Dyne Products - Hwaseong,6,Korea,Medical device,0.5882583193691309,,0,OEM,OEM,6,East Asia
OEM_0581,Vantor Products - Pyeongtaek,6,Korea,Medical device,2.644111818528983,,0,OEM,OEM,6,East Asia
OEM_0582,Jorel Group - Chandler,6,North America,Industrial controller,0.7804631632535564,,0,OEM,OEM,6,Western
OEM_0583,Quarn Industries - Shenzhen 2,6,China,Laptop,1.5686739150462714,,0,OEM,OEM,6,East Asia
OEM_0584,Verity Industries - Taichung,6,Taiwan,Server,0.9131249271396265,,0,OEM,OEM,6,East Asia
OEM_0585,Dyne Group - Austin,6,North America,Smartphone,3.251380697410398,,0,OEM,OEM,6,Western
OEM_0586,Wexler Products - Tainan,6,Taiwan,Medical device,1.2201179289390207,,0,OEM,OEM,6,East Asia
OEM_0587,Ivex Industries - Singapore,6,Southeast Asia,Laptop,2.143622380630465,,0,OEM,OEM,6,East Asia
OEM_0588,Rivet Products - Kumamoto,6,Japan,Automotive ECU,0.7217546691716554,,0,OEM,OEM,6,East Asia
OEM_0589,Quill Group - Malta,6,North America,Network equipment,2.1357884275591275,,0,OEM,OEM,6,Western
OEM_0590,Nevin Group - Chengdu 2,6,China,Automotive ECU,3.8105139476650396,,0,OEM,OEM,6,East Asia
OEM_0591,Ferrin Group - Leixlip,6,Europe,Industrial controller,0.5880094428973492,,0,OEM,OEM,6,Western
OEM_0592,Doran Products - Hillsboro,6,North America,Smartphone,0.5400011632328876,,0,OEM,OEM,6,Western
OEM_0593,Noral Products - Chengdu,6,China,Medical device,0.5417713047043554,,0,OEM,OEM,6,East Asia
OEM_0594,Dyne Group - Taichung,6,Taiwan,Industrial controller,0.6065193555359963,,0,OEM,OEM,6,East Asia
OEM_0595,Wexler Products - Chandler 2,6,North America,Smartphone,0.7296062679995438,,0,OEM,OEM,6,Western
OEM_0596,Trellis Devices - Chandler,6,North America,Network equipment,0.8980375906501591,,0,OEM,OEM,6,Western
OEM_0597,Yarrow Products - Chengdu,6,China,Server,0.46358145450499433,,0,OEM,OEM,6,East Asia
OEM_0598,Trellis Industries - Guadalajara,6,North America,Automotive ECU,2.7985755078823935,,0,OEM,OEM,6,Western
OEM_0599,Orvid Industries - Grenoble,6,Europe,Smartphone,1.3568041815628697,,0,OEM,OEM,6,Western
OEM_0600,Quill Group - Chengdu 2,6,China,Industrial controller,0.6215357414519105,,0,OEM,OEM,6,East Asia
OEM_0601,Ader Products - Guadalajara,6,North America,Industrial controller,0.8251140925766867,,0,OEM,OEM,6,Western
OEM_0602,Mordant Group - Guadalajara,6,North America,Automotive ECU,2.693521990787762,,0,OEM,OEM,6,Western
OEM_0603,Ystad Group - Chengdu,6,China,Server,1.314155305221427,,0,OEM,OEM,6,East Asia
OEM_0604,Ystad Products - Guadalajara,6,North America,Smartphone,0.4211058698515106,,0,OEM,OEM,6,Western
OEM_0605,Mervi Devices - Yokkaichi,6,Japan,Network equipment,0.8837048724507759,,0,OEM,OEM,6,East Asia
OEM_0606,Noral Industries - Tianjin,6,China,Automotive ECU,2.8154802432508728,,0,OEM,OEM,6,East Asia
OEM_0607,Ystad Group - Austin,6,North America,Network equipment,0.32391712939208694,,0,OEM,OEM,6,Western
OEM_0608,Ader Industries - Hwaseong,6,Korea,Industrial controller,0.14566819200922299,,0,OEM,OEM,6,East Asia
OEM_0609,Jorel Industries - Xi'an,6,China,Laptop,2.0124737590232185,,0,OEM,OEM,6,East Asia
OEM_0610,Halcy Group - Hillsboro,6,North America,Laptop,0.43525343087804214,,0,OEM,OEM,6,Western
OEM_0611,Noral Group - Nagano,6,Japan,Automotive ECU,2.079829381195701,,0,OEM,OEM,6,East Asia
OEM_0612,Dyne Industries - Tianjin,6,China,Server,2.89307089213152,,0,OEM,OEM,6,East Asia
OEM_0613,Verity Group - Dresden,6,Europe,Server,0.44371639753990294,,0,OEM,OEM,6,Western
OEM_0614,Granth Group - Gumi,6,Korea,Smartphone,1.4841595466331532,,0,OEM,OEM,6,East Asia
OEM_0615,Lumen Devices - Pune,6,South Asia,Automotive ECU,0.4692116151341425,,0,OEM,OEM,6,Unaligned
OEM_0616,Trellis Devices - Hiroshima,6,Japan,Automotive ECU,0.6968908407754508,,0,OEM,OEM,6,East Asia
OEM_0617,Mordant Group - Taoyuan,6,Taiwan,Laptop,2.6893752934498734,,0,OEM,OEM,6,East Asia
OEM_0618,Ferrin Devices - Singapore,6,Southeast Asia,Server,0.3743462918387912,,0,OEM,OEM,6,East Asia
OEM_0619,Korrin Products - Crolles,6,Europe,Medical device,0.9809985507191799,,0,OEM,OEM,6,Western
OEM_0620,Mervi Industries - Gumi 2,6,Korea,Industrial controller,0.8013306542757656,,0,OEM,OEM,6,East Asia
OEM_0621,Dyne Devices - Sanand,6,South Asia,Laptop,0.38390353165961144,,0,OEM,OEM,6,Unaligned
OEM_0622,Nevin Devices - Gumi,6,Korea,Laptop,0.4189721659145868,,0,OEM,OEM,6,East Asia
OEM_0623,Cortex Devices - Pyeongtaek,6,Korea,Medical device,0.4018273837610708,,0,OEM,OEM,6,East Asia
OEM_0624,Trellis Group - Ottawa,6,North America,Server,0.3203642771121415,,0,OEM,OEM,6,Western
OEM_0625,Dyne Industries - Chandler,6,North America,Industrial controller,1.2440405990404926,,0,OEM,OEM,6,Western
OEM_0626,Lumen Devices - Nagano,6,Japan,Industrial controller,0.6349136955525196,,0,OEM,OEM,6,East Asia
OEM_0627,Lethe Products - Austin,6,North America,Laptop,3.443275667343746,,0,OEM,OEM,6,Western
OEM_0628,Solvex Devices - Nagano,6,Japan,Medical device,0.441945814346499,,0,OEM,OEM,6,East Asia
OEM_0629,Ember Group - Cheongju,6,Korea,Smartphone,0.9094770059572279,,0,OEM,OEM,6,East Asia
OEM_0630,Quill Industries - Eindhoven,6,Europe,Smartphone,1.2669834004302158,,0,OEM,OEM,6,Western
OEM_0631,Quarn Devices - Sanand,6,South Asia,Industrial controller,0.5121083027975902,,0,OEM,OEM,6,Unaligned
OEM_0632,Nevin Devices - Hwaseong,6,Korea,Medical device,2.0320519742143426,,0,OEM,OEM,6,East Asia
OEM_0633,Lumen Products - Kitakyushu,6,Japan,Server,0.5231203465202383,,0,OEM,OEM,6,East Asia
OEM_0634,Gethin Industries - Hillsboro,6,North America,Smartphone,2.2994406838809303,,0,OEM,OEM,6,Western
OEM_0635,Alder Products - Malta,6,North America,Server,3.1289490381380713,,0,OEM,OEM,6,Western
OEM_0636,Prendel Industries - Hillsboro,6,North America,Medical device,0.2101085383418634,,0,OEM,OEM,6,Western
OEM_0637,Doran Devices - Tianjin,6,China,Medical device,2.4581926981269264,,0,OEM,OEM,6,East Asia
OEM_0638,Wend Industries - Chandler,6,North America,Industrial controller,0.41507207056847983,,0,OEM,OEM,6,Western
OEM_0639,Faryn Products - Yokkaichi,6,Japan,Smartphone,0.6478858689303704,,0,OEM,OEM,6,East Asia
OEM_0640,Nevin Group - Chandler,6,North America,Industrial controller,1.563138028745358,,0,OEM,OEM,6,Western
OEM_0641,Mordant Products - Dresden,6,Europe,Smartphone,1.1769247643645717,,0,OEM,OEM,6,Western
OEM_0642,Dyne Devices - Hwaseong,6,Korea,Laptop,1.6828373169444537,,0,OEM,OEM,6,East Asia
OEM_0643,Isar Products - Hyderabad,6,South Asia,Server,1.2385998870685802,,0,OEM,OEM,6,Unaligned
OEM_0644,Halcy Products - Malta,6,North America,Industrial controller,0.4449157702286901,,0,OEM,OEM,6,Western
OEM_0645,Elstow Products - Hillsboro,6,North America,Server,4.074759143267623,,0,OEM,OEM,6,Western
OEM_0646,Ulvid Devices - Chengdu,6,China,Network equipment,1.1372308157976778,,0,OEM,OEM,6,East Asia
OEM_0647,Umber Group - Hwaseong,6,Korea,Automotive ECU,1.1431493288147516,,0,OEM,OEM,6,East Asia
OEM_0648,Jorel Products - Eindhoven,6,Europe,Smartphone,0.39109545056583794,,0,OEM,OEM,6,Western
OEM_0649,Prendel Products - Hwaseong 2,6,Korea,Medical device,0.7742392916270533,,0,OEM,OEM,6,East Asia
OEM_0650,Nevin Products - Villach,6,Europe,Smartphone,0.4866289558775482,,0,OEM,OEM,6,Western
OEM_0651,Cortex Products - Leixlip,6,Europe,Industrial controller,0.9489396296602592,,0,OEM,OEM,6,Western
OEM_0652,Ivex Industries - Wuxi,6,China,Medical device,0.6487737777695199,,0,OEM,OEM,6,East Asia
OEM_0653,Orvid Products - Chandler,6,North America,Medical device,0.6930416100854103,,0,OEM,OEM,6,Western
OEM_0654,Lumen Group - Grenoble,6,Europe,Industrial controller,0.7100243140485619,,0,OEM,OEM,6,Western
OEM_0655,Quarn Group - Leixlip 2,6,Europe,Industrial controller,2.6708287518337905,,0,OEM,OEM,6,Western
OEM_0656,Lumen Group - Dresden,6,Europe,Automotive ECU,0.5987634088167993,,0,OEM,OEM,6,Western
OEM_0657,Lumen Products - Kitakyushu 2,6,Japan,Industrial controller,0.9998960729687805,,0,OEM,OEM,6,East Asia
OEM_0658,Isar Group - Kitakyushu,6,Japan,Server,1.1175685549113115,,0,OEM,OEM,6,East Asia
OEM_0659,Verity Devices - Hwaseong,6,Korea,Medical device,0.8642368700072581,,0,OEM,OEM,6,East Asia
OEM_0660,Zephyr Group - Chengdu,6,China,Industrial controller,1.707973743646713,,0,OEM,OEM,6,East Asia
OEM_0661,Korrin Group - Ottawa,6,North America,Automotive ECU,2.5230111097918657,,0,OEM,OEM,6,Western
OEM_0662,Prendel Group - Guadalajara,6,North America,Industrial controller,2.6455176425004234,,0,OEM,OEM,6,Western
OEM_0663,Halcy Products - Singapore,6,Southeast Asia,Server,0.27584713629292296,,0,OEM,OEM,6,East Asia
OEM_0664,Noral Group - Grenoble,6,Europe,Industrial controller,0.9532468473678157,,0,OEM,OEM,6,Western
OEM_0665,Korrin Devices - Chandler,6,North America,Medical device,1.9648097919981062,,0,OEM,OEM,6,Western
OEM_0666,Oxbow Products - Dresden,6,Europe,Automotive ECU,5.211338021014454,,0,OEM,OEM,6,Western
OEM_0667,Nevin Products - Dalian,6,China,Smartphone,0.4465790290212013,,0,OEM,OEM,6,East Asia
OEM_0668,Belan Products - Dresden 2,6,Europe,Industrial controller,0.3277338576091369,,0,OEM,OEM,6,Western
OEM_0669,Quill Products - Villach,6,Europe,Automotive ECU,2.456498069425312,,0,OEM,OEM,6,Western
OEM_0670,Xanthe Devices - Dresden,6,Europe,Laptop,1.8760937961762334,,0,OEM,OEM,6,Western
OEM_0671,Zephyr Group - Austin,6,North America,Server,1.2875873054499374,,0,OEM,OEM,6,Western
OEM_0672,Gethin Group - Guadalajara,6,North America,Industrial controller,0.6644771917038387,,0,OEM,OEM,6,Western
OEM_0673,Xanthe Devices - Shenzhen,6,China,Smartphone,1.6526044637612791,,0,OEM,OEM,6,East Asia
OEM_0674,Granth Devices - Batangas,6,Southeast Asia,Laptop,0.9067048344579721,,0,OEM,OEM,6,East Asia
OEM_0675,Wexler Devices - Shanghai,6,China,Industrial controller,0.26361433081104785,,0,OEM,OEM,6,East Asia
OEM_0676,Brant Products - Leixlip,6,Europe,Automotive ECU,1.1559584451130156,,0,OEM,OEM,6,Western
OEM_0677,Belan Industries - Malta,6,North America,Automotive ECU,0.6725567649820801,,0,OEM,OEM,6,Western
OEM_0678,Lumen Devices - Pune 2,6,South Asia,Smartphone,4.1102282589767345,,0,OEM,OEM,6,Unaligned
OEM_0679,Orvid Group - Pyeongtaek,6,Korea,Automotive ECU,0.3531562489746518,,0,OEM,OEM,6,East Asia
OEM_0680,Wexler Products - Austin,6,North America,Network equipment,4.071669088649059,,0,OEM,OEM,6,Western
OEM_0681,Ulvid Products - Austin,6,North America,Industrial controller,2.128786281445331,,0,OEM,OEM,6,Western
OEM_0682,Wexler Devices - Nagano,6,Japan,Automotive ECU,3.3021034158664535,,0,OEM,OEM,6,East Asia
OEM_0683,Rivet Devices - Ottawa,6,North America,Network equipment,1.1243893123217725,,0,OEM,OEM,6,Western
OEM_0684,Ember Devices - Nagano,6,Japan,Network equipment,1.5364601345154565,,0,OEM,OEM,6,East Asia
OEM_0685,Brant Products - Chengdu,6,China,Industrial controller,0.99878812524277,,0,OEM,OEM,6,East Asia
OEM_0686,Ystad Products - Hillsboro,6,North America,Network equipment,0.8571355628567909,,0,OEM,OEM,6,Western
OEM_0687,Mervi Group - Kaohsiung,6,Taiwan,Industrial controller,1.9581451737659665,,0,OEM,OEM,6,East Asia
OEM_0688,Nevin Products - Xi'an,6,China,Smartphone,0.7355451605410473,,0,OEM,OEM,6,East Asia
OEM_0689,Zephyr Group - Xi'an,6,China,Industrial controller,4.319486016778797,,0,OEM,OEM,6,East Asia
OEM_0690,Orvid Group - Cheongju,6,Korea,Laptop,1.475301106211626,,0,OEM,OEM,6,East Asia
OEM_0691,Xanthe Industries - Kaohsiung,6,Taiwan,Industrial controller,0.28818407916129196,,0,OEM,OEM,6,East Asia
OEM_0692,Kestrel Group - Shenzhen,6,China,Server,1.1297417636178102,,0,OEM,OEM,6,East Asia
OEM_0693,Rivet Industries - Hiroshima,6,Japan,Server,0.5327887622644442,,0,OEM,OEM,6,East Asia
OEM_0694,Trellis Devices - Shenzhen,6,China,Network equipment,3.169945384433825,,0,OEM,OEM,6,East Asia
OEM_0695,Solvex Industries - Sendai,6,Japan,Network equipment,0.6449486638946638,,0,OEM,OEM,6,East Asia
OEM_0696,Orvid Industries - Guadalajara,6,North America,Laptop,0.3020596653502538,,0,OEM,OEM,6,Western
OEM_0697,Korrin Group - Shenzhen,6,China,Laptop,2.0013661240052105,,0,OEM,OEM,6,East Asia
OEM_0698,Calder Group - Icheon,6,Korea,Laptop,0.690497530532578,,0,OEM,OEM,6,East Asia
OEM_0699,Xanthe Products - Penang,6,Southeast Asia,Medical device,3.077377273589928,,0,OEM,OEM,6,East Asia
OEM_0700,Cortex Devices - Hsinchu,6,Taiwan,Smartphone,1.8374823158864146,,0,OEM,OEM,6,East Asia
OEM_0701,Orvid Products - Grenoble,6,Europe,Industrial controller,1.118367496555774,,0,OEM,OEM,6,Western
OEM_0702,Halcy Group - Eindhoven,6,Europe,Server,5.027277895797687,,0,OEM,OEM,6,Western
OEM_0703,Isar Industries - Ottawa,6,North America,Laptop,0.37566203838848244,,0,OEM,OEM,6,Western
OEM_0704,Ember Industries - Chandler,6,North America,Smartphone,3.001798834423019,,0,OEM,OEM,6,Western
OEM_0705,Solvex Devices - Xi'an,6,China,Industrial controller,0.28878055976021183,,0,OEM,OEM,6,East Asia
OEM_0706,Korrin Industries - Nagano,6,Japan,Server,2.1242296477503864,,0,OEM,OEM,6,East Asia
OEM_0707,Solvex Products - Ottawa,6,North America,Smartphone,0.4581276117709217,,0,OEM,OEM,6,Western
OEM_0708,Halcy Products - Wuxi,6,China,Medical device,1.8192860708371081,,0,OEM,OEM,6,East Asia
OEM_0709,Rivet Devices - Shanghai,6,China,Server,1.483854660053532,,0,OEM,OEM,6,East Asia
OEM_0710,Holt Group - Xi'an,6,China,Laptop,1.1288144778584213,,0,OEM,OEM,6,East Asia
OEM_0711,Stade Products - Taichung,6,Taiwan,Server,1.387077242446284,,0,OEM,OEM,6,East Asia
OEM_0712,Prendel Devices - Batam,6,Southeast Asia,Industrial controller,1.4465187187573743,,0,OEM,OEM,6,East Asia
OEM_0713,Doran Group - Tianjin,6,China,Server,0.2717811327099152,,0,OEM,OEM,6,East Asia
OEM_0714,Ulvid Industries - Xi'an,6,China,Smartphone,0.6500990551999571,,0,OEM,OEM,6,East Asia
OEM_0715,Zephyr Industries - Shenzhen,6,China,Automotive ECU,2.123014477675554,,0,OEM,OEM,6,East Asia
OEM_0716,Halcy Group - Villach,6,Europe,Automotive ECU,9.586820071655165,,0,OEM,OEM,6,Western
OEM_0717,Nevin Devices - Shanghai,6,China,Automotive ECU,1.5949847117195415,,0,OEM,OEM,6,East Asia
OEM_0718,Umber Devices - Guadalajara,6,North America,Server,1.1152628584435174,,0,OEM,OEM,6,Western
OEM_0719,Jorel Products - Kumamoto,6,Japan,Laptop,2.8558361867362936,,0,OEM,OEM,6,East Asia
OEM_0720,Thorne Products - Yokkaichi,6,Japan,Laptop,0.318899185578415,,0,OEM,OEM,6,East Asia
OEM_0721,Faryn Devices - Chandler,6,North America,Laptop,0.3607267192150232,,0,OEM,OEM,6,Western
OEM_0722,Holt Group - Shenzhen,6,China,Industrial controller,1.5094114706129669,,0,OEM,OEM,6,East Asia
OEM_0723,Granth Group - Leixlip,6,Europe,Industrial controller,1.3013285601453208,,0,OEM,OEM,6,Western
OEM_0724,Halcy Products - Dresden,6,Europe,Industrial controller,1.9518097209803662,,0,OEM,OEM,6,Western
OEM_0725,Cortex Products - Eindhoven,6,Europe,Laptop,2.632472814405569,,0,OEM,OEM,6,Western
OEM_0726,Ader Products - Shanghai,6,China,Automotive ECU,0.773784894368037,,0,OEM,OEM,6,East Asia
OEM_0727,Faryn Group - Chengdu,6,China,Smartphone,2.6162708780572634,,0,OEM,OEM,6,East Asia
OEM_0728,Thorne Products - Malta,6,North America,Automotive ECU,2.0865097858154953,,0,OEM,OEM,6,Western
OEM_0729,Mervi Industries - Malta,6,North America,Laptop,4.242369287780142,,0,OEM,OEM,6,Western
OEM_0730,Alder Industries - Taichung,6,Taiwan,Network equipment,0.5544236148173479,,0,OEM,OEM,6,East Asia
OEM_0731,Ferrin Industries - Austin,6,North America,Automotive ECU,0.11820723908062367,,0,OEM,OEM,6,Western
OEM_0732,Quill Industries - Hsinchu,6,Taiwan,Network equipment,0.2672864865125625,,0,OEM,OEM,6,East Asia
OEM_0733,Faryn Group - Austin,6,North America,Automotive ECU,1.6886231510748606,,0,OEM,OEM,6,Western
OEM_0734,Ember Devices - Shanghai,6,China,Industrial controller,4.080966865463805,,0,OEM,OEM,6,East Asia
OEM_0735,Rivet Industries - Dalian,6,China,Network equipment,0.6949392562402178,,0,OEM,OEM,6,East Asia
OEM_0736,Calder Products - Villach,6,Europe,Network equipment,0.6095347581617443,,0,OEM,OEM,6,Western
OEM_0737,Korrin Industries - Shanghai,6,China,Industrial controller,0.6005031648685609,,0,OEM,OEM,6,East Asia
OEM_0738,Quarn Group - Hwaseong,6,Korea,Laptop,0.48083612188707386,,0,OEM,OEM,6,East Asia
OEM_0739,Quill Products - Sendai,6,Japan,Industrial controller,0.5013120531605648,,0,OEM,OEM,6,East Asia
OEM_0740,Alder Group - Singapore,6,Southeast Asia,Smartphone,0.3298694197339347,,0,OEM,OEM,6,East Asia
OEM_0741,Wexler Products - Malta 2,6,North America,Automotive ECU,0.4706084769976894,,0,OEM,OEM,6,Western
OEM_0742,Nevin Industries - Chengdu,6,China,Automotive ECU,1.0635830314076196,,0,OEM,OEM,6,East Asia
OEM_0743,Quill Devices - Eindhoven,6,Europe,Smartphone,0.9110323929393012,,0,OEM,OEM,6,Western
OEM_0744,Umber Industries - Tainan,6,Taiwan,Smartphone,0.918450196526171,,0,OEM,OEM,6,East Asia
OEM_0745,Lumen Devices - Shenzhen,6,China,Smartphone,0.5601337620348846,,0,OEM,OEM,6,East Asia
OEM_0746,Thorne Group - Cheongju,6,Korea,Server,0.9170519174600761,,0,OEM,OEM,6,East Asia
OEM_0747,Ulvid Group - Tianjin,6,China,Server,0.24622600541810177,,0,OEM,OEM,6,East Asia
OEM_0748,Prendel Devices - Hillsboro,6,North America,Industrial controller,1.2144885064251865,,0,OEM,OEM,6,Western
OEM_0749,Jorel Industries - Hillsboro,6,North America,Industrial controller,1.513863708823004,,0,OEM,OEM,6,Western
OEM_0750,Halcy Devices - Chengdu,6,China,Smartphone,0.23341304257768528,,0,OEM,OEM,6,East Asia
OEM_0751,Lumen Devices - Chandler,6,North America,Automotive ECU,0.8778202235652607,,0,OEM,OEM,6,Western
OEM_0752,Kestrel Industries - Wuxi,6,China,Smartphone,0.9079344216078802,,0,OEM,OEM,6,East Asia
OEM_0753,Cortex Group - Tianjin,6,China,Industrial controller,0.3678469198026567,,0,OEM,OEM,6,East Asia
OEM_0754,Zephyr Industries - Austin,6,North America,Network equipment,0.8093984862264999,,0,OEM,OEM,6,Western
OEM_0755,Brant Devices - Leixlip,6,Europe,Automotive ECU,3.760225484700853,,0,OEM,OEM,6,Western
OEM_0756,Korrin Devices - Villach,6,Europe,Laptop,0.46188772891882635,,0,OEM,OEM,6,Western
OEM_0757,Oxbow Devices - Pune,6,South Asia,Network equipment,0.4472976582990615,,0,OEM,OEM,6,Unaligned
OEM_0758,Quarn Industries - Tianjin,6,China,Automotive ECU,1.2935346101430105,,0,OEM,OEM,6,East Asia
OEM_0759,Elstow Group - Leixlip 2,6,Europe,Automotive ECU,1.3983569364168664,,0,OEM,OEM,6,Western
OEM_0760,Elstow Products - Grenoble,6,Europe,Server,5.212627994119819,,0,OEM,OEM,6,Western
OEM_0761,Korrin Devices - Taichung,6,Taiwan,Industrial controller,1.3782412355685933,,0,OEM,OEM,6,East Asia
OEM_0762,Ferrin Products - Chandler,6,North America,Laptop,0.5401040206884715,,0,OEM,OEM,6,Western
OEM_0763,Trellis Industries - Nagano,6,Japan,Smartphone,1.685105674843318,,0,OEM,OEM,6,East Asia
OEM_0764,Lumen Products - Tianjin 2,6,China,Server,0.9588580845229946,,0,OEM,OEM,6,East Asia
OEM_0765,Palter Devices - Shanghai 2,6,China,Laptop,0.22971256462545556,,0,OEM,OEM,6,East Asia
OEM_0766,Granth Products - Ottawa,6,North America,Network equipment,0.5416535193047133,,0,OEM,OEM,6,Western
OEM_0767,Ivex Devices - Guadalajara,6,North America,Network equipment,1.4080453770820505,,0,OEM,OEM,6,Western
OEM_0768,Zephyr Industries - Chengdu,6,China,Server,1.3506512400938564,,0,OEM,OEM,6,East Asia
OEM_0769,Korrin Group - Eindhoven,6,Europe,Server,0.42255130415095593,,0,OEM,OEM,6,Western
OEM_0770,Dyne Devices - Hiroshima,6,Japan,Laptop,0.31082879437459554,,0,OEM,OEM,6,East Asia
OEM_0771,Ystad Devices - Chandler,6,North America,Smartphone,0.5975232457560372,,0,OEM,OEM,6,Western
OEM_0772,Alder Group - Grenoble,6,Europe,Industrial controller,0.9915459173720909,,0,OEM,OEM,6,Western
OEM_0773,Trellis Devices - Xi'an,6,China,Server,1.130310940424189,,0,OEM,OEM,6,East Asia
OEM_0774,Vantor Group - Malta 2,6,North America,Server,0.5070381279278164,,0,OEM,OEM,6,Western
OEM_0775,Doran Devices - Shenzhen 2,6,China,Medical device,0.8382213867741743,,0,OEM,OEM,6,East Asia
OEM_0776,Ivex Products - Leixlip,6,Europe,Automotive ECU,0.7166743869565767,,0,OEM,OEM,6,Western
OEM_0777,Halcy Industries - Crolles,6,Europe,Automotive ECU,0.7417577012552165,,0,OEM,OEM,6,Western
OEM_0778,Ystad Industries - Pyeongtaek,6,Korea,Smartphone,1.0375850304216272,,0,OEM,OEM,6,East Asia
OEM_0779,Prendel Devices - Ottawa 2,6,North America,Industrial controller,2.5687156183703084,,0,OEM,OEM,6,Western
OEM_0780,Quarn Group - Xi'an,6,China,Industrial controller,1.8384870602164256,,0,OEM,OEM,6,East Asia
OEM_0781,Brant Products - Kumamoto,6,Japan,Network equipment,0.3899721157151585,,0,OEM,OEM,6,East Asia
OEM_0782,Zephyr Group - Malta,6,North America,Network equipment,1.9278429288755654,,0,OEM,OEM,6,Western
OEM_0783,Mordant Products - Tainan,6,Taiwan,Automotive ECU,0.5174324233316842,,0,OEM,OEM,6,East Asia
OEM_0784,Halcy Devices - Nagano,6,Japan,Network equipment,2.593732177752856,,0,OEM,OEM,6,East Asia
OEM_0785,Kestrel Devices - Crolles,6,Europe,Server,1.0443172383590238,,0,OEM,OEM,6,Western
OEM_0786,Korrin Products - Kumamoto,6,Japan,Industrial controller,0.14128621244995024,,0,OEM,OEM,6,East Asia
OEM_0787,Ferrin Products - Cheongju,6,Korea,Industrial controller,0.3985043545456719,,0,OEM,OEM,6,East Asia
OEM_0788,Brant Industries - Shenzhen,6,China,Automotive ECU,2.3983254700155308,,0,OEM,OEM,6,East Asia
OEM_0789,Ulvid Group - Shanghai,6,China,Smartphone,1.6467816627220428,,0,OEM,OEM,6,East Asia
OEM_0790,Vantor Industries - Bengaluru,6,South Asia,Server,1.2661498835435319,,0,OEM,OEM,6,Unaligned
OEM_0791,Trellis Industries - Crolles,6,Europe,Network equipment,0.47640834990557124,,0,OEM,OEM,6,Western
OEM_0792,Nevin Group - Tianjin,6,China,Network equipment,0.5736285441918512,,0,OEM,OEM,6,East Asia
OEM_0793,Holt Products - Tianjin,6,China,Automotive ECU,0.5833363054544474,,0,OEM,OEM,6,East Asia
OEM_0794,Halcy Industries - Chengdu,6,China,Automotive ECU,5.970862050808096,,0,OEM,OEM,6,East Asia
OEM_0795,Doran Products - Xi'an,6,China,Smartphone,0.10102665934577197,,0,OEM,OEM,6,East Asia
OEM_0796,Faryn Industries - Shanghai,6,China,Network equipment,0.4223321887164496,,0,OEM,OEM,6,East Asia
OEM_0797,Xanthe Industries - Kaohsiung 2,6,Taiwan,Industrial controller,3.7803500489117563,,0,OEM,OEM,6,East Asia
OEM_0798,Belan Industries - Guadalajara,6,North America,Laptop,0.3865603644873231,,0,OEM,OEM,6,Western
OEM_0799,Ferrin Devices - Cheongju,6,Korea,Medical device,0.8646928725916424,,0,OEM,OEM,6,East Asia
OEM_0800,Ulvid Industries - Taoyuan,6,Taiwan,Network equipment,0.5066399932890797,,0,OEM,OEM,6,East Asia
OEM_0801,Mordant Industries - Yokkaichi,6,Japan,Network equipment,1.705968249827885,,0,OEM,OEM,6,East Asia
OEM_0802,Wexler Industries - Kaohsiung,6,Taiwan,Industrial controller,0.7101537263050222,,0,OEM,OEM,6,East Asia
OEM_0803,Belan Products - Dresden 3,6,Europe,Server,0.324514202156253,,0,OEM,OEM,6,Western
OEM_0804,Orvid Group - Crolles,6,Europe,Industrial controller,0.8121215861643806,,0,OEM,OEM,6,Western
OEM_0805,Halcy Industries - Hsinchu,6,Taiwan,Automotive ECU,1.4469488803152524,,0,OEM,OEM,6,East Asia
OEM_0806,Jorel Group - Tianjin 2,6,China,Smartphone,7.511987472387419,,0,OEM,OEM,6,East Asia
OEM_0807,Calder Industries - Cheongju,6,Korea,Industrial controller,2.1620534500339423,,0,OEM,OEM,6,East Asia
OEM_0808,Vantor Products - Hiroshima,6,Japan,Industrial controller,0.8571914709274809,,0,OEM,OEM,6,East Asia
OEM_0809,Oxbow Industries - Batangas,6,Southeast Asia,Laptop,2.2623941466636404,,0,OEM,OEM,6,East Asia
OEM_0810,Ferrin Industries - Kitakyushu 2,6,Japan,Medical device,1.2361823394927258,,0,OEM,OEM,6,East Asia
OEM_0811,Xanthe Products - Austin,6,North America,Network equipment,0.9247914901707773,,0,OEM,OEM,6,Western
OEM_0812,Nevin Group - Shenzhen,6,China,Automotive ECU,1.2542563407398097,,0,OEM,OEM,6,East Asia
OEM_0813,Gethin Devices - Crolles,6,Europe,Medical device,0.6030069660544018,,0,OEM,OEM,6,Western
OEM_0814,Alder Industries - Malta,6,North America,Smartphone,0.7076462871385684,,0,OEM,OEM,6,Western
OEM_0815,Brant Group - Gumi,6,Korea,Smartphone,0.19991977258113494,,0,OEM,OEM,6,East Asia
OEM_0816,Isar Devices - Tianjin,6,China,Laptop,0.8166465841076307,,0,OEM,OEM,6,East Asia
OEM_0817,Doran Industries - Malta,6,North America,Industrial controller,1.3284373069135833,,0,OEM,OEM,6,Western
OEM_0818,Korrin Devices - Guadalajara,6,North America,Server,2.7542440181530945,,0,OEM,OEM,6,Western
OEM_0819,Renbeck Group - Tianjin,6,China,Industrial controller,6.05356917721668,,0,OEM,OEM,6,East Asia
HUB_000,Yokohama Port,99,Japan,Freight,0.8221128195842676,Seaport,1,LOGISTICS,Logistics,99,East Asia
HUB_001,Kaohsiung Port,99,Taiwan,Freight,0.1066847457822974,Seaport,1,LOGISTICS,Logistics,99,East Asia
HUB_002,Tianjin Port,99,China,Freight,0.860109240056089,Seaport,1,LOGISTICS,Logistics,99,East Asia
HUB_003,Laem Chabang Port,99,Southeast Asia,Freight,1.4004493086920555,Seaport,1,LOGISTICS,Logistics,99,East Asia
HUB_004,Chicago Air Cargo Hub,99,North America,Freight,0.34245118808115466,Air hub,1,LOGISTICS,Logistics,99,Western
HUB_005,Liege Air Cargo Hub,99,Europe,Freight,1.6213559657809704,Air hub,1,LOGISTICS,Logistics,99,Western
HUB_006,Vancouver Port,99,North America,Freight,3.5678850007688196,Seaport,1,LOGISTICS,Logistics,99,Western
HUB_007,Kuala Lumpur Air Cargo Hub,99,Southeast Asia,Freight,1.2368405238984457,Air hub,1,LOGISTICS,Logistics,99,East Asia
HUB_008,Memphis Air Cargo Hub,99,North America,Freight,0.9555375032830266,Air hub,1,LOGISTICS,Logistics,99,Western
HUB_009,Hong Kong Air Cargo Hub,99,China,Freight,0.34857631821459556,Air hub,1,LOGISTICS,Logistics,99,East Asia
HUB_010,Ningbo Port,99,China,Freight,1.7686986694629356,Seaport,1,LOGISTICS,Logistics,99,East Asia
HUB_011,Incheon Air Cargo Hub,99,Korea,Freight,1.9482252503707116,Air hub,1,LOGISTICS,Logistics,99,East Asia
HUB_012,Clark Air Cargo Hub,99,Southeast Asia,Freight,2.3394848716048173,Air hub,1,LOGISTICS,Logistics,99,East Asia
HUB_013,Nagoya Port,99,Japan,Freight,0.986591409882632,Seaport,1,LOGISTICS,Logistics,99,East Asia
HUB_014,Antwerp Port,99,Europe,Freight,0.5593016755822356,Seaport,1,LOGISTICS,Logistics,99,Western
HUB_015,Fremantle Port,99,Rest of World,Freight,1.4012455056355917,Seaport,1,LOGISTICS,Logistics,99,Unaligned
HUB_016,Keelung Port,99,Taiwan,Freight,1.6053203090725474,Seaport,1,LOGISTICS,Logistics,99,East Asia
HUB_017,Savannah Port,99,North America,Freight,0.3343583113495739,Seaport,1,LOGISTICS,Logistics,99,Western
HUB_018,Port Klang Port,99,Southeast Asia,Freight,0.4156209899431048,Seaport,1,LOGISTICS,Logistics,99,East Asia
HUB_019,Guangzhou Air Cargo Hub,99,China,Freight,2.591089782914449,Air hub,1,LOGISTICS,Logistics,99,East Asia
HUB_020,Hai Phong Port,99,Southeast Asia,Freight,0.6033807915817802,Seaport,1,LOGISTICS,Logistics,99,East Asia
HUB_021,Nhava Sheva Port,99,South Asia,Freight,0.8129914963353482,Seaport,1,LOGISTICS,Logistics,99,Unaligned
HUB_022,Incheon Port,99,Korea,Freight,0.3001962261064276,Seaport,1,LOGISTICS,Logistics,99,East Asia
HUB_023,Qingdao Port,99,China,Freight,1.2854478128036717,Seaport,1,LOGISTICS,Logistics,99,East Asia
HUB_024,Taoyuan Air Cargo Hub,99,Taiwan,Freight,0.8847390019953799,Air hub,1,LOGISTICS,Logistics,99,East Asia
HUB_025,Hamburg Port,99,Europe,Freight,2.657230166021063,Seaport,1,LOGISTICS,Logistics,99,Western
HUB_026,Manila Port,99,Southeast Asia,Freight,1.910928365214813,Seaport,1,LOGISTICS,Logistics,99,East Asia
HUB_027,Taichung Port,99,Taiwan,Freight,1.5353369804790744,Seaport,1,LOGISTICS,Logistics,99,East Asia
HUB_028,Changi Air Cargo Hub,99,Southeast Asia,Freight,0.6384329895366163,Air hub,1,LOGISTICS,Logistics,99,East Asia
HUB_029,Houston Port,99,North America,Freight,0.34818367318179594,Seaport,1,LOGISTICS,Logistics,99,Western
HUB_030,Rotterdam Port,99,Europe,Freight,1.274567067683566,Seaport,1,LOGISTICS,Logistics,99,Western
HUB_031,Busan Port,99,Korea,Freight,1.0215370288843244,Seaport,1,LOGISTICS,Logistics,99,East Asia
HUB_032,Frankfurt Air Cargo Hub,99,Europe,Freight,0.9582361023228715,Air hub,1,LOGISTICS,Logistics,99,Western
HUB_033,Shenzhen Port,99,China,Freight,0.31613661427107975,Seaport,1,LOGISTICS,Logistics,99,East Asia
HUB_034,Shanghai Port,99,China,Freight,1.115841734650777,Seaport,1,LOGISTICS,Logistics,99,East Asia
HUB_035,Long Beach Port,99,North America,Freight,0.44887575223202913,Seaport,1,LOGISTICS,Logistics,99,Western
HUB_036,Leipzig Air Cargo Hub,99,Europe,Freight,3.0177116638965997,Air hub,1,LOGISTICS,Logistics,99,Western
HUB_037,Singapore Port,99,Southeast Asia,Freight,0.8667146030649867,Seaport,1,LOGISTICS,Logistics,99,East Asia
HUB_038,Shanghai Pudong Air Cargo Hub,99,China,Freight,0.858744893418373,Air hub,1,LOGISTICS,Logistics,99,East Asia
HUB_039,Kobe Port,99,Japan,Freight,1.129580738184324,Seaport,1,LOGISTICS,Logistics,99,East Asia
HUB_040,Valencia Port,99,Europe,Freight,0.9694809266518299,Seaport,1,LOGISTICS,Logistics,99,Western
HUB_041,Los Angeles Port,99,North America,Freight,1.3517892785017365,Seaport,1,LOGISTICS,Logistics,99,Western
HUB_042,Tanjung Pelepas Port,99,Southeast Asia,Freight,1.0970453886415181,Seaport,1,LOGISTICS,Logistics,99,East Asia
HUB_043,Amsterdam Air Cargo Hub,99,Europe,Freight,0.8149975318324736,Air hub,1,LOGISTICS,Logistics,99,Western
HUB_044,Miami Air Cargo Hub,99,North America,Freight,0.5768458065449265,Air hub,1,LOGISTICS,Logistics,99,Western
