node_id,customer_count,supplier_count,betweenness,pagerank,rank_betweenness,rank_pagerank,rank_customers,best_centrality_rank,failed_firms,failed_oems,production_value_at_risk,share_of_oem_value,deepest_cascade,rank_impact,blockade_value_at_risk,blockade_share_of_oem_value,rank_gap,node_name,tier_name,tier_label,flow_order,region_id,trade_bloc,category_id,is_logistics_hub,node_kind,breaks_something
RAW_MATERIAL_0000,1.0,0.0,0.0,0.0002560311379734,1111.0,830.0,1211.0,830.0,0.0,0.0,0.0,0.0,0.0,326.0,0.0,0.0,504.0,Korrin Minerals - Batam,RAW_MATERIAL,Raw Material,0,Southeast Asia,East Asia,Crude industrial gas,0,Firm,Replaceable
RAW_MATERIAL_0001,0.0,0.0,0.0,0.0001122065525757,1111.0,1533.0,1533.0,1111.0,0.0,0.0,0.0,0.0,0.0,326.0,0.0,0.0,785.0,Granth Extraction - Pune,RAW_MATERIAL,Raw Material,0,South Asia,Unaligned,Crude industrial gas,0,Firm,Replaceable
RAW_MATERIAL_0002,2.0,0.0,0.0,0.0004688878043152,1111.0,377.0,975.0,377.0,0.0,0.0,0.0,0.0,0.0,326.0,0.0,0.0,51.0,Yarrow Feedstock - Tianjin,RAW_MATERIAL,Raw Material,0,China,East Asia,Rare earth elements,0,Firm,Replaceable
RAW_MATERIAL_0003,1.0,0.0,0.0,0.0001213964566079,1111.0,1506.0,1211.0,1111.0,0.0,0.0,0.0,0.0,0.0,326.0,0.0,0.0,785.0,Trellis Resources - Johannesburg,RAW_MATERIAL,Raw Material,0,Rest of World,Unaligned,Substrate resin,0,Firm,Replaceable
RAW_MATERIAL_0004,10.0,0.0,0.0,0.0008534025424169,1111.0,135.0,267.0,135.0,0.0,0.0,0.0,0.0,0.0,326.0,0.0,0.0,-191.0,Belan Resources - Leixlip,RAW_MATERIAL,Raw Material,0,Europe,Western,Substrate resin,0,Firm,Replaceable
RAW_MATERIAL_0005,1.0,0.0,0.0,0.0002026890307675,1111.0,1080.0,1211.0,1080.0,0.0,0.0,0.0,0.0,0.0,326.0,0.0,0.0,754.0,Korrin Resources - Guadalajara,RAW_MATERIAL,Raw Material,0,North America,Western,Silicon feedstock,0,Firm,Replaceable
RAW_MATERIAL_0006,0.0,0.0,0.0,0.0001122065525757,1111.0,1533.0,1533.0,1111.0,0.0,0.0,0.0,0.0,0.0,326.0,0.0,0.0,785.0,Quarn Minerals - Perth,RAW_MATERIAL,Raw Material,0,Rest of World,Unaligned,Copper,0,Firm,Replaceable
RAW_MATERIAL_0007,1.0,0.0,0.0,0.0002084665771752,1111.0,1049.0,1211.0,1049.0,0.0,0.0,0.0,0.0,0.0,326.0,0.0,0.0,723.0,Doran Resources - Perth,RAW_MATERIAL,Raw Material,0,Rest of World,Unaligned,Silicon feedstock,0,Firm,Replaceable
RAW_MATERIAL_0008,0.0,0.0,0.0,0.0001122065525757,1111.0,1533.0,1533.0,1111.0,0.0,0.0,0.0,0.0,0.0,326.0,0.0,0.0,785.0,Noral Minerals - Malta,RAW_MATERIAL,Raw Material,0,North America,Western,Bulk chemical,0,Firm,Replaceable
RAW_MATERIAL_0009,3.0,0.0,0.0,0.0002203876478593,1111.0,1000.0,774.0,774.0,0.0,0.0,0.0,0.0,0.0,326.0,0.0,0.0,448.0,Mervi Minerals - Batangas,RAW_MATERIAL,Raw Material,0,Southeast Asia,East Asia,Substrate resin,0,Firm,Replaceable
RAW_MATERIAL_0010,3.0,0.0,0.0,0.0004453994798123,1111.0,408.0,774.0,408.0,0.0,0.0,0.0,0.0,0.0,326.0,0.0,0.0,82.0,Ulvid Feedstock - Belo Horizonte,RAW_MATERIAL,Raw Material,0,Rest of World,Unaligned,Copper,0,Firm,Replaceable
RAW_MATERIAL_0011,0.0,0.0,0.0,0.0001122065525757,1111.0,1533.0,1533.0,1111.0,0.0,0.0,0.0,0.0,0.0,326.0,0.0,0.0,785.0,Oxbow Minerals - Bengaluru,RAW_MATERIAL,Raw Material,0,South Asia,Unaligned,Silicon feedstock,0,Firm,Replaceable
RAW_MATERIAL_0012,1.0,0.0,0.0,0.0002224173053781,1111.0,992.0,1211.0,992.0,0.0,0.0,0.0,0.0,0.0,326.0,0.0,0.0,666.0,Dyne Resources - Guadalajara,RAW_MATERIAL,Raw Material,0,North America,Western,Substrate resin,0,Firm,Replaceable
RAW_MATERIAL_0013,4.0,0.0,0.0,0.0004718141108522,1111.0,373.0,638.0,373.0,0.0,0.0,0.0,0.0,0.0,326.0,0.0,0.0,47.0,Stade Extraction - Batangas,RAW_MATERIAL,Raw Material,0,Southeast Asia,East Asia,Copper,0,Firm,Replaceable
RAW_MATERIAL_0014,0.0,0.0,0.0,0.0001122065525757,1111.0,1533.0,1533.0,1111.0,0.0,0.0,0.0,0.0,0.0,326.0,0.0,0.0,785.0,Alder Feedstock - Xi'an,RAW_MATERIAL,Raw Material,0,China,East Asia,Substrate resin,0,Firm,Replaceable
RAW_MATERIAL_0015,4.0,0.0,0.0,0.0006492579887766,1111.0,223.0,638.0,223.0,0.0,0.0,0.0,0.0,0.0,326.0,0.0,0.0,-103.0,Vantor Resources - Villach,RAW_MATERIAL,Raw Material,0,Europe,Western,Crude industrial gas,0,Firm,Replaceable
RAW_MATERIAL_0016,1.0,0.0,0.0,0.0002266025238389,1111.0,967.0,1211.0,967.0,0.0,0.0,0.0,0.0,0.0,326.0,0.0,0.0,641.0,Orvid Extraction - Belo Horizonte,RAW_MATERIAL,Raw Material,0,Rest of World,Unaligned,Copper,0,Firm,Replaceable
RAW_MATERIAL_0017,9.0,0.0,0.0,0.0008614363257319,1111.0,131.0,304.0,131.0,1.0,0.0,0.0,0.0,1.0,326.0,0.0,0.0,-195.0,Ystad Feedstock - Chengdu,RAW_MATERIAL,Raw Material,0,China,East Asia,Substrate resin,0,Firm,Causes failure
RAW_MATERIAL_0018,4.0,0.0,0.0,0.0005045119427801,1111.0,329.0,638.0,329.0,0.0,0.0,0.0,0.0,0.0,326.0,0.0,0.0,3.0,Ferrin Minerals - Shenzhen,RAW_MATERIAL,Raw Material,0,China,East Asia,Substrate resin,0,Firm,Replaceable
RAW_MATERIAL_0019,9.0,0.0,0.0,0.0007241289464194,1111.0,189.0,304.0,189.0,1.0,0.0,0.0,0.0,1.0,326.0,0.0,0.0,-137.0,Faryn Extraction - Hiroshima,RAW_MATERIAL,Raw Material,0,Japan,East Asia,Substrate resin,0,Firm,Causes failure
RAW_MATERIAL_0020,2.0,0.0,0.0,0.0002009021250091,1111.0,1092.0,975.0,975.0,0.0,0.0,0.0,0.0,0.0,326.0,0.0,0.0,649.0,Quill Resources - Xi'an,RAW_MATERIAL,Raw Material,0,China,East Asia,Crude industrial gas,0,Firm,Replaceable
RAW_MATERIAL_0021,3.0,0.0,0.0,0.0006563876525691,1111.0,217.0,774.0,217.0,3.0,0.0,0.0,0.0,2.0,326.0,0.0,0.0,-109.0,Ader Resources - Xi'an,RAW_MATERIAL,Raw Material,0,China,East Asia,Crude industrial gas,0,Firm,Causes failure
RAW_MATERIAL_0022,0.0,0.0,0.0,0.0001122065525757,1111.0,1533.0,1533.0,1111.0,0.0,0.0,0.0,0.0,0.0,326.0,0.0,0.0,785.0,Mervi Resources - Austin,RAW_MATERIAL,Raw Material,0,North America,Western,Copper,0,Firm,Replaceable
RAW_MATERIAL_0023,3.0,0.0,0.0,0.0004923277220177,1111.0,345.0,774.0,345.0,1.0,0.0,0.0,0.0,1.0,326.0,0.0,0.0,19.0,Solvex Feedstock - Belo Horizonte,RAW_MATERIAL,Raw Material,0,Rest of World,Unaligned,Bulk chemical,0,Firm,Causes failure
RAW_MATERIAL_0024,3.0,0.0,0.0,0.0004773063771275,1111.0,359.0,774.0,359.0,1.0,0.0,0.0,0.0,1.0,326.0,0.0,0.0,33.0,Belan Resources - Dalian,RAW_MATERIAL,Raw Material,0,China,East Asia,Substrate resin,0,Firm,Causes failure
RAW_MATERIAL_0025,0.0,0.0,0.0,0.0001122065525757,1111.0,1533.0,1533.0,1111.0,0.0,0.0,0.0,0.0,0.0,326.0,0.0,0.0,785.0,Ystad Feedstock - Kolwezi,RAW_MATERIAL,Raw Material,0,Rest of World,Unaligned,Gold,0,Firm,Replaceable
RAW_MATERIAL_0026,1.0,0.0,0.0,0.0002252074510187,1111.0,974.0,1211.0,974.0,0.0,0.0,0.0,0.0,0.0,326.0,0.0,0.0,648.0,Calder Resources - Kolwezi,RAW_MATERIAL,Raw Material,0,Rest of World,Unaligned,Silicon feedstock,0,Firm,Replaceable
RAW_MATERIAL_0027,10.0,0.0,0.0,0.0009842117022743,1111.0,110.0,267.0,110.0,0.0,0.0,0.0,0.0,0.0,326.0,0.0,0.0,-216.0,Ulvid Feedstock - Icheon,RAW_MATERIAL,Raw Material,0,Korea,East Asia,Copper,0,Firm,Replaceable
RAW_MATERIAL_0028,3.0,0.0,0.0,0.0003178743201547,1111.0,638.0,774.0,638.0,0.0,0.0,0.0,0.0,0.0,326.0,0.0,0.0,312.0,Palter Feedstock - Leixlip,RAW_MATERIAL,Raw Material,0,Europe,Western,Silicon feedstock,0,Firm,Replaceable
RAW_MATERIAL_0029,4.0,0.0,0.0,0.0003442942383967,1111.0,566.0,638.0,566.0,0.0,0.0,0.0,0.0,0.0,326.0,0.0,0.0,240.0,Elstow Minerals - Xi'an,RAW_MATERIAL,Raw Material,0,China,East Asia,Bulk chemical,0,Firm,Replaceable
RAW_MATERIAL_0030,0.0,0.0,0.0,0.0001122065525757,1111.0,1533.0,1533.0,1111.0,0.0,0.0,0.0,0.0,0.0,326.0,0.0,0.0,785.0,Umber Minerals - Dalian,RAW_MATERIAL,Raw Material,0,China,East Asia,Rare earth elements,0,Firm,Replaceable
RAW_MATERIAL_0031,1.0,0.0,0.0,0.0002538354733132,1111.0,841.0,1211.0,841.0,0.0,0.0,0.0,0.0,0.0,326.0,0.0,0.0,515.0,Solvex Feedstock - Chandler,RAW_MATERIAL,Raw Material,0,North America,Western,Gold,0,Firm,Replaceable
RAW_MATERIAL_0032,0.0,0.0,0.0,0.0001122065525757,1111.0,1533.0,1533.0,1111.0,0.0,0.0,0.0,0.0,0.0,326.0,0.0,0.0,785.0,Elstow Extraction - Yokkaichi,RAW_MATERIAL,Raw Material,0,Japan,East Asia,Crude industrial gas,0,Firm,Replaceable
RAW_MATERIAL_0033,5.0,0.0,0.0,0.0003411824359546,1111.0,575.0,549.0,549.0,0.0,0.0,0.0,0.0,0.0,326.0,0.0,0.0,223.0,Vantor Extraction - Ottawa,RAW_MATERIAL,Raw Material,0,North America,Western,Crude industrial gas,0,Firm,Replaceable
RAW_MATERIAL_0034,2.0,0.0,0.0,0.0002938883135201,1111.0,698.0,975.0,698.0,0.0,0.0,0.0,0.0,0.0,326.0,0.0,0.0,372.0,Vantor Minerals - Chengdu,RAW_MATERIAL,Raw Material,0,China,East Asia,Bulk chemical,0,Firm,Replaceable
RAW_MATERIAL_0035,0.0,0.0,0.0,0.0001122065525757,1111.0,1533.0,1533.0,1111.0,0.0,0.0,0.0,0.0,0.0,326.0,0.0,0.0,785.0,Nevin Resources - Antofagasta,RAW_MATERIAL,Raw Material,0,Rest of World,Unaligned,Bulk chemical,0,Firm,Replaceable
RAW_MATERIAL_0036,0.0,0.0,0.0,0.0001122065525757,1111.0,1533.0,1533.0,1111.0,0.0,0.0,0.0,0.0,0.0,326.0,0.0,0.0,785.0,Thorne Feedstock - Shanghai,RAW_MATERIAL,Raw Material,0,China,East Asia,Crude industrial gas,0,Firm,Replaceable
RAW_MATERIAL_0037,0.0,0.0,0.0,0.0001122065525757,1111.0,1533.0,1533.0,1111.0,0.0,0.0,0.0,0.0,0.0,326.0,0.0,0.0,785.0,Yarrow Minerals - Bangkok,RAW_MATERIAL,Raw Material,0,Southeast Asia,East Asia,Silicon feedstock,0,Firm,Replaceable
RAW_MATERIAL_0038,0.0,0.0,0.0,0.0001122065525757,1111.0,1533.0,1533.0,1111.0,0.0,0.0,0.0,0.0,0.0,326.0,0.0,0.0,785.0,Holt Feedstock - Shenzhen,RAW_MATERIAL,Raw Material,0,China,East Asia,Crude industrial gas,0,Firm,Replaceable
RAW_MATERIAL_0039,0.0,0.0,0.0,0.0001122065525757,1111.0,1533.0,1533.0,1111.0,0.0,0.0,0.0,0.0,0.0,326.0,0.0,0.0,785.0,Lumen Minerals - Chandler,RAW_MATERIAL,Raw Material,0,North America,Western,Bulk chemical,0,Firm,Replaceable
RAW_MATERIAL_0040,0.0,0.0,0.0,0.0001122065525757,1111.0,1533.0,1533.0,1111.0,0.0,0.0,0.0,0.0,0.0,326.0,0.0,0.0,785.0,Granth Extraction - Dresden,RAW_MATERIAL,Raw Material,0,Europe,Western,Copper,0,Firm,Replaceable
RAW_MATERIAL_0041,13.0,0.0,0.0,0.0016897141978879,1111.0,46.0,193.0,46.0,1.0,0.0,0.0,0.0,1.0,326.0,0.0,0.0,-280.0,Mervi Resources - Hyderabad,RAW_MATERIAL,Raw Material,0,South Asia,Unaligned,Copper,0,Firm,Causes failure
RAW_MATERIAL_0042,1.0,0.0,0.0,0.0001254692667236,1111.0,1482.0,1211.0,1111.0,0.0,0.0,0.0,0.0,0.0,326.0,0.0,0.0,785.0,Quill Extraction - Antofagasta,RAW_MATERIAL,Raw Material,0,Rest of World,Unaligned,Rare earth elements,0,Firm,Replaceable
RAW_MATERIAL_0043,2.0,0.0,0.0,0.0002837943236538,1111.0,728.0,975.0,728.0,0.0,0.0,0.0,0.0,0.0,326.0,0.0,0.0,402.0,Faryn Resources - Xi'an,RAW_MATERIAL,Raw Material,0,China,East Asia,Rare earth elements,0,Firm,Replaceable
RAW_MATERIAL_0044,1.0,0.0,0.0,0.0001239754539552,1111.0,1494.0,1211.0,1111.0,0.0,0.0,0.0,0.0,0.0,326.0,0.0,0.0,785.0,Thorne Minerals - Tianjin,RAW_MATERIAL,Raw Material,0,China,East Asia,Rare earth elements,0,Firm,Replaceable
RAW_MATERIAL_0045,1.0,0.0,0.0,0.0002684509743672,1111.0,782.0,1211.0,782.0,0.0,0.0,0.0,0.0,0.0,326.0,0.0,0.0,456.0,Belan Extraction - Shenzhen,RAW_MATERIAL,Raw Material,0,China,East Asia,Rare earth elements,0,Firm,Replaceable
RAW_MATERIAL_0046,2.0,0.0,0.0,0.0002177239699717,1111.0,1013.0,975.0,975.0,0.0,0.0,0.0,0.0,0.0,326.0,0.0,0.0,649.0,Ader Extraction - Grenoble,RAW_MATERIAL,Raw Material,0,Europe,Western,Silicon feedstock,0,Firm,Replaceable
RAW_MATERIAL_0047,1.0,0.0,0.0,0.0001674098147861,1111.0,1252.0,1211.0,1111.0,1.0,0.0,0.0,0.0,1.0,326.0,0.0,0.0,785.0,Renbeck Resources - Wuxi,RAW_MATERIAL,Raw Material,0,China,East Asia,Silicon feedstock,0,Firm,Causes failure
RAW_MATERIAL_0048,0.0,0.0,0.0,0.0001122065525757,1111.0,1533.0,1533.0,1111.0,0.0,0.0,0.0,0.0,0.0,326.0,0.0,0.0,785.0,Calder Extraction - Singapore,RAW_MATERIAL,Raw Material,0,Southeast Asia,East Asia,Bulk chemical,0,Firm,Replaceable
RAW_MATERIAL_0049,8.0,0.0,0.0,0.0008495798566518,1111.0,138.0,348.0,138.0,1.0,0.0,0.0,0.0,1.0,326.0,0.0,0.0,-188.0,Faryn Extraction - Icheon,RAW_MATERIAL,Raw Material,0,Korea,East Asia,Substrate resin,0,Firm,Causes failure
RAW_MATERIAL_0050,2.0,0.0,0.0,0.0003264551410025,1111.0,611.0,975.0,611.0,0.0,0.0,0.0,0.0,0.0,326.0,0.0,0.0,285.0,Gethin Feedstock - Bac Ninh,RAW_MATERIAL,Raw Material,0,Southeast Asia,East Asia,Silicon feedstock,0,Firm,Replaceable
RAW_MATERIAL_0051,0.0,0.0,0.0,0.0001122065525757,1111.0,1533.0,1533.0,1111.0,0.0,0.0,0.0,0.0,0.0,326.0,0.0,0.0,785.0,Vantor Extraction - Chengdu,RAW_MATERIAL,Raw Material,0,China,East Asia,Bulk chemical,0,Firm,Replaceable
RAW_MATERIAL_0052,0.0,0.0,0.0,0.0001122065525757,1111.0,1533.0,1533.0,1111.0,0.0,0.0,0.0,0.0,0.0,326.0,0.0,0.0,785.0,Ader Feedstock - Johannesburg,RAW_MATERIAL,Raw Material,0,Rest of World,Unaligned,Copper,0,Firm,Replaceable
RAW_MATERIAL_0053,2.0,0.0,0.0,0.0002898789180534,1111.0,711.0,975.0,711.0,0.0,0.0,0.0,0.0,0.0,326.0,0.0,0.0,385.0,Ferrin Resources - Shanghai,RAW_MATERIAL,Raw Material,0,China,East Asia,Bulk chemical,0,Firm,Replaceable
RAW_MATERIAL_0054,0.0,0.0,0.0,0.0001122065525757,1111.0,1533.0,1533.0,1111.0,0.0,0.0,0.0,0.0,0.0,326.0,0.0,0.0,785.0,Palter Extraction - Dresden,RAW_MATERIAL,Raw Material,0,Europe,Western,Bulk chemical,0,Firm,Replaceable
RAW_MATERIAL_0055,2.0,0.0,0.0,0.000230162900215,1111.0,946.0,975.0,946.0,0.0,0.0,0.0,0.0,0.0,326.0,0.0,0.0,620.0,Halcy Extraction - Bengaluru,RAW_MATERIAL,Raw Material,0,South Asia,Unaligned,Substrate resin,0,Firm,Replaceable
RAW_MATERIAL_0056,1.0,0.0,0.0,0.0002001836197616,1111.0,1096.0,1211.0,1096.0,0.0,0.0,0.0,0.0,0.0,326.0,0.0,0.0,770.0,Belan Resources - Xi'an,RAW_MATERIAL,Raw Material,0,China,East Asia,Bulk chemical,0,Firm,Replaceable
RAW_MATERIAL_0057,1.0,0.0,0.0,0.000125431201532,1111.0,1483.0,1211.0,1111.0,1.0,0.0,0.0,0.0,1.0,326.0,0.0,0.0,785.0,Ader Minerals - Malta,RAW_MATERIAL,Raw Material,0,North America,Western,Rare earth elements,0,Firm,Causes failure
RAW_MATERIAL_0058,0.0,0.0,0.0,0.0001122065525757,1111.0,1533.0,1533.0,1111.0,0.0,0.0,0.0,0.0,0.0,326.0,0.0,0.0,785.0,Granth Feedstock - Kolwezi,RAW_MATERIAL,Raw Material,0,Rest of World,Unaligned,Silicon feedstock,0,Firm,Replaceable
RAW_MATERIAL_0059,0.0,0.0,0.0,0.0001122065525757,1111.0,1533.0,1533.0,1111.0,0.0,0.0,0.0,0.0,0.0,326.0,0.0,0.0,785.0,Alder Extraction - Kolwezi,RAW_MATERIAL,Raw Material,0,Rest of World,Unaligned,Bulk chemical,0,Firm,Replaceable
RAW_MATERIAL_0060,0.0,0.0,0.0,0.0001122065525757,1111.0,1533.0,1533.0,1111.0,0.0,0.0,0.0,0.0,0.0,326.0,0.0,0.0,785.0,Mordant Resources - Singapore,RAW_MATERIAL,Raw Material,0,Southeast Asia,East Asia,Bulk chemical,0,Firm,Replaceable
RAW_MATERIAL_0061,0.0,0.0,0.0,0.0001122065525757,1111.0,1533.0,1533.0,1111.0,0.0,0.0,0.0,0.0,0.0,326.0,0.0,0.0,785.0,Elstow Extraction - Perth,RAW_MATERIAL,Raw Material,0,Rest of World,Unaligned,Crude industrial gas,0,Firm,Replaceable
RAW_MATERIAL_0062,6.0,0.0,0.0,0.0005162525957325,1111.0,313.0,457.0,313.0,2.0,0.0,0.0,0.0,2.0,326.0,0.0,0.0,-13.0,Palter Resources - Kolwezi,RAW_MATERIAL,Raw Material,0,Rest of World,Unaligned,Silicon feedstock,0,Firm,Causes failure
RAW_MATERIAL_0063,2.0,0.0,0.0,0.0004001803914653,1111.0,467.0,975.0,467.0,0.0,0.0,0.0,0.0,0.0,326.0,0.0,0.0,141.0,Oxbow Feedstock - Tianjin,RAW_MATERIAL,Raw Material,0,China,East Asia,Crude industrial gas,0,Firm,Replaceable
RAW_MATERIAL_0064,18.0,0.0,0.0,0.0018742195735971,1111.0,37.0,121.0,37.0,0.0,0.0,0.0,0.0,0.0,326.0,0.0,0.0,-289.0,Mordant Resources - Wuxi,RAW_MATERIAL,Raw Material,0,China,East Asia,Copper,0,Firm,Replaceable
RAW_MATERIAL_0065,3.0,0.0,0.0,0.0004339227171901,1111.0,419.0,774.0,419.0,2.0,0.0,0.0,0.0,2.0,326.0,0.0,0.0,93.0,Thorne Minerals - Yokkaichi,RAW_MATERIAL,Raw Material,0,Japan,East Asia,Silicon feedstock,0,Firm,Causes failure
RAW_MATERIAL_0066,0.0,0.0,0.0,0.0001122065525757,1111.0,1533.0,1533.0,1111.0,0.0,0.0,0.0,0.0,0.0,326.0,0.0,0.0,785.0,Noral Feedstock - Pune,RAW_MATERIAL,Raw Material,0,South Asia,Unaligned,Silicon feedstock,0,Firm,Replaceable
RAW_MATERIAL_0067,4.0,0.0,0.0,0.0004312938917782,1111.0,423.0,638.0,423.0,0.0,0.0,0.0,0.0,0.0,326.0,0.0,0.0,97.0,Jarn Extraction - Wuxi,RAW_MATERIAL,Raw Material,0,China,East Asia,Copper,0,Firm,Replaceable
RAW_MATERIAL_0068,4.0,0.0,0.0,0.0003862725930812,1111.0,487.0,638.0,487.0,0.0,0.0,0.0,0.0,0.0,326.0,0.0,0.0,161.0,Ader Minerals - Dalian,RAW_MATERIAL,Raw Material,0,China,East Asia,Crude industrial gas,0,Firm,Replaceable
RAW_MATERIAL_0069,7.0,0.0,0.0,0.0006376080137754,1111.0,228.0,407.0,228.0,0.0,0.0,0.0,0.0,0.0,326.0,0.0,0.0,-98.0,Solvex Extraction - Xi'an,RAW_MATERIAL,Raw Material,0,China,East Asia,Gold,0,Firm,Replaceable
RAW_MATERIAL_0070,2.0,0.0,0.0,0.0001526610688413,1111.0,1323.0,975.0,975.0,0.0,0.0,0.0,0.0,0.0,326.0,0.0,0.0,649.0,Xanthe Extraction - Chengdu,RAW_MATERIAL,Raw Material,0,China,East Asia,Bulk chemical,0,Firm,Replaceable
RAW_MATERIAL_0071,1.0,0.0,0.0,0.0002698937486141,1111.0,777.0,1211.0,777.0,0.0,0.0,0.0,0.0,0.0,326.0,0.0,0.0,451.0,Calder Minerals - Bengaluru,RAW_MATERIAL,Raw Material,0,South Asia,Unaligned,Bulk chemical,0,Firm,Replaceable
RAW_MATERIAL_0072,1.0,0.0,0.0,0.0001317606240562,1111.0,1432.0,1211.0,1111.0,0.0,0.0,0.0,0.0,0.0,326.0,0.0,0.0,785.0,Korrin Extraction - Kolwezi,RAW_MATERIAL,Raw Material,0,Rest of World,Unaligned,Gold,0,Firm,Replaceable
RAW_MATERIAL_0073,1.0,0.0,0.0,0.0002876973954773,1111.0,719.0,1211.0,719.0,0.0,0.0,0.0,0.0,0.0,326.0,0.0,0.0,393.0,Lethe Extraction - Perth,RAW_MATERIAL,Raw Material,0,Rest of World,Unaligned,Rare earth elements,0,Firm,Replaceable
RAW_MATERIAL_0074,3.0,0.0,0.0,0.0006588424377894,1111.0,213.0,774.0,213.0,0.0,0.0,0.0,0.0,0.0,326.0,0.0,0.0,-113.0,Alder Minerals - Wuxi,RAW_MATERIAL,Raw Material,0,China,East Asia,Crude industrial gas,0,Firm,Replaceable
RAW_MATERIAL_0075,0.0,0.0,0.0,0.0001122065525757,1111.0,1533.0,1533.0,1111.0,0.0,0.0,0.0,0.0,0.0,326.0,0.0,0.0,785.0,Noral Extraction - Tianjin,RAW_MATERIAL,Raw Material,0,China,East Asia,Bulk chemical,0,Firm,Replaceable
RAW_MATERIAL_0076,4.0,0.0,0.0,0.0005146125938189,1111.0,315.0,638.0,315.0,1.0,0.0,0.0,0.0,1.0,326.0,0.0,0.0,-11.0,Renbeck Feedstock - Belo Horizonte,RAW_MATERIAL,Raw Material,0,Rest of World,Unaligned,Copper,0,Firm,Causes failure
RAW_MATERIAL_0077,1.0,0.0,0.0,0.000122671715958,1111.0,1501.0,1211.0,1111.0,0.0,0.0,0.0,0.0,0.0,326.0,0.0,0.0,785.0,Stade Resources - Ottawa,RAW_MATERIAL,Raw Material,0,North America,Western,Copper,0,Firm,Replaceable
RAW_MATERIAL_0078,0.0,0.0,0.0,0.0001122065525757,1111.0,1533.0,1533.0,1111.0,0.0,0.0,0.0,0.0,0.0,326.0,0.0,0.0,785.0,Ivex Extraction - Perth,RAW_MATERIAL,Raw Material,0,Rest of World,Unaligned,Crude industrial gas,0,Firm,Replaceable
RAW_MATERIAL_0079,0.0,0.0,0.0,0.0001122065525757,1111.0,1533.0,1533.0,1111.0,0.0,0.0,0.0,0.0,0.0,326.0,0.0,0.0,785.0,Solvex Resources - Chengdu,RAW_MATERIAL,Raw Material,0,China,East Asia,Substrate resin,0,Firm,Replaceable
RAW_MATERIAL_0080,3.0,0.0,0.0,0.0004354070036499,1111.0,417.0,774.0,417.0,0.0,0.0,0.0,0.0,0.0,326.0,0.0,0.0,91.0,Rivet Feedstock - Shanghai,RAW_MATERIAL,Raw Material,0,China,East Asia,Copper,0,Firm,Replaceable
RAW_MATERIAL_0081,0.0,0.0,0.0,0.0001122065525757,1111.0,1533.0,1533.0,1111.0,0.0,0.0,0.0,0.0,0.0,326.0,0.0,0.0,785.0,Palter Feedstock - Hyderabad,RAW_MATERIAL,Raw Material,0,South Asia,Unaligned,Rare earth elements,0,Firm,Replaceable
RAW_MATERIAL_0082,5.0,0.0,0.0,0.000571917726364,1111.0,270.0,549.0,270.0,1.0,0.0,0.0,0.0,1.0,326.0,0.0,0.0,-56.0,Lethe Resources - Xi'an,RAW_MATERIAL,Raw Material,0,China,East Asia,Bulk chemical,0,Firm,Causes failure
RAW_MATERIAL_0083,1.0,0.0,0.0,0.0002266025238389,1111.0,967.0,1211.0,967.0,0.0,0.0,0.0,0.0,0.0,326.0,0.0,0.0,641.0,Brant Extraction - Belo Horizonte,RAW_MATERIAL,Raw Material,0,Rest of World,Unaligned,Substrate resin,0,Firm,Replaceable
RAW_MATERIAL_0084,3.0,0.0,0.0,0.0004730594234859,1111.0,370.0,774.0,370.0,0.0,0.0,0.0,0.0,0.0,326.0,0.0,0.0,44.0,Gethin Minerals - Johannesburg,RAW_MATERIAL,Raw Material,0,Rest of World,Unaligned,Rare earth elements,0,Firm,Replaceable
RAW_MATERIAL_0085,0.0,0.0,0.0,0.0001122065525757,1111.0,1533.0,1533.0,1111.0,0.0,0.0,0.0,0.0,0.0,326.0,0.0,0.0,785.0,Trellis Resources - Perth,RAW_MATERIAL,Raw Material,0,Rest of World,Unaligned,Crude industrial gas,0,Firm,Replaceable
RAW_MATERIAL_0086,4.0,0.0,0.0,0.0003500885060478,1111.0,549.0,638.0,549.0,0.0,0.0,0.0,0.0,0.0,326.0,0.0,0.0,223.0,Solvex Extraction - Bac Ninh,RAW_MATERIAL,Raw Material,0,Southeast Asia,East Asia,Gold,0,Firm,Replaceable
RAW_MATERIAL_0087,2.0,0.0,0.0,0.000195517037043,1111.0,1121.0,975.0,975.0,0.0,0.0,0.0,0.0,0.0,326.0,0.0,0.0,649.0,Mordant Resources - Taoyuan,RAW_MATERIAL,Raw Material,0,Taiwan,East Asia,Gold,0,Firm,Replaceable
RAW_MATERIAL_0088,2.0,0.0,0.0,0.0003731783243307,1111.0,506.0,975.0,506.0,0.0,0.0,0.0,0.0,0.0,326.0,0.0,0.0,180.0,Faryn Minerals - Villach,RAW_MATERIAL,Raw Material,0,Europe,Western,Bulk chemical,0,Firm,Replaceable
RAW_MATERIAL_0089,1.0,0.0,0.0,0.0001668066716325,1111.0,1254.0,1211.0,1111.0,0.0,0.0,0.0,0.0,0.0,326.0,0.0,0.0,785.0,Ferrin Feedstock - Hiroshima,RAW_MATERIAL,Raw Material,0,Japan,East Asia,Rare earth elements,0,Firm,Replaceable
RAW_MATERIAL_0090,1.0,0.0,0.0,0.0001461834252936,1111.0,1360.0,1211.0,1111.0,0.0,0.0,0.0,0.0,0.0,326.0,0.0,0.0,785.0,Ader Minerals - Xi'an,RAW_MATERIAL,Raw Material,0,China,East Asia,Bulk chemical,0,Firm,Replaceable
RAW_MATERIAL_0091,2.0,0.0,0.0,0.0002266757433494,1111.0,966.0,975.0,966.0,0.0,0.0,0.0,0.0,0.0,326.0,0.0,0.0,640.0,Mervi Feedstock - Villach,RAW_MATERIAL,Raw Material,0,Europe,Western,Substrate resin,0,Firm,Replaceable
RAW_MATERIAL_0092,3.0,0.0,0.0,0.0004246008498971,1111.0,434.0,774.0,434.0,1.0,0.0,0.0,0.0,1.0,326.0,0.0,0.0,108.0,Wend Extraction - Shenzhen,RAW_MATERIAL,Raw Material,0,China,East Asia,Silicon feedstock,0,Firm,Causes failure
RAW_MATERIAL_0093,4.0,0.0,0.0,0.0004059241142607,1111.0,458.0,638.0,458.0,0.0,0.0,0.0,0.0,0.0,326.0,0.0,0.0,132.0,Jarn Feedstock - Batam,RAW_MATERIAL,Raw Material,0,Southeast Asia,East Asia,Copper,0,Firm,Replaceable
RAW_MATERIAL_0094,7.0,0.0,0.0,0.0011482175521175,1111.0,84.0,407.0,84.0,21.0,6.0,3709333912.094555,0.0029078265639842,5.0,87.0,3709333912.094555,0.0029078265639842,-3.0,Thorne Minerals - Batangas,RAW_MATERIAL,Raw Material,0,Southeast Asia,East Asia,Rare earth elements,0,Firm,Causes failure
RAW_MATERIAL_0095,1.0,0.0,0.0,0.0002391581792215,1111.0,905.0,1211.0,905.0,0.0,0.0,0.0,0.0,0.0,326.0,0.0,0.0,579.0,Stade Extraction - Perth,RAW_MATERIAL,Raw Material,0,Rest of World,Unaligned,Copper,0,Firm,Replaceable
RAW_MATERIAL_0096,2.0,0.0,0.0,0.000340616036328,1111.0,579.0,975.0,579.0,0.0,0.0,0.0,0.0,0.0,326.0,0.0,0.0,253.0,Lethe Extraction - Johannesburg,RAW_MATERIAL,Raw Material,0,Rest of World,Unaligned,Copper,0,Firm,Replaceable
RAW_MATERIAL_0097,1.0,0.0,0.0,0.0002014912130738,1111.0,1085.0,1211.0,1085.0,0.0,0.0,0.0,0.0,0.0,326.0,0.0,0.0,759.0,Belan Resources - Belo Horizonte,RAW_MATERIAL,Raw Material,0,Rest of World,Unaligned,Bulk chemical,0,Firm,Replaceable
RAW_MATERIAL_0098,9.0,0.0,0.0,0.0009714676495543,1111.0,112.0,304.0,112.0,0.0,0.0,0.0,0.0,0.0,326.0,0.0,0.0,-214.0,Stade Extraction - Tainan,RAW_MATERIAL,Raw Material,0,Taiwan,East Asia,Bulk chemical,0,Firm,Replaceable
RAW_MATERIAL_0099,2.0,0.0,0.0,0.0002734133222127,1111.0,763.0,975.0,763.0,2.0,0.0,0.0,0.0,1.0,326.0,0.0,0.0,437.0,Halcy Extraction - Perth,RAW_MATERIAL,Raw Material,0,Rest of World,Unaligned,Silicon feedstock,0,Firm,Causes failure
RAW_MATERIAL_0100,0.0,0.0,0.0,0.0001122065525757,1111.0,1533.0,1533.0,1111.0,0.0,0.0,0.0,0.0,0.0,326.0,0.0,0.0,785.0,Lethe Extraction - Chandler,RAW_MATERIAL,Raw Material,0,North America,Western,Crude industrial gas,0,Firm,Replaceable
RAW_MATERIAL_0101,14.0,0.0,0.0,0.0009011620446466,1111.0,123.0,175.0,123.0,6.0,1.0,3107528815.98504,0.0024360586168866,3.0,111.0,3107528815.98504,0.0024360586168866,12.0,Prendel Resources - Wuxi,RAW_MATERIAL,Raw Material,0,China,East Asia,Bulk chemical,0,Firm,Causes failure
RAW_MATERIAL_0102,0.0,0.0,0.0,0.0001122065525757,1111.0,1533.0,1533.0,1111.0,0.0,0.0,0.0,0.0,0.0,326.0,0.0,0.0,785.0,Holt Extraction - Johannesburg,RAW_MATERIAL,Raw Material,0,Rest of World,Unaligned,Bulk chemical,0,Firm,Replaceable
RAW_MATERIAL_0103,1.0,0.0,0.0,0.0001388831980099,1111.0,1397.0,1211.0,1111.0,0.0,0.0,0.0,0.0,0.0,326.0,0.0,0.0,785.0,Lethe Feedstock - Kolwezi,RAW_MATERIAL,Raw Material,0,Rest of World,Unaligned,Rare earth elements,0,Firm,Replaceable
RAW_MATERIAL_0104,2.0,0.0,0.0,0.0003057610993468,1111.0,664.0,975.0,664.0,0.0,0.0,0.0,0.0,0.0,326.0,0.0,0.0,338.0,Xanthe Feedstock - Ottawa,RAW_MATERIAL,Raw Material,0,North America,Western,Copper,0,Firm,Replaceable
RAW_MATERIAL_0105,0.0,0.0,0.0,0.0001122065525757,1111.0,1533.0,1533.0,1111.0,0.0,0.0,0.0,0.0,0.0,326.0,0.0,0.0,785.0,Rivet Feedstock - Shanghai 2,RAW_MATERIAL,Raw Material,0,China,East Asia,Silicon feedstock,0,Firm,Replaceable
RAW_MATERIAL_0106,1.0,0.0,0.0,0.0001294455142242,1111.0,1452.0,1211.0,1111.0,0.0,0.0,0.0,0.0,0.0,326.0,0.0,0.0,785.0,Halcy Feedstock - Belo Horizonte,RAW_MATERIAL,Raw Material,0,Rest of World,Unaligned,Copper,0,Firm,Replaceable
RAW_MATERIAL_0107,5.0,0.0,0.0,0.0006770517411668,1111.0,205.0,549.0,205.0,0.0,0.0,0.0,0.0,0.0,326.0,0.0,0.0,-121.0,Solvex Minerals - Hyderabad,RAW_MATERIAL,Raw Material,0,South Asia,Unaligned,Crude industrial gas,0,Firm,Replaceable
RAW_MATERIAL_0108,1.0,0.0,0.0,0.0001959109217927,1111.0,1119.0,1211.0,1111.0,1.0,0.0,0.0,0.0,1.0,326.0,0.0,0.0,785.0,Ystad Resources - Perth,RAW_MATERIAL,Raw Material,0,Rest of World,Unaligned,Rare earth elements,0,Firm,Causes failure
RAW_MATERIAL_0109,4.0,0.0,0.0,0.0005359935279601,1111.0,295.0,638.0,295.0,0.0,0.0,0.0,0.0,0.0,326.0,0.0,0.0,-31.0,Faryn Minerals - Sanand,RAW_MATERIAL,Raw Material,0,South Asia,Unaligned,Rare earth elements,0,Firm,Replaceable
RAW_MATERIAL_0110,0.0,0.0,0.0,0.0001122065525757,1111.0,1533.0,1533.0,1111.0,0.0,0.0,0.0,0.0,0.0,326.0,0.0,0.0,785.0,Renbeck Extraction - Sanand,RAW_MATERIAL,Raw Material,0,South Asia,Unaligned,Copper,0,Firm,Replaceable
RAW_MATERIAL_0111,3.0,0.0,0.0,0.0003848461637709,1111.0,490.0,774.0,490.0,0.0,0.0,0.0,0.0,0.0,326.0,0.0,0.0,164.0,Ferrin Extraction - Leixlip,RAW_MATERIAL,Raw Material,0,Europe,Western,Crude industrial gas,0,Firm,Replaceable
RAW_MATERIAL_0112,1.0,0.0,0.0,0.0002391581792215,1111.0,905.0,1211.0,905.0,0.0,0.0,0.0,0.0,0.0,326.0,0.0,0.0,579.0,Alder Resources - Kolwezi,RAW_MATERIAL,Raw Material,0,Rest of World,Unaligned,Substrate resin,0,Firm,Replaceable
RAW_MATERIAL_0113,2.0,0.0,0.0,0.0003211643575217,1111.0,626.0,975.0,626.0,0.0,0.0,0.0,0.0,0.0,326.0,0.0,0.0,300.0,Doran Resources - Johannesburg,RAW_MATERIAL,Raw Material,0,Rest of World,Unaligned,Substrate resin,0,Firm,Replaceable
RAW_MATERIAL_0114,5.0,0.0,0.0,0.0003203924238814,1111.0,631.0,549.0,549.0,0.0,0.0,0.0,0.0,0.0,326.0,0.0,0.0,223.0,Elstow Resources - Eindhoven,RAW_MATERIAL,Raw Material,0,Europe,Western,Bulk chemical,0,Firm,Replaceable
RAW_MATERIAL_0115,3.0,0.0,0.0,0.0003993010308538,1111.0,470.0,774.0,470.0,0.0,0.0,0.0,0.0,0.0,326.0,0.0,0.0,144.0,Yarrow Resources - Hyderabad,RAW_MATERIAL,Raw Material,0,South Asia,Unaligned,Bulk chemical,0,Firm,Replaceable
RAW_MATERIAL_0116,1.0,0.0,0.0,0.0001320208968015,1111.0,1430.0,1211.0,1111.0,0.0,0.0,0.0,0.0,0.0,326.0,0.0,0.0,785.0,Zephyr Extraction - Dalian,RAW_MATERIAL,Raw Material,0,China,East Asia,Bulk chemical,0,Firm,Replaceable
RAW_MATERIAL_0117,2.0,0.0,0.0,0.0004056708152582,1111.0,459.0,975.0,459.0,0.0,0.0,0.0,0.0,0.0,326.0,0.0,0.0,133.0,Gethin Resources - Shenzhen,RAW_MATERIAL,Raw Material,0,China,East Asia,Copper,0,Firm,Replaceable
RAW_MATERIAL_0118,3.0,0.0,0.0,0.000272575626986,1111.0,767.0,774.0,767.0,0.0,0.0,0.0,0.0,0.0,326.0,0.0,0.0,441.0,Brant Extraction - Kolwezi,RAW_MATERIAL,Raw Material,0,Rest of World,Unaligned,Silicon feedstock,0,Firm,Replaceable
RAW_MATERIAL_0119,6.0,0.0,0.0,0.0004960203492402,1111.0,336.0,457.0,336.0,2.0,0.0,0.0,0.0,2.0,326.0,0.0,0.0,10.0,Kestrel Resources - Grenoble,RAW_MATERIAL,Raw Material,0,Europe,Western,Rare earth elements,0,Firm,Causes failure
RAW_MATERIAL_0120,0.0,0.0,0.0,0.0001122065525757,1111.0,1533.0,1533.0,1111.0,0.0,0.0,0.0,0.0,0.0,326.0,0.0,0.0,785.0,Ember Minerals - Ottawa,RAW_MATERIAL,Raw Material,0,North America,Western,Bulk chemical,0,Firm,Replaceable
RAW_MATERIAL_0121,1.0,0.0,0.0,0.0002405532520418,1111.0,896.0,1211.0,896.0,0.0,0.0,0.0,0.0,0.0,326.0,0.0,0.0,570.0,Halcy Feedstock - Kolwezi,RAW_MATERIAL,Raw Material,0,Rest of World,Unaligned,Substrate resin,0,Firm,Replaceable
RAW_MATERIAL_0122,1.0,0.0,0.0,0.0002876973954773,1111.0,719.0,1211.0,719.0,0.0,0.0,0.0,0.0,0.0,326.0,0.0,0.0,393.0,Holt Minerals - Belo Horizonte,RAW_MATERIAL,Raw Material,0,Rest of World,Unaligned,Rare earth elements,0,Firm,Replaceable
RAW_MATERIAL_0123,5.0,0.0,0.0,0.0003807583451122,1111.0,496.0,549.0,496.0,1.0,0.0,0.0,0.0,1.0,326.0,0.0,0.0,170.0,Granth Resources - Tianjin,RAW_MATERIAL,Raw Material,0,China,East Asia,Silicon feedstock,0,Firm,Causes failure
RAW_MATERIAL_0124,0.0,0.0,0.0,0.0001122065525757,1111.0,1533.0,1533.0,1111.0,0.0,0.0,0.0,0.0,0.0,326.0,0.0,0.0,785.0,Doran Minerals - Johannesburg,RAW_MATERIAL,Raw Material,0,Rest of World,Unaligned,Silicon feedstock,0,Firm,Replaceable
RAW_MATERIAL_0125,1.0,0.0,0.0,0.0002148525966614,1111.0,1025.0,1211.0,1025.0,0.0,0.0,0.0,0.0,0.0,326.0,0.0,0.0,699.0,Zephyr Resources - Xi'an,RAW_MATERIAL,Raw Material,0,China,East Asia,Silicon feedstock,0,Firm,Replaceable
RAW_MATERIAL_0126,3.0,0.0,0.0,0.0003471685257853,1111.0,555.0,774.0,555.0,3.0,0.0,0.0,0.0,2.0,326.0,0.0,0.0,229.0,Rivet Feedstock - Malta,RAW_MATERIAL,Raw Material,0,North America,Western,Crude industrial gas,0,Firm,Causes failure
RAW_MATERIAL_0127,3.0,0.0,0.0,0.0001765497793133,1111.0,1203.0,774.0,774.0,0.0,0.0,0.0,0.0,0.0,326.0,0.0,0.0,448.0,Korrin Minerals - Gumi,RAW_MATERIAL,Raw Material,0,Korea,East Asia,Copper,0,Firm,Replaceable
RAW_MATERIAL_0128,0.0,0.0,0.0,0.0001122065525757,1111.0,1533.0,1533.0,1111.0,0.0,0.0,0.0,0.0,0.0,326.0,0.0,0.0,785.0,Korrin Minerals - Xi'an,RAW_MATERIAL,Raw Material,0,China,East Asia,Copper,0,Firm,Replaceable
RAW_MATERIAL_0129,0.0,0.0,0.0,0.0001122065525757,1111.0,1533.0,1533.0,1111.0,0.0,0.0,0.0,0.0,0.0,326.0,0.0,0.0,785.0,Belan Extraction - Shanghai,RAW_MATERIAL,Raw Material,0,China,East Asia,Bulk chemical,0,Firm,Replaceable
RAW_MATERIAL_0130,18.0,0.0,0.0,0.0013802187718009,1111.0,65.0,121.0,65.0,1.0,0.0,0.0,0.0,1.0,326.0,0.0,0.0,-261.0,Ivex Feedstock - Shanghai,RAW_MATERIAL,Raw Material,0,China,East Asia,Gold,0,Firm,Causes failure
RAW_MATERIAL_0131,3.0,0.0,0.0,0.000298304187456,1111.0,684.0,774.0,684.0,0.0,0.0,0.0,0.0,0.0,326.0,0.0,0.0,358.0,Ivex Minerals - Shanghai,RAW_MATERIAL,Raw Material,0,China,East Asia,Bulk chemical,0,Firm,Replaceable
RAW_MATERIAL_0132,0.0,0.0,0.0,0.0001122065525757,1111.0,1533.0,1533.0,1111.0,0.0,0.0,0.0,0.0,0.0,326.0,0.0,0.0,785.0,Noral Minerals - Wuxi,RAW_MATERIAL,Raw Material,0,China,East Asia,Rare earth elements,0,Firm,Replaceable
RAW_MATERIAL_0133,8.0,0.0,0.0,0.0008055718805961,1111.0,152.0,348.0,152.0,2.0,0.0,0.0,0.0,2.0,326.0,0.0,0.0,-174.0,Palter Feedstock - Xi'an,RAW_MATERIAL,Raw Material,0,China,East Asia,Bulk chemical,0,Firm,Causes failure
RAW_MATERIAL_0134,2.0,0.0,0.0,0.0003554774037124,1111.0,539.0,975.0,539.0,0.0,0.0,0.0,0.0,0.0,326.0,0.0,0.0,213.0,Renbeck Extraction - Chengdu,RAW_MATERIAL,Raw Material,0,China,East Asia,Crude industrial gas,0,Firm,Replaceable
RAW_MATERIAL_0135,3.0,0.0,0.0,0.0002887097352526,1111.0,714.0,774.0,714.0,0.0,0.0,0.0,0.0,0.0,326.0,0.0,0.0,388.0,Holt Extraction - Johannesburg 2,RAW_MATERIAL,Raw Material,0,Rest of World,Unaligned,Bulk chemical,0,Firm,Replaceable
RAW_MATERIAL_0136,1.0,0.0,0.0,0.0002052693243049,1111.0,1064.0,1211.0,1064.0,0.0,0.0,0.0,0.0,0.0,326.0,0.0,0.0,738.0,Verity Extraction - Pune,RAW_MATERIAL,Raw Material,0,South Asia,Unaligned,Substrate resin,0,Firm,Replaceable
RAW_MATERIAL_0137,1.0,0.0,0.0,0.0001305065475779,1111.0,1443.0,1211.0,1111.0,0.0,0.0,0.0,0.0,0.0,326.0,0.0,0.0,785.0,Cortex Minerals - Johannesburg,RAW_MATERIAL,Raw Material,0,Rest of World,Unaligned,Rare earth elements,0,Firm,Replaceable
RAW_MATERIAL_0138,2.0,0.0,0.0,0.0002277030832404,1111.0,961.0,975.0,961.0,0.0,0.0,0.0,0.0,0.0,326.0,0.0,0.0,635.0,Lethe Resources - Sanand,RAW_MATERIAL,Raw Material,0,South Asia,Unaligned,Silicon feedstock,0,Firm,Replaceable
RAW_MATERIAL_0139,1.0,0.0,0.0,0.0002266025238389,1111.0,967.0,1211.0,967.0,0.0,0.0,0.0,0.0,0.0,326.0,0.0,0.0,641.0,Belan Feedstock - Antofagasta,RAW_MATERIAL,Raw Material,0,Rest of World,Unaligned,Crude industrial gas,0,Firm,Replaceable
RAW_MATERIAL_0140,20.0,0.0,0.0,0.0014697253025952,1111.0,59.0,101.0,59.0,1.0,0.0,0.0,0.0,1.0,326.0,0.0,0.0,-267.0,Wexler Resources - Kumamoto,RAW_MATERIAL,Raw Material,0,Japan,East Asia,Bulk chemical,0,Firm,Causes failure
RAW_MATERIAL_0141,5.0,0.0,0.0,0.0005971834058019,1111.0,256.0,549.0,256.0,3.0,0.0,0.0,0.0,2.0,326.0,0.0,0.0,-70.0,Nevin Feedstock - Taoyuan,RAW_MATERIAL,Raw Material,0,Taiwan,East Asia,Rare earth elements,0,Firm,Causes failure
RAW_MATERIAL_0142,1.0,0.0,0.0,0.0001403160727377,1111.0,1391.0,1211.0,1111.0,0.0,0.0,0.0,0.0,0.0,326.0,0.0,0.0,785.0,Solvex Resources - Tianjin,RAW_MATERIAL,Raw Material,0,China,East Asia,Substrate resin,0,Firm,Replaceable
RAW_MATERIAL_0143,0.0,0.0,0.0,0.0001122065525757,1111.0,1533.0,1533.0,1111.0,0.0,0.0,0.0,0.0,0.0,326.0,0.0,0.0,785.0,Jarn Minerals - Belo Horizonte,RAW_MATERIAL,Raw Material,0,Rest of World,Unaligned,Bulk chemical,0,Firm,Replaceable
RAW_MATERIAL_0144,2.0,0.0,0.0,0.0003691449709526,1111.0,512.0,975.0,512.0,0.0,0.0,0.0,0.0,0.0,326.0,0.0,0.0,186.0,Prendel Feedstock - Xi'an,RAW_MATERIAL,Raw Material,0,China,East Asia,Bulk chemical,0,Firm,Replaceable
RAW_MATERIAL_0145,4.0,0.0,0.0,0.0004602911646447,1111.0,391.0,638.0,391.0,0.0,0.0,0.0,0.0,0.0,326.0,0.0,0.0,65.0,Lethe Feedstock - Kolwezi 2,RAW_MATERIAL,Raw Material,0,Rest of World,Unaligned,Copper,0,Firm,Replaceable
RAW_MATERIAL_0146,1.0,0.0,0.0,0.0002252074510187,1111.0,974.0,1211.0,974.0,0.0,0.0,0.0,0.0,0.0,326.0,0.0,0.0,648.0,Stade Resources - Kolwezi,RAW_MATERIAL,Raw Material,0,Rest of World,Unaligned,Crude industrial gas,0,Firm,Replaceable
RAW_MATERIAL_0147,0.0,0.0,0.0,0.0001122065525757,1111.0,1533.0,1533.0,1111.0,0.0,0.0,0.0,0.0,0.0,326.0,0.0,0.0,785.0,Renbeck Minerals - Grenoble,RAW_MATERIAL,Raw Material,0,Europe,Western,Bulk chemical,0,Firm,Replaceable
RAW_MATERIAL_0148,1.0,0.0,0.0,0.0001987010674333,1111.0,1106.0,1211.0,1106.0,0.0,0.0,0.0,0.0,0.0,326.0,0.0,0.0,780.0,Dyne Feedstock - Kolwezi,RAW_MATERIAL,Raw Material,0,Rest of World,Unaligned,Bulk chemical,0,Firm,Replaceable
RAW_MATERIAL_0149,0.0,0.0,0.0,0.0001122065525757,1111.0,1533.0,1533.0,1111.0,0.0,0.0,0.0,0.0,0.0,326.0,0.0,0.0,785.0,Cortex Extraction - Bengaluru,RAW_MATERIAL,Raw Material,0,South Asia,Unaligned,Substrate resin,0,Firm,Replaceable
RAW_MATERIAL_0150,0.0,0.0,0.0,0.0001122065525757,1111.0,1533.0,1533.0,1111.0,0.0,0.0,0.0,0.0,0.0,326.0,0.0,0.0,785.0,Jarn Minerals - Gumi,RAW_MATERIAL,Raw Material,0,Korea,East Asia,Copper,0,Firm,Replaceable
RAW_MATERIAL_0151,0.0,0.0,0.0,0.0001122065525757,1111.0,1533.0,1533.0,1111.0,0.0,0.0,0.0,0.0,0.0,326.0,0.0,0.0,785.0,Ystad Resources - Belo Horizonte,RAW_MATERIAL,Raw Material,0,Rest of World,Unaligned,Bulk chemical,0,Firm,Replaceable
RAW_MATERIAL_0152,4.0,0.0,0.0,0.0004291953105577,1111.0,425.0,638.0,425.0,0.0,0.0,0.0,0.0,0.0,326.0,0.0,0.0,99.0,Zephyr Minerals - Austin,RAW_MATERIAL,Raw Material,0,North America,Western,Crude industrial gas,0,Firm,Replaceable
RAW_MATERIAL_0153,0.0,0.0,0.0,0.0001122065525757,1111.0,1533.0,1533.0,1111.0,0.0,0.0,0.0,0.0,0.0,326.0,0.0,0.0,785.0,Wexler Feedstock - Penang,RAW_MATERIAL,Raw Material,0,Southeast Asia,East Asia,Substrate resin,0,Firm,Replaceable
RAW_MATERIAL_0154,17.0,0.0,0.0,0.0018419129505607,1111.0,39.0,132.0,39.0,0.0,0.0,0.0,0.0,0.0,326.0,0.0,0.0,-287.0,Rivet Extraction - Shenzhen,RAW_MATERIAL,Raw Material,0,China,East Asia,Copper,0,Firm,Replaceable
RAW_MATERIAL_0155,1.0,0.0,0.0,0.0002043341667347,1111.0,1069.0,1211.0,1069.0,0.0,0.0,0.0,0.0,0.0,326.0,0.0,0.0,743.0,Nevin Feedstock - Sanand,RAW_MATERIAL,Raw Material,0,South Asia,Unaligned,Bulk chemical,0,Firm,Replaceable
RAW_MATERIAL_0156,3.0,0.0,0.0,0.0004159672342253,1111.0,444.0,774.0,444.0,0.0,0.0,0.0,0.0,0.0,326.0,0.0,0.0,118.0,Korrin Minerals - Villach,RAW_MATERIAL,Raw Material,0,Europe,Western,Copper,0,Firm,Replaceable
RAW_MATERIAL_0157,10.0,0.0,0.0,0.0006793397516141,1111.0,204.0,267.0,204.0,1.0,0.0,0.0,0.0,1.0,326.0,0.0,0.0,-122.0,Korrin Extraction - Cheongju,RAW_MATERIAL,Raw Material,0,Korea,East Asia,Substrate resin,0,Firm,Causes failure
RAW_MATERIAL_0158,3.0,0.0,0.0,0.0002448932693652,1111.0,881.0,774.0,774.0,0.0,0.0,0.0,0.0,0.0,326.0,0.0,0.0,448.0,Jarn Extraction - Sanand,RAW_MATERIAL,Raw Material,0,South Asia,Unaligned,Substrate resin,0,Firm,Replaceable
RAW_MATERIAL_0159,3.0,0.0,0.0,0.0001780671214908,1111.0,1197.0,774.0,774.0,0.0,0.0,0.0,0.0,0.0,326.0,0.0,0.0,448.0,Xanthe Feedstock - Kitakyushu,RAW_MATERIAL,Raw Material,0,Japan,East Asia,Copper,0,Firm,Replaceable
RAW_MATERIAL_0160,1.0,0.0,0.0,0.0002293926694795,1111.0,953.0,1211.0,953.0,0.0,0.0,0.0,0.0,0.0,326.0,0.0,0.0,627.0,Brant Minerals - Kolwezi,RAW_MATERIAL,Raw Material,0,Rest of World,Unaligned,Copper,0,Firm,Replaceable
RAW_MATERIAL_0161,12.0,0.0,0.0,0.0012853074948687,1111.0,70.0,213.0,70.0,0.0,0.0,0.0,0.0,0.0,326.0,0.0,0.0,-256.0,Ember Minerals - Dalian,RAW_MATERIAL,Raw Material,0,China,East Asia,Copper,0,Firm,Replaceable
RAW_MATERIAL_0162,9.0,0.0,0.0,0.0006287178320439,1111.0,234.0,304.0,234.0,12.0,8.0,11765414517.809843,0.0092231612688259,3.0,29.0,11765414517.809843,0.0092231612688259,205.0,Korrin Extraction - Crolles,RAW_MATERIAL,Raw Material,0,Europe,Western,Substrate resin,0,Firm,Causes failure
RAW_MATERIAL_0163,1.0,0.0,0.0,0.0001957977086787,1111.0,1120.0,1211.0,1111.0,0.0,0.0,0.0,0.0,0.0,326.0,0.0,0.0,785.0,Umber Feedstock - Leixlip,RAW_MATERIAL,Raw Material,0,Europe,Western,Bulk chemical,0,Firm,Replaceable
RAW_MATERIAL_0164,2.0,0.0,0.0,0.0002845740062184,1111.0,724.0,975.0,724.0,0.0,0.0,0.0,0.0,0.0,326.0,0.0,0.0,398.0,Cortex Minerals - Perth,RAW_MATERIAL,Raw Material,0,Rest of World,Unaligned,Copper,0,Firm,Replaceable
RAW_MATERIAL_0165,0.0,0.0,0.0,0.0001122065525757,1111.0,1533.0,1533.0,1111.0,0.0,0.0,0.0,0.0,0.0,326.0,0.0,0.0,785.0,Stade Resources - Kumamoto,RAW_MATERIAL,Raw Material,0,Japan,East Asia,Bulk chemical,0,Firm,Replaceable
RAW_MATERIAL_0166,1.0,0.0,0.0,0.0003243479187303,1111.0,617.0,1211.0,617.0,0.0,0.0,0.0,0.0,0.0,326.0,0.0,0.0,291.0,Ferrin Feedstock - Ottawa,RAW_MATERIAL,Raw Material,0,North America,Western,Rare earth elements,0,Firm,Replaceable
RAW_MATERIAL_0167,2.0,0.0,0.0,0.0004390549581306,1111.0,416.0,975.0,416.0,0.0,0.0,0.0,0.0,0.0,326.0,0.0,0.0,90.0,Mordant Feedstock - Bac Ninh,RAW_MATERIAL,Raw Material,0,Southeast Asia,East Asia,Rare earth elements,0,Firm,Replaceable
RAW_MATERIAL_0168,0.0,0.0,0.0,0.0001122065525757,1111.0,1533.0,1533.0,1111.0,0.0,0.0,0.0,0.0,0.0,326.0,0.0,0.0,785.0,Halcy Feedstock - Perth,RAW_MATERIAL,Raw Material,0,Rest of World,Unaligned,Crude industrial gas,0,Firm,Replaceable
RAW_MATERIAL_0169,2.0,0.0,0.0,0.0004279158585297,1111.0,426.0,975.0,426.0,0.0,0.0,0.0,0.0,0.0,326.0,0.0,0.0,100.0,Palter Extraction - Antofagasta,RAW_MATERIAL,Raw Material,0,Rest of World,Unaligned,Bulk chemical,0,Firm,Replaceable
RAW_MATERIAL_0170,0.0,0.0,0.0,0.0001122065525757,1111.0,1533.0,1533.0,1111.0,0.0,0.0,0.0,0.0,0.0,326.0,0.0,0.0,785.0,Mervi Feedstock - Kolwezi,RAW_MATERIAL,Raw Material,0,Rest of World,Unaligned,Crude industrial gas,0,Firm,Replaceable
RAW_MATERIAL_0171,0.0,0.0,0.0,0.0001122065525757,1111.0,1533.0,1533.0,1111.0,0.0,0.0,0.0,0.0,0.0,326.0,0.0,0.0,785.0,Holt Resources - Kolwezi,RAW_MATERIAL,Raw Material,0,Rest of World,Unaligned,Silicon feedstock,0,Firm,Replaceable
RAW_MATERIAL_0172,1.0,0.0,0.0,0.0003079792891991,1111.0,658.0,1211.0,658.0,0.0,0.0,0.0,0.0,0.0,326.0,0.0,0.0,332.0,Zephyr Extraction - Bac Ninh,RAW_MATERIAL,Raw Material,0,Southeast Asia,East Asia,Bulk chemical,0,Firm,Replaceable
RAW_MATERIAL_0173,10.0,0.0,0.0,0.0007839343244768,1111.0,160.0,267.0,160.0,2.0,0.0,0.0,0.0,1.0,326.0,0.0,0.0,-166.0,Lumen Resources - Hillsboro,RAW_MATERIAL,Raw Material,0,North America,Western,Rare earth elements,0,Firm,Causes failure
RAW_MATERIAL_0174,7.0,0.0,0.0,0.0006122352258012,1111.0,248.0,407.0,248.0,0.0,0.0,0.0,0.0,0.0,326.0,0.0,0.0,-78.0,Prendel Minerals - Guadalajara,RAW_MATERIAL,Raw Material,0,North America,Western,Bulk chemical,0,Firm,Replaceable
RAW_MATERIAL_0175,6.0,0.0,0.0,0.0007542647897933,1111.0,177.0,457.0,177.0,0.0,0.0,0.0,0.0,0.0,326.0,0.0,0.0,-149.0,Halcy Feedstock - Wuxi,RAW_MATERIAL,Raw Material,0,China,East Asia,Copper,0,Firm,Replaceable
RAW_MATERIAL_0176,2.0,0.0,0.0,0.000139395116579,1111.0,1394.0,975.0,975.0,0.0,0.0,0.0,0.0,0.0,326.0,0.0,0.0,649.0,Doran Resources - Villach,RAW_MATERIAL,Raw Material,0,Europe,Western,Substrate resin,0,Firm,Replaceable
RAW_MATERIAL_0177,1.0,0.0,0.0,0.0002056981465126,1111.0,1063.0,1211.0,1063.0,1.0,0.0,0.0,0.0,1.0,326.0,0.0,0.0,737.0,Nevin Feedstock - Shenzhen,RAW_MATERIAL,Raw Material,0,China,East Asia,Substrate resin,0,Firm,Causes failure
RAW_MATERIAL_0178,1.0,0.0,0.0,0.0003338791827348,1111.0,589.0,1211.0,589.0,1.0,0.0,0.0,0.0,1.0,326.0,0.0,0.0,263.0,Nevin Resources - Guadalajara,RAW_MATERIAL,Raw Material,0,North America,Western,Crude industrial gas,0,Firm,Causes failure
RAW_MATERIAL_0179,5.0,0.0,0.0,0.0005250237874933,1111.0,303.0,549.0,303.0,0.0,0.0,0.0,0.0,0.0,326.0,0.0,0.0,-23.0,Nevin Minerals - Pune,RAW_MATERIAL,Raw Material,0,South Asia,Unaligned,Copper,0,Firm,Replaceable
RAW_MATERIAL_0180,3.0,0.0,0.0,0.0002641661848321,1111.0,804.0,774.0,774.0,0.0,0.0,0.0,0.0,0.0,326.0,0.0,0.0,448.0,Gethin Resources - Chengdu,RAW_MATERIAL,Raw Material,0,China,East Asia,Silicon feedstock,0,Firm,Replaceable
RAW_MATERIAL_0181,2.0,0.0,0.0,0.0002609702161364,1111.0,814.0,975.0,814.0,0.0,0.0,0.0,0.0,0.0,326.0,0.0,0.0,488.0,Ferrin Minerals - Ottawa,RAW_MATERIAL,Raw Material,0,North America,Western,Bulk chemical,0,Firm,Replaceable
RAW_MATERIAL_0182,0.0,0.0,0.0,0.0001122065525757,1111.0,1533.0,1533.0,1111.0,0.0,0.0,0.0,0.0,0.0,326.0,0.0,0.0,785.0,Verity Feedstock - Antofagasta,RAW_MATERIAL,Raw Material,0,Rest of World,Unaligned,Bulk chemical,0,Firm,Replaceable
RAW_MATERIAL_0183,0.0,0.0,0.0,0.0001122065525757,1111.0,1533.0,1533.0,1111.0,0.0,0.0,0.0,0.0,0.0,326.0,0.0,0.0,785.0,Mervi Resources - Belo Horizonte,RAW_MATERIAL,Raw Material,0,Rest of World,Unaligned,Substrate resin,0,Firm,Replaceable
RAW_MATERIAL_0184,1.0,0.0,0.0,0.0002210222325578,1111.0,999.0,1211.0,999.0,0.0,0.0,0.0,0.0,0.0,326.0,0.0,0.0,673.0,Thorne Minerals - Kolwezi,RAW_MATERIAL,Raw Material,0,Rest of World,Unaligned,Copper,0,Firm,Replaceable
RAW_MATERIAL_0185,4.0,0.0,0.0,0.0005354037338151,1111.0,297.0,638.0,297.0,0.0,0.0,0.0,0.0,0.0,326.0,0.0,0.0,-29.0,Quarn Resources - Tianjin,RAW_MATERIAL,Raw Material,0,China,East Asia,Bulk chemical,0,Firm,Replaceable
RAW_MATERIAL_0186,1.0,0.0,0.0,0.0002084665771752,1111.0,1049.0,1211.0,1049.0,0.0,0.0,0.0,0.0,0.0,326.0,0.0,0.0,723.0,Ystad Feedstock - Johannesburg,RAW_MATERIAL,Raw Material,0,Rest of World,Unaligned,Silicon feedstock,0,Firm,Replaceable
RAW_MATERIAL_0187,1.0,0.0,0.0,0.0002561448248911,1111.0,829.0,1211.0,829.0,0.0,0.0,0.0,0.0,0.0,326.0,0.0,0.0,503.0,Calder Extraction - Tainan,RAW_MATERIAL,Raw Material,0,Taiwan,East Asia,Crude industrial gas,0,Firm,Replaceable
RAW_MATERIAL_0188,0.0,0.0,0.0,0.0001122065525757,1111.0,1533.0,1533.0,1111.0,0.0,0.0,0.0,0.0,0.0,326.0,0.0,0.0,785.0,Xanthe Minerals - Dalian,RAW_MATERIAL,Raw Material,0,China,East Asia,Silicon feedstock,0,Firm,Replaceable
RAW_MATERIAL_0189,1.0,0.0,0.0,0.0002330422664494,1111.0,932.0,1211.0,932.0,0.0,0.0,0.0,0.0,0.0,326.0,0.0,0.0,606.0,Cortex Minerals - Tianjin,RAW_MATERIAL,Raw Material,0,China,East Asia,Gold,0,Firm,Replaceable
RAW_MATERIAL_0190,0.0,0.0,0.0,0.0001122065525757,1111.0,1533.0,1533.0,1111.0,0.0,0.0,0.0,0.0,0.0,326.0,0.0,0.0,785.0,Ystad Minerals - Wuxi,RAW_MATERIAL,Raw Material,0,China,East Asia,Bulk chemical,0,Firm,Replaceable
RAW_MATERIAL_0191,1.0,0.0,0.0,0.0002389039856748,1111.0,909.0,1211.0,909.0,0.0,0.0,0.0,0.0,0.0,326.0,0.0,0.0,583.0,Korrin Minerals - Perth,RAW_MATERIAL,Raw Material,0,Rest of World,Unaligned,Copper,0,Firm,Replaceable
RAW_MATERIAL_0192,3.0,0.0,0.0,0.0003678373369885,1111.0,515.0,774.0,515.0,0.0,0.0,0.0,0.0,0.0,326.0,0.0,0.0,189.0,Dyne Resources - Wuxi,RAW_MATERIAL,Raw Material,0,China,East Asia,Rare earth elements,0,Firm,Replaceable
RAW_MATERIAL_0193,0.0,0.0,0.0,0.0001122065525757,1111.0,1533.0,1533.0,1111.0,0.0,0.0,0.0,0.0,0.0,326.0,0.0,0.0,785.0,Dyne Feedstock - Tianjin,RAW_MATERIAL,Raw Material,0,China,East Asia,Bulk chemical,0,Firm,Replaceable
RAW_MATERIAL_0194,13.0,0.0,0.0,0.0017028283050274,1111.0,45.0,193.0,45.0,0.0,0.0,0.0,0.0,0.0,326.0,0.0,0.0,-281.0,Quill Feedstock - Grenoble,RAW_MATERIAL,Raw Material,0,Europe,Western,Copper,0,Firm,Replaceable
RAW_MATERIAL_0195,1.0,0.0,0.0,0.0001502588065506,1111.0,1337.0,1211.0,1111.0,0.0,0.0,0.0,0.0,0.0,326.0,0.0,0.0,785.0,Rivet Extraction - Antofagasta,RAW_MATERIAL,Raw Material,0,Rest of World,Unaligned,Copper,0,Firm,Replaceable
RAW_MATERIAL_0196,1.0,0.0,0.0,0.0002419483248621,1111.0,892.0,1211.0,892.0,0.0,0.0,0.0,0.0,0.0,326.0,0.0,0.0,566.0,Holt Feedstock - Belo Horizonte,RAW_MATERIAL,Raw Material,0,Rest of World,Unaligned,Bulk chemical,0,Firm,Replaceable
RAW_MATERIAL_0197,1.0,0.0,0.0,0.0001895279430305,1111.0,1150.0,1211.0,1111.0,0.0,0.0,0.0,0.0,0.0,326.0,0.0,0.0,785.0,Lethe Feedstock - Hyderabad,RAW_MATERIAL,Raw Material,0,South Asia,Unaligned,Rare earth elements,0,Firm,Replaceable
RAW_MATERIAL_0198,3.0,0.0,0.0,0.0004079577470865,1111.0,455.0,774.0,455.0,0.0,0.0,0.0,0.0,0.0,326.0,0.0,0.0,129.0,Xanthe Extraction - Bengaluru,RAW_MATERIAL,Raw Material,0,South Asia,Unaligned,Gold,0,Firm,Replaceable
RAW_MATERIAL_0199,0.0,0.0,0.0,0.0001122065525757,1111.0,1533.0,1533.0,1111.0,0.0,0.0,0.0,0.0,0.0,326.0,0.0,0.0,785.0,Belan Minerals - Johannesburg,RAW_MATERIAL,Raw Material,0,Rest of World,Unaligned,Bulk chemical,0,Firm,Replaceable
RAW_MATERIAL_0200,15.0,0.0,0.0,0.0017431421858208,1111.0,43.0,157.0,43.0,0.0,0.0,0.0,0.0,0.0,326.0,0.0,0.0,-283.0,Doran Extraction - Shanghai,RAW_MATERIAL,Raw Material,0,China,East Asia,Copper,0,Firm,Replaceable
RAW_MATERIAL_0201,0.0,0.0,0.0,0.0001122065525757,1111.0,1533.0,1533.0,1111.0,0.0,0.0,0.0,0.0,0.0,326.0,0.0,0.0,785.0,Rivet Feedstock - Wuxi,RAW_MATERIAL,Raw Material,0,China,East Asia,Rare earth elements,0,Firm,Replaceable
RAW_MATERIAL_0202,1.0,0.0,0.0,0.0002062451513381,1111.0,1062.0,1211.0,1062.0,0.0,0.0,0.0,0.0,0.0,326.0,0.0,0.0,736.0,Oxbow Extraction - Tainan,RAW_MATERIAL,Raw Material,0,Taiwan,East Asia,Bulk chemical,0,Firm,Replaceable
RAW_MATERIAL_0203,0.0,0.0,0.0,0.0001122065525757,1111.0,1533.0,1533.0,1111.0,0.0,0.0,0.0,0.0,0.0,326.0,0.0,0.0,785.0,Prendel Resources - Dalian,RAW_MATERIAL,Raw Material,0,China,East Asia,Silicon feedstock,0,Firm,Replaceable
RAW_MATERIAL_0204,1.0,0.0,0.0,0.000265009144105,1111.0,797.0,1211.0,797.0,5.0,1.0,2262585042.49147,0.0017736890357533,3.0,137.0,2262585042.49147,0.0017736890357533,660.0,Zephyr Feedstock - Villach,RAW_MATERIAL,Raw Material,0,Europe,Western,Crude industrial gas,0,Firm,Causes failure
RAW_MATERIAL_0205,0.0,0.0,0.0,0.0001122065525757,1111.0,1533.0,1533.0,1111.0,0.0,0.0,0.0,0.0,0.0,326.0,0.0,0.0,785.0,Korrin Extraction - Perth,RAW_MATERIAL,Raw Material,0,Rest of World,Unaligned,Bulk chemical,0,Firm,Replaceable
RAW_MATERIAL_0206,5.0,0.0,0.0,0.0006092583961527,1111.0,251.0,549.0,251.0,0.0,0.0,0.0,0.0,0.0,326.0,0.0,0.0,-75.0,Quill Minerals - Hyderabad,RAW_MATERIAL,Raw Material,0,South Asia,Unaligned,Copper,0,Firm,Replaceable
RAW_MATERIAL_0207,1.0,0.0,0.0,0.0002112567228158,1111.0,1035.0,1211.0,1035.0,0.0,0.0,0.0,0.0,0.0,326.0,0.0,0.0,709.0,Nevin Resources - Perth,RAW_MATERIAL,Raw Material,0,Rest of World,Unaligned,Crude industrial gas,0,Firm,Replaceable
RAW_MATERIAL_0208,2.0,0.0,0.0,0.0002074701339349,1111.0,1055.0,975.0,975.0,0.0,0.0,0.0,0.0,0.0,326.0,0.0,0.0,649.0,Korrin Extraction - Shanghai,RAW_MATERIAL,Raw Material,0,China,East Asia,Silicon feedstock,0,Firm,Replaceable
RAW_MATERIAL_0209,1.0,0.0,0.0,0.0001756279331364,1111.0,1209.0,1211.0,1111.0,2.0,0.0,0.0,0.0,2.0,326.0,0.0,0.0,785.0,Solvex Feedstock - Tianjin,RAW_MATERIAL,Raw Material,0,China,East Asia,Rare earth elements,0,Firm,Causes failure
RAW_MATERIAL_0210,21.0,0.0,0.0,0.0011525158616092,1111.0,82.0,94.0,82.0,0.0,0.0,0.0,0.0,0.0,326.0,0.0,0.0,-244.0,Jarn Extraction - Wuxi 2,RAW_MATERIAL,Raw Material,0,China,East Asia,Substrate resin,0,Firm,Replaceable
RAW_MATERIAL_0211,6.0,0.0,0.0,0.0008439651436281,1111.0,142.0,457.0,142.0,0.0,0.0,0.0,0.0,0.0,326.0,0.0,0.0,-184.0,Nevin Extraction - Wuxi,RAW_MATERIAL,Raw Material,0,China,East Asia,Copper,0,Firm,Replaceable
RAW_MATERIAL_0212,2.0,0.0,0.0,0.000144126946814,1111.0,1373.0,975.0,975.0,0.0,0.0,0.0,0.0,0.0,326.0,0.0,0.0,649.0,Jorel Feedstock - Bangkok,RAW_MATERIAL,Raw Material,0,Southeast Asia,East Asia,Bulk chemical,0,Firm,Replaceable
RAW_MATERIAL_0213,5.0,0.0,0.0,0.0002909547462137,1111.0,708.0,549.0,549.0,1.0,0.0,0.0,0.0,1.0,326.0,0.0,0.0,223.0,Palter Extraction - Hwaseong,RAW_MATERIAL,Raw Material,0,Korea,East Asia,Silicon feedstock,0,Firm,Causes failure
RAW_MATERIAL_0214,2.0,0.0,0.0,0.0002093136836392,1111.0,1045.0,975.0,975.0,0.0,0.0,0.0,0.0,0.0,326.0,0.0,0.0,649.0,Rivet Minerals - Chengdu,RAW_MATERIAL,Raw Material,0,China,East Asia,Copper,0,Firm,Replaceable
RAW_MATERIAL_0215,11.0,0.0,0.0,0.0009279695485747,1111.0,119.0,234.0,119.0,0.0,0.0,0.0,0.0,0.0,326.0,0.0,0.0,-207.0,Oxbow Feedstock - Austin,RAW_MATERIAL,Raw Material,0,North America,Western,Copper,0,Firm,Replaceable
RAW_MATERIAL_0216,3.0,0.0,0.0,0.0004596119187363,1111.0,393.0,774.0,393.0,3.0,0.0,0.0,0.0,3.0,326.0,0.0,0.0,67.0,Quarn Minerals - Kolwezi,RAW_MATERIAL,Raw Material,0,Rest of World,Unaligned,Rare earth elements,0,Firm,Causes failure
RAW_MATERIAL_0217,8.0,0.0,0.0,0.0005801214662927,1111.0,265.0,348.0,265.0,0.0,0.0,0.0,0.0,0.0,326.0,0.0,0.0,-61.0,Ember Feedstock - Wuxi,RAW_MATERIAL,Raw Material,0,China,East Asia,Gold,0,Firm,Replaceable
RAW_MATERIAL_0218,1.0,0.0,0.0,0.000128240833911,1111.0,1460.0,1211.0,1111.0,1.0,0.0,0.0,0.0,1.0,326.0,0.0,0.0,785.0,Verity Resources - Xi'an,RAW_MATERIAL,Raw Material,0,China,East Asia,Rare earth elements,0,Firm,Causes failure
RAW_MATERIAL_0219,4.0,0.0,0.0,0.0003895594418965,1111.0,480.0,638.0,480.0,0.0,0.0,0.0,0.0,0.0,326.0,0.0,0.0,154.0,Renbeck Minerals - Gumi,RAW_MATERIAL,Raw Material,0,Korea,East Asia,Substrate resin,0,Firm,Replaceable
RAW_MATERIAL_0220,1.0,0.0,0.0,0.0003182175420689,1111.0,637.0,1211.0,637.0,0.0,0.0,0.0,0.0,0.0,326.0,0.0,0.0,311.0,Solvex Feedstock - Kolwezi,RAW_MATERIAL,Raw Material,0,Rest of World,Unaligned,Copper,0,Firm,Replaceable
RAW_MATERIAL_0221,3.0,0.0,0.0,0.0003207418850015,1111.0,628.0,774.0,628.0,14.0,12.0,13130365162.865343,0.0102931754110628,3.0,24.0,13130365162.865343,0.0102931754110628,604.0,Doran Resources - Wuxi,RAW_MATERIAL,Raw Material,0,China,East Asia,Crude industrial gas,0,Firm,Causes failure
RAW_MATERIAL_0222,2.0,0.0,0.0,0.0003591264121757,1111.0,529.0,975.0,529.0,0.0,0.0,0.0,0.0,0.0,326.0,0.0,0.0,203.0,Wend Extraction - Austin,RAW_MATERIAL,Raw Material,0,North America,Western,Copper,0,Firm,Replaceable
RAW_MATERIAL_0223,9.0,0.0,0.0,0.0009545977491052,1111.0,114.0,304.0,114.0,18.0,5.0,4878308444.652898,0.0038242108202818,5.0,70.0,4878308444.652898,0.0038242108202818,44.0,Yarrow Feedstock - Malta,RAW_MATERIAL,Raw Material,0,North America,Western,Crude industrial gas,0,Firm,Causes failure
RAW_MATERIAL_0224,1.0,0.0,0.0,0.0001335811607723,1111.0,1423.0,1211.0,1111.0,0.0,0.0,0.0,0.0,0.0,326.0,0.0,0.0,785.0,Thorne Feedstock - Shenzhen,RAW_MATERIAL,Raw Material,0,China,East Asia,Crude industrial gas,0,Firm,Replaceable
RAW_MATERIAL_0225,2.0,0.0,0.0,0.0001509917856028,1111.0,1332.0,975.0,975.0,0.0,0.0,0.0,0.0,0.0,326.0,0.0,0.0,649.0,Halcy Feedstock - Antofagasta,RAW_MATERIAL,Raw Material,0,Rest of World,Unaligned,Silicon feedstock,0,Firm,Replaceable
RAW_MATERIAL_0226,8.0,0.0,0.0,0.0010672156685822,1111.0,96.0,348.0,96.0,8.0,0.0,0.0,0.0,3.0,326.0,0.0,0.0,-230.0,Korrin Feedstock - Yokkaichi,RAW_MATERIAL,Raw Material,0,Japan,East Asia,Rare earth elements,0,Firm,Causes failure
RAW_MATERIAL_0227,1.0,0.0,0.0,0.0002084665771752,1111.0,1049.0,1211.0,1049.0,0.0,0.0,0.0,0.0,0.0,326.0,0.0,0.0,723.0,Calder Minerals - Antofagasta,RAW_MATERIAL,Raw Material,0,Rest of World,Unaligned,Bulk chemical,0,Firm,Replaceable
RAW_MATERIAL_0228,20.0,0.0,0.0,0.0019278182031938,1111.0,34.0,101.0,34.0,42.0,18.0,24914865489.535973,0.0195312984555918,3.0,5.0,24914865489.535973,0.0195312984555918,29.0,Noral Extraction - Dalian,RAW_MATERIAL,Raw Material,0,China,East Asia,Substrate resin,0,Firm,Causes failure
RAW_MATERIAL_0229,1.0,0.0,0.0,0.0002590847580477,1111.0,823.0,1211.0,823.0,0.0,0.0,0.0,0.0,0.0,326.0,0.0,0.0,497.0,Brant Extraction - Austin,RAW_MATERIAL,Raw Material,0,North America,Western,Copper,0,Firm,Replaceable
RAW_MATERIAL_0230,3.0,0.0,0.0,0.0004726940229811,1111.0,371.0,774.0,371.0,1.0,0.0,0.0,0.0,1.0,326.0,0.0,0.0,45.0,Trellis Minerals - Dresden,RAW_MATERIAL,Raw Material,0,Europe,Western,Crude industrial gas,0,Firm,Causes failure
RAW_MATERIAL_0231,1.0,0.0,0.0,0.0001980507051202,1111.0,1108.0,1211.0,1108.0,0.0,0.0,0.0,0.0,0.0,326.0,0.0,0.0,782.0,Rivet Resources - Grenoble,RAW_MATERIAL,Raw Material,0,Europe,Western,Bulk chemical,0,Firm,Replaceable
RAW_MATERIAL_0232,0.0,0.0,0.0,0.0001122065525757,1111.0,1533.0,1533.0,1111.0,0.0,0.0,0.0,0.0,0.0,326.0,0.0,0.0,785.0,Elstow Minerals - Dalian,RAW_MATERIAL,Raw Material,0,China,East Asia,Crude industrial gas,0,Firm,Replaceable
RAW_MATERIAL_0233,1.0,0.0,0.0,0.0001756800953705,1111.0,1208.0,1211.0,1111.0,0.0,0.0,0.0,0.0,0.0,326.0,0.0,0.0,785.0,Jarn Resources - Pune,RAW_MATERIAL,Raw Material,0,South Asia,Unaligned,Bulk chemical,0,Firm,Replaceable
RAW_MATERIAL_0234,2.0,0.0,0.0,0.0002949301530348,1111.0,694.0,975.0,694.0,0.0,0.0,0.0,0.0,0.0,326.0,0.0,0.0,368.0,Brant Extraction - Xi'an,RAW_MATERIAL,Raw Material,0,China,East Asia,Crude industrial gas,0,Firm,Replaceable
RAW_MATERIAL_0235,3.0,0.0,0.0,0.000375107143922,1111.0,503.0,774.0,503.0,0.0,0.0,0.0,0.0,0.0,326.0,0.0,0.0,177.0,Jarn Extraction - Guadalajara,RAW_MATERIAL,Raw Material,0,North America,Western,Gold,0,Firm,Replaceable
RAW_MATERIAL_0236,5.0,0.0,0.0,0.0006277929884996,1111.0,235.0,549.0,235.0,0.0,0.0,0.0,0.0,0.0,326.0,0.0,0.0,-91.0,Solvex Minerals - Johannesburg,RAW_MATERIAL,Raw Material,0,Rest of World,Unaligned,Copper,0,Firm,Replaceable
RAW_MATERIAL_0237,2.0,0.0,0.0,0.0002041811914661,1111.0,1071.0,975.0,975.0,0.0,0.0,0.0,0.0,0.0,326.0,0.0,0.0,649.0,Solvex Resources - Tianjin 2,RAW_MATERIAL,Raw Material,0,China,East Asia,Copper,0,Firm,Replaceable
RAW_MATERIAL_0238,1.0,0.0,0.0,0.0001845200212608,1111.0,1172.0,1211.0,1111.0,0.0,0.0,0.0,0.0,0.0,326.0,0.0,0.0,785.0,Lumen Minerals - Xi'an,RAW_MATERIAL,Raw Material,0,China,East Asia,Bulk chemical,0,Firm,Replaceable
RAW_MATERIAL_0239,2.0,0.0,0.0,0.0002011555064601,1111.0,1087.0,975.0,975.0,0.0,0.0,0.0,0.0,0.0,326.0,0.0,0.0,649.0,Kestrel Extraction - Shenzhen,RAW_MATERIAL,Raw Material,0,China,East Asia,Silicon feedstock,0,Firm,Replaceable
RAW_MATERIAL_0240,3.0,0.0,0.0,0.0001808975567747,1111.0,1184.0,774.0,774.0,0.0,0.0,0.0,0.0,0.0,326.0,0.0,0.0,448.0,Yarrow Resources - Chengdu,RAW_MATERIAL,Raw Material,0,China,East Asia,Bulk chemical,0,Firm,Replaceable
RAW_MATERIAL_0241,1.0,0.0,0.0,0.0001859448484145,1111.0,1164.0,1211.0,1111.0,0.0,0.0,0.0,0.0,0.0,326.0,0.0,0.0,785.0,Solvex Minerals - Chandler,RAW_MATERIAL,Raw Material,0,North America,Western,Rare earth elements,0,Firm,Replaceable
RAW_MATERIAL_0242,1.0,0.0,0.0,0.0002182320869172,1111.0,1008.0,1211.0,1008.0,0.0,0.0,0.0,0.0,0.0,326.0,0.0,0.0,682.0,Thorne Extraction - Kolwezi,RAW_MATERIAL,Raw Material,0,Rest of World,Unaligned,Substrate resin,0,Firm,Replaceable
RAW_MATERIAL_0243,5.0,0.0,0.0,0.0005111950277884,1111.0,320.0,549.0,320.0,0.0,0.0,0.0,0.0,0.0,326.0,0.0,0.0,-6.0,Brant Minerals - Sanand,RAW_MATERIAL,Raw Material,0,South Asia,Unaligned,Substrate resin,0,Firm,Replaceable
RAW_MATERIAL_0244,1.0,0.0,0.0,0.0001757496257336,1111.0,1207.0,1211.0,1111.0,0.0,0.0,0.0,0.0,0.0,326.0,0.0,0.0,785.0,Wend Extraction - Kolwezi,RAW_MATERIAL,Raw Material,0,Rest of World,Unaligned,Bulk chemical,0,Firm,Replaceable
RAW_MATERIAL_0245,4.0,0.0,0.0,0.0003850390279336,1111.0,489.0,638.0,489.0,0.0,0.0,0.0,0.0,0.0,326.0,0.0,0.0,163.0,Jorel Minerals - Guadalajara,RAW_MATERIAL,Raw Material,0,North America,Western,Substrate resin,0,Firm,Replaceable
RAW_MATERIAL_0246,4.0,0.0,0.0,0.000445890831589,1111.0,407.0,638.0,407.0,0.0,0.0,0.0,0.0,0.0,326.0,0.0,0.0,81.0,Thorne Resources - Taichung,RAW_MATERIAL,Raw Material,0,Taiwan,East Asia,Silicon feedstock,0,Firm,Replaceable
RAW_MATERIAL_0247,11.0,0.0,0.0,0.0006200593376391,1111.0,242.0,234.0,234.0,3.0,0.0,0.0,0.0,3.0,326.0,0.0,0.0,-92.0,Yarrow Minerals - Kumamoto,RAW_MATERIAL,Raw Material,0,Japan,East Asia,Silicon feedstock,0,Firm,Causes failure
RAW_MATERIAL_0248,9.0,0.0,0.0,0.0007141545581013,1111.0,195.0,304.0,195.0,0.0,0.0,0.0,0.0,0.0,326.0,0.0,0.0,-131.0,Cortex Minerals - Dalian,RAW_MATERIAL,Raw Material,0,China,East Asia,Substrate resin,0,Firm,Replaceable
RAW_MATERIAL_0249,2.0,0.0,0.0,0.000344473247176,1111.0,564.0,975.0,564.0,1.0,0.0,0.0,0.0,1.0,326.0,0.0,0.0,238.0,Cortex Resources - Kolwezi,RAW_MATERIAL,Raw Material,0,Rest of World,Unaligned,Silicon feedstock,0,Firm,Causes failure
RAW_MATERIAL_0250,0.0,0.0,0.0,0.0001122065525757,1111.0,1533.0,1533.0,1111.0,0.0,0.0,0.0,0.0,0.0,326.0,0.0,0.0,785.0,Solvex Extraction - Kolwezi,RAW_MATERIAL,Raw Material,0,Rest of World,Unaligned,Bulk chemical,0,Firm,Replaceable
RAW_MATERIAL_0251,1.0,0.0,0.0,0.0002252074510187,1111.0,974.0,1211.0,974.0,0.0,0.0,0.0,0.0,0.0,326.0,0.0,0.0,648.0,Ulvid Extraction - Guadalajara,RAW_MATERIAL,Raw Material,0,North America,Western,Substrate resin,0,Firm,Replaceable
RAW_MATERIAL_0252,1.0,0.0,0.0,0.0002664280959539,1111.0,789.0,1211.0,789.0,0.0,0.0,0.0,0.0,0.0,326.0,0.0,0.0,463.0,Ader Feedstock - Tainan,RAW_MATERIAL,Raw Material,0,Taiwan,East Asia,Bulk chemical,0,Firm,Replaceable
RAW_MATERIAL_0253,1.0,0.0,0.0,0.0002035073171037,1111.0,1074.0,1211.0,1074.0,0.0,0.0,0.0,0.0,0.0,326.0,0.0,0.0,748.0,Orvid Minerals - Hillsboro,RAW_MATERIAL,Raw Material,0,North America,Western,Substrate resin,0,Firm,Replaceable
RAW_MATERIAL_0254,1.0,0.0,0.0,0.0002360613442268,1111.0,925.0,1211.0,925.0,0.0,0.0,0.0,0.0,0.0,326.0,0.0,0.0,599.0,Palter Minerals - Kumamoto,RAW_MATERIAL,Raw Material,0,Japan,East Asia,Rare earth elements,0,Firm,Replaceable
RAW_MATERIAL_0255,9.0,0.0,0.0,0.0009730763828267,1111.0,111.0,304.0,111.0,121.0,20.0,15356341365.281252,0.0120381659903894,5.0,20.0,15356341365.281252,0.0120381659903894,91.0,Elstow Minerals - Shenzhen,RAW_MATERIAL,Raw Material,0,China,East Asia,Bulk chemical,0,Firm,Causes failure
RAW_MATERIAL_0256,1.0,0.0,0.0,0.0001805926833737,1111.0,1188.0,1211.0,1111.0,0.0,0.0,0.0,0.0,0.0,326.0,0.0,0.0,785.0,Nevin Minerals - Shenzhen,RAW_MATERIAL,Raw Material,0,China,East Asia,Crude industrial gas,0,Firm,Replaceable
RAW_MATERIAL_0257,9.0,0.0,0.0,0.0007323618273917,1111.0,185.0,304.0,185.0,0.0,0.0,0.0,0.0,0.0,326.0,0.0,0.0,-141.0,Quill Minerals - Batam,RAW_MATERIAL,Raw Material,0,Southeast Asia,East Asia,Copper,0,Firm,Replaceable
RAW_MATERIAL_0258,2.0,0.0,0.0,0.0004534747780159,1111.0,399.0,975.0,399.0,0.0,0.0,0.0,0.0,0.0,326.0,0.0,0.0,73.0,Quill Minerals - Chengdu,RAW_MATERIAL,Raw Material,0,China,East Asia,Rare earth elements,0,Firm,Replaceable
RAW_MATERIAL_0259,1.0,0.0,0.0,0.0002325590247673,1111.0,934.0,1211.0,934.0,0.0,0.0,0.0,0.0,0.0,326.0,0.0,0.0,608.0,Xanthe Resources - Hillsboro,RAW_MATERIAL,Raw Material,0,North America,Western,Copper,0,Firm,Replaceable
RAW_MATERIAL_0260,2.0,0.0,0.0,0.0003336811187882,1111.0,590.0,975.0,590.0,0.0,0.0,0.0,0.0,0.0,326.0,0.0,0.0,264.0,Orvid Extraction - Austin,RAW_MATERIAL,Raw Material,0,North America,Western,Substrate resin,0,Firm,Replaceable
RAW_MATERIAL_0261,3.0,0.0,0.0,0.0002263181057254,1111.0,970.0,774.0,774.0,0.0,0.0,0.0,0.0,0.0,326.0,0.0,0.0,448.0,Lethe Feedstock - Dalian,RAW_MATERIAL,Raw Material,0,China,East Asia,Bulk chemical,0,Firm,Replaceable
RAW_MATERIAL_0262,0.0,0.0,0.0,0.0001122065525757,1111.0,1533.0,1533.0,1111.0,0.0,0.0,0.0,0.0,0.0,326.0,0.0,0.0,785.0,Ember Minerals - Bac Ninh,RAW_MATERIAL,Raw Material,0,Southeast Asia,East Asia,Bulk chemical,0,Firm,Replaceable
RAW_MATERIAL_0263,6.0,0.0,0.0,0.000491298665705,1111.0,348.0,457.0,348.0,0.0,0.0,0.0,0.0,0.0,326.0,0.0,0.0,22.0,Ferrin Minerals - Dalian,RAW_MATERIAL,Raw Material,0,China,East Asia,Bulk chemical,0,Firm,Replaceable
RAW_MATERIAL_0264,0.0,0.0,0.0,0.0001122065525757,1111.0,1533.0,1533.0,1111.0,0.0,0.0,0.0,0.0,0.0,326.0,0.0,0.0,785.0,Lethe Resources - Belo Horizonte,RAW_MATERIAL,Raw Material,0,Rest of World,Unaligned,Copper,0,Firm,Replaceable
RAW_MATERIAL_0265,1.0,0.0,0.0,0.0004275962703482,1111.0,427.0,1211.0,427.0,0.0,0.0,0.0,0.0,0.0,326.0,0.0,0.0,101.0,Gethin Feedstock - Tianjin,RAW_MATERIAL,Raw Material,0,China,East Asia,Rare earth elements,0,Firm,Replaceable
RAW_MATERIAL_0266,3.0,0.0,0.0,0.0003027084196501,1111.0,671.0,774.0,671.0,0.0,0.0,0.0,0.0,0.0,326.0,0.0,0.0,345.0,Xanthe Extraction - Singapore,RAW_MATERIAL,Raw Material,0,Southeast Asia,East Asia,Bulk chemical,0,Firm,Replaceable
RAW_MATERIAL_0267,3.0,0.0,0.0,0.0006722699317869,1111.0,206.0,774.0,206.0,1.0,0.0,0.0,0.0,1.0,326.0,0.0,0.0,-120.0,Gethin Feedstock - Wuxi,RAW_MATERIAL,Raw Material,0,China,East Asia,Rare earth elements,0,Firm,Causes failure
RAW_MATERIAL_0268,2.0,0.0,0.0,0.0004591186147257,1111.0,394.0,975.0,394.0,0.0,0.0,0.0,0.0,0.0,326.0,0.0,0.0,68.0,Lumen Minerals - Bangkok,RAW_MATERIAL,Raw Material,0,Southeast Asia,East Asia,Crude industrial gas,0,Firm,Replaceable
RAW_MATERIAL_0269,1.0,0.0,0.0,0.0001840903350422,1111.0,1175.0,1211.0,1111.0,0.0,0.0,0.0,0.0,0.0,326.0,0.0,0.0,785.0,Quarn Extraction - Guadalajara,RAW_MATERIAL,Raw Material,0,North America,Western,Crude industrial gas,0,Firm,Replaceable
RAW_MATERIAL_0270,2.0,0.0,0.0,0.0002930302078322,1111.0,702.0,975.0,702.0,0.0,0.0,0.0,0.0,0.0,326.0,0.0,0.0,376.0,Calder Extraction - Chengdu,RAW_MATERIAL,Raw Material,0,China,East Asia,Bulk chemical,0,Firm,Replaceable
RAW_MATERIAL_0271,1.0,0.0,0.0,0.0002330422664494,1111.0,932.0,1211.0,932.0,0.0,0.0,0.0,0.0,0.0,326.0,0.0,0.0,606.0,Dyne Minerals - Wuxi,RAW_MATERIAL,Raw Material,0,China,East Asia,Rare earth elements,0,Firm,Replaceable
RAW_MATERIAL_0272,0.0,0.0,0.0,0.0001122065525757,1111.0,1533.0,1533.0,1111.0,0.0,0.0,0.0,0.0,0.0,326.0,0.0,0.0,785.0,Wexler Feedstock - Bac Ninh,RAW_MATERIAL,Raw Material,0,Southeast Asia,East Asia,Rare earth elements,0,Firm,Replaceable
RAW_MATERIAL_0273,1.0,0.0,0.0,0.0001763668552935,1111.0,1204.0,1211.0,1111.0,0.0,0.0,0.0,0.0,0.0,326.0,0.0,0.0,785.0,Prendel Extraction - Crolles,RAW_MATERIAL,Raw Material,0,Europe,Western,Crude industrial gas,0,Firm,Replaceable
RAW_MATERIAL_0274,1.0,0.0,0.0,0.0002612296169637,1111.0,813.0,1211.0,813.0,0.0,0.0,0.0,0.0,0.0,326.0,0.0,0.0,487.0,Quarn Minerals - Singapore,RAW_MATERIAL,Raw Material,0,Southeast Asia,East Asia,Bulk chemical,0,Firm,Replaceable
RAW_MATERIAL_0275,0.0,0.0,0.0,0.0001122065525757,1111.0,1533.0,1533.0,1111.0,0.0,0.0,0.0,0.0,0.0,326.0,0.0,0.0,785.0,Wend Resources - Perth,RAW_MATERIAL,Raw Material,0,Rest of World,Unaligned,Bulk chemical,0,Firm,Replaceable
RAW_MATERIAL_0276,2.0,0.0,0.0,0.0004121433488922,1111.0,450.0,975.0,450.0,0.0,0.0,0.0,0.0,0.0,326.0,0.0,0.0,124.0,Trellis Feedstock - Perth,RAW_MATERIAL,Raw Material,0,Rest of World,Unaligned,Bulk chemical,0,Firm,Replaceable
RAW_MATERIAL_0277,0.0,0.0,0.0,0.0001122065525757,1111.0,1533.0,1533.0,1111.0,0.0,0.0,0.0,0.0,0.0,326.0,0.0,0.0,785.0,Stade Minerals - Belo Horizonte,RAW_MATERIAL,Raw Material,0,Rest of World,Unaligned,Silicon feedstock,0,Firm,Replaceable
RAW_MATERIAL_0278,2.0,0.0,0.0,0.0003831886817555,1111.0,493.0,975.0,493.0,0.0,0.0,0.0,0.0,0.0,326.0,0.0,0.0,167.0,Wend Minerals - Xi'an,RAW_MATERIAL,Raw Material,0,China,East Asia,Crude industrial gas,0,Firm,Replaceable
RAW_MATERIAL_0279,1.0,0.0,0.0,0.0001343456647288,1111.0,1418.0,1211.0,1111.0,0.0,0.0,0.0,0.0,0.0,326.0,0.0,0.0,785.0,Belan Minerals - Dalian,RAW_MATERIAL,Raw Material,0,China,East Asia,Bulk chemical,0,Firm,Replaceable
RAW_MATERIAL_0280,0.0,0.0,0.0,0.0001122065525757,1111.0,1533.0,1533.0,1111.0,0.0,0.0,0.0,0.0,0.0,326.0,0.0,0.0,785.0,Kestrel Minerals - Batam,RAW_MATERIAL,Raw Material,0,Southeast Asia,East Asia,Bulk chemical,0,Firm,Replaceable
RAW_MATERIAL_0281,0.0,0.0,0.0,0.0001122065525757,1111.0,1533.0,1533.0,1111.0,0.0,0.0,0.0,0.0,0.0,326.0,0.0,0.0,785.0,Rivet Feedstock - Nagano,RAW_MATERIAL,Raw Material,0,Japan,East Asia,Bulk chemical,0,Firm,Replaceable
RAW_MATERIAL_0282,1.0,0.0,0.0,0.0003201250512309,1111.0,633.0,1211.0,633.0,1.0,0.0,0.0,0.0,1.0,326.0,0.0,0.0,307.0,Nevin Extraction - Kolwezi,RAW_MATERIAL,Raw Material,0,Rest of World,Unaligned,Copper,0,Firm,Causes failure
RAW_MATERIAL_0283,0.0,0.0,0.0,0.0001122065525757,1111.0,1533.0,1533.0,1111.0,0.0,0.0,0.0,0.0,0.0,326.0,0.0,0.0,785.0,Ember Feedstock - Chengdu,RAW_MATERIAL,Raw Material,0,China,East Asia,Copper,0,Firm,Replaceable
RAW_MATERIAL_0284,0.0,0.0,0.0,0.0001122065525757,1111.0,1533.0,1533.0,1111.0,0.0,0.0,0.0,0.0,0.0,326.0,0.0,0.0,785.0,Oxbow Feedstock - Singapore,RAW_MATERIAL,Raw Material,0,Southeast Asia,East Asia,Crude industrial gas,0,Firm,Replaceable
RAW_MATERIAL_0285,4.0,0.0,0.0,0.0004239173291764,1111.0,435.0,638.0,435.0,0.0,0.0,0.0,0.0,0.0,326.0,0.0,0.0,109.0,Stade Resources - Tianjin,RAW_MATERIAL,Raw Material,0,China,East Asia,Copper,0,Firm,Replaceable
RAW_MATERIAL_0286,2.0,0.0,0.0,0.0002257278165583,1111.0,971.0,975.0,971.0,0.0,0.0,0.0,0.0,0.0,326.0,0.0,0.0,645.0,Palter Minerals - Sanand,RAW_MATERIAL,Raw Material,0,South Asia,Unaligned,Gold,0,Firm,Replaceable
RAW_MATERIAL_0287,3.0,0.0,0.0,0.000306426878775,1111.0,660.0,774.0,660.0,1.0,0.0,0.0,0.0,1.0,326.0,0.0,0.0,334.0,Alder Extraction - Kumamoto,RAW_MATERIAL,Raw Material,0,Japan,East Asia,Rare earth elements,0,Firm,Causes failure
RAW_MATERIAL_0288,0.0,0.0,0.0,0.0001122065525757,1111.0,1533.0,1533.0,1111.0,0.0,0.0,0.0,0.0,0.0,326.0,0.0,0.0,785.0,Jarn Feedstock - Yokkaichi,RAW_MATERIAL,Raw Material,0,Japan,East Asia,Substrate resin,0,Firm,Replaceable
RAW_MATERIAL_0289,73.0,0.0,0.0,0.0070419602015715,1111.0,15.0,22.0,15.0,6.0,0.0,0.0,0.0,2.0,326.0,0.0,0.0,-311.0,Granth Resources - Shenzhen,RAW_MATERIAL,Raw Material,0,China,East Asia,Copper,0,Firm,Causes failure
RAW_MATERIAL_0290,0.0,0.0,0.0,0.0001122065525757,1111.0,1533.0,1533.0,1111.0,0.0,0.0,0.0,0.0,0.0,326.0,0.0,0.0,785.0,Noral Extraction - Icheon,RAW_MATERIAL,Raw Material,0,Korea,East Asia,Bulk chemical,0,Firm,Replaceable
RAW_MATERIAL_0291,3.0,0.0,0.0,0.0005062478139916,1111.0,327.0,774.0,327.0,8.0,0.0,0.0,0.0,4.0,326.0,0.0,0.0,1.0,Verity Feedstock - Bangkok,RAW_MATERIAL,Raw Material,0,Southeast Asia,East Asia,Rare earth elements,0,Firm,Causes failure
RAW_MATERIAL_0292,2.0,0.0,0.0,0.0004645281237349,1111.0,383.0,975.0,383.0,0.0,0.0,0.0,0.0,0.0,326.0,0.0,0.0,57.0,Rivet Feedstock - Malta 2,RAW_MATERIAL,Raw Material,0,North America,Western,Bulk chemical,0,Firm,Replaceable
RAW_MATERIAL_0293,1.0,0.0,0.0,0.0002433433976823,1111.0,888.0,1211.0,888.0,3.0,0.0,0.0,0.0,2.0,326.0,0.0,0.0,562.0,Vantor Extraction - Kolwezi,RAW_MATERIAL,Raw Material,0,Rest of World,Unaligned,Silicon feedstock,0,Firm,Causes failure
RAW_MATERIAL_0294,1.0,0.0,0.0,0.0002252074510187,1111.0,974.0,1211.0,974.0,0.0,0.0,0.0,0.0,0.0,326.0,0.0,0.0,648.0,Ivex Minerals - Belo Horizonte,RAW_MATERIAL,Raw Material,0,Rest of World,Unaligned,Silicon feedstock,0,Firm,Replaceable
RAW_MATERIAL_0295,5.0,0.0,0.0,0.0006099074230865,1111.0,249.0,549.0,249.0,0.0,0.0,0.0,0.0,0.0,326.0,0.0,0.0,-77.0,Jarn Feedstock - Belo Horizonte,RAW_MATERIAL,Raw Material,0,Rest of World,Unaligned,Copper,0,Firm,Replaceable
RAW_MATERIAL_0296,3.0,0.0,0.0,0.0003268796816337,1111.0,609.0,774.0,609.0,1.0,0.0,0.0,0.0,1.0,326.0,0.0,0.0,283.0,Belan Minerals - Villach,RAW_MATERIAL,Raw Material,0,Europe,Western,Substrate resin,0,Firm,Causes failure
RAW_MATERIAL_0297,0.0,0.0,0.0,0.0001122065525757,1111.0,1533.0,1533.0,1111.0,0.0,0.0,0.0,0.0,0.0,326.0,0.0,0.0,785.0,Oxbow Extraction - Shenzhen,RAW_MATERIAL,Raw Material,0,China,East Asia,Crude industrial gas,0,Firm,Replaceable
RAW_MATERIAL_0298,2.0,0.0,0.0,0.0003593877649034,1111.0,526.0,975.0,526.0,0.0,0.0,0.0,0.0,0.0,326.0,0.0,0.0,200.0,Granth Resources - Perth,RAW_MATERIAL,Raw Material,0,Rest of World,Unaligned,Copper,0,Firm,Replaceable
RAW_MATERIAL_0299,2.0,0.0,0.0,0.0002307410996338,1111.0,943.0,975.0,943.0,0.0,0.0,0.0,0.0,0.0,326.0,0.0,0.0,617.0,Cortex Extraction - Chengdu,RAW_MATERIAL,Raw Material,0,China,East Asia,Copper,0,Firm,Replaceable
RAW_MATERIAL_0300,1.0,0.0,0.0,0.0001248479937238,1111.0,1486.0,1211.0,1111.0,0.0,0.0,0.0,0.0,0.0,326.0,0.0,0.0,785.0,Umber Resources - Chandler,RAW_MATERIAL,Raw Material,0,North America,Western,Bulk chemical,0,Firm,Replaceable
RAW_MATERIAL_0301,4.0,0.0,0.0,0.0003219664593919,1111.0,625.0,638.0,625.0,0.0,0.0,0.0,0.0,0.0,326.0,0.0,0.0,299.0,Faryn Minerals - Johannesburg,RAW_MATERIAL,Raw Material,0,Rest of World,Unaligned,Substrate resin,0,Firm,Replaceable
RAW_MATERIAL_0302,1.0,0.0,0.0,0.000229023930135,1111.0,956.0,1211.0,956.0,0.0,0.0,0.0,0.0,0.0,326.0,0.0,0.0,630.0,Doran Resources - Shenzhen,RAW_MATERIAL,Raw Material,0,China,East Asia,Bulk chemical,0,Firm,Replaceable
RAW_MATERIAL_0303,0.0,0.0,0.0,0.0001122065525757,1111.0,1533.0,1533.0,1111.0,0.0,0.0,0.0,0.0,0.0,326.0,0.0,0.0,785.0,Lumen Feedstock - Tianjin,RAW_MATERIAL,Raw Material,0,China,East Asia,Bulk chemical,0,Firm,Replaceable
RAW_MATERIAL_0304,0.0,0.0,0.0,0.0001122065525757,1111.0,1533.0,1533.0,1111.0,0.0,0.0,0.0,0.0,0.0,326.0,0.0,0.0,785.0,Quill Resources - Tianjin,RAW_MATERIAL,Raw Material,0,China,East Asia,Bulk chemical,0,Firm,Replaceable
RAW_MATERIAL_0305,6.0,0.0,0.0,0.0007781795480132,1111.0,164.0,457.0,164.0,0.0,0.0,0.0,0.0,0.0,326.0,0.0,0.0,-162.0,Umber Extraction - Shenzhen,RAW_MATERIAL,Raw Material,0,China,East Asia,Copper,0,Firm,Replaceable
RAW_MATERIAL_0306,1.0,0.0,0.0,0.0002071579701286,1111.0,1056.0,1211.0,1056.0,0.0,0.0,0.0,0.0,0.0,326.0,0.0,0.0,730.0,Isar Feedstock - Cheongju,RAW_MATERIAL,Raw Material,0,Korea,East Asia,Crude industrial gas,0,Firm,Replaceable
RAW_MATERIAL_0307,5.0,0.0,0.0,0.0005114842058885,1111.0,319.0,549.0,319.0,0.0,0.0,0.0,0.0,0.0,326.0,0.0,0.0,-7.0,Ferrin Extraction - Chengdu,RAW_MATERIAL,Raw Material,0,China,East Asia,Copper,0,Firm,Replaceable
RAW_MATERIAL_0308,2.0,0.0,0.0,0.000546286341543,1111.0,290.0,975.0,290.0,0.0,0.0,0.0,0.0,0.0,326.0,0.0,0.0,-36.0,Lethe Feedstock - Shanghai,RAW_MATERIAL,Raw Material,0,China,East Asia,Rare earth elements,0,Firm,Replaceable
RAW_MATERIAL_0309,0.0,0.0,0.0,0.0001122065525757,1111.0,1533.0,1533.0,1111.0,0.0,0.0,0.0,0.0,0.0,326.0,0.0,0.0,785.0,Cortex Minerals - Ottawa,RAW_MATERIAL,Raw Material,0,North America,Western,Copper,0,Firm,Replaceable
RAW_MATERIAL_0310,8.0,0.0,0.0,0.0012772203709801,1111.0,72.0,348.0,72.0,0.0,0.0,0.0,0.0,0.0,326.0,0.0,0.0,-254.0,Wend Extraction - Shanghai,RAW_MATERIAL,Raw Material,0,China,East Asia,Copper,0,Firm,Replaceable
RAW_MATERIAL_0311,2.0,0.0,0.0,0.0002247184258556,1111.0,986.0,975.0,975.0,0.0,0.0,0.0,0.0,0.0,326.0,0.0,0.0,649.0,Brant Minerals - Wuxi,RAW_MATERIAL,Raw Material,0,China,East Asia,Crude industrial gas,0,Firm,Replaceable
RAW_MATERIAL_0312,1.0,0.0,0.0,0.0002405532520418,1111.0,896.0,1211.0,896.0,0.0,0.0,0.0,0.0,0.0,326.0,0.0,0.0,570.0,Renbeck Feedstock - Antofagasta,RAW_MATERIAL,Raw Material,0,Rest of World,Unaligned,Copper,0,Firm,Replaceable
RAW_MATERIAL_0313,1.0,0.0,0.0,0.0001381532643514,1111.0,1402.0,1211.0,1111.0,0.0,0.0,0.0,0.0,0.0,326.0,0.0,0.0,785.0,Quarn Extraction - Wuxi,RAW_MATERIAL,Raw Material,0,China,East Asia,Bulk chemical,0,Firm,Replaceable
RAW_MATERIAL_0314,1.0,0.0,0.0,0.0002433433976823,1111.0,888.0,1211.0,888.0,0.0,0.0,0.0,0.0,0.0,326.0,0.0,0.0,562.0,Ulvid Resources - Kolwezi,RAW_MATERIAL,Raw Material,0,Rest of World,Unaligned,Substrate resin,0,Firm,Replaceable
RAW_MATERIAL_0315,0.0,0.0,0.0,0.0001122065525757,1111.0,1533.0,1533.0,1111.0,0.0,0.0,0.0,0.0,0.0,326.0,0.0,0.0,785.0,Yarrow Minerals - Wuxi,RAW_MATERIAL,Raw Material,0,China,East Asia,Silicon feedstock,0,Firm,Replaceable
RAW_MATERIAL_0316,1.0,0.0,0.0,0.0001854691818441,1111.0,1166.0,1211.0,1111.0,0.0,0.0,0.0,0.0,0.0,326.0,0.0,0.0,785.0,Ystad Extraction - Wuxi,RAW_MATERIAL,Raw Material,0,China,East Asia,Copper,0,Firm,Replaceable
RAW_MATERIAL_0317,0.0,0.0,0.0,0.0001122065525757,1111.0,1533.0,1533.0,1111.0,0.0,0.0,0.0,0.0,0.0,326.0,0.0,0.0,785.0,Quarn Extraction - Shanghai,RAW_MATERIAL,Raw Material,0,China,East Asia,Bulk chemical,0,Firm,Replaceable
RAW_MATERIAL_0318,1.0,0.0,0.0,0.0002489236889635,1111.0,863.0,1211.0,863.0,0.0,0.0,0.0,0.0,0.0,326.0,0.0,0.0,537.0,Ystad Extraction - Perth,RAW_MATERIAL,Raw Material,0,Rest of World,Unaligned,Silicon feedstock,0,Firm,Replaceable
RAW_MATERIAL_0319,10.0,0.0,0.0,0.0007226934127849,1111.0,190.0,267.0,190.0,1.0,0.0,0.0,0.0,1.0,326.0,0.0,0.0,-136.0,Doran Minerals - Hiroshima,RAW_MATERIAL,Raw Material,0,Japan,East Asia,Copper,0,Firm,Causes failure
RAW_MATERIAL_0320,1.0,0.0,0.0,0.0001639020915188,1111.0,1265.0,1211.0,1111.0,0.0,0.0,0.0,0.0,0.0,326.0,0.0,0.0,785.0,Faryn Resources - Pune,RAW_MATERIAL,Raw Material,0,South Asia,Unaligned,Silicon feedstock,0,Firm,Replaceable
RAW_MATERIAL_0321,3.0,0.0,0.0,0.0004329354076549,1111.0,420.0,774.0,420.0,0.0,0.0,0.0,0.0,0.0,326.0,0.0,0.0,94.0,Calder Minerals - Bengaluru 2,RAW_MATERIAL,Raw Material,0,South Asia,Unaligned,Bulk chemical,0,Firm,Replaceable
RAW_MATERIAL_0322,1.0,0.0,0.0,0.0002042813587144,1111.0,1070.0,1211.0,1070.0,0.0,0.0,0.0,0.0,0.0,326.0,0.0,0.0,744.0,Vantor Minerals - Belo Horizonte,RAW_MATERIAL,Raw Material,0,Rest of World,Unaligned,Bulk chemical,0,Firm,Replaceable
RAW_MATERIAL_0323,7.0,0.0,0.0,0.0007930119850652,1111.0,155.0,407.0,155.0,0.0,0.0,0.0,0.0,0.0,326.0,0.0,0.0,-171.0,Nevin Extraction - Grenoble,RAW_MATERIAL,Raw Material,0,Europe,Western,Substrate resin,0,Firm,Replaceable
RAW_MATERIAL_0324,0.0,0.0,0.0,0.0001122065525757,1111.0,1533.0,1533.0,1111.0,0.0,0.0,0.0,0.0,0.0,326.0,0.0,0.0,785.0,Prendel Resources - Johannesburg,RAW_MATERIAL,Raw Material,0,Rest of World,Unaligned,Crude industrial gas,0,Firm,Replaceable
RAW_MATERIAL_0325,4.0,0.0,0.0,0.0004620289800543,1111.0,387.0,638.0,387.0,0.0,0.0,0.0,0.0,0.0,326.0,0.0,0.0,61.0,Ivex Minerals - Hyderabad,RAW_MATERIAL,Raw Material,0,South Asia,Unaligned,Silicon feedstock,0,Firm,Replaceable
RAW_MATERIAL_0326,19.0,0.0,0.0,0.0020293151762042,1111.0,30.0,113.0,30.0,1.0,0.0,0.0,0.0,1.0,326.0,0.0,0.0,-296.0,Brant Feedstock - Dalian,RAW_MATERIAL,Raw Material,0,China,East Asia,Copper,0,Firm,Causes failure
RAW_MATERIAL_0327,5.0,0.0,0.0,0.0005947301719981,1111.0,260.0,549.0,260.0,0.0,0.0,0.0,0.0,0.0,326.0,0.0,0.0,-66.0,Palter Resources - Shanghai,RAW_MATERIAL,Raw Material,0,China,East Asia,Copper,0,Firm,Replaceable
RAW_MATERIAL_0328,3.0,0.0,0.0,0.0002492129590662,1111.0,860.0,774.0,774.0,1.0,0.0,0.0,0.0,1.0,326.0,0.0,0.0,448.0,Jarn Minerals - Leixlip,RAW_MATERIAL,Raw Material,0,Europe,Western,Bulk chemical,0,Firm,Causes failure
RAW_MATERIAL_0329,1.0,0.0,0.0,0.0002279975966592,1111.0,960.0,1211.0,960.0,0.0,0.0,0.0,0.0,0.0,326.0,0.0,0.0,634.0,Verity Feedstock - Belo Horizonte,RAW_MATERIAL,Raw Material,0,Rest of World,Unaligned,Substrate resin,0,Firm,Replaceable
RAW_MATERIAL_0330,3.0,0.0,0.0,0.0003287676396091,1111.0,604.0,774.0,604.0,1.0,0.0,0.0,0.0,1.0,326.0,0.0,0.0,278.0,Vantor Resources - Guadalajara,RAW_MATERIAL,Raw Material,0,North America,Western,Bulk chemical,0,Firm,Causes failure
RAW_MATERIAL_0331,0.0,0.0,0.0,0.0001122065525757,1111.0,1533.0,1533.0,1111.0,0.0,0.0,0.0,0.0,0.0,326.0,0.0,0.0,785.0,Wend Resources - Hillsboro,RAW_MATERIAL,Raw Material,0,North America,Western,Bulk chemical,0,Firm,Replaceable
RAW_MATERIAL_0332,7.0,0.0,0.0,0.0005006306246831,1111.0,332.0,407.0,332.0,0.0,0.0,0.0,0.0,0.0,326.0,0.0,0.0,6.0,Thorne Extraction - Yokkaichi,RAW_MATERIAL,Raw Material,0,Japan,East Asia,Substrate resin,0,Firm,Replaceable
RAW_MATERIAL_0333,0.0,0.0,0.0,0.0001122065525757,1111.0,1533.0,1533.0,1111.0,0.0,0.0,0.0,0.0,0.0,326.0,0.0,0.0,785.0,Isar Minerals - Belo Horizonte,RAW_MATERIAL,Raw Material,0,Rest of World,Unaligned,Silicon feedstock,0,Firm,Replaceable
RAW_MATERIAL_0334,8.0,0.0,0.0,0.0004459723957823,1111.0,406.0,348.0,348.0,0.0,0.0,0.0,0.0,0.0,326.0,0.0,0.0,22.0,Cortex Minerals - Chandler,RAW_MATERIAL,Raw Material,0,North America,Western,Substrate resin,0,Firm,Replaceable
RAW_MATERIAL_0335,1.0,0.0,0.0,0.0002369700483424,1111.0,921.0,1211.0,921.0,0.0,0.0,0.0,0.0,0.0,326.0,0.0,0.0,595.0,Palter Extraction - Taichung,RAW_MATERIAL,Raw Material,0,Taiwan,East Asia,Copper,0,Firm,Replaceable
RAW_MATERIAL_0336,17.0,0.0,0.0,0.0019149992893618,1111.0,35.0,132.0,35.0,1.0,0.0,0.0,0.0,1.0,326.0,0.0,0.0,-291.0,Cortex Extraction - Hyderabad,RAW_MATERIAL,Raw Material,0,South Asia,Unaligned,Copper,0,Firm,Causes failure
RAW_MATERIAL_0337,3.0,0.0,0.0,0.0004743454560283,1111.0,368.0,774.0,368.0,0.0,0.0,0.0,0.0,0.0,326.0,0.0,0.0,42.0,Yarrow Minerals - Guadalajara,RAW_MATERIAL,Raw Material,0,North America,Western,Copper,0,Firm,Replaceable
RAW_MATERIAL_0338,0.0,0.0,0.0,0.0001122065525757,1111.0,1533.0,1533.0,1111.0,0.0,0.0,0.0,0.0,0.0,326.0,0.0,0.0,785.0,Holt Minerals - Guadalajara,RAW_MATERIAL,Raw Material,0,North America,Western,Bulk chemical,0,Firm,Replaceable
RAW_MATERIAL_0339,1.0,0.0,0.0,0.0001285936175867,1111.0,1456.0,1211.0,1111.0,0.0,0.0,0.0,0.0,0.0,326.0,0.0,0.0,785.0,Palter Resources - Austin,RAW_MATERIAL,Raw Material,0,North America,Western,Bulk chemical,0,Firm,Replaceable
RAW_MATERIAL_0340,2.0,0.0,0.0,0.0002851072063827,1111.0,722.0,975.0,722.0,0.0,0.0,0.0,0.0,0.0,326.0,0.0,0.0,396.0,Renbeck Extraction - Antofagasta,RAW_MATERIAL,Raw Material,0,Rest of World,Unaligned,Crude industrial gas,0,Firm,Replaceable
RAW_MATERIAL_0341,1.0,0.0,0.0,0.0002405532520418,1111.0,896.0,1211.0,896.0,0.0,0.0,0.0,0.0,0.0,326.0,0.0,0.0,570.0,Noral Feedstock - Perth,RAW_MATERIAL,Raw Material,0,Rest of World,Unaligned,Substrate resin,0,Firm,Replaceable
RAW_MATERIAL_0342,3.0,0.0,0.0,0.000272722094658,1111.0,766.0,774.0,766.0,0.0,0.0,0.0,0.0,0.0,326.0,0.0,0.0,440.0,Xanthe Minerals - Tianjin,RAW_MATERIAL,Raw Material,0,China,East Asia,Substrate resin,0,Firm,Replaceable
RAW_MATERIAL_0343,2.0,0.0,0.0,0.0002746799834511,1111.0,760.0,975.0,760.0,0.0,0.0,0.0,0.0,0.0,326.0,0.0,0.0,434.0,Ivex Extraction - Johannesburg,RAW_MATERIAL,Raw Material,0,Rest of World,Unaligned,Silicon feedstock,0,Firm,Replaceable
RAW_MATERIAL_0344,4.0,0.0,0.0,0.0002733368642734,1111.0,764.0,638.0,638.0,0.0,0.0,0.0,0.0,0.0,326.0,0.0,0.0,312.0,Alder Feedstock - Austin,RAW_MATERIAL,Raw Material,0,North America,Western,Copper,0,Firm,Replaceable
RAW_MATERIAL_0345,1.0,0.0,0.0,0.000216837014097,1111.0,1014.0,1211.0,1014.0,0.0,0.0,0.0,0.0,0.0,326.0,0.0,0.0,688.0,Xanthe Resources - Belo Horizonte,RAW_MATERIAL,Raw Material,0,Rest of World,Unaligned,Gold,0,Firm,Replaceable
RAW_MATERIAL_0346,3.0,0.0,0.0,0.000609528687213,1111.0,250.0,774.0,250.0,0.0,0.0,0.0,0.0,0.0,326.0,0.0,0.0,-76.0,Prendel Minerals - Bac Ninh,RAW_MATERIAL,Raw Material,0,Southeast Asia,East Asia,Crude industrial gas,0,Firm,Replaceable
RAW_MATERIAL_0347,0.0,0.0,0.0,0.0001122065525757,1111.0,1533.0,1533.0,1111.0,0.0,0.0,0.0,0.0,0.0,326.0,0.0,0.0,785.0,Rivet Minerals - Sanand,RAW_MATERIAL,Raw Material,0,South Asia,Unaligned,Crude industrial gas,0,Firm,Replaceable
RAW_MATERIAL_0348,3.0,0.0,0.0,0.0004298709231068,1111.0,424.0,774.0,424.0,1.0,0.0,0.0,0.0,1.0,326.0,0.0,0.0,98.0,Ulvid Minerals - Antofagasta,RAW_MATERIAL,Raw Material,0,Rest of World,Unaligned,Copper,0,Firm,Causes failure
RAW_MATERIAL_0349,12.0,0.0,0.0,0.0013625320584354,1111.0,67.0,213.0,67.0,1.0,0.0,0.0,0.0,1.0,326.0,0.0,0.0,-259.0,Mervi Feedstock - Guadalajara,RAW_MATERIAL,Raw Material,0,North America,Western,Copper,0,Firm,Causes failure
RAW_MATERIAL_0350,2.0,0.0,0.0,0.0003845521746126,1111.0,491.0,975.0,491.0,0.0,0.0,0.0,0.0,0.0,326.0,0.0,0.0,165.0,Trellis Minerals - Antofagasta,RAW_MATERIAL,Raw Material,0,Rest of World,Unaligned,Crude industrial gas,0,Firm,Replaceable
RAW_MATERIAL_0351,2.0,0.0,0.0,0.0003298825049389,1111.0,600.0,975.0,600.0,0.0,0.0,0.0,0.0,0.0,326.0,0.0,0.0,274.0,Umber Minerals - Bengaluru,RAW_MATERIAL,Raw Material,0,South Asia,Unaligned,Bulk chemical,0,Firm,Replaceable
RAW_MATERIAL_0352,0.0,0.0,0.0,0.0001122065525757,1111.0,1533.0,1533.0,1111.0,0.0,0.0,0.0,0.0,0.0,326.0,0.0,0.0,785.0,Holt Resources - Xi'an,RAW_MATERIAL,Raw Material,0,China,East Asia,Substrate resin,0,Firm,Replaceable
RAW_MATERIAL_0353,0.0,0.0,0.0,0.0001122065525757,1111.0,1533.0,1533.0,1111.0,0.0,0.0,0.0,0.0,0.0,326.0,0.0,0.0,785.0,Kestrel Minerals - Grenoble,RAW_MATERIAL,Raw Material,0,Europe,Western,Substrate resin,0,Firm,Replaceable
RAW_MATERIAL_0354,3.0,0.0,0.0,0.0002936605897624,1111.0,701.0,774.0,701.0,0.0,0.0,0.0,0.0,0.0,326.0,0.0,0.0,375.0,Korrin Minerals - Xi'an 2,RAW_MATERIAL,Raw Material,0,China,East Asia,Copper,0,Firm,Replaceable
RAW_MATERIAL_0355,2.0,0.0,0.0,0.0003863773655806,1111.0,486.0,975.0,486.0,0.0,0.0,0.0,0.0,0.0,326.0,0.0,0.0,160.0,Dyne Extraction - Antofagasta,RAW_MATERIAL,Raw Material,0,Rest of World,Unaligned,Bulk chemical,0,Firm,Replaceable
RAW_MATERIAL_0356,0.0,0.0,0.0,0.0001122065525757,1111.0,1533.0,1533.0,1111.0,0.0,0.0,0.0,0.0,0.0,326.0,0.0,0.0,785.0,Ystad Extraction - Kolwezi,RAW_MATERIAL,Raw Material,0,Rest of World,Unaligned,Copper,0,Firm,Replaceable
RAW_MATERIAL_0357,1.0,0.0,0.0,0.0002084665771752,1111.0,1049.0,1211.0,1049.0,0.0,0.0,0.0,0.0,0.0,326.0,0.0,0.0,723.0,Quarn Minerals - Ottawa,RAW_MATERIAL,Raw Material,0,North America,Western,Substrate resin,0,Firm,Replaceable
RAW_MATERIAL_0358,1.0,0.0,0.0,0.000137136218592,1111.0,1408.0,1211.0,1111.0,0.0,0.0,0.0,0.0,0.0,326.0,0.0,0.0,785.0,Rivet Feedstock - Dresden,RAW_MATERIAL,Raw Material,0,Europe,Western,Copper,0,Firm,Replaceable
RAW_MATERIAL_0359,0.0,0.0,0.0,0.0001122065525757,1111.0,1533.0,1533.0,1111.0,0.0,0.0,0.0,0.0,0.0,326.0,0.0,0.0,785.0,Wend Resources - Antofagasta,RAW_MATERIAL,Raw Material,0,Rest of World,Unaligned,Silicon feedstock,0,Firm,Replaceable
RAW_MATERIAL_0360,3.0,0.0,0.0,0.0003760419861405,1111.0,502.0,774.0,502.0,0.0,0.0,0.0,0.0,0.0,326.0,0.0,0.0,176.0,Quarn Resources - Kumamoto,RAW_MATERIAL,Raw Material,0,Japan,East Asia,Bulk chemical,0,Firm,Replaceable
RAW_MATERIAL_0361,0.0,0.0,0.0,0.0001122065525757,1111.0,1533.0,1533.0,1111.0,0.0,0.0,0.0,0.0,0.0,326.0,0.0,0.0,785.0,Yarrow Minerals - Kumamoto 2,RAW_MATERIAL,Raw Material,0,Japan,East Asia,Copper,0,Firm,Replaceable
RAW_MATERIAL_0362,1.0,0.0,0.0,0.0002503187617838,1111.0,856.0,1211.0,856.0,0.0,0.0,0.0,0.0,0.0,326.0,0.0,0.0,530.0,Renbeck Feedstock - Antofagasta 2,RAW_MATERIAL,Raw Material,0,Rest of World,Unaligned,Rare earth elements,0,Firm,Replaceable
RAW_MATERIAL_0363,0.0,0.0,0.0,0.0001122065525757,1111.0,1533.0,1533.0,1111.0,0.0,0.0,0.0,0.0,0.0,326.0,0.0,0.0,785.0,Kestrel Feedstock - Tainan,RAW_MATERIAL,Raw Material,0,Taiwan,East Asia,Bulk chemical,0,Firm,Replaceable
RAW_MATERIAL_0364,7.0,0.0,0.0,0.0005569048256431,1111.0,278.0,407.0,278.0,0.0,0.0,0.0,0.0,0.0,326.0,0.0,0.0,-48.0,Calder Feedstock - Hiroshima,RAW_MATERIAL,Raw Material,0,Japan,East Asia,Bulk chemical,0,Firm,Replaceable
RAW_MATERIAL_0365,0.0,0.0,0.0,0.0001122065525757,1111.0,1533.0,1533.0,1111.0,0.0,0.0,0.0,0.0,0.0,326.0,0.0,0.0,785.0,Palter Extraction - Taichung 2,RAW_MATERIAL,Raw Material,0,Taiwan,East Asia,Bulk chemical,0,Firm,Replaceable
RAW_MATERIAL_0366,0.0,0.0,0.0,0.0001122065525757,1111.0,1533.0,1533.0,1111.0,0.0,0.0,0.0,0.0,0.0,326.0,0.0,0.0,785.0,Dyne Resources - Hillsboro,RAW_MATERIAL,Raw Material,0,North America,Western,Bulk chemical,0,Firm,Replaceable
RAW_MATERIAL_0367,1.0,0.0,0.0,0.0001430288658159,1111.0,1379.0,1211.0,1111.0,0.0,0.0,0.0,0.0,0.0,326.0,0.0,0.0,785.0,Doran Extraction - Crolles,RAW_MATERIAL,Raw Material,0,Europe,Western,Bulk chemical,0,Firm,Replaceable
RAW_MATERIAL_0368,6.0,0.0,0.0,0.0005559939382666,1111.0,279.0,457.0,279.0,0.0,0.0,0.0,0.0,0.0,326.0,0.0,0.0,-47.0,Yarrow Minerals - Villach,RAW_MATERIAL,Raw Material,0,Europe,Western,Substrate resin,0,Firm,Replaceable
RAW_MATERIAL_0369,1.0,0.0,0.0,0.0001988478690803,1111.0,1103.0,1211.0,1103.0,0.0,0.0,0.0,0.0,0.0,326.0,0.0,0.0,777.0,Korrin Resources - Hyderabad,RAW_MATERIAL,Raw Material,0,South Asia,Unaligned,Silicon feedstock,0,Firm,Replaceable
RAW_MATERIAL_0370,7.0,0.0,0.0,0.0005477937431594,1111.0,288.0,407.0,288.0,0.0,0.0,0.0,0.0,0.0,326.0,0.0,0.0,-38.0,Palter Feedstock - Shenzhen,RAW_MATERIAL,Raw Material,0,China,East Asia,Gold,0,Firm,Replaceable
RAW_MATERIAL_0371,1.0,0.0,0.0,0.000197305994613,1111.0,1111.0,1211.0,1111.0,0.0,0.0,0.0,0.0,0.0,326.0,0.0,0.0,785.0,Trellis Feedstock - Johannesburg,RAW_MATERIAL,Raw Material,0,Rest of World,Unaligned,Bulk chemical,0,Firm,Replaceable
RAW_MATERIAL_0372,5.0,0.0,0.0,0.0004178418155621,1111.0,438.0,549.0,438.0,0.0,0.0,0.0,0.0,0.0,326.0,0.0,0.0,112.0,Isar Extraction - Gumi,RAW_MATERIAL,Raw Material,0,Korea,East Asia,Substrate resin,0,Firm,Replaceable
RAW_MATERIAL_0373,1.0,0.0,0.0,0.0002777516158211,1111.0,750.0,1211.0,750.0,0.0,0.0,0.0,0.0,0.0,326.0,0.0,0.0,424.0,Renbeck Feedstock - Dalian,RAW_MATERIAL,Raw Material,0,China,East Asia,Crude industrial gas,0,Firm,Replaceable
RAW_MATERIAL_0374,3.0,0.0,0.0,0.0002739878400157,1111.0,761.0,774.0,761.0,0.0,0.0,0.0,0.0,0.0,326.0,0.0,0.0,435.0,Dyne Resources - Xi'an,RAW_MATERIAL,Raw Material,0,China,East Asia,Crude industrial gas,0,Firm,Replaceable
RAW_MATERIAL_0375,0.0,0.0,0.0,0.0001122065525757,1111.0,1533.0,1533.0,1111.0,0.0,0.0,0.0,0.0,0.0,326.0,0.0,0.0,785.0,Stade Extraction - Kolwezi,RAW_MATERIAL,Raw Material,0,Rest of World,Unaligned,Silicon feedstock,0,Firm,Replaceable
RAW_MATERIAL_0376,0.0,0.0,0.0,0.0001122065525757,1111.0,1533.0,1533.0,1111.0,0.0,0.0,0.0,0.0,0.0,326.0,0.0,0.0,785.0,Gethin Extraction - Johannesburg,RAW_MATERIAL,Raw Material,0,Rest of World,Unaligned,Crude industrial gas,0,Firm,Replaceable
RAW_MATERIAL_0377,1.0,0.0,0.0,0.0001418898938256,1111.0,1388.0,1211.0,1111.0,1.0,0.0,0.0,0.0,1.0,326.0,0.0,0.0,785.0,Mervi Resources - Shenzhen,RAW_MATERIAL,Raw Material,0,China,East Asia,Silicon feedstock,0,Firm,Causes failure
RAW_MATERIAL_0378,3.0,0.0,0.0,0.0004192197719301,1111.0,436.0,774.0,436.0,0.0,0.0,0.0,0.0,0.0,326.0,0.0,0.0,110.0,Ulvid Extraction - Crolles,RAW_MATERIAL,Raw Material,0,Europe,Western,Crude industrial gas,0,Firm,Replaceable
RAW_MATERIAL_0379,4.0,0.0,0.0,0.0004145368556362,1111.0,446.0,638.0,446.0,0.0,0.0,0.0,0.0,0.0,326.0,0.0,0.0,120.0,Korrin Minerals - Shanghai,RAW_MATERIAL,Raw Material,0,China,East Asia,Copper,0,Firm,Replaceable
RAW_MATERIAL_0380,10.0,0.0,0.0,0.0006440838302294,1111.0,225.0,267.0,225.0,0.0,0.0,0.0,0.0,0.0,326.0,0.0,0.0,-101.0,Ivex Extraction - Chengdu,RAW_MATERIAL,Raw Material,0,China,East Asia,Bulk chemical,0,Firm,Replaceable
RAW_MATERIAL_0381,3.0,0.0,0.0,0.0003588559372002,1111.0,531.0,774.0,531.0,17.0,6.0,3709333912.094555,0.0029078265639842,5.0,87.0,3709333912.094555,0.0029078265639842,444.0,Noral Minerals - Kolwezi,RAW_MATERIAL,Raw Material,0,Rest of World,Unaligned,Rare earth elements,0,Firm,Causes failure
RAW_MATERIAL_0382,0.0,0.0,0.0,0.0001122065525757,1111.0,1533.0,1533.0,1111.0,0.0,0.0,0.0,0.0,0.0,326.0,0.0,0.0,785.0,Stade Minerals - Bangkok,RAW_MATERIAL,Raw Material,0,Southeast Asia,East Asia,Crude industrial gas,0,Firm,Replaceable
RAW_MATERIAL_0383,0.0,0.0,0.0,0.0001122065525757,1111.0,1533.0,1533.0,1111.0,0.0,0.0,0.0,0.0,0.0,326.0,0.0,0.0,785.0,Solvex Extraction - Xi'an 2,RAW_MATERIAL,Raw Material,0,China,East Asia,Bulk chemical,0,Firm,Replaceable
RAW_MATERIAL_0384,1.0,0.0,0.0,0.0001365562320877,1111.0,1412.0,1211.0,1111.0,0.0,0.0,0.0,0.0,0.0,326.0,0.0,0.0,785.0,Rivet Feedstock - Eindhoven,RAW_MATERIAL,Raw Material,0,Europe,Western,Substrate resin,0,Firm,Replaceable
RAW_MATERIAL_0385,0.0,0.0,0.0,0.0001122065525757,1111.0,1533.0,1533.0,1111.0,0.0,0.0,0.0,0.0,0.0,326.0,0.0,0.0,785.0,Vantor Feedstock - Perth,RAW_MATERIAL,Raw Material,0,Rest of World,Unaligned,Bulk chemical,0,Firm,Replaceable
RAW_MATERIAL_0386,2.0,0.0,0.0,0.000254239086173,1111.0,840.0,975.0,840.0,0.0,0.0,0.0,0.0,0.0,326.0,0.0,0.0,514.0,Nevin Minerals - Austin,RAW_MATERIAL,Raw Material,0,North America,Western,Gold,0,Firm,Replaceable
RAW_MATERIAL_0387,5.0,0.0,0.0,0.0004443838441957,1111.0,409.0,549.0,409.0,0.0,0.0,0.0,0.0,0.0,326.0,0.0,0.0,83.0,Korrin Feedstock - Bengaluru,RAW_MATERIAL,Raw Material,0,South Asia,Unaligned,Bulk chemical,0,Firm,Replaceable
RAW_MATERIAL_0388,5.0,0.0,0.0,0.0007915608079217,1111.0,157.0,549.0,157.0,0.0,0.0,0.0,0.0,0.0,326.0,0.0,0.0,-169.0,Kestrel Extraction - Xi'an,RAW_MATERIAL,Raw Material,0,China,East Asia,Bulk chemical,0,Firm,Replaceable
RAW_MATERIAL_0389,1.0,0.0,0.0,0.0001559268546357,1111.0,1304.0,1211.0,1111.0,0.0,0.0,0.0,0.0,0.0,326.0,0.0,0.0,785.0,Lethe Resources - Yokkaichi,RAW_MATERIAL,Raw Material,0,Japan,East Asia,Copper,0,Firm,Replaceable
RAW_MATERIAL_0390,1.0,0.0,0.0,0.000241510957321,1111.0,894.0,1211.0,894.0,1.0,0.0,0.0,0.0,1.0,326.0,0.0,0.0,568.0,Noral Minerals - Tianjin,RAW_MATERIAL,Raw Material,0,China,East Asia,Crude industrial gas,0,Firm,Causes failure
RAW_MATERIAL_0391,5.0,0.0,0.0,0.000456519218775,1111.0,395.0,549.0,395.0,23.0,8.0,10564438710.280216,0.0082816905253994,4.0,32.0,10564438710.280216,0.0082816905253994,363.0,Halcy Minerals - Taoyuan,RAW_MATERIAL,Raw Material,0,Taiwan,East Asia,Gold,0,Firm,Causes failure
RAW_MATERIAL_0392,5.0,0.0,0.0,0.000496230385382,1111.0,335.0,549.0,335.0,0.0,0.0,0.0,0.0,0.0,326.0,0.0,0.0,9.0,Halcy Extraction - Belo Horizonte,RAW_MATERIAL,Raw Material,0,Rest of World,Unaligned,Bulk chemical,0,Firm,Replaceable
RAW_MATERIAL_0393,2.0,0.0,0.0,0.000215841036521,1111.0,1021.0,975.0,975.0,0.0,0.0,0.0,0.0,0.0,326.0,0.0,0.0,649.0,Faryn Feedstock - Dalian,RAW_MATERIAL,Raw Material,0,China,East Asia,Bulk chemical,0,Firm,Replaceable
RAW_MATERIAL_0394,1.0,0.0,0.0,0.0001940210763745,1111.0,1132.0,1211.0,1111.0,0.0,0.0,0.0,0.0,0.0,326.0,0.0,0.0,785.0,Elstow Feedstock - Grenoble,RAW_MATERIAL,Raw Material,0,Europe,Western,Bulk chemical,0,Firm,Replaceable
RAW_MATERIAL_0395,1.0,0.0,0.0,0.0001573908926109,1111.0,1297.0,1211.0,1111.0,0.0,0.0,0.0,0.0,0.0,326.0,0.0,0.0,785.0,Oxbow Minerals - Shanghai,RAW_MATERIAL,Raw Material,0,China,East Asia,Bulk chemical,0,Firm,Replaceable
RAW_MATERIAL_0396,3.0,0.0,0.0,0.0004176942805752,1111.0,439.0,774.0,439.0,0.0,0.0,0.0,0.0,0.0,326.0,0.0,0.0,113.0,Verity Minerals - Pune,RAW_MATERIAL,Raw Material,0,South Asia,Unaligned,Substrate resin,0,Firm,Replaceable
RAW_MATERIAL_0397,1.0,0.0,0.0,0.0002577639643035,1111.0,827.0,1211.0,827.0,0.0,0.0,0.0,0.0,0.0,326.0,0.0,0.0,501.0,Thorne Extraction - Sanand,RAW_MATERIAL,Raw Material,0,South Asia,Unaligned,Copper,0,Firm,Replaceable
RAW_MATERIAL_0398,1.0,0.0,0.0,0.0001320390242309,1111.0,1429.0,1211.0,1111.0,0.0,0.0,0.0,0.0,0.0,326.0,0.0,0.0,785.0,Trellis Feedstock - Yokkaichi,RAW_MATERIAL,Raw Material,0,Japan,East Asia,Bulk chemical,0,Firm,Replaceable
RAW_MATERIAL_0399,2.0,0.0,0.0,0.0003410634801038,1111.0,577.0,975.0,577.0,0.0,0.0,0.0,0.0,0.0,326.0,0.0,0.0,251.0,Wexler Feedstock - Dalian,RAW_MATERIAL,Raw Material,0,China,East Asia,Silicon feedstock,0,Firm,Replaceable
RAW_MATERIAL_0400,6.0,0.0,0.0,0.0010994891079715,1111.0,90.0,457.0,90.0,0.0,0.0,0.0,0.0,0.0,326.0,0.0,0.0,-236.0,Holt Resources - Wuxi,RAW_MATERIAL,Raw Material,0,China,East Asia,Copper,0,Firm,Replaceable
RAW_MATERIAL_0401,0.0,0.0,0.0,0.0001122065525757,1111.0,1533.0,1533.0,1111.0,0.0,0.0,0.0,0.0,0.0,326.0,0.0,0.0,785.0,Orvid Resources - Belo Horizonte,RAW_MATERIAL,Raw Material,0,Rest of World,Unaligned,Crude industrial gas,0,Firm,Replaceable
RAW_MATERIAL_0402,3.0,0.0,0.0,0.0002881070194014,1111.0,716.0,774.0,716.0,0.0,0.0,0.0,0.0,0.0,326.0,0.0,0.0,390.0,Stade Feedstock - Belo Horizonte,RAW_MATERIAL,Raw Material,0,Rest of World,Unaligned,Bulk chemical,0,Firm,Replaceable
RAW_MATERIAL_0403,6.0,0.0,0.0,0.0005469760632736,1111.0,289.0,457.0,289.0,0.0,0.0,0.0,0.0,0.0,326.0,0.0,0.0,-37.0,Umber Resources - Chengdu,RAW_MATERIAL,Raw Material,0,China,East Asia,Bulk chemical,0,Firm,Replaceable
RAW_MATERIAL_0404,6.0,0.0,0.0,0.0006198081196956,1111.0,243.0,457.0,243.0,0.0,0.0,0.0,0.0,0.0,326.0,0.0,0.0,-83.0,Holt Minerals - Icheon,RAW_MATERIAL,Raw Material,0,Korea,East Asia,Bulk chemical,0,Firm,Replaceable
RAW_MATERIAL_0405,1.0,0.0,0.0,0.000125517620369,1111.0,1479.0,1211.0,1111.0,0.0,0.0,0.0,0.0,0.0,326.0,0.0,0.0,785.0,Cortex Extraction - Kolwezi,RAW_MATERIAL,Raw Material,0,Rest of World,Unaligned,Copper,0,Firm,Replaceable
RAW_MATERIAL_0406,17.0,0.0,0.0,0.002205075342827,1111.0,27.0,132.0,27.0,6.0,0.0,0.0,0.0,2.0,326.0,0.0,0.0,-299.0,Lumen Feedstock - Chengdu,RAW_MATERIAL,Raw Material,0,China,East Asia,Rare earth elements,0,Firm,Causes failure
RAW_MATERIAL_0407,1.0,0.0,0.0,0.0002252074510187,1111.0,974.0,1211.0,974.0,0.0,0.0,0.0,0.0,0.0,326.0,0.0,0.0,648.0,Lumen Minerals - Kolwezi,RAW_MATERIAL,Raw Material,0,Rest of World,Unaligned,Crude industrial gas,0,Firm,Replaceable
RAW_MATERIAL_0408,1.0,0.0,0.0,0.0001314124364944,1111.0,1433.0,1211.0,1111.0,0.0,0.0,0.0,0.0,0.0,326.0,0.0,0.0,785.0,Verity Feedstock - Guadalajara,RAW_MATERIAL,Raw Material,0,North America,Western,Bulk chemical,0,Firm,Replaceable
RAW_MATERIAL_0409,11.0,0.0,0.0,0.0010555752314669,1111.0,98.0,234.0,98.0,1.0,0.0,0.0,0.0,1.0,326.0,0.0,0.0,-228.0,Thorne Resources - Kitakyushu,RAW_MATERIAL,Raw Material,0,Japan,East Asia,Bulk chemical,0,Firm,Causes failure
RAW_MATERIAL_0410,18.0,0.0,0.0,0.0016074383150523,1111.0,51.0,121.0,51.0,3.0,0.0,0.0,0.0,2.0,326.0,0.0,0.0,-275.0,Ystad Minerals - Hsinchu,RAW_MATERIAL,Raw Material,0,Taiwan,East Asia,Substrate resin,0,Firm,Causes failure
RAW_MATERIAL_0411,3.0,0.0,0.0,0.000480400607156,1111.0,356.0,774.0,356.0,0.0,0.0,0.0,0.0,0.0,326.0,0.0,0.0,30.0,Korrin Resources - Chengdu,RAW_MATERIAL,Raw Material,0,China,East Asia,Substrate resin,0,Firm,Replaceable
RAW_MATERIAL_0412,4.0,0.0,0.0,0.000339271177377,1111.0,582.0,638.0,582.0,0.0,0.0,0.0,0.0,0.0,326.0,0.0,0.0,256.0,Quarn Minerals - Cheongju,RAW_MATERIAL,Raw Material,0,Korea,East Asia,Bulk chemical,0,Firm,Replaceable
RAW_MATERIAL_0413,0.0,0.0,0.0,0.0001122065525757,1111.0,1533.0,1533.0,1111.0,0.0,0.0,0.0,0.0,0.0,326.0,0.0,0.0,785.0,Mordant Extraction - Pune,RAW_MATERIAL,Raw Material,0,South Asia,Unaligned,Crude industrial gas,0,Firm,Replaceable
RAW_MATERIAL_0414,1.0,0.0,0.0,0.0002363680335809,1111.0,924.0,1211.0,924.0,0.0,0.0,0.0,0.0,0.0,326.0,0.0,0.0,598.0,Thorne Minerals - Belo Horizonte,RAW_MATERIAL,Raw Material,0,Rest of World,Unaligned,Bulk chemical,0,Firm,Replaceable
RAW_MATERIAL_0415,1.0,0.0,0.0,0.0001761114783904,1111.0,1205.0,1211.0,1111.0,0.0,0.0,0.0,0.0,0.0,326.0,0.0,0.0,785.0,Jarn Feedstock - Dalian,RAW_MATERIAL,Raw Material,0,China,East Asia,Crude industrial gas,0,Firm,Replaceable
RAW_MATERIAL_0416,3.0,0.0,0.0,0.0005079025645468,1111.0,326.0,774.0,326.0,1.0,0.0,0.0,0.0,1.0,326.0,0.0,0.0,0.0,Wend Minerals - Belo Horizonte,RAW_MATERIAL,Raw Material,0,Rest of World,Unaligned,Bulk chemical,0,Firm,Causes failure
RAW_MATERIAL_0417,0.0,0.0,0.0,0.0001122065525757,1111.0,1533.0,1533.0,1111.0,0.0,0.0,0.0,0.0,0.0,326.0,0.0,0.0,785.0,Thorne Resources - Bengaluru,RAW_MATERIAL,Raw Material,0,South Asia,Unaligned,Crude industrial gas,0,Firm,Replaceable
RAW_MATERIAL_0418,31.0,0.0,0.0,0.0021428269890325,1111.0,29.0,60.0,29.0,1.0,0.0,0.0,0.0,1.0,326.0,0.0,0.0,-297.0,Palter Resources - Wuxi,RAW_MATERIAL,Raw Material,0,China,East Asia,Substrate resin,0,Firm,Causes failure
RAW_MATERIAL_0419,4.0,0.0,0.0,0.0006128055233127,1111.0,247.0,638.0,247.0,0.0,0.0,0.0,0.0,0.0,326.0,0.0,0.0,-79.0,Halcy Resources - Bengaluru,RAW_MATERIAL,Raw Material,0,South Asia,Unaligned,Bulk chemical,0,Firm,Replaceable
RAW_MATERIAL_0420,1.0,0.0,0.0,0.00033014125921,1111.0,599.0,1211.0,599.0,0.0,0.0,0.0,0.0,0.0,326.0,0.0,0.0,273.0,Nevin Feedstock - Hyderabad,RAW_MATERIAL,Raw Material,0,South Asia,Unaligned,Rare earth elements,0,Firm,Replaceable
RAW_MATERIAL_0421,0.0,0.0,0.0,0.0001122065525757,1111.0,1533.0,1533.0,1111.0,0.0,0.0,0.0,0.0,0.0,326.0,0.0,0.0,785.0,Ember Feedstock - Icheon,RAW_MATERIAL,Raw Material,0,Korea,East Asia,Bulk chemical,0,Firm,Replaceable
RAW_MATERIAL_0422,1.0,0.0,0.0,0.0001859484126879,1111.0,1163.0,1211.0,1111.0,0.0,0.0,0.0,0.0,0.0,326.0,0.0,0.0,785.0,Verity Extraction - Nagano,RAW_MATERIAL,Raw Material,0,Japan,East Asia,Crude industrial gas,0,Firm,Replaceable
RAW_MATERIAL_0423,4.0,0.0,0.0,0.000353596921892,1111.0,542.0,638.0,542.0,0.0,0.0,0.0,0.0,0.0,326.0,0.0,0.0,216.0,Isar Feedstock - Wuxi,RAW_MATERIAL,Raw Material,0,China,East Asia,Copper,0,Firm,Replaceable
RAW_MATERIAL_0424,1.0,0.0,0.0,0.0002456341799928,1111.0,877.0,1211.0,877.0,3.0,0.0,0.0,0.0,3.0,326.0,0.0,0.0,551.0,Ader Minerals - Sanand,RAW_MATERIAL,Raw Material,0,South Asia,Unaligned,Bulk chemical,0,Firm,Causes failure
RAW_MATERIAL_0425,0.0,0.0,0.0,0.0001122065525757,1111.0,1533.0,1533.0,1111.0,0.0,0.0,0.0,0.0,0.0,326.0,0.0,0.0,785.0,Ivex Feedstock - Guadalajara,RAW_MATERIAL,Raw Material,0,North America,Western,Silicon feedstock,0,Firm,Replaceable
RAW_MATERIAL_0426,3.0,0.0,0.0,0.0002835460619081,1111.0,730.0,774.0,730.0,0.0,0.0,0.0,0.0,0.0,326.0,0.0,0.0,404.0,Belan Extraction - Malta,RAW_MATERIAL,Raw Material,0,North America,Western,Crude industrial gas,0,Firm,Replaceable
RAW_MATERIAL_0427,3.0,0.0,0.0,0.0006263377127213,1111.0,237.0,774.0,237.0,0.0,0.0,0.0,0.0,0.0,326.0,0.0,0.0,-89.0,Yarrow Extraction - Gumi,RAW_MATERIAL,Raw Material,0,Korea,East Asia,Crude industrial gas,0,Firm,Replaceable
RAW_MATERIAL_0428,0.0,0.0,0.0,0.0001122065525757,1111.0,1533.0,1533.0,1111.0,0.0,0.0,0.0,0.0,0.0,326.0,0.0,0.0,785.0,Belan Resources - Belo Horizonte 2,RAW_MATERIAL,Raw Material,0,Rest of World,Unaligned,Gold,0,Firm,Replaceable
RAW_MATERIAL_0429,1.0,0.0,0.0,0.0002196271597375,1111.0,1003.0,1211.0,1003.0,0.0,0.0,0.0,0.0,0.0,326.0,0.0,0.0,677.0,Quill Resources - Perth,RAW_MATERIAL,Raw Material,0,Rest of World,Unaligned,Bulk chemical,0,Firm,Replaceable
RAW_MATERIAL_0430,1.0,0.0,0.0,0.0002307877422998,1111.0,942.0,1211.0,942.0,0.0,0.0,0.0,0.0,0.0,326.0,0.0,0.0,616.0,Wend Feedstock - Kolwezi,RAW_MATERIAL,Raw Material,0,Rest of World,Unaligned,Bulk chemical,0,Firm,Replaceable
RAW_MATERIAL_0431,3.0,0.0,0.0,0.0003512040563606,1111.0,546.0,774.0,546.0,0.0,0.0,0.0,0.0,0.0,326.0,0.0,0.0,220.0,Nevin Feedstock - Shanghai,RAW_MATERIAL,Raw Material,0,China,East Asia,Copper,0,Firm,Replaceable
RAW_MATERIAL_0432,1.0,0.0,0.0,0.0001300301667556,1111.0,1446.0,1211.0,1111.0,0.0,0.0,0.0,0.0,0.0,326.0,0.0,0.0,785.0,Renbeck Feedstock - Tianjin,RAW_MATERIAL,Raw Material,0,China,East Asia,Rare earth elements,0,Firm,Replaceable
RAW_MATERIAL_0433,3.0,0.0,0.0,0.0014870044176358,1111.0,57.0,774.0,57.0,0.0,0.0,0.0,0.0,0.0,326.0,0.0,0.0,-269.0,Holt Extraction - Belo Horizonte,RAW_MATERIAL,Raw Material,0,Rest of World,Unaligned,Copper,0,Firm,Replaceable
RAW_MATERIAL_0434,5.0,0.0,0.0,0.0005768066105938,1111.0,267.0,549.0,267.0,0.0,0.0,0.0,0.0,0.0,326.0,0.0,0.0,-59.0,Oxbow Feedstock - Bac Ninh,RAW_MATERIAL,Raw Material,0,Southeast Asia,East Asia,Copper,0,Firm,Replaceable
RAW_MATERIAL_0435,1.0,0.0,0.0,0.0001400847324761,1111.0,1392.0,1211.0,1111.0,0.0,0.0,0.0,0.0,0.0,326.0,0.0,0.0,785.0,Mervi Extraction - Xi'an,RAW_MATERIAL,Raw Material,0,China,East Asia,Crude industrial gas,0,Firm,Replaceable
RAW_MATERIAL_0436,1.0,0.0,0.0,0.0001727480612423,1111.0,1228.0,1211.0,1111.0,0.0,0.0,0.0,0.0,0.0,326.0,0.0,0.0,785.0,Mervi Minerals - Tianjin,RAW_MATERIAL,Raw Material,0,China,East Asia,Crude industrial gas,0,Firm,Replaceable
RAW_MATERIAL_0437,0.0,0.0,0.0,0.0001122065525757,1111.0,1533.0,1533.0,1111.0,0.0,0.0,0.0,0.0,0.0,326.0,0.0,0.0,785.0,Zephyr Minerals - Wuxi,RAW_MATERIAL,Raw Material,0,China,East Asia,Rare earth elements,0,Firm,Replaceable
RAW_MATERIAL_0438,0.0,0.0,0.0,0.0001122065525757,1111.0,1533.0,1533.0,1111.0,0.0,0.0,0.0,0.0,0.0,326.0,0.0,0.0,785.0,Verity Extraction - Belo Horizonte,RAW_MATERIAL,Raw Material,0,Rest of World,Unaligned,Bulk chemical,0,Firm,Replaceable
RAW_MATERIAL_0439,14.0,0.0,0.0,0.0026093210746406,1111.0,20.0,175.0,20.0,2.0,0.0,0.0,0.0,2.0,326.0,0.0,0.0,-306.0,Granth Feedstock - Tainan,RAW_MATERIAL,Raw Material,0,Taiwan,East Asia,Copper,0,Firm,Causes failure
RAW_MATERIAL_0440,1.0,0.0,0.0,0.0001741304777202,1111.0,1220.0,1211.0,1111.0,0.0,0.0,0.0,0.0,0.0,326.0,0.0,0.0,785.0,Ivex Extraction - Dresden,RAW_MATERIAL,Raw Material,0,Europe,Western,Rare earth elements,0,Firm,Replaceable
RAW_MATERIAL_0441,1.0,0.0,0.0,0.0002421685273326,1111.0,891.0,1211.0,891.0,0.0,0.0,0.0,0.0,0.0,326.0,0.0,0.0,565.0,Solvex Extraction - Penang,RAW_MATERIAL,Raw Material,0,Southeast Asia,East Asia,Silicon feedstock,0,Firm,Replaceable
RAW_MATERIAL_0442,4.0,0.0,0.0,0.0005185179768706,1111.0,310.0,638.0,310.0,8.0,0.0,0.0,0.0,3.0,326.0,0.0,0.0,-16.0,Korrin Feedstock - Johannesburg,RAW_MATERIAL,Raw Material,0,Rest of World,Unaligned,Silicon feedstock,0,Firm,Causes failure
RAW_MATERIAL_0443,10.0,0.0,0.0,0.0007613617134687,1111.0,173.0,267.0,173.0,1.0,0.0,0.0,0.0,1.0,326.0,0.0,0.0,-153.0,Xanthe Extraction - Dalian,RAW_MATERIAL,Raw Material,0,China,East Asia,Gold,0,Firm,Causes failure
RAW_MATERIAL_0444,4.0,0.0,0.0,0.0007440487943759,1111.0,178.0,638.0,178.0,0.0,0.0,0.0,0.0,0.0,326.0,0.0,0.0,-148.0,Umber Resources - Pune,RAW_MATERIAL,Raw Material,0,South Asia,Unaligned,Copper,0,Firm,Replaceable
RAW_MATERIAL_0445,1.0,0.0,0.0,0.0002447384705026,1111.0,883.0,1211.0,883.0,0.0,0.0,0.0,0.0,0.0,326.0,0.0,0.0,557.0,Faryn Resources - Belo Horizonte,RAW_MATERIAL,Raw Material,0,Rest of World,Unaligned,Bulk chemical,0,Firm,Replaceable
RAW_MATERIAL_0446,0.0,0.0,0.0,0.0001122065525757,1111.0,1533.0,1533.0,1111.0,0.0,0.0,0.0,0.0,0.0,326.0,0.0,0.0,785.0,Lumen Resources - Kaohsiung,RAW_MATERIAL,Raw Material,0,Taiwan,East Asia,Copper,0,Firm,Replaceable
RAW_MATERIAL_0447,3.0,0.0,0.0,0.0002295932497517,1111.0,950.0,774.0,774.0,0.0,0.0,0.0,0.0,0.0,326.0,0.0,0.0,448.0,Umber Extraction - Icheon,RAW_MATERIAL,Raw Material,0,Korea,East Asia,Bulk chemical,0,Firm,Replaceable
RAW_MATERIAL_0448,2.0,0.0,0.0,0.0003515331566293,1111.0,544.0,975.0,544.0,0.0,0.0,0.0,0.0,0.0,326.0,0.0,0.0,218.0,Wend Feedstock - Xi'an,RAW_MATERIAL,Raw Material,0,China,East Asia,Substrate resin,0,Firm,Replaceable
RAW_MATERIAL_0449,3.0,0.0,0.0,0.0002009803029369,1111.0,1089.0,774.0,774.0,1.0,0.0,0.0,0.0,1.0,326.0,0.0,0.0,448.0,Ulvid Minerals - Yokkaichi,RAW_MATERIAL,Raw Material,0,Japan,East Asia,Bulk chemical,0,Firm,Causes failure
RAW_MATERIAL_0450,3.0,0.0,0.0,0.000472481919539,1111.0,372.0,774.0,372.0,1.0,0.0,0.0,0.0,1.0,326.0,0.0,0.0,46.0,Vantor Feedstock - Singapore,RAW_MATERIAL,Raw Material,0,Southeast Asia,East Asia,Silicon feedstock,0,Firm,Causes failure
RAW_MATERIAL_0451,3.0,0.0,0.0,0.000303056155894,1111.0,670.0,774.0,670.0,0.0,0.0,0.0,0.0,0.0,326.0,0.0,0.0,344.0,Lethe Resources - Batangas,RAW_MATERIAL,Raw Material,0,Southeast Asia,East Asia,Bulk chemical,0,Firm,Replaceable
RAW_MATERIAL_0452,0.0,0.0,0.0,0.0001122065525757,1111.0,1533.0,1533.0,1111.0,0.0,0.0,0.0,0.0,0.0,326.0,0.0,0.0,785.0,Lumen Resources - Chengdu,RAW_MATERIAL,Raw Material,0,China,East Asia,Bulk chemical,0,Firm,Replaceable
RAW_MATERIAL_0453,1.0,0.0,0.0,0.0001325113585119,1111.0,1428.0,1211.0,1111.0,0.0,0.0,0.0,0.0,0.0,326.0,0.0,0.0,785.0,Ulvid Minerals - Guadalajara,RAW_MATERIAL,Raw Material,0,North America,Western,Bulk chemical,0,Firm,Replaceable
RAW_MATERIAL_0454,1.0,0.0,0.0,0.0002547115841727,1111.0,838.0,1211.0,838.0,0.0,0.0,0.0,0.0,0.0,326.0,0.0,0.0,512.0,Noral Resources - Tianjin,RAW_MATERIAL,Raw Material,0,China,East Asia,Substrate resin,0,Firm,Replaceable
RAW_MATERIAL_0455,4.0,0.0,0.0,0.0005651108527378,1111.0,274.0,638.0,274.0,2.0,0.0,0.0,0.0,2.0,326.0,0.0,0.0,-52.0,Halcy Feedstock - Shenzhen,RAW_MATERIAL,Raw Material,0,China,East Asia,Bulk chemical,0,Firm,Causes failure
RAW_MATERIAL_0456,2.0,0.0,0.0,0.0003250789926646,1111.0,615.0,975.0,615.0,0.0,0.0,0.0,0.0,0.0,326.0,0.0,0.0,289.0,Stade Minerals - Dalian,RAW_MATERIAL,Raw Material,0,China,East Asia,Bulk chemical,0,Firm,Replaceable
RAW_MATERIAL_0457,3.0,0.0,0.0,0.0002657827755658,1111.0,793.0,774.0,774.0,0.0,0.0,0.0,0.0,0.0,326.0,0.0,0.0,448.0,Oxbow Extraction - Malta,RAW_MATERIAL,Raw Material,0,North America,Western,Rare earth elements,0,Firm,Replaceable
RAW_MATERIAL_0458,3.0,0.0,0.0,0.0002714512799317,1111.0,772.0,774.0,772.0,0.0,0.0,0.0,0.0,0.0,326.0,0.0,0.0,446.0,Lumen Minerals - Cheongju,RAW_MATERIAL,Raw Material,0,Korea,East Asia,Bulk chemical,0,Firm,Replaceable
RAW_MATERIAL_0459,0.0,0.0,0.0,0.0001122065525757,1111.0,1533.0,1533.0,1111.0,0.0,0.0,0.0,0.0,0.0,326.0,0.0,0.0,785.0,Halcy Minerals - Wuxi,RAW_MATERIAL,Raw Material,0,China,East Asia,Crude industrial gas,0,Firm,Replaceable
RAW_MATERIAL_0460,4.0,0.0,0.0,0.0003933538660776,1111.0,475.0,638.0,475.0,1.0,0.0,0.0,0.0,1.0,326.0,0.0,0.0,149.0,Xanthe Feedstock - Tianjin,RAW_MATERIAL,Raw Material,0,China,East Asia,Silicon feedstock,0,Firm,Causes failure
RAW_MATERIAL_0461,2.0,0.0,0.0,0.0003225644850176,1111.0,622.0,975.0,622.0,0.0,0.0,0.0,0.0,0.0,326.0,0.0,0.0,296.0,Prendel Resources - Wuxi 2,RAW_MATERIAL,Raw Material,0,China,East Asia,Copper,0,Firm,Replaceable
RAW_MATERIAL_0462,0.0,0.0,0.0,0.0001122065525757,1111.0,1533.0,1533.0,1111.0,0.0,0.0,0.0,0.0,0.0,326.0,0.0,0.0,785.0,Ader Minerals - Kitakyushu,RAW_MATERIAL,Raw Material,0,Japan,East Asia,Bulk chemical,0,Firm,Replaceable
RAW_MATERIAL_0463,1.0,0.0,0.0,0.0001970681532261,1111.0,1115.0,1211.0,1111.0,0.0,0.0,0.0,0.0,0.0,326.0,0.0,0.0,785.0,Kestrel Minerals - Cheongju,RAW_MATERIAL,Raw Material,0,Korea,East Asia,Substrate resin,0,Firm,Replaceable
RAW_MATERIAL_0464,6.0,0.0,0.0,0.0006684058906831,1111.0,207.0,457.0,207.0,1.0,0.0,0.0,0.0,1.0,326.0,0.0,0.0,-119.0,Ferrin Minerals - Bangkok,RAW_MATERIAL,Raw Material,0,Southeast Asia,East Asia,Bulk chemical,0,Firm,Causes failure
RAW_MATERIAL_0465,0.0,0.0,0.0,0.0001122065525757,1111.0,1533.0,1533.0,1111.0,0.0,0.0,0.0,0.0,0.0,326.0,0.0,0.0,785.0,Lethe Extraction - Johannesburg 2,RAW_MATERIAL,Raw Material,0,Rest of World,Unaligned,Copper,0,Firm,Replaceable
RAW_MATERIAL_0466,0.0,0.0,0.0,0.0001122065525757,1111.0,1533.0,1533.0,1111.0,0.0,0.0,0.0,0.0,0.0,326.0,0.0,0.0,785.0,Ulvid Resources - Sanand,RAW_MATERIAL,Raw Material,0,South Asia,Unaligned,Bulk chemical,0,Firm,Replaceable
RAW_MATERIAL_0467,1.0,0.0,0.0,0.0001274565484109,1111.0,1469.0,1211.0,1111.0,0.0,0.0,0.0,0.0,0.0,326.0,0.0,0.0,785.0,Zephyr Extraction - Batam,RAW_MATERIAL,Raw Material,0,Southeast Asia,East Asia,Copper,0,Firm,Replaceable
RAW_MATERIAL_0468,0.0,0.0,0.0,0.0001122065525757,1111.0,1533.0,1533.0,1111.0,0.0,0.0,0.0,0.0,0.0,326.0,0.0,0.0,785.0,Umber Extraction - Chandler,RAW_MATERIAL,Raw Material,0,North America,Western,Gold,0,Firm,Replaceable
RAW_MATERIAL_0469,3.0,0.0,0.0,0.0004258200622925,1111.0,430.0,774.0,430.0,0.0,0.0,0.0,0.0,0.0,326.0,0.0,0.0,104.0,Gethin Extraction - Shenzhen,RAW_MATERIAL,Raw Material,0,China,East Asia,Bulk chemical,0,Firm,Replaceable
RAW_MATERIAL_0470,6.0,0.0,0.0,0.0005800197580143,1111.0,266.0,457.0,266.0,0.0,0.0,0.0,0.0,0.0,326.0,0.0,0.0,-60.0,Nevin Extraction - Wuxi 2,RAW_MATERIAL,Raw Material,0,China,East Asia,Bulk chemical,0,Firm,Replaceable
RAW_MATERIAL_0471,0.0,0.0,0.0,0.0001122065525757,1111.0,1533.0,1533.0,1111.0,0.0,0.0,0.0,0.0,0.0,326.0,0.0,0.0,785.0,Lumen Resources - Tianjin,RAW_MATERIAL,Raw Material,0,China,East Asia,Substrate resin,0,Firm,Replaceable
RAW_MATERIAL_0472,4.0,0.0,0.0,0.0003385983868602,1111.0,583.0,638.0,583.0,0.0,0.0,0.0,0.0,0.0,326.0,0.0,0.0,257.0,Palter Feedstock - Tianjin,RAW_MATERIAL,Raw Material,0,China,East Asia,Substrate resin,0,Firm,Replaceable
RAW_MATERIAL_0473,1.0,0.0,0.0,0.000197305994613,1111.0,1111.0,1211.0,1111.0,0.0,0.0,0.0,0.0,0.0,326.0,0.0,0.0,785.0,Quarn Resources - Johannesburg,RAW_MATERIAL,Raw Material,0,Rest of World,Unaligned,Bulk chemical,0,Firm,Replaceable
RAW_MATERIAL_0474,7.0,0.0,0.0,0.0004948501429527,1111.0,339.0,407.0,339.0,0.0,0.0,0.0,0.0,0.0,326.0,0.0,0.0,13.0,Doran Resources - Xi'an,RAW_MATERIAL,Raw Material,0,China,East Asia,Silicon feedstock,0,Firm,Replaceable
RAW_MATERIAL_0475,8.0,0.0,0.0,0.0010513930060785,1111.0,99.0,348.0,99.0,2.0,0.0,0.0,0.0,1.0,326.0,0.0,0.0,-227.0,Rivet Feedstock - Dalian,RAW_MATERIAL,Raw Material,0,China,East Asia,Copper,0,Firm,Causes failure
RAW_MATERIAL_0476,2.0,0.0,0.0,0.0003296005188752,1111.0,601.0,975.0,601.0,0.0,0.0,0.0,0.0,0.0,326.0,0.0,0.0,275.0,Nevin Resources - Antofagasta 2,RAW_MATERIAL,Raw Material,0,Rest of World,Unaligned,Crude industrial gas,0,Firm,Replaceable
RAW_MATERIAL_0477,0.0,0.0,0.0,0.0001122065525757,1111.0,1533.0,1533.0,1111.0,0.0,0.0,0.0,0.0,0.0,326.0,0.0,0.0,785.0,Lumen Resources - Crolles,RAW_MATERIAL,Raw Material,0,Europe,Western,Bulk chemical,0,Firm,Replaceable
RAW_MATERIAL_0478,1.0,0.0,0.0,0.0002154419412767,1111.0,1022.0,1211.0,1022.0,0.0,0.0,0.0,0.0,0.0,326.0,0.0,0.0,696.0,Yarrow Resources - Antofagasta,RAW_MATERIAL,Raw Material,0,Rest of World,Unaligned,Gold,0,Firm,Replaceable
RAW_MATERIAL_0479,4.0,0.0,0.0,0.0003398594071532,1111.0,580.0,638.0,580.0,0.0,0.0,0.0,0.0,0.0,326.0,0.0,0.0,254.0,Kestrel Resources - Malta,RAW_MATERIAL,Raw Material,0,North America,Western,Crude industrial gas,0,Firm,Replaceable
RAW_MATERIAL_0480,0.0,0.0,0.0,0.0001122065525757,1111.0,1533.0,1533.0,1111.0,0.0,0.0,0.0,0.0,0.0,326.0,0.0,0.0,785.0,Verity Resources - Wuxi,RAW_MATERIAL,Raw Material,0,China,East Asia,Substrate resin,0,Firm,Replaceable
RAW_MATERIAL_0481,4.0,0.0,0.0,0.0003479400026453,1111.0,554.0,638.0,554.0,1.0,0.0,0.0,0.0,1.0,326.0,0.0,0.0,228.0,Granth Resources - Penang,RAW_MATERIAL,Raw Material,0,Southeast Asia,East Asia,Substrate resin,0,Firm,Causes failure
RAW_MATERIAL_0482,1.0,0.0,0.0,0.0002179089587113,1111.0,1010.0,1211.0,1010.0,0.0,0.0,0.0,0.0,0.0,326.0,0.0,0.0,684.0,Rivet Minerals - Batangas,RAW_MATERIAL,Raw Material,0,Southeast Asia,East Asia,Bulk chemical,0,Firm,Replaceable
RAW_MATERIAL_0483,2.0,0.0,0.0,0.0004414343073765,1111.0,413.0,975.0,413.0,0.0,0.0,0.0,0.0,0.0,326.0,0.0,0.0,87.0,Thorne Extraction - Penang,RAW_MATERIAL,Raw Material,0,Southeast Asia,East Asia,Copper,0,Firm,Replaceable
RAW_MATERIAL_0484,1.0,0.0,0.0,0.0002417271497347,1111.0,893.0,1211.0,893.0,0.0,0.0,0.0,0.0,0.0,326.0,0.0,0.0,567.0,Ystad Extraction - Chengdu,RAW_MATERIAL,Raw Material,0,China,East Asia,Bulk chemical,0,Firm,Replaceable
RAW_MATERIAL_0485,6.0,0.0,0.0,0.0006945820552883,1111.0,201.0,457.0,201.0,0.0,0.0,0.0,0.0,0.0,326.0,0.0,0.0,-125.0,Wexler Feedstock - Sanand,RAW_MATERIAL,Raw Material,0,South Asia,Unaligned,Copper,0,Firm,Replaceable
RAW_MATERIAL_0486,0.0,0.0,0.0,0.0001122065525757,1111.0,1533.0,1533.0,1111.0,0.0,0.0,0.0,0.0,0.0,326.0,0.0,0.0,785.0,Ivex Feedstock - Antofagasta,RAW_MATERIAL,Raw Material,0,Rest of World,Unaligned,Bulk chemical,0,Firm,Replaceable
RAW_MATERIAL_0487,0.0,0.0,0.0,0.0001122065525757,1111.0,1533.0,1533.0,1111.0,0.0,0.0,0.0,0.0,0.0,326.0,0.0,0.0,785.0,Kestrel Minerals - Kolwezi,RAW_MATERIAL,Raw Material,0,Rest of World,Unaligned,Silicon feedstock,0,Firm,Replaceable
RAW_MATERIAL_0488,0.0,0.0,0.0,0.0001122065525757,1111.0,1533.0,1533.0,1111.0,0.0,0.0,0.0,0.0,0.0,326.0,0.0,0.0,785.0,Trellis Feedstock - Dresden,RAW_MATERIAL,Raw Material,0,Europe,Western,Bulk chemical,0,Firm,Replaceable
RAW_MATERIAL_0489,3.0,0.0,0.0,0.0004255480411055,1111.0,433.0,774.0,433.0,0.0,0.0,0.0,0.0,0.0,326.0,0.0,0.0,107.0,Doran Extraction - Batangas,RAW_MATERIAL,Raw Material,0,Southeast Asia,East Asia,Silicon feedstock,0,Firm,Replaceable
RAW_MATERIAL_0490,22.0,0.0,0.0,0.0024176193906207,1111.0,23.0,92.0,23.0,7.0,2.0,1373180656.1229336,0.0010764658247682,4.0,171.0,1373180656.1229336,0.0010764658247682,-148.0,Granth Minerals - Eindhoven,RAW_MATERIAL,Raw Material,0,Europe,Western,Copper,0,Firm,Causes failure
RAW_MATERIAL_0491,0.0,0.0,0.0,0.0001122065525757,1111.0,1533.0,1533.0,1111.0,0.0,0.0,0.0,0.0,0.0,326.0,0.0,0.0,785.0,Calder Resources - Hillsboro,RAW_MATERIAL,Raw Material,0,North America,Western,Copper,0,Firm,Replaceable
RAW_MATERIAL_0492,3.0,0.0,0.0,0.0002463121572835,1111.0,876.0,774.0,774.0,0.0,0.0,0.0,0.0,0.0,326.0,0.0,0.0,448.0,Cortex Resources - Dresden,RAW_MATERIAL,Raw Material,0,Europe,Western,Bulk chemical,0,Firm,Replaceable
RAW_MATERIAL_0493,0.0,0.0,0.0,0.0001122065525757,1111.0,1533.0,1533.0,1111.0,0.0,0.0,0.0,0.0,0.0,326.0,0.0,0.0,785.0,Belan Minerals - Sanand,RAW_MATERIAL,Raw Material,0,South Asia,Unaligned,Crude industrial gas,0,Firm,Replaceable
RAW_MATERIAL_0494,15.0,0.0,0.0,0.0013281643972708,1111.0,69.0,157.0,69.0,25.0,15.0,18072951512.328262,0.0141677750622003,4.0,9.0,18072951512.328262,0.0141677750622003,60.0,Quill Feedstock - Tianjin,RAW_MATERIAL,Raw Material,0,China,East Asia,Gold,0,Firm,Causes failure
RAW_MATERIAL_0495,1.0,0.0,0.0,0.0002098616499955,1111.0,1042.0,1211.0,1042.0,0.0,0.0,0.0,0.0,0.0,326.0,0.0,0.0,716.0,Zephyr Feedstock - Austin,RAW_MATERIAL,Raw Material,0,North America,Western,Bulk chemical,0,Firm,Replaceable
RAW_MATERIAL_0496,0.0,0.0,0.0,0.0001122065525757,1111.0,1533.0,1533.0,1111.0,0.0,0.0,0.0,0.0,0.0,326.0,0.0,0.0,785.0,Umber Resources - Belo Horizonte,RAW_MATERIAL,Raw Material,0,Rest of World,Unaligned,Crude industrial gas,0,Firm,Replaceable
RAW_MATERIAL_0497,1.0,0.0,0.0,0.0001609148938012,1111.0,1276.0,1211.0,1111.0,0.0,0.0,0.0,0.0,0.0,326.0,0.0,0.0,785.0,Wend Resources - Perth 2,RAW_MATERIAL,Raw Material,0,Rest of World,Unaligned,Silicon feedstock,0,Firm,Replaceable
RAW_MATERIAL_0498,6.0,0.0,0.0,0.0003967455213858,1111.0,473.0,457.0,457.0,0.0,0.0,0.0,0.0,0.0,326.0,0.0,0.0,131.0,Yarrow Extraction - Hwaseong,RAW_MATERIAL,Raw Material,0,Korea,East Asia,Substrate resin,0,Firm,Replaceable
RAW_MATERIAL_0499,1.0,0.0,0.0,0.0002252074510187,1111.0,974.0,1211.0,974.0,0.0,0.0,0.0,0.0,0.0,326.0,0.0,0.0,648.0,Stade Minerals - Perth,RAW_MATERIAL,Raw Material,0,Rest of World,Unaligned,Bulk chemical,0,Firm,Replaceable
RAW_MATERIAL_0500,1.0,0.0,0.0,0.0002473670063229,1111.0,869.0,1211.0,869.0,0.0,0.0,0.0,0.0,0.0,326.0,0.0,0.0,543.0,Xanthe Extraction - Sanand,RAW_MATERIAL,Raw Material,0,South Asia,Unaligned,Copper,0,Firm,Replaceable
RAW_MATERIAL_0501,12.0,0.0,0.0,0.001184974276329,1111.0,79.0,213.0,79.0,0.0,0.0,0.0,0.0,0.0,326.0,0.0,0.0,-247.0,Elstow Resources - Shanghai,RAW_MATERIAL,Raw Material,0,China,East Asia,Bulk chemical,0,Firm,Replaceable
RAW_MATERIAL_0502,2.0,0.0,0.0,0.0003376419464528,1111.0,584.0,975.0,584.0,6.0,0.0,0.0,0.0,3.0,326.0,0.0,0.0,258.0,Halcy Minerals - Penang,RAW_MATERIAL,Raw Material,0,Southeast Asia,East Asia,Rare earth elements,0,Firm,Causes failure
RAW_MATERIAL_0503,0.0,0.0,0.0,0.0001122065525757,1111.0,1533.0,1533.0,1111.0,0.0,0.0,0.0,0.0,0.0,326.0,0.0,0.0,785.0,Palter Resources - Hillsboro,RAW_MATERIAL,Raw Material,0,North America,Western,Crude industrial gas,0,Firm,Replaceable
RAW_MATERIAL_0504,5.0,0.0,0.0,0.0005255668511588,1111.0,302.0,549.0,302.0,0.0,0.0,0.0,0.0,0.0,326.0,0.0,0.0,-24.0,Noral Minerals - Tianjin 2,RAW_MATERIAL,Raw Material,0,China,East Asia,Crude industrial gas,0,Firm,Replaceable
RAW_MATERIAL_0505,9.0,0.0,0.0,0.0008329302630211,1111.0,145.0,304.0,145.0,0.0,0.0,0.0,0.0,0.0,326.0,0.0,0.0,-181.0,Mervi Feedstock - Kolwezi 2,RAW_MATERIAL,Raw Material,0,Rest of World,Unaligned,Bulk chemical,0,Firm,Replaceable
RAW_MATERIAL_0506,6.0,0.0,0.0,0.0008460595416074,1111.0,140.0,457.0,140.0,2.0,0.0,0.0,0.0,2.0,326.0,0.0,0.0,-186.0,Brant Extraction - Penang,RAW_MATERIAL,Raw Material,0,Southeast Asia,East Asia,Substrate resin,0,Firm,Causes failure
RAW_MATERIAL_0507,0.0,0.0,0.0,0.0001122065525757,1111.0,1533.0,1533.0,1111.0,0.0,0.0,0.0,0.0,0.0,326.0,0.0,0.0,785.0,Kestrel Feedstock - Leixlip,RAW_MATERIAL,Raw Material,0,Europe,Western,Silicon feedstock,0,Firm,Replaceable
RAW_MATERIAL_0508,6.0,0.0,0.0,0.0008684944749962,1111.0,129.0,457.0,129.0,1.0,0.0,0.0,0.0,1.0,326.0,0.0,0.0,-197.0,Ader Minerals - Batam,RAW_MATERIAL,Raw Material,0,Southeast Asia,East Asia,Copper,0,Firm,Causes failure
RAW_MATERIAL_0509,0.0,0.0,0.0,0.0001122065525757,1111.0,1533.0,1533.0,1111.0,0.0,0.0,0.0,0.0,0.0,326.0,0.0,0.0,785.0,Rivet Minerals - Hillsboro,RAW_MATERIAL,Raw Material,0,North America,Western,Copper,0,Firm,Replaceable
RAW_MATERIAL_0510,7.0,0.0,0.0,0.0007350265963804,1111.0,184.0,407.0,184.0,17.0,2.0,543016403.8228772,0.0004256822278972,5.0,261.0,543016403.8228772,0.0004256822278972,-77.0,Calder Feedstock - Wuxi,RAW_MATERIAL,Raw Material,0,China,East Asia,Rare earth elements,0,Firm,Causes failure
RAW_MATERIAL_0511,0.0,0.0,0.0,0.0001122065525757,1111.0,1533.0,1533.0,1111.0,0.0,0.0,0.0,0.0,0.0,326.0,0.0,0.0,785.0,Ader Minerals - Dalian 2,RAW_MATERIAL,Raw Material,0,China,East Asia,Crude industrial gas,0,Firm,Replaceable
RAW_MATERIAL_0512,1.0,0.0,0.0,0.0002314311235978,1111.0,939.0,1211.0,939.0,1.0,0.0,0.0,0.0,1.0,326.0,0.0,0.0,613.0,Quarn Extraction - Wuxi 2,RAW_MATERIAL,Raw Material,0,China,East Asia,Rare earth elements,0,Firm,Causes failure
RAW_MATERIAL_0513,2.0,0.0,0.0,0.0002253295662378,1111.0,973.0,975.0,973.0,0.0,0.0,0.0,0.0,0.0,326.0,0.0,0.0,647.0,Verity Extraction - Grenoble,RAW_MATERIAL,Raw Material,0,Europe,Western,Bulk chemical,0,Firm,Replaceable
RAW_MATERIAL_0514,2.0,0.0,0.0,0.000326774956923,1111.0,610.0,975.0,610.0,0.0,0.0,0.0,0.0,0.0,326.0,0.0,0.0,284.0,Noral Extraction - Taoyuan,RAW_MATERIAL,Raw Material,0,Taiwan,East Asia,Copper,0,Firm,Replaceable
RAW_MATERIAL_0515,6.0,0.0,0.0,0.0009382448197697,1111.0,116.0,457.0,116.0,0.0,0.0,0.0,0.0,0.0,326.0,0.0,0.0,-210.0,Renbeck Extraction - Hsinchu,RAW_MATERIAL,Raw Material,0,Taiwan,East Asia,Crude industrial gas,0,Firm,Replaceable
RAW_MATERIAL_0516,1.0,0.0,0.0,0.0002112567228158,1111.0,1035.0,1211.0,1035.0,0.0,0.0,0.0,0.0,0.0,326.0,0.0,0.0,709.0,Ivex Feedstock - Perth,RAW_MATERIAL,Raw Material,0,Rest of World,Unaligned,Crude industrial gas,0,Firm,Replaceable
RAW_MATERIAL_0517,1.0,0.0,0.0,0.0002252074510187,1111.0,974.0,1211.0,974.0,0.0,0.0,0.0,0.0,0.0,326.0,0.0,0.0,648.0,Korrin Feedstock - Johannesburg 2,RAW_MATERIAL,Raw Material,0,Rest of World,Unaligned,Bulk chemical,0,Firm,Replaceable
RAW_MATERIAL_0518,0.0,0.0,0.0,0.0001122065525757,1111.0,1533.0,1533.0,1111.0,0.0,0.0,0.0,0.0,0.0,326.0,0.0,0.0,785.0,Trellis Extraction - Antofagasta,RAW_MATERIAL,Raw Material,0,Rest of World,Unaligned,Crude industrial gas,0,Firm,Replaceable
RAW_MATERIAL_0519,1.0,0.0,0.0,0.0001254874693953,1111.0,1481.0,1211.0,1111.0,0.0,0.0,0.0,0.0,0.0,326.0,0.0,0.0,785.0,Ivex Extraction - Pune,RAW_MATERIAL,Raw Material,0,South Asia,Unaligned,Substrate resin,0,Firm,Replaceable
REFINED_MATERIAL_0000,0.0,2.0,0.0,0.0001122065525757,1111.0,1533.0,1533.0,1111.0,0.0,0.0,0.0,0.0,0.0,326.0,0.0,0.0,785.0,Calder Specialty - Shanghai,REFINED_MATERIAL,Refined Material,1,China,East Asia,Silicon wafer,0,Firm,Replaceable
REFINED_MATERIAL_0001,6.0,4.0,7.957378942871153e-05,0.0001688242679867,795.0,1243.0,457.0,457.0,2.0,0.0,0.0,0.0,1.0,326.0,0.0,0.0,131.0,Oxbow Advanced Materials - Hsinchu,REFINED_MATERIAL,Refined Material,1,Taiwan,East Asia,Photoresist,0,Firm,Causes failure
REFINED_MATERIAL_0002,4.0,6.0,0.0001533621773402,0.0002177881967108,639.0,1011.0,638.0,638.0,0.0,0.0,0.0,0.0,0.0,326.0,0.0,0.0,312.0,Holt Advanced Materials - Yokkaichi,REFINED_MATERIAL,Refined Material,1,Japan,East Asia,Packaging substrate,0,Firm,Replaceable
REFINED_MATERIAL_0003,0.0,5.0,0.0,0.0001122065525757,1111.0,1533.0,1533.0,1111.0,0.0,0.0,0.0,0.0,0.0,326.0,0.0,0.0,785.0,Lethe Chemical - Yokkaichi,REFINED_MATERIAL,Refined Material,1,Japan,East Asia,Bonding wire,0,Firm,Replaceable
REFINED_MATERIAL_0004,0.0,2.0,0.0,0.0001122065525757,1111.0,1533.0,1533.0,1111.0,0.0,0.0,0.0,0.0,0.0,326.0,0.0,0.0,785.0,Palter Advanced Materials - Bangkok,REFINED_MATERIAL,Refined Material,1,Southeast Asia,East Asia,Process gas,0,Firm,Replaceable
REFINED_MATERIAL_0005,10.0,2.0,9.64659212053802e-05,0.000177643882194,756.0,1199.0,267.0,267.0,3.0,0.0,0.0,0.0,1.0,326.0,0.0,0.0,-59.0,Alder Materials - Taichung,REFINED_MATERIAL,Refined Material,1,Taiwan,East Asia,Silicon wafer,0,Firm,Causes failure
REFINED_MATERIAL_0006,5.0,2.0,3.0125005168264105e-05,0.0003452072553829,950.0,560.0,549.0,549.0,0.0,0.0,0.0,0.0,0.0,326.0,0.0,0.0,223.0,Belan Chemical - Tainan,REFINED_MATERIAL,Refined Material,1,Taiwan,East Asia,Bonding wire,0,Firm,Replaceable
REFINED_MATERIAL_0007,4.0,3.0,3.242549048577695e-05,0.0001365985108038,937.0,1411.0,638.0,638.0,1.0,0.0,0.0,0.0,1.0,326.0,0.0,0.0,312.0,Gethin Chemical - Dalian,REFINED_MATERIAL,Refined Material,1,China,East Asia,Silicon wafer,0,Firm,Causes failure
REFINED_MATERIAL_0008,2.0,6.0,3.819620254954482e-05,0.0001581302351699,918.0,1292.0,975.0,918.0,0.0,0.0,0.0,0.0,0.0,326.0,0.0,0.0,592.0,Prendel Materials - Kaohsiung,REFINED_MATERIAL,Refined Material,1,Taiwan,East Asia,Bonding wire,0,Firm,Replaceable
REFINED_MATERIAL_0009,0.0,3.0,0.0,0.0001122065525757,1111.0,1533.0,1533.0,1111.0,0.0,0.0,0.0,0.0,0.0,326.0,0.0,0.0,785.0,Stade Materials - Nagano,REFINED_MATERIAL,Refined Material,1,Japan,East Asia,Packaging substrate,0,Firm,Replaceable
REFINED_MATERIAL_0010,7.0,5.0,0.0004937070962429,0.0001623148666742,247.0,1269.0,407.0,247.0,20.0,4.0,951576907.9572312,0.0007459615866907,4.0,215.0,951576907.9572312,0.0007459615866907,32.0,Ulvid Chemical - Gumi,REFINED_MATERIAL,Refined Material,1,Korea,East Asia,Photoresist,0,Firm,Causes failure
REFINED_MATERIAL_0011,0.0,6.0,0.0,0.0001122065525757,1111.0,1533.0,1533.0,1111.0,0.0,0.0,0.0,0.0,0.0,326.0,0.0,0.0,785.0,Xanthe Materials - Nagano,REFINED_MATERIAL,Refined Material,1,Japan,East Asia,Silicon wafer,0,Firm,Replaceable
REFINED_MATERIAL_0012,4.0,1.0,5.543265661409022e-06,0.000193839570929,1082.0,1135.0,638.0,638.0,0.0,0.0,0.0,0.0,0.0,326.0,0.0,0.0,312.0,Ember Advanced Materials - Bangkok,REFINED_MATERIAL,Refined Material,1,Southeast Asia,East Asia,Photoresist,0,Firm,Replaceable
REFINED_MATERIAL_0013,7.0,3.0,0.0006339295290686,0.0007697397923256,169.0,169.0,407.0,169.0,0.0,0.0,0.0,0.0,0.0,326.0,0.0,0.0,-157.0,Halcy Materials - Yokkaichi,REFINED_MATERIAL,Refined Material,1,Japan,East Asia,PCB laminate,0,Firm,Replaceable
REFINED_MATERIAL_0014,3.0,3.0,0.0002093044428688,0.0001886825592262,528.0,1151.0,774.0,528.0,0.0,0.0,0.0,0.0,0.0,326.0,0.0,0.0,202.0,Solvex Specialty - Kaohsiung,REFINED_MATERIAL,Refined Material,1,Taiwan,East Asia,Silicon wafer,0,Firm,Replaceable
REFINED_MATERIAL_0015,11.0,2.0,0.0005233107807508,0.0007385033381161,222.0,182.0,234.0,182.0,0.0,0.0,0.0,0.0,0.0,326.0,0.0,0.0,-144.0,Quarn Specialty - Kumamoto,REFINED_MATERIAL,Refined Material,1,Japan,East Asia,Process gas,0,Firm,Replaceable
REFINED_MATERIAL_0016,1.0,3.0,0.0002052412391466,0.0001239334870847,543.0,1495.0,1211.0,543.0,0.0,0.0,0.0,0.0,0.0,326.0,0.0,0.0,217.0,Wexler Advanced Materials - Grenoble,REFINED_MATERIAL,Refined Material,1,Europe,Western,Photoresist,0,Firm,Replaceable
REFINED_MATERIAL_0017,3.0,5.0,0.0001848615529822,0.0001906140251667,581.0,1147.0,774.0,581.0,1.0,0.0,0.0,0.0,1.0,326.0,0.0,0.0,255.0,Rivet Specialty - Wuxi,REFINED_MATERIAL,Refined Material,1,China,East Asia,Packaging substrate,0,Firm,Causes failure
REFINED_MATERIAL_0018,0.0,5.0,0.0,0.0001122065525757,1111.0,1533.0,1533.0,1111.0,0.0,0.0,0.0,0.0,0.0,326.0,0.0,0.0,785.0,Ivex Materials - Batam,REFINED_MATERIAL,Refined Material,1,Southeast Asia,East Asia,Packaging substrate,0,Firm,Replaceable
REFINED_MATERIAL_0019,0.0,6.0,0.0,0.0001122065525757,1111.0,1533.0,1533.0,1111.0,0.0,0.0,0.0,0.0,0.0,326.0,0.0,0.0,785.0,Isar Advanced Materials - Hiroshima,REFINED_MATERIAL,Refined Material,1,Japan,East Asia,Process gas,0,Firm,Replaceable
REFINED_MATERIAL_0020,9.0,5.0,0.0009039817246443,0.0008673732994814,108.0,130.0,304.0,108.0,2.0,0.0,0.0,0.0,1.0,326.0,0.0,0.0,-218.0,Zephyr Specialty - Yokkaichi,REFINED_MATERIAL,Refined Material,1,Japan,East Asia,PCB laminate,0,Firm,Causes failure
REFINED_MATERIAL_0021,4.0,3.0,2.55617217423445e-05,0.0001311372837994,978.0,1436.0,638.0,638.0,0.0,0.0,0.0,0.0,0.0,326.0,0.0,0.0,312.0,Palter Materials - Hsinchu,REFINED_MATERIAL,Refined Material,1,Taiwan,East Asia,Silicon wafer,0,Firm,Replaceable
REFINED_MATERIAL_0022,4.0,5.0,7.657469449098457e-05,0.0001997643264307,802.0,1099.0,638.0,638.0,3.0,0.0,0.0,0.0,2.0,326.0,0.0,0.0,312.0,Cortex Chemical - Nagano,REFINED_MATERIAL,Refined Material,1,Japan,East Asia,Packaging substrate,0,Firm,Causes failure
REFINED_MATERIAL_0023,4.0,7.0,0.0001232786413383,0.0001553418194395,689.0,1307.0,638.0,638.0,0.0,0.0,0.0,0.0,0.0,326.0,0.0,0.0,312.0,Nevin Specialty - Kumamoto,REFINED_MATERIAL,Refined Material,1,Japan,East Asia,CMP slurry,0,Firm,Replaceable
REFINED_MATERIAL_0024,3.0,6.0,5.794813002465567e-05,0.0001914370809435,858.0,1144.0,774.0,774.0,0.0,0.0,0.0,0.0,0.0,326.0,0.0,0.0,448.0,Doran Advanced Materials - Bangkok,REFINED_MATERIAL,Refined Material,1,Southeast Asia,East Asia,Bonding wire,0,Firm,Replaceable
REFINED_MATERIAL_0025,8.0,2.0,8.996397358550741e-05,0.0002845053701403,770.0,725.0,348.0,348.0,22.0,6.0,3709333912.094555,0.0029078265639842,4.0,87.0,3709333912.094555,0.0029078265639842,261.0,Solvex Chemical - Hwaseong,REFINED_MATERIAL,Refined Material,1,Korea,East Asia,Photoresist,0,Firm,Causes failure
REFINED_MATERIAL_0026,15.0,2.0,0.0003100603199231,0.0002168227866628,386.0,1015.0,157.0,157.0,17.0,6.0,3709333912.094555,0.0029078265639842,4.0,87.0,3709333912.094555,0.0029078265639842,70.0,Ystad Chemical - Taichung,REFINED_MATERIAL,Refined Material,1,Taiwan,East Asia,Silicon wafer,0,Firm,Causes failure
REFINED_MATERIAL_0027,0.0,5.0,0.0,0.0001122065525757,1111.0,1533.0,1533.0,1111.0,0.0,0.0,0.0,0.0,0.0,326.0,0.0,0.0,785.0,Trellis Advanced Materials - Kumamoto,REFINED_MATERIAL,Refined Material,1,Japan,East Asia,Packaging substrate,0,Firm,Replaceable
REFINED_MATERIAL_0028,44.0,8.0,0.004774388248338,0.0018426388417985,15.0,38.0,44.0,15.0,11.0,5.0,5214742261.816813,0.0040879485192207,2.0,61.0,5214742261.816813,0.0040879485192207,-46.0,Alder Materials - Yokkaichi,REFINED_MATERIAL,Refined Material,1,Japan,East Asia,PCB laminate,0,Firm,Causes failure
REFINED_MATERIAL_0029,1.0,4.0,7.075806667945052e-05,0.0001159799625587,821.0,1529.0,1211.0,821.0,0.0,0.0,0.0,0.0,0.0,326.0,0.0,0.0,495.0,Ader Specialty - Hwaseong,REFINED_MATERIAL,Refined Material,1,Korea,East Asia,Silicon wafer,0,Firm,Replaceable
REFINED_MATERIAL_0030,27.0,7.0,0.0002979224096758,0.0008358822459331,399.0,144.0,73.0,73.0,0.0,0.0,0.0,0.0,0.0,326.0,0.0,0.0,-253.0,Holt Advanced Materials - Shenzhen,REFINED_MATERIAL,Refined Material,1,China,East Asia,Bonding wire,0,Firm,Replaceable
REFINED_MATERIAL_0031,1.0,4.0,7.61251820513868e-06,0.0001181662138755,1068.0,1523.0,1211.0,1068.0,0.0,0.0,0.0,0.0,0.0,326.0,0.0,0.0,742.0,Yarrow Materials - Ottawa,REFINED_MATERIAL,Refined Material,1,North America,Western,Photoresist,0,Firm,Replaceable
REFINED_MATERIAL_0032,6.0,5.0,0.0002279648390907,0.0002723971518937,492.0,770.0,457.0,457.0,0.0,0.0,0.0,0.0,0.0,326.0,0.0,0.0,131.0,Nevin Advanced Materials - Hillsboro,REFINED_MATERIAL,Refined Material,1,North America,Western,Process gas,0,Firm,Replaceable
REFINED_MATERIAL_0033,1.0,2.0,6.064570759438704e-05,0.0002603150445119,851.0,819.0,1211.0,819.0,0.0,0.0,0.0,0.0,0.0,326.0,0.0,0.0,493.0,Holt Advanced Materials - Bac Ninh,REFINED_MATERIAL,Refined Material,1,Southeast Asia,East Asia,PCB laminate,0,Firm,Replaceable
REFINED_MATERIAL_0034,0.0,3.0,0.0,0.0001122065525757,1111.0,1533.0,1533.0,1111.0,0.0,0.0,0.0,0.0,0.0,326.0,0.0,0.0,785.0,Verity Chemical - Hillsboro,REFINED_MATERIAL,Refined Material,1,North America,Western,Process gas,0,Firm,Replaceable
REFINED_MATERIAL_0035,9.0,2.0,0.0002578869393509,0.0004001523829942,444.0,468.0,304.0,304.0,1.0,0.0,0.0,0.0,1.0,326.0,0.0,0.0,-22.0,Nevin Chemical - Tianjin,REFINED_MATERIAL,Refined Material,1,China,East Asia,Process gas,0,Firm,Causes failure
REFINED_MATERIAL_0036,12.0,6.0,0.0012682378287391,0.0008781164672583,66.0,128.0,213.0,66.0,1.0,0.0,0.0,0.0,1.0,326.0,0.0,0.0,-260.0,Stade Chemical - Taichung,REFINED_MATERIAL,Refined Material,1,Taiwan,East Asia,PCB laminate,0,Firm,Causes failure
REFINED_MATERIAL_0037,4.0,4.0,0.0003714307257568,0.0005622831489209,332.0,275.0,638.0,275.0,1.0,0.0,0.0,0.0,1.0,326.0,0.0,0.0,-51.0,Ystad Materials - Hiroshima,REFINED_MATERIAL,Refined Material,1,Japan,East Asia,PCB laminate,0,Firm,Causes failure
REFINED_MATERIAL_0038,0.0,6.0,0.0,0.0001122065525757,1111.0,1533.0,1533.0,1111.0,0.0,0.0,0.0,0.0,0.0,326.0,0.0,0.0,785.0,Vantor Materials - Yokkaichi,REFINED_MATERIAL,Refined Material,1,Japan,East Asia,PCB laminate,0,Firm,Replaceable
REFINED_MATERIAL_0039,10.0,7.0,0.0012027080332263,0.0007924735410689,73.0,156.0,267.0,73.0,1.0,0.0,0.0,0.0,1.0,326.0,0.0,0.0,-253.0,Nevin Advanced Materials - Bac Ninh,REFINED_MATERIAL,Refined Material,1,Southeast Asia,East Asia,PCB laminate,0,Firm,Causes failure
REFINED_MATERIAL_0040,1.0,3.0,7.484613054606972e-06,0.0001457749384694,1069.0,1361.0,1211.0,1069.0,0.0,0.0,0.0,0.0,0.0,326.0,0.0,0.0,743.0,Alder Chemical - Grenoble,REFINED_MATERIAL,Refined Material,1,Europe,Western,Photoresist,0,Firm,Replaceable
REFINED_MATERIAL_0041,6.0,4.0,6.45718031335893e-05,0.0002499407411431,840.0,857.0,457.0,457.0,0.0,0.0,0.0,0.0,0.0,326.0,0.0,0.0,131.0,Granth Chemical - Austin,REFINED_MATERIAL,Refined Material,1,North America,Western,Process gas,0,Firm,Replaceable
REFINED_MATERIAL_0042,26.0,4.0,0.0003037150838912,0.0010924913655699,394.0,93.0,76.0,76.0,1.0,0.0,0.0,0.0,1.0,326.0,0.0,0.0,-250.0,Rivet Materials - Dalian,REFINED_MATERIAL,Refined Material,1,China,East Asia,PCB laminate,0,Firm,Causes failure
REFINED_MATERIAL_0043,5.0,5.0,0.0001098693189763,0.0002534419862183,716.0,844.0,549.0,549.0,2.0,0.0,0.0,0.0,1.0,326.0,0.0,0.0,223.0,Brant Advanced Materials - Chandler,REFINED_MATERIAL,Refined Material,1,North America,Western,Packaging substrate,0,Firm,Causes failure
REFINED_MATERIAL_0044,1.0,5.0,2.299773641404198e-05,0.0001547669916629,990.0,1308.0,1211.0,990.0,0.0,0.0,0.0,0.0,0.0,326.0,0.0,0.0,664.0,Ader Materials - Shenzhen,REFINED_MATERIAL,Refined Material,1,China,East Asia,Packaging substrate,0,Firm,Replaceable
REFINED_MATERIAL_0045,2.0,6.0,0.0001693334635095,0.000125235539882,605.0,1484.0,975.0,605.0,0.0,0.0,0.0,0.0,0.0,326.0,0.0,0.0,279.0,Belan Advanced Materials - Pyeongtaek,REFINED_MATERIAL,Refined Material,1,Korea,East Asia,Packaging substrate,0,Firm,Replaceable
REFINED_MATERIAL_0046,0.0,2.0,0.0,0.0001122065525757,1111.0,1533.0,1533.0,1111.0,0.0,0.0,0.0,0.0,0.0,326.0,0.0,0.0,785.0,Prendel Advanced Materials - Villach,REFINED_MATERIAL,Refined Material,1,Europe,Western,Silicon wafer,0,Firm,Replaceable
REFINED_MATERIAL_0047,23.0,5.0,0.0018006164509499,0.0010077436203094,36.0,105.0,88.0,36.0,8.0,3.0,1360176517.174989,0.0010662716007995,2.0,179.0,1360176517.174989,0.0010662716007995,-143.0,Faryn Specialty - Hwaseong,REFINED_MATERIAL,Refined Material,1,Korea,East Asia,PCB laminate,0,Firm,Causes failure
REFINED_MATERIAL_0048,1.0,6.0,1.188066762801431e-05,0.0001145611952377,1045.0,1530.0,1211.0,1045.0,1.0,0.0,0.0,0.0,1.0,326.0,0.0,0.0,719.0,Ivex Advanced Materials - Shanghai,REFINED_MATERIAL,Refined Material,1,China,East Asia,Silicon wafer,0,Firm,Causes failure
REFINED_MATERIAL_0049,10.0,5.0,0.0002068031118792,0.0005737184675007,537.0,269.0,267.0,267.0,0.0,0.0,0.0,0.0,0.0,326.0,0.0,0.0,-59.0,Ulvid Advanced Materials - Crolles,REFINED_MATERIAL,Refined Material,1,Europe,Western,PCB laminate,0,Firm,Replaceable
REFINED_MATERIAL_0050,5.0,7.0,0.0001030394333862,0.0001565920643812,735.0,1300.0,549.0,549.0,0.0,0.0,0.0,0.0,0.0,326.0,0.0,0.0,223.0,Holt Chemical - Chengdu,REFINED_MATERIAL,Refined Material,1,China,East Asia,Silicon wafer,0,Firm,Replaceable
REFINED_MATERIAL_0051,0.0,4.0,0.0,0.0001122065525757,1111.0,1533.0,1533.0,1111.0,0.0,0.0,0.0,0.0,0.0,326.0,0.0,0.0,785.0,Ferrin Chemical - Pyeongtaek,REFINED_MATERIAL,Refined Material,1,Korea,East Asia,Packaging substrate,0,Firm,Replaceable
REFINED_MATERIAL_0052,2.0,2.0,0.0001951248797483,0.00013402507695,567.0,1420.0,975.0,567.0,0.0,0.0,0.0,0.0,0.0,326.0,0.0,0.0,241.0,Halcy Advanced Materials - Kitakyushu,REFINED_MATERIAL,Refined Material,1,Japan,East Asia,Silicon wafer,0,Firm,Replaceable
REFINED_MATERIAL_0053,0.0,6.0,0.0,0.0001122065525757,1111.0,1533.0,1533.0,1111.0,0.0,0.0,0.0,0.0,0.0,326.0,0.0,0.0,785.0,Wexler Advanced Materials - Austin,REFINED_MATERIAL,Refined Material,1,North America,Western,Silicon wafer,0,Firm,Replaceable
REFINED_MATERIAL_0054,3.0,5.0,8.658395387527428e-05,0.0001782953033696,776.0,1194.0,774.0,774.0,0.0,0.0,0.0,0.0,0.0,326.0,0.0,0.0,448.0,Solvex Advanced Materials - Taichung,REFINED_MATERIAL,Refined Material,1,Taiwan,East Asia,Packaging substrate,0,Firm,Replaceable
REFINED_MATERIAL_0055,7.0,4.0,8.553277943636068e-05,0.0003183760573204,780.0,636.0,407.0,407.0,0.0,0.0,0.0,0.0,0.0,326.0,0.0,0.0,81.0,Korrin Chemical - Batam,REFINED_MATERIAL,Refined Material,1,Southeast Asia,East Asia,Packaging substrate,0,Firm,Replaceable
REFINED_MATERIAL_0056,11.0,6.0,0.0005177593563077,0.0002945354768118,228.0,696.0,234.0,228.0,0.0,0.0,0.0,0.0,0.0,326.0,0.0,0.0,-98.0,Isar Specialty - Tainan,REFINED_MATERIAL,Refined Material,1,Taiwan,East Asia,Process gas,0,Firm,Replaceable
REFINED_MATERIAL_0057,3.0,5.0,7.12480264069107e-05,0.0001766086559944,816.0,1202.0,774.0,774.0,0.0,0.0,0.0,0.0,0.0,326.0,0.0,0.0,448.0,Isar Advanced Materials - Kumamoto,REFINED_MATERIAL,Refined Material,1,Japan,East Asia,Bonding wire,0,Firm,Replaceable
REFINED_MATERIAL_0058,2.0,2.0,1.460015925622791e-05,0.0001384408551247,1036.0,1400.0,975.0,975.0,0.0,0.0,0.0,0.0,0.0,326.0,0.0,0.0,649.0,Granth Advanced Materials - Kaohsiung,REFINED_MATERIAL,Refined Material,1,Taiwan,East Asia,Photoresist,0,Firm,Replaceable
REFINED_MATERIAL_0059,1.0,6.0,1.1267455988105292e-05,0.0001193132277459,1049.0,1512.0,1211.0,1049.0,0.0,0.0,0.0,0.0,0.0,326.0,0.0,0.0,723.0,Jarn Chemical - Austin,REFINED_MATERIAL,Refined Material,1,North America,Western,Packaging substrate,0,Firm,Replaceable
REFINED_MATERIAL_0060,9.0,4.0,5.049428383951447e-05,0.0003410851093051,883.0,576.0,304.0,304.0,0.0,0.0,0.0,0.0,0.0,326.0,0.0,0.0,-22.0,Solvex Specialty - Shenzhen,REFINED_MATERIAL,Refined Material,1,China,East Asia,Bonding wire,0,Firm,Replaceable
REFINED_MATERIAL_0061,8.0,3.0,0.0003589065357455,0.0008090036036114,343.0,151.0,348.0,151.0,0.0,0.0,0.0,0.0,0.0,326.0,0.0,0.0,-175.0,Zephyr Advanced Materials - Kaohsiung,REFINED_MATERIAL,Refined Material,1,Taiwan,East Asia,PCB laminate,0,Firm,Replaceable
REFINED_MATERIAL_0062,1.0,2.0,4.791883399720052e-06,0.0001199333336187,1085.0,1510.0,1211.0,1085.0,0.0,0.0,0.0,0.0,0.0,326.0,0.0,0.0,759.0,Ulvid Specialty - Yokkaichi,REFINED_MATERIAL,Refined Material,1,Japan,East Asia,CMP slurry,0,Firm,Replaceable
REFINED_MATERIAL_0063,0.0,3.0,0.0,0.0001122065525757,1111.0,1533.0,1533.0,1111.0,0.0,0.0,0.0,0.0,0.0,326.0,0.0,0.0,785.0,Cortex Specialty - Nagano,REFINED_MATERIAL,Refined Material,1,Japan,East Asia,Photoresist,0,Firm,Replaceable
REFINED_MATERIAL_0064,1.0,8.0,0.0002743402334526,0.0001675695929638,427.0,1249.0,1211.0,427.0,0.0,0.0,0.0,0.0,0.0,326.0,0.0,0.0,101.0,Solvex Specialty - Kitakyushu,REFINED_MATERIAL,Refined Material,1,Japan,East Asia,Packaging substrate,0,Firm,Replaceable
REFINED_MATERIAL_0065,11.0,6.0,0.0004934224410356,0.0004327525687751,248.0,421.0,234.0,234.0,2.0,0.0,0.0,0.0,1.0,326.0,0.0,0.0,-92.0,Holt Chemical - Hwaseong,REFINED_MATERIAL,Refined Material,1,Korea,East Asia,Packaging substrate,0,Firm,Causes failure
REFINED_MATERIAL_0066,3.0,2.0,5.727001925251212e-05,0.0001546435339151,859.0,1309.0,774.0,774.0,0.0,0.0,0.0,0.0,0.0,326.0,0.0,0.0,448.0,Orvid Chemical - Crolles,REFINED_MATERIAL,Refined Material,1,Europe,Western,Process gas,0,Firm,Replaceable
REFINED_MATERIAL_0067,15.0,1.0,9.699381573181484e-05,0.0006606175322906,751.0,211.0,157.0,157.0,22.0,8.0,10564438710.280216,0.0082816905253994,3.0,32.0,10564438710.280216,0.0082816905253994,125.0,Zephyr Specialty - Leixlip,REFINED_MATERIAL,Refined Material,1,Europe,Western,Bonding wire,0,Firm,Causes failure
REFINED_MATERIAL_0068,3.0,5.0,0.0002979700782764,0.0001254953314116,398.0,1480.0,774.0,398.0,1.0,0.0,0.0,0.0,1.0,326.0,0.0,0.0,72.0,Ader Advanced Materials - Austin,REFINED_MATERIAL,Refined Material,1,North America,Western,Photoresist,0,Firm,Causes failure
REFINED_MATERIAL_0069,9.0,3.0,9.697896413814271e-05,0.0002148307845951,752.0,1026.0,304.0,304.0,5.0,0.0,0.0,0.0,2.0,326.0,0.0,0.0,-22.0,Cortex Specialty - Hsinchu,REFINED_MATERIAL,Refined Material,1,Taiwan,East Asia,Photoresist,0,Firm,Causes failure
REFINED_MATERIAL_0070,2.0,5.0,4.972821942719368e-05,0.0001280302374297,885.0,1465.0,975.0,885.0,0.0,0.0,0.0,0.0,0.0,326.0,0.0,0.0,559.0,Ulvid Advanced Materials - Hwaseong,REFINED_MATERIAL,Refined Material,1,Korea,East Asia,Silicon wafer,0,Firm,Replaceable
REFINED_MATERIAL_0071,17.0,6.0,0.0004124784952732,0.0005083933597498,305.0,324.0,132.0,132.0,2.0,0.0,0.0,0.0,2.0,326.0,0.0,0.0,-194.0,Quill Materials - Taoyuan,REFINED_MATERIAL,Refined Material,1,Taiwan,East Asia,Bonding wire,0,Firm,Causes failure
REFINED_MATERIAL_0072,1.0,3.0,1.2472923529042976e-05,0.0001215139657418,1043.0,1504.0,1211.0,1043.0,2.0,0.0,0.0,0.0,2.0,326.0,0.0,0.0,717.0,Elstow Materials - Hwaseong,REFINED_MATERIAL,Refined Material,1,Korea,East Asia,CMP slurry,0,Firm,Causes failure
REFINED_MATERIAL_0073,5.0,2.0,8.370855014478931e-05,0.0002065105777418,785.0,1060.0,549.0,549.0,0.0,0.0,0.0,0.0,0.0,326.0,0.0,0.0,223.0,Jorel Advanced Materials - Yokkaichi,REFINED_MATERIAL,Refined Material,1,Japan,East Asia,Process gas,0,Firm,Replaceable
REFINED_MATERIAL_0074,0.0,8.0,0.0,0.0001122065525757,1111.0,1533.0,1533.0,1111.0,0.0,0.0,0.0,0.0,0.0,326.0,0.0,0.0,785.0,Ader Specialty - Xi'an,REFINED_MATERIAL,Refined Material,1,China,East Asia,Bonding wire,0,Firm,Replaceable
REFINED_MATERIAL_0075,0.0,4.0,0.0,0.0001122065525757,1111.0,1533.0,1533.0,1111.0,0.0,0.0,0.0,0.0,0.0,326.0,0.0,0.0,785.0,Mordant Chemical - Yokkaichi,REFINED_MATERIAL,Refined Material,1,Japan,East Asia,Photoresist,0,Firm,Replaceable
REFINED_MATERIAL_0076,0.0,3.0,0.0,0.0001122065525757,1111.0,1533.0,1533.0,1111.0,0.0,0.0,0.0,0.0,0.0,326.0,0.0,0.0,785.0,Zephyr Specialty - Eindhoven,REFINED_MATERIAL,Refined Material,1,Europe,Western,Silicon wafer,0,Firm,Replaceable
REFINED_MATERIAL_0077,14.0,6.0,0.000337245254809,0.0004410346368065,358.0,415.0,175.0,175.0,19.0,14.0,23374487601.38156,0.018323763127714,3.0,6.0,23374487601.38156,0.018323763127714,169.0,Granth Specialty - Bangkok,REFINED_MATERIAL,Refined Material,1,Southeast Asia,East Asia,Bonding wire,0,Firm,Causes failure
REFINED_MATERIAL_0078,7.0,7.0,0.0003306277360596,0.0002739850811523,364.0,762.0,407.0,364.0,3.0,0.0,0.0,0.0,1.0,326.0,0.0,0.0,38.0,Quill Advanced Materials - Sendai,REFINED_MATERIAL,Refined Material,1,Japan,East Asia,Packaging substrate,0,Firm,Causes failure
REFINED_MATERIAL_0079,5.0,5.0,0.0004198501751624,0.0003016422748253,302.0,674.0,549.0,302.0,3.0,0.0,0.0,0.0,2.0,326.0,0.0,0.0,-24.0,Kestrel Materials - Leixlip,REFINED_MATERIAL,Refined Material,1,Europe,Western,Packaging substrate,0,Firm,Causes failure
REFINED_MATERIAL_0080,15.0,2.0,2.148907027613974e-05,0.0003565381533584,1004.0,536.0,157.0,157.0,7.0,0.0,0.0,0.0,2.0,326.0,0.0,0.0,-169.0,Wend Materials - Tainan,REFINED_MATERIAL,Refined Material,1,Taiwan,East Asia,Photoresist,0,Firm,Causes failure
REFINED_MATERIAL_0081,7.0,5.0,9.669828373184496e-05,0.0002623763338133,754.0,810.0,407.0,407.0,0.0,0.0,0.0,0.0,0.0,326.0,0.0,0.0,81.0,Yarrow Materials - Tianjin,REFINED_MATERIAL,Refined Material,1,China,East Asia,Bonding wire,0,Firm,Replaceable
REFINED_MATERIAL_0082,1.0,2.0,1.7392067305885765e-05,0.0001279541503449,1025.0,1466.0,1211.0,1025.0,0.0,0.0,0.0,0.0,0.0,326.0,0.0,0.0,699.0,Ferrin Materials - Dresden,REFINED_MATERIAL,Refined Material,1,Europe,Western,CMP slurry,0,Firm,Replaceable
REFINED_MATERIAL_0083,4.0,6.0,0.0001997851894061,0.0002119770004882,557.0,1031.0,638.0,557.0,0.0,0.0,0.0,0.0,0.0,326.0,0.0,0.0,231.0,Stade Specialty - Kumamoto,REFINED_MATERIAL,Refined Material,1,Japan,East Asia,Packaging substrate,0,Firm,Replaceable
REFINED_MATERIAL_0084,3.0,6.0,0.0002484978121693,0.0001940028891774,456.0,1133.0,774.0,456.0,2.0,0.0,0.0,0.0,2.0,326.0,0.0,0.0,130.0,Halcy Advanced Materials - Pyeongtaek,REFINED_MATERIAL,Refined Material,1,Korea,East Asia,Packaging substrate,0,Firm,Causes failure
REFINED_MATERIAL_0085,1.0,3.0,1.925419361377831e-05,0.0001270147552724,1015.0,1470.0,1211.0,1015.0,0.0,0.0,0.0,0.0,0.0,326.0,0.0,0.0,689.0,Ystad Specialty - Kumamoto,REFINED_MATERIAL,Refined Material,1,Japan,East Asia,Silicon wafer,0,Firm,Replaceable
REFINED_MATERIAL_0086,6.0,5.0,0.000101873123059,0.0002809939309998,736.0,742.0,457.0,457.0,2.0,0.0,0.0,0.0,2.0,326.0,0.0,0.0,131.0,Ember Advanced Materials - Kitakyushu,REFINED_MATERIAL,Refined Material,1,Japan,East Asia,Packaging substrate,0,Firm,Causes failure
REFINED_MATERIAL_0087,7.0,1.0,0.0002146943748556,0.0006339769961759,518.0,230.0,407.0,230.0,4.0,1.0,2262585042.49147,0.0017736890357533,2.0,137.0,2262585042.49147,0.0017736890357533,93.0,Prendel Materials - Icheon,REFINED_MATERIAL,Refined Material,1,Korea,East Asia,Process gas,0,Firm,Causes failure
REFINED_MATERIAL_0088,1.0,1.0,7.627000297202363e-05,0.0001520995433019,804.0,1326.0,1211.0,804.0,0.0,0.0,0.0,0.0,0.0,326.0,0.0,0.0,478.0,Vantor Chemical - Shanghai,REFINED_MATERIAL,Refined Material,1,China,East Asia,Process gas,0,Firm,Replaceable
REFINED_MATERIAL_0089,3.0,5.0,0.0001701985713945,0.0002251453106801,603.0,982.0,774.0,603.0,0.0,0.0,0.0,0.0,0.0,326.0,0.0,0.0,277.0,Faryn Materials - Pyeongtaek,REFINED_MATERIAL,Refined Material,1,Korea,East Asia,Packaging substrate,0,Firm,Replaceable
REFINED_MATERIAL_0090,9.0,5.0,0.0002275749754047,0.0002034143924146,493.0,1075.0,304.0,304.0,7.0,2.0,543016403.8228772,0.0004256822278972,4.0,261.0,543016403.8228772,0.0004256822278972,43.0,Trellis Chemical - Chengdu,REFINED_MATERIAL,Refined Material,1,China,East Asia,CMP slurry,0,Firm,Causes failure
REFINED_MATERIAL_0091,0.0,5.0,0.0,0.0001122065525757,1111.0,1533.0,1533.0,1111.0,0.0,0.0,0.0,0.0,0.0,326.0,0.0,0.0,785.0,Quill Advanced Materials - Xi'an,REFINED_MATERIAL,Refined Material,1,China,East Asia,Packaging substrate,0,Firm,Replaceable
REFINED_MATERIAL_0092,51.0,8.0,0.0011109669157881,0.0014791964173938,84.0,58.0,34.0,34.0,42.0,10.0,7853229285.465719,0.0061563151958032,3.0,43.0,7853229285.465719,0.0061563151958032,-9.0,Kestrel Advanced Materials - Kaohsiung,REFINED_MATERIAL,Refined Material,1,Taiwan,East Asia,Packaging substrate,0,Firm,Causes failure
REFINED_MATERIAL_0093,1.0,3.0,4.097118387538803e-06,0.0001133887619596,1091.0,1532.0,1211.0,1091.0,0.0,0.0,0.0,0.0,0.0,326.0,0.0,0.0,765.0,Vantor Materials - Kaohsiung,REFINED_MATERIAL,Refined Material,1,Taiwan,East Asia,Photoresist,0,Firm,Replaceable
REFINED_MATERIAL_0094,3.0,1.0,4.064747219160979e-06,0.0001406355695189,1092.0,1390.0,774.0,774.0,0.0,0.0,0.0,0.0,0.0,326.0,0.0,0.0,448.0,Solvex Chemical - Shenzhen,REFINED_MATERIAL,Refined Material,1,China,East Asia,Silicon wafer,0,Firm,Replaceable
REFINED_MATERIAL_0095,3.0,3.0,0.0002551907299419,0.000258261298619,446.0,826.0,774.0,446.0,0.0,0.0,0.0,0.0,0.0,326.0,0.0,0.0,120.0,Prendel Materials - Yokkaichi,REFINED_MATERIAL,Refined Material,1,Japan,East Asia,Process gas,0,Firm,Replaceable
REFINED_MATERIAL_0096,0.0,3.0,0.0,0.0001122065525757,1111.0,1533.0,1533.0,1111.0,0.0,0.0,0.0,0.0,0.0,326.0,0.0,0.0,785.0,Korrin Chemical - Kitakyushu,REFINED_MATERIAL,Refined Material,1,Japan,East Asia,Bonding wire,0,Firm,Replaceable
REFINED_MATERIAL_0097,5.0,3.0,0.0002156859315579,0.0001608933656982,517.0,1277.0,549.0,517.0,0.0,0.0,0.0,0.0,0.0,326.0,0.0,0.0,191.0,Jarn Materials - Shenzhen,REFINED_MATERIAL,Refined Material,1,China,East Asia,Photoresist,0,Firm,Replaceable
REFINED_MATERIAL_0098,1.0,5.0,2.8943331791852585e-05,0.0001183604103494,961.0,1522.0,1211.0,961.0,0.0,0.0,0.0,0.0,0.0,326.0,0.0,0.0,635.0,Quill Chemical - Yokkaichi,REFINED_MATERIAL,Refined Material,1,Japan,East Asia,Packaging substrate,0,Firm,Replaceable
REFINED_MATERIAL_0099,0.0,5.0,0.0,0.0001122065525757,1111.0,1533.0,1533.0,1111.0,0.0,0.0,0.0,0.0,0.0,326.0,0.0,0.0,785.0,Prendel Advanced Materials - Sendai,REFINED_MATERIAL,Refined Material,1,Japan,East Asia,Packaging substrate,0,Firm,Replaceable
REFINED_MATERIAL_0100,0.0,5.0,0.0,0.0001122065525757,1111.0,1533.0,1533.0,1111.0,0.0,0.0,0.0,0.0,0.0,326.0,0.0,0.0,785.0,Doran Specialty - Icheon,REFINED_MATERIAL,Refined Material,1,Korea,East Asia,PCB laminate,0,Firm,Replaceable
REFINED_MATERIAL_0101,5.0,4.0,0.0002294893991424,0.0005275261792816,489.0,300.0,549.0,300.0,0.0,0.0,0.0,0.0,0.0,326.0,0.0,0.0,-26.0,Wend Specialty - Hsinchu,REFINED_MATERIAL,Refined Material,1,Taiwan,East Asia,PCB laminate,0,Firm,Replaceable
REFINED_MATERIAL_0102,2.0,4.0,0.0002734771215982,0.0001283789133063,430.0,1459.0,975.0,430.0,1.0,0.0,0.0,0.0,1.0,326.0,0.0,0.0,104.0,Ystad Chemical - Nagano,REFINED_MATERIAL,Refined Material,1,Japan,East Asia,Silicon wafer,0,Firm,Causes failure
REFINED_MATERIAL_0103,3.0,7.0,2.2700282087474164e-05,0.0002375850452094,992.0,917.0,774.0,774.0,0.0,0.0,0.0,0.0,0.0,326.0,0.0,0.0,448.0,Holt Materials - Wuxi,REFINED_MATERIAL,Refined Material,1,China,East Asia,Packaging substrate,0,Firm,Replaceable
REFINED_MATERIAL_0104,4.0,2.0,3.412848287228128e-05,0.0001560857562025,934.0,1303.0,638.0,638.0,6.0,1.0,1547303114.967901,0.0012129641619938,4.0,159.0,1547303114.967901,0.0012129641619938,479.0,Ystad Advanced Materials - Hillsboro,REFINED_MATERIAL,Refined Material,1,North America,Western,Silicon wafer,0,Firm,Causes failure
REFINED_MATERIAL_0105,4.0,6.0,0.0006482653836418,0.0005484651886379,162.0,287.0,638.0,162.0,0.0,0.0,0.0,0.0,0.0,326.0,0.0,0.0,-164.0,Quarn Materials - Sendai,REFINED_MATERIAL,Refined Material,1,Japan,East Asia,PCB laminate,0,Firm,Replaceable
REFINED_MATERIAL_0106,1.0,3.0,8.379341294323517e-06,0.0001181250387642,1065.0,1524.0,1211.0,1065.0,0.0,0.0,0.0,0.0,0.0,326.0,0.0,0.0,739.0,Belan Advanced Materials - Dresden,REFINED_MATERIAL,Refined Material,1,Europe,Western,Packaging substrate,0,Firm,Replaceable
REFINED_MATERIAL_0107,0.0,8.0,0.0,0.0001122065525757,1111.0,1533.0,1533.0,1111.0,0.0,0.0,0.0,0.0,0.0,326.0,0.0,0.0,785.0,Quill Advanced Materials - Chengdu,REFINED_MATERIAL,Refined Material,1,China,East Asia,PCB laminate,0,Firm,Replaceable
REFINED_MATERIAL_0108,6.0,4.0,5.545904027729277e-05,0.0001515491377765,864.0,1328.0,457.0,457.0,0.0,0.0,0.0,0.0,0.0,326.0,0.0,0.0,131.0,Faryn Chemical - Gumi,REFINED_MATERIAL,Refined Material,1,Korea,East Asia,Silicon wafer,0,Firm,Replaceable
REFINED_MATERIAL_0109,2.0,4.0,2.436708775620953e-05,0.000131086600626,986.0,1437.0,975.0,975.0,0.0,0.0,0.0,0.0,0.0,326.0,0.0,0.0,649.0,Belan Specialty - Guadalajara,REFINED_MATERIAL,Refined Material,1,North America,Western,PCB laminate,0,Firm,Replaceable
REFINED_MATERIAL_0110,2.0,6.0,8.447506331508755e-05,0.0001732182286452,783.0,1223.0,975.0,783.0,0.0,0.0,0.0,0.0,0.0,326.0,0.0,0.0,457.0,Ader Chemical - Chengdu,REFINED_MATERIAL,Refined Material,1,China,East Asia,Packaging substrate,0,Firm,Replaceable
REFINED_MATERIAL_0111,4.0,5.0,0.0001563057658304,0.0003607615605869,632.0,523.0,638.0,523.0,0.0,0.0,0.0,0.0,0.0,326.0,0.0,0.0,197.0,Belan Specialty - Shenzhen,REFINED_MATERIAL,Refined Material,1,China,East Asia,Packaging substrate,0,Firm,Replaceable
REFINED_MATERIAL_0112,0.0,4.0,0.0,0.0001122065525757,1111.0,1533.0,1533.0,1111.0,0.0,0.0,0.0,0.0,0.0,326.0,0.0,0.0,785.0,Vantor Specialty - Grenoble,REFINED_MATERIAL,Refined Material,1,Europe,Western,Silicon wafer,0,Firm,Replaceable
REFINED_MATERIAL_0113,17.0,4.0,0.0007340079739165,0.0008868983120078,139.0,126.0,132.0,126.0,3.0,1.0,286919756.2054659,0.0002249225625403,2.0,308.0,286919756.2054659,0.0002249225625403,-182.0,Renbeck Specialty - Yokkaichi,REFINED_MATERIAL,Refined Material,1,Japan,East Asia,Process gas,0,Firm,Causes failure
REFINED_MATERIAL_0114,1.0,5.0,0.0001685966955182,0.0001170523004921,607.0,1525.0,1211.0,607.0,0.0,0.0,0.0,0.0,0.0,326.0,0.0,0.0,281.0,Yarrow Chemical - Grenoble,REFINED_MATERIAL,Refined Material,1,Europe,Western,Silicon wafer,0,Firm,Replaceable
REFINED_MATERIAL_0115,20.0,2.0,7.116822281624742e-05,0.0003695985624052,817.0,511.0,101.0,101.0,11.0,0.0,0.0,0.0,2.0,326.0,0.0,0.0,-225.0,Halcy Chemical - Tainan,REFINED_MATERIAL,Refined Material,1,Taiwan,East Asia,Photoresist,0,Firm,Causes failure
REFINED_MATERIAL_0116,40.0,5.0,0.0036579017768644,0.0016700143628008,17.0,48.0,48.0,17.0,22.0,8.0,13389927813.56653,0.0104966521507184,2.0,23.0,13389927813.56653,0.0104966521507184,-6.0,Isar Specialty - Gumi,REFINED_MATERIAL,Refined Material,1,Korea,East Asia,PCB laminate,0,Firm,Causes failure
REFINED_MATERIAL_0117,15.0,6.0,0.0004188275676777,0.0006302915395254,303.0,233.0,157.0,157.0,2.0,0.0,0.0,0.0,1.0,326.0,0.0,0.0,-169.0,Gethin Materials - Chandler,REFINED_MATERIAL,Refined Material,1,North America,Western,PCB laminate,0,Firm,Causes failure
REFINED_MATERIAL_0118,6.0,6.0,0.0009028116878529,0.0006626394136597,109.0,210.0,457.0,109.0,0.0,0.0,0.0,0.0,0.0,326.0,0.0,0.0,-217.0,Brant Chemical - Gumi,REFINED_MATERIAL,Refined Material,1,Korea,East Asia,PCB laminate,0,Firm,Replaceable
REFINED_MATERIAL_0119,40.0,3.0,0.0012008896571439,0.0012151097612982,74.0,77.0,48.0,48.0,5.0,1.0,3107528815.98504,0.0024360586168866,2.0,111.0,3107528815.98504,0.0024360586168866,-63.0,Rivet Specialty - Penang,REFINED_MATERIAL,Refined Material,1,Southeast Asia,East Asia,Process gas,0,Firm,Causes failure
REFINED_MATERIAL_0120,14.0,4.0,0.0002801240767057,0.0002031518967328,418.0,1076.0,175.0,175.0,15.0,0.0,0.0,0.0,3.0,326.0,0.0,0.0,-151.0,Ulvid Materials - Sendai,REFINED_MATERIAL,Refined Material,1,Japan,East Asia,CMP slurry,0,Firm,Causes failure
REFINED_MATERIAL_0121,5.0,6.0,0.0002745474799753,0.0003900025494699,426.0,479.0,549.0,426.0,3.0,0.0,0.0,0.0,2.0,326.0,0.0,0.0,100.0,Ulvid Specialty - Batam,REFINED_MATERIAL,Refined Material,1,Southeast Asia,East Asia,Process gas,0,Firm,Causes failure
REFINED_MATERIAL_0122,7.0,2.0,1.75470795532551e-05,0.0001883417585297,1022.0,1153.0,407.0,407.0,1.0,0.0,0.0,0.0,1.0,326.0,0.0,0.0,81.0,Quarn Specialty - Yokkaichi,REFINED_MATERIAL,Refined Material,1,Japan,East Asia,Silicon wafer,0,Firm,Causes failure
REFINED_MATERIAL_0123,0.0,4.0,0.0,0.0001122065525757,1111.0,1533.0,1533.0,1111.0,0.0,0.0,0.0,0.0,0.0,326.0,0.0,0.0,785.0,Elstow Specialty - Kumamoto,REFINED_MATERIAL,Refined Material,1,Japan,East Asia,PCB laminate,0,Firm,Replaceable
REFINED_MATERIAL_0124,6.0,4.0,0.0001094341460538,0.0003135053246708,717.0,646.0,457.0,457.0,5.0,0.0,0.0,0.0,2.0,326.0,0.0,0.0,131.0,Ember Advanced Materials - Grenoble,REFINED_MATERIAL,Refined Material,1,Europe,Western,Photoresist,0,Firm,Causes failure
REFINED_MATERIAL_0125,2.0,6.0,9.78125921615562e-05,0.0002479963840385,748.0,868.0,975.0,748.0,0.0,0.0,0.0,0.0,0.0,326.0,0.0,0.0,422.0,Palter Materials - Villach,REFINED_MATERIAL,Refined Material,1,Europe,Western,PCB laminate,0,Firm,Replaceable
REFINED_MATERIAL_0126,0.0,2.0,0.0,0.0001122065525757,1111.0,1533.0,1533.0,1111.0,0.0,0.0,0.0,0.0,0.0,326.0,0.0,0.0,785.0,Palter Materials - Icheon,REFINED_MATERIAL,Refined Material,1,Korea,East Asia,Bonding wire,0,Firm,Replaceable
REFINED_MATERIAL_0127,44.0,5.0,0.0013625480434004,0.0019123523747977,57.0,36.0,44.0,36.0,7.0,4.0,3323173763.8268137,0.0026051073255183,2.0,106.0,3323173763.8268137,0.0026051073255183,-70.0,Yarrow Materials - Taichung,REFINED_MATERIAL,Refined Material,1,Taiwan,East Asia,PCB laminate,0,Firm,Causes failure
REFINED_MATERIAL_0128,4.0,5.0,4.920544723334629e-05,0.0002364847882062,886.0,922.0,638.0,638.0,3.0,1.0,4022933647.463218,0.0031536641355196,3.0,82.0,4022933647.463218,0.0031536641355196,556.0,Yarrow Materials - Kitakyushu,REFINED_MATERIAL,Refined Material,1,Japan,East Asia,Bonding wire,0,Firm,Causes failure
REFINED_MATERIAL_0129,0.0,2.0,0.0,0.0001122065525757,1111.0,1533.0,1533.0,1111.0,0.0,0.0,0.0,0.0,0.0,326.0,0.0,0.0,785.0,Faryn Chemical - Yokkaichi,REFINED_MATERIAL,Refined Material,1,Japan,East Asia,Photoresist,0,Firm,Replaceable
REFINED_MATERIAL_0130,9.0,5.0,0.0005068614914529,0.0008279378316285,237.0,146.0,304.0,146.0,0.0,0.0,0.0,0.0,0.0,326.0,0.0,0.0,-180.0,Granth Materials - Sendai,REFINED_MATERIAL,Refined Material,1,Japan,East Asia,PCB laminate,0,Firm,Replaceable
REFINED_MATERIAL_0131,3.0,7.0,0.0001719503838625,0.000192396520768,601.0,1140.0,774.0,601.0,0.0,0.0,0.0,0.0,0.0,326.0,0.0,0.0,275.0,Ystad Specialty - Singapore,REFINED_MATERIAL,Refined Material,1,Southeast Asia,East Asia,Packaging substrate,0,Firm,Replaceable
REFINED_MATERIAL_0132,0.0,1.0,0.0,0.0001122065525757,1111.0,1533.0,1533.0,1111.0,0.0,0.0,0.0,0.0,0.0,326.0,0.0,0.0,785.0,Faryn Materials - Guadalajara,REFINED_MATERIAL,Refined Material,1,North America,Western,Photoresist,0,Firm,Replaceable
REFINED_MATERIAL_0133,0.0,5.0,0.0,0.0001122065525757,1111.0,1533.0,1533.0,1111.0,0.0,0.0,0.0,0.0,0.0,326.0,0.0,0.0,785.0,Oxbow Advanced Materials - Pune,REFINED_MATERIAL,Refined Material,1,South Asia,Unaligned,Silicon wafer,0,Firm,Replaceable
REFINED_MATERIAL_0134,1.0,2.0,2.1262212578980823e-05,0.0001659837896118,1006.0,1259.0,1211.0,1006.0,0.0,0.0,0.0,0.0,0.0,326.0,0.0,0.0,680.0,Korrin Chemical - Austin,REFINED_MATERIAL,Refined Material,1,North America,Western,Process gas,0,Firm,Replaceable
REFINED_MATERIAL_0135,3.0,5.0,2.400322646697693e-05,0.0002198116302615,987.0,1002.0,774.0,774.0,0.0,0.0,0.0,0.0,0.0,326.0,0.0,0.0,448.0,Lethe Materials - Taoyuan,REFINED_MATERIAL,Refined Material,1,Taiwan,East Asia,Packaging substrate,0,Firm,Replaceable
REFINED_MATERIAL_0136,1.0,4.0,1.867845590507164e-05,0.0001310763435094,1017.0,1438.0,1211.0,1017.0,0.0,0.0,0.0,0.0,0.0,326.0,0.0,0.0,691.0,Palter Materials - Yokkaichi,REFINED_MATERIAL,Refined Material,1,Japan,East Asia,Bonding wire,0,Firm,Replaceable
REFINED_MATERIAL_0137,3.0,7.0,5.334110283540164e-05,0.0002251689115178,869.0,981.0,774.0,774.0,0.0,0.0,0.0,0.0,0.0,326.0,0.0,0.0,448.0,Xanthe Specialty - Shenzhen,REFINED_MATERIAL,Refined Material,1,China,East Asia,Bonding wire,0,Firm,Replaceable
REFINED_MATERIAL_0138,3.0,3.0,2.8991410881633063e-05,0.0001433463700252,960.0,1378.0,774.0,774.0,0.0,0.0,0.0,0.0,0.0,326.0,0.0,0.0,448.0,Vantor Materials - Bangkok,REFINED_MATERIAL,Refined Material,1,Southeast Asia,East Asia,Photoresist,0,Firm,Replaceable
REFINED_MATERIAL_0139,10.0,1.0,6.481658412859338e-05,0.0004543665739831,837.0,398.0,267.0,267.0,17.0,5.0,4878308444.652898,0.0038242108202818,4.0,70.0,4878308444.652898,0.0038242108202818,197.0,Elstow Materials - Crolles,REFINED_MATERIAL,Refined Material,1,Europe,Western,Process gas,0,Firm,Causes failure
REFINED_MATERIAL_0140,0.0,2.0,0.0,0.0001122065525757,1111.0,1533.0,1533.0,1111.0,0.0,0.0,0.0,0.0,0.0,326.0,0.0,0.0,785.0,Lethe Materials - Sendai,REFINED_MATERIAL,Refined Material,1,Japan,East Asia,Silicon wafer,0,Firm,Replaceable
REFINED_MATERIAL_0141,2.0,4.0,2.863259881410161e-05,0.0001741478723947,964.0,1219.0,975.0,964.0,0.0,0.0,0.0,0.0,0.0,326.0,0.0,0.0,638.0,Mervi Chemical - Batangas,REFINED_MATERIAL,Refined Material,1,Southeast Asia,East Asia,Bonding wire,0,Firm,Replaceable
REFINED_MATERIAL_0142,0.0,7.0,0.0,0.0001122065525757,1111.0,1533.0,1533.0,1111.0,0.0,0.0,0.0,0.0,0.0,326.0,0.0,0.0,785.0,Noral Materials - Kitakyushu,REFINED_MATERIAL,Refined Material,1,Japan,East Asia,Silicon wafer,0,Firm,Replaceable
REFINED_MATERIAL_0143,0.0,3.0,0.0,0.0001122065525757,1111.0,1533.0,1533.0,1111.0,0.0,0.0,0.0,0.0,0.0,326.0,0.0,0.0,785.0,Stade Chemical - Nagano,REFINED_MATERIAL,Refined Material,1,Japan,East Asia,Silicon wafer,0,Firm,Replaceable
REFINED_MATERIAL_0144,1.0,4.0,2.533984210945745e-05,0.0001470430896841,980.0,1357.0,1211.0,980.0,0.0,0.0,0.0,0.0,0.0,326.0,0.0,0.0,654.0,Wend Advanced Materials - Icheon,REFINED_MATERIAL,Refined Material,1,Korea,East Asia,Bonding wire,0,Firm,Replaceable
REFINED_MATERIAL_0145,5.0,3.0,2.379217493166171e-05,0.0002325376481177,988.0,935.0,549.0,549.0,0.0,0.0,0.0,0.0,0.0,326.0,0.0,0.0,223.0,Yarrow Materials - Cheongju,REFINED_MATERIAL,Refined Material,1,Korea,East Asia,Packaging substrate,0,Firm,Replaceable
REFINED_MATERIAL_0146,1.0,5.0,1.3126360070902029e-05,0.0001536860051963,1040.0,1318.0,1211.0,1040.0,0.0,0.0,0.0,0.0,0.0,326.0,0.0,0.0,714.0,Alder Materials - Taoyuan,REFINED_MATERIAL,Refined Material,1,Taiwan,East Asia,PCB laminate,0,Firm,Replaceable
REFINED_MATERIAL_0147,3.0,1.0,5.09602599583169e-06,0.0001657745414913,1084.0,1260.0,774.0,774.0,0.0,0.0,0.0,0.0,0.0,326.0,0.0,0.0,448.0,Belan Advanced Materials - Singapore,REFINED_MATERIAL,Refined Material,1,Southeast Asia,East Asia,Silicon wafer,0,Firm,Replaceable
REFINED_MATERIAL_0148,4.0,4.0,2.557464552984324e-05,0.0001438700131921,977.0,1375.0,638.0,638.0,1.0,0.0,0.0,0.0,1.0,326.0,0.0,0.0,312.0,Mordant Specialty - Hiroshima,REFINED_MATERIAL,Refined Material,1,Japan,East Asia,Silicon wafer,0,Firm,Causes failure
REFINED_MATERIAL_0149,3.0,2.0,5.264168443745312e-05,0.0002772014571569,873.0,751.0,774.0,751.0,0.0,0.0,0.0,0.0,0.0,326.0,0.0,0.0,425.0,Wend Specialty - Taoyuan,REFINED_MATERIAL,Refined Material,1,Taiwan,East Asia,PCB laminate,0,Firm,Replaceable
REFINED_MATERIAL_0150,2.0,6.0,0.0002089496194025,0.0002372790246441,531.0,920.0,975.0,531.0,0.0,0.0,0.0,0.0,0.0,326.0,0.0,0.0,205.0,Jarn Materials - Villach,REFINED_MATERIAL,Refined Material,1,Europe,Western,Bonding wire,0,Firm,Replaceable
REFINED_MATERIAL_0151,8.0,5.0,0.0001461768247371,0.0004995136854127,653.0,333.0,348.0,333.0,10.0,2.0,788106338.376531,0.000617813494359,3.0,233.0,788106338.376531,0.000617813494359,100.0,Thorne Chemical - Singapore,REFINED_MATERIAL,Refined Material,1,Southeast Asia,East Asia,Packaging substrate,0,Firm,Causes failure
REFINED_MATERIAL_0152,0.0,4.0,0.0,0.0001122065525757,1111.0,1533.0,1533.0,1111.0,0.0,0.0,0.0,0.0,0.0,326.0,0.0,0.0,785.0,Alder Advanced Materials - Nagano,REFINED_MATERIAL,Refined Material,1,Japan,East Asia,Packaging substrate,0,Firm,Replaceable
REFINED_MATERIAL_0153,29.0,2.0,0.0008868861090997,0.0011722726830265,111.0,80.0,65.0,65.0,11.0,8.0,11765414517.809843,0.0092231612688259,2.0,29.0,11765414517.809843,0.0092231612688259,36.0,Lethe Advanced Materials - Singapore,REFINED_MATERIAL,Refined Material,1,Southeast Asia,East Asia,PCB laminate,0,Firm,Causes failure
REFINED_MATERIAL_0154,2.0,1.0,7.86489916856808e-06,0.0001327796368834,1067.0,1426.0,975.0,975.0,0.0,0.0,0.0,0.0,0.0,326.0,0.0,0.0,649.0,Isar Chemical - Chengdu,REFINED_MATERIAL,Refined Material,1,China,East Asia,CMP slurry,0,Firm,Replaceable
REFINED_MATERIAL_0155,15.0,4.0,0.0003779950284149,0.0007664047089552,330.0,170.0,157.0,157.0,3.0,0.0,0.0,0.0,1.0,326.0,0.0,0.0,-169.0,Quarn Advanced Materials - Taoyuan,REFINED_MATERIAL,Refined Material,1,Taiwan,East Asia,PCB laminate,0,Firm,Causes failure
REFINED_MATERIAL_0156,2.0,5.0,0.0001515801959691,0.0001285076198319,642.0,1457.0,975.0,642.0,11.0,2.0,408560504.13435405,0.0003202793587935,4.0,290.0,408560504.13435405,0.0003202793587935,352.0,Yarrow Advanced Materials - Hwaseong,REFINED_MATERIAL,Refined Material,1,Korea,East Asia,CMP slurry,0,Firm,Causes failure
REFINED_MATERIAL_0157,29.0,2.0,0.0004806372216371,0.000785833902095,254.0,159.0,65.0,65.0,5.0,0.0,0.0,0.0,2.0,326.0,0.0,0.0,-261.0,Vantor Chemical - Wuxi,REFINED_MATERIAL,Refined Material,1,China,East Asia,Process gas,0,Firm,Causes failure
REFINED_MATERIAL_0158,0.0,2.0,0.0,0.0001122065525757,1111.0,1533.0,1533.0,1111.0,0.0,0.0,0.0,0.0,0.0,326.0,0.0,0.0,785.0,Kestrel Chemical - Hwaseong,REFINED_MATERIAL,Refined Material,1,Korea,East Asia,Photoresist,0,Firm,Replaceable
REFINED_MATERIAL_0159,2.0,3.0,2.0278149379534785e-05,0.0001305951797017,1010.0,1441.0,975.0,975.0,0.0,0.0,0.0,0.0,0.0,326.0,0.0,0.0,649.0,Brant Materials - Chandler,REFINED_MATERIAL,Refined Material,1,North America,Western,Photoresist,0,Firm,Replaceable
REFINED_MATERIAL_0160,2.0,6.0,3.5555007398382845e-05,0.0001286260766125,928.0,1455.0,975.0,928.0,0.0,0.0,0.0,0.0,0.0,326.0,0.0,0.0,602.0,Wend Materials - Cheongju,REFINED_MATERIAL,Refined Material,1,Korea,East Asia,CMP slurry,0,Firm,Replaceable
REFINED_MATERIAL_0161,4.0,6.0,9.599290280880606e-05,0.000229482470095,758.0,952.0,638.0,638.0,5.0,3.0,3075122755.795987,0.0024106548099269,3.0,121.0,3075122755.795987,0.0024106548099269,517.0,Ulvid Advanced Materials - Nagano,REFINED_MATERIAL,Refined Material,1,Japan,East Asia,Bonding wire,0,Firm,Causes failure
REFINED_MATERIAL_0162,4.0,2.0,2.442989531353364e-05,0.000142696901902,984.0,1380.0,638.0,638.0,2.0,0.0,0.0,0.0,2.0,326.0,0.0,0.0,312.0,Ferrin Advanced Materials - Gumi,REFINED_MATERIAL,Refined Material,1,Korea,East Asia,Photoresist,0,Firm,Causes failure
REFINED_MATERIAL_0163,0.0,2.0,0.0,0.0001122065525757,1111.0,1533.0,1533.0,1111.0,0.0,0.0,0.0,0.0,0.0,326.0,0.0,0.0,785.0,Alder Materials - Malta,REFINED_MATERIAL,Refined Material,1,North America,Western,Bonding wire,0,Firm,Replaceable
REFINED_MATERIAL_0164,4.0,4.0,0.0002720408718119,0.000159559081076,433.0,1281.0,638.0,433.0,0.0,0.0,0.0,0.0,0.0,326.0,0.0,0.0,107.0,Umber Materials - Wuxi,REFINED_MATERIAL,Refined Material,1,China,East Asia,Process gas,0,Firm,Replaceable
REFINED_MATERIAL_0165,3.0,7.0,0.0002667231855916,0.0002969216940858,436.0,689.0,774.0,436.0,0.0,0.0,0.0,0.0,0.0,326.0,0.0,0.0,110.0,Vantor Specialty - Villach,REFINED_MATERIAL,Refined Material,1,Europe,Western,Packaging substrate,0,Firm,Replaceable
REFINED_MATERIAL_0166,5.0,1.0,2.5168327940026263e-05,0.0003825047554148,981.0,494.0,549.0,494.0,24.0,15.0,18072951512.328262,0.0141677750622003,3.0,9.0,18072951512.328262,0.0141677750622003,485.0,Isar Materials - Icheon,REFINED_MATERIAL,Refined Material,1,Korea,East Asia,Bonding wire,0,Firm,Causes failure
REFINED_MATERIAL_0167,8.0,4.0,0.0005177507413412,0.0008093428216093,229.0,150.0,348.0,150.0,1.0,0.0,0.0,0.0,1.0,326.0,0.0,0.0,-176.0,Vantor Advanced Materials - Kumamoto,REFINED_MATERIAL,Refined Material,1,Japan,East Asia,PCB laminate,0,Firm,Causes failure
REFINED_MATERIAL_0168,3.0,1.0,1.281163029428745e-05,0.0001828313764412,1041.0,1180.0,774.0,774.0,1.0,0.0,0.0,0.0,1.0,326.0,0.0,0.0,448.0,Ivex Materials - Kitakyushu,REFINED_MATERIAL,Refined Material,1,Japan,East Asia,Process gas,0,Firm,Causes failure
REFINED_MATERIAL_0169,0.0,4.0,0.0,0.0001122065525757,1111.0,1533.0,1533.0,1111.0,0.0,0.0,0.0,0.0,0.0,326.0,0.0,0.0,785.0,Nevin Chemical - Hiroshima,REFINED_MATERIAL,Refined Material,1,Japan,East Asia,Packaging substrate,0,Firm,Replaceable
REFINED_MATERIAL_0170,11.0,5.0,0.0006782182321227,0.0007316744898593,157.0,186.0,234.0,157.0,1.0,0.0,0.0,0.0,1.0,326.0,0.0,0.0,-169.0,Palter Specialty - Cheongju,REFINED_MATERIAL,Refined Material,1,Korea,East Asia,PCB laminate,0,Firm,Causes failure
REFINED_MATERIAL_0171,1.0,6.0,1.9349275912216208e-05,0.0001496565101704,1012.0,1340.0,1211.0,1012.0,0.0,0.0,0.0,0.0,0.0,326.0,0.0,0.0,686.0,Trellis Chemical - Ottawa,REFINED_MATERIAL,Refined Material,1,North America,Western,Packaging substrate,0,Firm,Replaceable
REFINED_MATERIAL_0172,13.0,3.0,0.0002940875782562,0.0006267115358821,402.0,236.0,193.0,193.0,4.0,2.0,408560504.13435405,0.0003202793587935,2.0,290.0,408560504.13435405,0.0003202793587935,-97.0,Alder Specialty - Kitakyushu,REFINED_MATERIAL,Refined Material,1,Japan,East Asia,Process gas,0,Firm,Causes failure
REFINED_MATERIAL_0173,2.0,4.0,3.1927929067187686e-05,0.0001282375182719,942.0,1462.0,975.0,942.0,0.0,0.0,0.0,0.0,0.0,326.0,0.0,0.0,616.0,Calder Specialty - Hsinchu,REFINED_MATERIAL,Refined Material,1,Taiwan,East Asia,Process gas,0,Firm,Replaceable
REFINED_MATERIAL_0174,3.0,5.0,6.725458883044883e-05,0.0001473835186935,831.0,1353.0,774.0,774.0,0.0,0.0,0.0,0.0,0.0,326.0,0.0,0.0,448.0,Vantor Materials - Cheongju,REFINED_MATERIAL,Refined Material,1,Korea,East Asia,CMP slurry,0,Firm,Replaceable
REFINED_MATERIAL_0175,0.0,5.0,0.0,0.0001122065525757,1111.0,1533.0,1533.0,1111.0,0.0,0.0,0.0,0.0,0.0,326.0,0.0,0.0,785.0,Renbeck Advanced Materials - Gumi,REFINED_MATERIAL,Refined Material,1,Korea,East Asia,Bonding wire,0,Firm,Replaceable
REFINED_MATERIAL_0176,18.0,4.0,0.0005420049585514,0.0009898058973665,212.0,108.0,121.0,108.0,1.0,0.0,0.0,0.0,1.0,326.0,0.0,0.0,-218.0,Dyne Advanced Materials - Shanghai,REFINED_MATERIAL,Refined Material,1,China,East Asia,PCB laminate,0,Firm,Causes failure
REFINED_MATERIAL_0177,7.0,5.0,0.0002188773555994,0.000221497617111,510.0,994.0,407.0,407.0,1.0,0.0,0.0,0.0,1.0,326.0,0.0,0.0,81.0,Korrin Materials - Chandler,REFINED_MATERIAL,Refined Material,1,North America,Western,Process gas,0,Firm,Causes failure
REFINED_MATERIAL_0178,14.0,5.0,0.0006843705783829,0.000717090124679,152.0,192.0,175.0,152.0,1.0,0.0,0.0,0.0,1.0,326.0,0.0,0.0,-174.0,Prendel Materials - Hwaseong,REFINED_MATERIAL,Refined Material,1,Korea,East Asia,Process gas,0,Firm,Causes failure
REFINED_MATERIAL_0179,14.0,4.0,0.0004296693922109,0.0009996008799589,293.0,106.0,175.0,106.0,2.0,0.0,0.0,0.0,1.0,326.0,0.0,0.0,-220.0,Orvid Specialty - Kitakyushu,REFINED_MATERIAL,Refined Material,1,Japan,East Asia,PCB laminate,0,Firm,Causes failure
REFINED_MATERIAL_0180,19.0,2.0,0.0001142149444647,0.0002354231747987,704.0,927.0,113.0,113.0,0.0,0.0,0.0,0.0,0.0,326.0,0.0,0.0,-213.0,Granth Materials - Hsinchu,REFINED_MATERIAL,Refined Material,1,Taiwan,East Asia,CMP slurry,0,Firm,Replaceable
REFINED_MATERIAL_0181,2.0,3.0,2.73167867923788e-05,0.0001298234432073,967.0,1449.0,975.0,967.0,0.0,0.0,0.0,0.0,0.0,326.0,0.0,0.0,641.0,Kestrel Materials - Icheon,REFINED_MATERIAL,Refined Material,1,Korea,East Asia,Silicon wafer,0,Firm,Replaceable
REFINED_MATERIAL_0182,1.0,2.0,2.685753981396241e-05,0.0001239314756551,970.0,1496.0,1211.0,970.0,0.0,0.0,0.0,0.0,0.0,326.0,0.0,0.0,644.0,Ferrin Chemical - Hiroshima,REFINED_MATERIAL,Refined Material,1,Japan,East Asia,Silicon wafer,0,Firm,Replaceable
REFINED_MATERIAL_0183,6.0,4.0,0.0002598878717688,0.0003542517025884,439.0,541.0,457.0,439.0,11.0,5.0,6006956002.158895,0.0047089818942449,3.0,52.0,6006956002.158895,0.0047089818942449,387.0,Isar Chemical - Hiroshima,REFINED_MATERIAL,Refined Material,1,Japan,East Asia,Packaging substrate,0,Firm,Causes failure
REFINED_MATERIAL_0184,6.0,5.0,0.0001432302984956,0.0001730602601297,660.0,1224.0,457.0,457.0,1.0,0.0,0.0,0.0,1.0,326.0,0.0,0.0,131.0,Solvex Advanced Materials - Kaohsiung,REFINED_MATERIAL,Refined Material,1,Taiwan,East Asia,CMP slurry,0,Firm,Causes failure
REFINED_MATERIAL_0185,9.0,3.0,0.0001291345103579,0.0003323540395712,680.0,592.0,304.0,304.0,1.0,0.0,0.0,0.0,1.0,326.0,0.0,0.0,-22.0,Ystad Materials - Chandler,REFINED_MATERIAL,Refined Material,1,North America,Western,Process gas,0,Firm,Causes failure
REFINED_MATERIAL_0186,0.0,5.0,0.0,0.0001122065525757,1111.0,1533.0,1533.0,1111.0,0.0,0.0,0.0,0.0,0.0,326.0,0.0,0.0,785.0,Faryn Specialty - Dresden,REFINED_MATERIAL,Refined Material,1,Europe,Western,Packaging substrate,0,Firm,Replaceable
REFINED_MATERIAL_0187,0.0,2.0,0.0,0.0001122065525757,1111.0,1533.0,1533.0,1111.0,0.0,0.0,0.0,0.0,0.0,326.0,0.0,0.0,785.0,Rivet Advanced Materials - Chengdu,REFINED_MATERIAL,Refined Material,1,China,East Asia,Silicon wafer,0,Firm,Replaceable
REFINED_MATERIAL_0188,8.0,6.0,0.0001381619813325,0.0001543026316206,669.0,1312.0,348.0,348.0,0.0,0.0,0.0,0.0,0.0,326.0,0.0,0.0,22.0,Mervi Materials - Hsinchu,REFINED_MATERIAL,Refined Material,1,Taiwan,East Asia,Silicon wafer,0,Firm,Replaceable
REFINED_MATERIAL_0189,1.0,4.0,1.7483537308704506e-05,0.0001631628042915,1024.0,1267.0,1211.0,1024.0,8.0,4.0,4891696570.843884,0.0038347060601018,3.0,68.0,4891696570.843884,0.0038347060601018,956.0,Ember Specialty - Malta,REFINED_MATERIAL,Refined Material,1,North America,Western,Bonding wire,0,Firm,Causes failure
REFINED_MATERIAL_0190,1.0,4.0,4.774335084320725e-07,0.0001135224651484,1108.0,1531.0,1211.0,1108.0,0.0,0.0,0.0,0.0,0.0,326.0,0.0,0.0,782.0,Doran Materials - Malta,REFINED_MATERIAL,Refined Material,1,North America,Western,Silicon wafer,0,Firm,Replaceable
REFINED_MATERIAL_0191,3.0,4.0,0.0002438433238661,0.0001375293867074,465.0,1403.0,774.0,465.0,0.0,0.0,0.0,0.0,0.0,326.0,0.0,0.0,139.0,Nevin Materials - Kitakyushu,REFINED_MATERIAL,Refined Material,1,Japan,East Asia,Photoresist,0,Firm,Replaceable
REFINED_MATERIAL_0192,0.0,8.0,0.0,0.0001122065525757,1111.0,1533.0,1533.0,1111.0,0.0,0.0,0.0,0.0,0.0,326.0,0.0,0.0,785.0,Brant Specialty - Chandler,REFINED_MATERIAL,Refined Material,1,North America,Western,Packaging substrate,0,Firm,Replaceable
REFINED_MATERIAL_0193,11.0,5.0,0.0005162105572698,0.0005326271343022,231.0,298.0,234.0,231.0,0.0,0.0,0.0,0.0,0.0,326.0,0.0,0.0,-95.0,Faryn Advanced Materials - Austin,REFINED_MATERIAL,Refined Material,1,North America,Western,PCB laminate,0,Firm,Replaceable
REFINED_MATERIAL_0194,2.0,5.0,5.650130187552973e-05,0.0001987842112242,861.0,1104.0,975.0,861.0,1.0,0.0,0.0,0.0,1.0,326.0,0.0,0.0,535.0,Palter Chemical - Hiroshima,REFINED_MATERIAL,Refined Material,1,Japan,East Asia,Packaging substrate,0,Firm,Causes failure
REFINED_MATERIAL_0195,2.0,2.0,1.9197721848176714e-05,0.0001280944121684,1016.0,1463.0,975.0,975.0,0.0,0.0,0.0,0.0,0.0,326.0,0.0,0.0,649.0,Ader Materials - Leixlip,REFINED_MATERIAL,Refined Material,1,Europe,Western,Silicon wafer,0,Firm,Replaceable
REFINED_MATERIAL_0196,3.0,7.0,0.0007982946134269,0.0003941203982117,129.0,474.0,774.0,129.0,0.0,0.0,0.0,0.0,0.0,326.0,0.0,0.0,-197.0,Palter Chemical - Kitakyushu,REFINED_MATERIAL,Refined Material,1,Japan,East Asia,PCB laminate,0,Firm,Replaceable
REFINED_MATERIAL_0197,1.0,5.0,2.235572279154704e-05,0.0001482902526099,995.0,1345.0,1211.0,995.0,12.0,4.0,3410771383.792703,0.0026737769822046,3.0,101.0,3410771383.792703,0.0026737769822046,894.0,Rivet Specialty - Hiroshima,REFINED_MATERIAL,Refined Material,1,Japan,East Asia,Packaging substrate,0,Firm,Causes failure
REFINED_MATERIAL_0198,0.0,4.0,0.0,0.0001122065525757,1111.0,1533.0,1533.0,1111.0,0.0,0.0,0.0,0.0,0.0,326.0,0.0,0.0,785.0,Halcy Specialty - Hillsboro,REFINED_MATERIAL,Refined Material,1,North America,Western,Packaging substrate,0,Firm,Replaceable
REFINED_MATERIAL_0199,0.0,6.0,0.0,0.0001122065525757,1111.0,1533.0,1533.0,1111.0,0.0,0.0,0.0,0.0,0.0,326.0,0.0,0.0,785.0,Jorel Advanced Materials - Chengdu,REFINED_MATERIAL,Refined Material,1,China,East Asia,Photoresist,0,Firm,Replaceable
REFINED_MATERIAL_0200,0.0,2.0,0.0,0.0001122065525757,1111.0,1533.0,1533.0,1111.0,0.0,0.0,0.0,0.0,0.0,326.0,0.0,0.0,785.0,Yarrow Advanced Materials - Nagano,REFINED_MATERIAL,Refined Material,1,Japan,East Asia,Bonding wire,0,Firm,Replaceable
REFINED_MATERIAL_0201,0.0,6.0,0.0,0.0001122065525757,1111.0,1533.0,1533.0,1111.0,0.0,0.0,0.0,0.0,0.0,326.0,0.0,0.0,785.0,Wexler Specialty - Chandler,REFINED_MATERIAL,Refined Material,1,North America,Western,CMP slurry,0,Firm,Replaceable
REFINED_MATERIAL_0202,5.0,5.0,7.399490793892703e-05,0.0001798084083359,809.0,1191.0,549.0,549.0,0.0,0.0,0.0,0.0,0.0,326.0,0.0,0.0,223.0,Jorel Chemical - Tianjin,REFINED_MATERIAL,Refined Material,1,China,East Asia,Packaging substrate,0,Firm,Replaceable
REFINED_MATERIAL_0203,1.0,7.0,1.934741230319484e-05,0.0001319756399729,1013.0,1431.0,1211.0,1013.0,0.0,0.0,0.0,0.0,0.0,326.0,0.0,0.0,687.0,Ferrin Materials - Chengdu,REFINED_MATERIAL,Refined Material,1,China,East Asia,Silicon wafer,0,Firm,Replaceable
REFINED_MATERIAL_0204,3.0,5.0,0.0001654890411228,0.0001249982615092,613.0,1485.0,774.0,613.0,1.0,0.0,0.0,0.0,1.0,326.0,0.0,0.0,287.0,Doran Advanced Materials - Sendai,REFINED_MATERIAL,Refined Material,1,Japan,East Asia,Silicon wafer,0,Firm,Causes failure
REFINED_MATERIAL_0205,1.0,3.0,1.068751342964422e-05,0.0001465592488909,1052.0,1359.0,1211.0,1052.0,0.0,0.0,0.0,0.0,0.0,326.0,0.0,0.0,726.0,Wend Materials - Yokkaichi,REFINED_MATERIAL,Refined Material,1,Japan,East Asia,Packaging substrate,0,Firm,Replaceable
REFINED_MATERIAL_0206,9.0,4.0,0.0001636523656744,0.0003449264780936,619.0,563.0,304.0,304.0,11.0,2.0,558598577.1815538,0.0004378974284402,3.0,260.0,558598577.1815538,0.0004378974284402,44.0,Quarn Chemical - Hwaseong,REFINED_MATERIAL,Refined Material,1,Korea,East Asia,Packaging substrate,0,Firm,Causes failure
REFINED_MATERIAL_0207,19.0,6.0,0.0005007563971642,0.0008471728242827,242.0,139.0,113.0,113.0,3.0,0.0,0.0,0.0,1.0,326.0,0.0,0.0,-213.0,Ivex Advanced Materials - Sendai,REFINED_MATERIAL,Refined Material,1,Japan,East Asia,Bonding wire,0,Firm,Causes failure
REFINED_MATERIAL_0208,0.0,5.0,0.0,0.0001122065525757,1111.0,1533.0,1533.0,1111.0,0.0,0.0,0.0,0.0,0.0,326.0,0.0,0.0,785.0,Rivet Chemical - Tianjin,REFINED_MATERIAL,Refined Material,1,China,East Asia,Packaging substrate,0,Firm,Replaceable
REFINED_MATERIAL_0209,2.0,4.0,4.441129420229051e-05,0.0001612439580155,902.0,1275.0,975.0,902.0,0.0,0.0,0.0,0.0,0.0,326.0,0.0,0.0,576.0,Mervi Chemical - Yokkaichi,REFINED_MATERIAL,Refined Material,1,Japan,East Asia,Bonding wire,0,Firm,Replaceable
REFINED_MATERIAL_0210,0.0,3.0,0.0,0.0001122065525757,1111.0,1533.0,1533.0,1111.0,0.0,0.0,0.0,0.0,0.0,326.0,0.0,0.0,785.0,Orvid Specialty - Batangas,REFINED_MATERIAL,Refined Material,1,Southeast Asia,East Asia,Silicon wafer,0,Firm,Replaceable
REFINED_MATERIAL_0211,5.0,4.0,0.0001014176223768,0.0002714047201583,738.0,773.0,549.0,549.0,0.0,0.0,0.0,0.0,0.0,326.0,0.0,0.0,223.0,Holt Advanced Materials - Penang,REFINED_MATERIAL,Refined Material,1,Southeast Asia,East Asia,PCB laminate,0,Firm,Replaceable
REFINED_MATERIAL_0212,3.0,5.0,9.84185585864726e-05,0.0002225775598607,747.0,990.0,774.0,747.0,0.0,0.0,0.0,0.0,0.0,326.0,0.0,0.0,421.0,Gethin Materials - Yokkaichi,REFINED_MATERIAL,Refined Material,1,Japan,East Asia,Bonding wire,0,Firm,Replaceable
REFINED_MATERIAL_0213,41.0,3.0,0.0012732616745932,0.0012773882886375,65.0,71.0,47.0,47.0,21.0,6.0,7955873090.223727,0.0062367798800773,3.0,41.0,7955873090.223727,0.0062367798800773,6.0,Palter Specialty - Xi'an,REFINED_MATERIAL,Refined Material,1,China,East Asia,Process gas,0,Firm,Causes failure
REFINED_MATERIAL_0214,7.0,2.0,1.2283487652810328e-05,0.000180081790134,1044.0,1190.0,407.0,407.0,2.0,0.0,0.0,0.0,1.0,326.0,0.0,0.0,81.0,Ferrin Chemical - Taoyuan,REFINED_MATERIAL,Refined Material,1,Taiwan,East Asia,Photoresist,0,Firm,Causes failure
REFINED_MATERIAL_0215,0.0,5.0,0.0,0.0001122065525757,1111.0,1533.0,1533.0,1111.0,0.0,0.0,0.0,0.0,0.0,326.0,0.0,0.0,785.0,Prendel Advanced Materials - Cheongju,REFINED_MATERIAL,Refined Material,1,Korea,East Asia,Packaging substrate,0,Firm,Replaceable
REFINED_MATERIAL_0216,2.0,4.0,1.939674555063977e-05,0.0001299947777874,1011.0,1447.0,975.0,975.0,0.0,0.0,0.0,0.0,0.0,326.0,0.0,0.0,649.0,Umber Specialty - Kumamoto,REFINED_MATERIAL,Refined Material,1,Japan,East Asia,Photoresist,0,Firm,Replaceable
REFINED_MATERIAL_0217,5.0,2.0,4.028579764084611e-05,0.0001622587252911,909.0,1270.0,549.0,549.0,0.0,0.0,0.0,0.0,0.0,326.0,0.0,0.0,223.0,Prendel Specialty - Kitakyushu,REFINED_MATERIAL,Refined Material,1,Japan,East Asia,CMP slurry,0,Firm,Replaceable
REFINED_MATERIAL_0218,1.0,3.0,8.056571531679985e-06,0.00012889238781,1066.0,1454.0,1211.0,1066.0,0.0,0.0,0.0,0.0,0.0,326.0,0.0,0.0,740.0,Jorel Chemical - Xi'an,REFINED_MATERIAL,Refined Material,1,China,East Asia,Silicon wafer,0,Firm,Replaceable
REFINED_MATERIAL_0219,1.0,6.0,1.4530440501058024e-05,0.0001304813761806,1037.0,1444.0,1211.0,1037.0,0.0,0.0,0.0,0.0,0.0,326.0,0.0,0.0,711.0,Noral Materials - Taichung,REFINED_MATERIAL,Refined Material,1,Taiwan,East Asia,PCB laminate,0,Firm,Replaceable
REFINED_MATERIAL_0220,14.0,5.0,0.0002222698975038,0.0005356259821835,502.0,296.0,175.0,175.0,6.0,2.0,3076741245.240122,0.0024119235785821,3.0,118.0,3076741245.240122,0.0024119235785821,57.0,Calder Chemical - Kumamoto,REFINED_MATERIAL,Refined Material,1,Japan,East Asia,Bonding wire,0,Firm,Causes failure
REFINED_MATERIAL_0221,0.0,5.0,0.0,0.0001122065525757,1111.0,1533.0,1533.0,1111.0,0.0,0.0,0.0,0.0,0.0,326.0,0.0,0.0,785.0,Gethin Materials - Hsinchu,REFINED_MATERIAL,Refined Material,1,Taiwan,East Asia,Silicon wafer,0,Firm,Replaceable
REFINED_MATERIAL_0222,1.0,2.0,4.419965423728109e-06,0.0001160245818793,1089.0,1528.0,1211.0,1089.0,0.0,0.0,0.0,0.0,0.0,326.0,0.0,0.0,763.0,Quarn Advanced Materials - Taoyuan 2,REFINED_MATERIAL,Refined Material,1,Taiwan,East Asia,CMP slurry,0,Firm,Replaceable
REFINED_MATERIAL_0223,10.0,3.0,0.0003813581918961,0.0005806948769387,328.0,264.0,267.0,264.0,4.0,2.0,1287122541.0539942,0.0010090030190531,2.0,186.0,1287122541.0539942,0.0010090030190531,78.0,Mordant Specialty - Icheon,REFINED_MATERIAL,Refined Material,1,Korea,East Asia,Process gas,0,Firm,Causes failure
REFINED_MATERIAL_0224,10.0,3.0,0.0001799657798491,0.0002997771784976,590.0,681.0,267.0,267.0,0.0,0.0,0.0,0.0,0.0,326.0,0.0,0.0,-59.0,Jorel Advanced Materials - Wuxi,REFINED_MATERIAL,Refined Material,1,China,East Asia,Process gas,0,Firm,Replaceable
REFINED_MATERIAL_0225,5.0,3.0,0.0001104863646579,0.0001859837878374,713.0,1162.0,549.0,549.0,0.0,0.0,0.0,0.0,0.0,326.0,0.0,0.0,223.0,Dyne Specialty - Nagano,REFINED_MATERIAL,Refined Material,1,Japan,East Asia,Process gas,0,Firm,Replaceable
REFINED_MATERIAL_0226,4.0,1.0,0.0001887055942077,0.0002604552976659,574.0,818.0,638.0,574.0,0.0,0.0,0.0,0.0,0.0,326.0,0.0,0.0,248.0,Isar Advanced Materials - Malta,REFINED_MATERIAL,Refined Material,1,North America,Western,Process gas,0,Firm,Replaceable
REFINED_MATERIAL_0227,0.0,3.0,0.0,0.0001122065525757,1111.0,1533.0,1533.0,1111.0,0.0,0.0,0.0,0.0,0.0,326.0,0.0,0.0,785.0,Ember Chemical - Dresden,REFINED_MATERIAL,Refined Material,1,Europe,Western,Photoresist,0,Firm,Replaceable
REFINED_MATERIAL_0228,0.0,6.0,0.0,0.0001122065525757,1111.0,1533.0,1533.0,1111.0,0.0,0.0,0.0,0.0,0.0,326.0,0.0,0.0,785.0,Oxbow Chemical - Grenoble,REFINED_MATERIAL,Refined Material,1,Europe,Western,Packaging substrate,0,Firm,Replaceable
REFINED_MATERIAL_0229,0.0,7.0,0.0,0.0001122065525757,1111.0,1533.0,1533.0,1111.0,0.0,0.0,0.0,0.0,0.0,326.0,0.0,0.0,785.0,Faryn Advanced Materials - Hwaseong,REFINED_MATERIAL,Refined Material,1,Korea,East Asia,PCB laminate,0,Firm,Replaceable
REFINED_MATERIAL_0230,3.0,3.0,0.0002199060563813,0.0001374946655867,507.0,1404.0,774.0,507.0,1.0,0.0,0.0,0.0,1.0,326.0,0.0,0.0,181.0,Mordant Advanced Materials - Icheon,REFINED_MATERIAL,Refined Material,1,Korea,East Asia,Photoresist,0,Firm,Causes failure
REFINED_MATERIAL_0231,1.0,4.0,9.877793650887068e-05,0.0001284661839705,745.0,1458.0,1211.0,745.0,1.0,0.0,0.0,0.0,1.0,326.0,0.0,0.0,419.0,Wexler Advanced Materials - Austin 2,REFINED_MATERIAL,Refined Material,1,North America,Western,Packaging substrate,0,Firm,Causes failure
REFINED_MATERIAL_0232,18.0,2.0,0.0001339924440417,0.0007826176647554,672.0,162.0,121.0,121.0,4.0,3.0,4922983990.117338,0.0038592329404092,2.0,66.0,4922983990.117338,0.0038592329404092,55.0,Isar Advanced Materials - Leixlip,REFINED_MATERIAL,Refined Material,1,Europe,Western,Process gas,0,Firm,Causes failure
REFINED_MATERIAL_0233,9.0,5.0,0.0002914650414276,0.0004562865198889,403.0,396.0,304.0,304.0,0.0,0.0,0.0,0.0,0.0,326.0,0.0,0.0,-22.0,Oxbow Materials - Wuxi,REFINED_MATERIAL,Refined Material,1,China,East Asia,Packaging substrate,0,Firm,Replaceable
REFINED_MATERIAL_0234,0.0,5.0,0.0,0.0001122065525757,1111.0,1533.0,1533.0,1111.0,0.0,0.0,0.0,0.0,0.0,326.0,0.0,0.0,785.0,Vantor Chemical - Grenoble,REFINED_MATERIAL,Refined Material,1,Europe,Western,PCB laminate,0,Firm,Replaceable
REFINED_MATERIAL_0235,31.0,3.0,0.0006389310413824,0.0010093802073242,166.0,104.0,60.0,60.0,17.0,8.0,7469181592.3149,0.0058552519562983,3.0,44.0,7469181592.3149,0.0058552519562983,16.0,Elstow Chemical - Dalian,REFINED_MATERIAL,Refined Material,1,China,East Asia,Process gas,0,Firm,Causes failure
REFINED_MATERIAL_0236,9.0,4.0,0.0002405506633341,0.0003193397940398,472.0,634.0,304.0,304.0,0.0,0.0,0.0,0.0,0.0,326.0,0.0,0.0,-22.0,Quill Advanced Materials - Malta,REFINED_MATERIAL,Refined Material,1,North America,Western,Process gas,0,Firm,Replaceable
REFINED_MATERIAL_0237,12.0,3.0,0.0001177436667167,0.0004919019719131,694.0,346.0,213.0,213.0,0.0,0.0,0.0,0.0,0.0,326.0,0.0,0.0,-113.0,Quarn Specialty - Shenzhen,REFINED_MATERIAL,Refined Material,1,China,East Asia,Bonding wire,0,Firm,Replaceable
REFINED_MATERIAL_0238,0.0,1.0,0.0,0.0001122065525757,1111.0,1533.0,1533.0,1111.0,0.0,0.0,0.0,0.0,0.0,326.0,0.0,0.0,785.0,Quill Advanced Materials - Dresden,REFINED_MATERIAL,Refined Material,1,Europe,Western,Silicon wafer,0,Firm,Replaceable
REFINED_MATERIAL_0239,3.0,5.0,3.467284388138592e-05,0.0001423761506175,933.0,1384.0,774.0,774.0,3.0,0.0,0.0,0.0,3.0,326.0,0.0,0.0,448.0,Jorel Chemical - Johannesburg,REFINED_MATERIAL,Refined Material,1,Rest of World,Unaligned,CMP slurry,0,Firm,Causes failure
REFINED_MATERIAL_0240,3.0,1.0,8.317537041197344e-05,0.000359138610332,787.0,528.0,774.0,528.0,0.0,0.0,0.0,0.0,0.0,326.0,0.0,0.0,202.0,Palter Advanced Materials - Hiroshima,REFINED_MATERIAL,Refined Material,1,Japan,East Asia,Process gas,0,Firm,Replaceable
REFINED_MATERIAL_0241,11.0,4.0,0.0002242466390538,0.0001974872249913,499.0,1110.0,234.0,234.0,5.0,1.0,3107528815.98504,0.0024360586168866,4.0,111.0,3107528815.98504,0.0024360586168866,123.0,Trellis Specialty - Yokkaichi,REFINED_MATERIAL,Refined Material,1,Japan,East Asia,Photoresist,0,Firm,Causes failure
REFINED_MATERIAL_0242,0.0,3.0,0.0,0.0001122065525757,1111.0,1533.0,1533.0,1111.0,0.0,0.0,0.0,0.0,0.0,326.0,0.0,0.0,785.0,Mervi Materials - Tianjin,REFINED_MATERIAL,Refined Material,1,China,East Asia,Process gas,0,Firm,Replaceable
REFINED_MATERIAL_0243,2.0,2.0,2.170731624026277e-05,0.0001311793360031,1000.0,1435.0,975.0,975.0,2.0,0.0,0.0,0.0,2.0,326.0,0.0,0.0,649.0,Jorel Chemical - Gumi,REFINED_MATERIAL,Refined Material,1,Korea,East Asia,CMP slurry,0,Firm,Causes failure
REFINED_MATERIAL_0244,6.0,7.0,0.0003388864794509,0.0003234367936602,356.0,619.0,457.0,356.0,2.0,1.0,491300649.4609602,0.0003851411367273,2.0,277.0,491300649.4609602,0.0003851411367273,79.0,Ulvid Chemical - Guadalajara,REFINED_MATERIAL,Refined Material,1,North America,Western,PCB laminate,0,Firm,Causes failure
REFINED_MATERIAL_0245,2.0,5.0,0.000201462418933,0.0001373007229263,553.0,1406.0,975.0,553.0,2.0,0.0,0.0,0.0,2.0,326.0,0.0,0.0,227.0,Vantor Advanced Materials - Eindhoven,REFINED_MATERIAL,Refined Material,1,Europe,Western,CMP slurry,0,Firm,Causes failure
REFINED_MATERIAL_0246,0.0,6.0,0.0,0.0001122065525757,1111.0,1533.0,1533.0,1111.0,0.0,0.0,0.0,0.0,0.0,326.0,0.0,0.0,785.0,Thorne Chemical - Nagano,REFINED_MATERIAL,Refined Material,1,Japan,East Asia,PCB laminate,0,Firm,Replaceable
REFINED_MATERIAL_0247,8.0,1.0,8.471280678047116e-05,0.0002403358375279,781.0,900.0,348.0,348.0,1.0,0.0,0.0,0.0,1.0,326.0,0.0,0.0,22.0,Xanthe Advanced Materials - Eindhoven,REFINED_MATERIAL,Refined Material,1,Europe,Western,Process gas,0,Firm,Causes failure
REFINED_MATERIAL_0248,4.0,5.0,0.0001057652978838,0.0002345371884778,727.0,930.0,638.0,638.0,0.0,0.0,0.0,0.0,0.0,326.0,0.0,0.0,312.0,Wexler Materials - Pyeongtaek,REFINED_MATERIAL,Refined Material,1,Korea,East Asia,Bonding wire,0,Firm,Replaceable
REFINED_MATERIAL_0249,11.0,4.0,0.0005191936029926,0.0006084225800339,226.0,252.0,234.0,226.0,0.0,0.0,0.0,0.0,0.0,326.0,0.0,0.0,-100.0,Doran Advanced Materials - Bac Ninh,REFINED_MATERIAL,Refined Material,1,Southeast Asia,East Asia,Process gas,0,Firm,Replaceable
REFINED_MATERIAL_0250,1.0,1.0,5.4109130955634886e-06,0.000148086812914,1083.0,1347.0,1211.0,1083.0,0.0,0.0,0.0,0.0,0.0,326.0,0.0,0.0,757.0,Wend Chemical - Sanand,REFINED_MATERIAL,Refined Material,1,South Asia,Unaligned,Photoresist,0,Firm,Replaceable
REFINED_MATERIAL_0251,8.0,3.0,0.0001595290598926,0.0002686731379897,625.0,781.0,348.0,348.0,0.0,0.0,0.0,0.0,0.0,326.0,0.0,0.0,22.0,Quill Specialty - Kaohsiung,REFINED_MATERIAL,Refined Material,1,Taiwan,East Asia,Process gas,0,Firm,Replaceable
REFINED_MATERIAL_0252,1.0,4.0,1.0038360694017952e-05,0.0001334617091036,1057.0,1424.0,1211.0,1057.0,0.0,0.0,0.0,0.0,0.0,326.0,0.0,0.0,731.0,Mordant Specialty - Hsinchu,REFINED_MATERIAL,Refined Material,1,Taiwan,East Asia,Bonding wire,0,Firm,Replaceable
REFINED_MATERIAL_0253,3.0,4.0,8.740296865965371e-05,0.0001366070325324,775.0,1410.0,774.0,774.0,0.0,0.0,0.0,0.0,0.0,326.0,0.0,0.0,448.0,Noral Materials - Chandler,REFINED_MATERIAL,Refined Material,1,North America,Western,Silicon wafer,0,Firm,Replaceable
REFINED_MATERIAL_0254,4.0,2.0,5.9949198538492726e-05,0.0002342237847583,853.0,931.0,638.0,638.0,0.0,0.0,0.0,0.0,0.0,326.0,0.0,0.0,312.0,Doran Materials - Hiroshima,REFINED_MATERIAL,Refined Material,1,Japan,East Asia,Process gas,0,Firm,Replaceable
REFINED_MATERIAL_0255,3.0,5.0,0.0002389483705454,0.0002532490537615,475.0,845.0,774.0,475.0,29.0,17.0,17253605393.53459,0.0135254720326571,3.0,12.0,17253605393.53459,0.0135254720326571,463.0,Cortex Materials - Leixlip,REFINED_MATERIAL,Refined Material,1,Europe,Western,Packaging substrate,0,Firm,Causes failure
REFINED_MATERIAL_0256,0.0,3.0,0.0,0.0001122065525757,1111.0,1533.0,1533.0,1111.0,0.0,0.0,0.0,0.0,0.0,326.0,0.0,0.0,785.0,Prendel Advanced Materials - Tianjin,REFINED_MATERIAL,Refined Material,1,China,East Asia,CMP slurry,0,Firm,Replaceable
REFINED_MATERIAL_0257,12.0,2.0,0.000229416642029,0.0006405668763045,490.0,227.0,213.0,213.0,3.0,0.0,0.0,0.0,2.0,326.0,0.0,0.0,-113.0,Yarrow Materials - Sendai,REFINED_MATERIAL,Refined Material,1,Japan,East Asia,Process gas,0,Firm,Causes failure
REFINED_MATERIAL_0258,3.0,3.0,3.802967071914923e-05,0.0001562784144912,919.0,1302.0,774.0,774.0,1.0,0.0,0.0,0.0,1.0,326.0,0.0,0.0,448.0,Mordant Chemical - Grenoble,REFINED_MATERIAL,Refined Material,1,Europe,Western,Silicon wafer,0,Firm,Causes failure
REFINED_MATERIAL_0259,1.0,6.0,6.047038645037313e-06,0.0001625040200051,1077.0,1268.0,1211.0,1077.0,0.0,0.0,0.0,0.0,0.0,326.0,0.0,0.0,751.0,Ember Materials - Shanghai,REFINED_MATERIAL,Refined Material,1,China,East Asia,Packaging substrate,0,Firm,Replaceable
REFINED_MATERIAL_0260,0.0,3.0,0.0,0.0001122065525757,1111.0,1533.0,1533.0,1111.0,0.0,0.0,0.0,0.0,0.0,326.0,0.0,0.0,785.0,Ulvid Specialty - Kitakyushu,REFINED_MATERIAL,Refined Material,1,Japan,East Asia,Process gas,0,Firm,Replaceable
REFINED_MATERIAL_0261,1.0,5.0,0.0001170738518529,0.0001230853471854,696.0,1498.0,1211.0,696.0,1.0,0.0,0.0,0.0,1.0,326.0,0.0,0.0,370.0,Lumen Materials - Gumi,REFINED_MATERIAL,Refined Material,1,Korea,East Asia,CMP slurry,0,Firm,Causes failure
REFINED_MATERIAL_0262,3.0,2.0,2.2634345037393765e-05,0.0001245452931019,993.0,1489.0,774.0,774.0,1.0,0.0,0.0,0.0,1.0,326.0,0.0,0.0,448.0,Trellis Specialty - Pyeongtaek,REFINED_MATERIAL,Refined Material,1,Korea,East Asia,Silicon wafer,0,Firm,Causes failure
REFINED_MATERIAL_0263,10.0,7.0,0.0009279354892841,0.000763856770821,105.0,172.0,267.0,105.0,0.0,0.0,0.0,0.0,0.0,326.0,0.0,0.0,-221.0,Orvid Advanced Materials - Kumamoto,REFINED_MATERIAL,Refined Material,1,Japan,East Asia,PCB laminate,0,Firm,Replaceable
REFINED_MATERIAL_0264,8.0,2.0,3.8884934148497545e-05,0.0002770309246004,914.0,752.0,348.0,348.0,4.0,0.0,0.0,0.0,2.0,326.0,0.0,0.0,22.0,Alder Materials - Hiroshima,REFINED_MATERIAL,Refined Material,1,Japan,East Asia,Bonding wire,0,Firm,Causes failure
REFINED_MATERIAL_0265,1.0,3.0,7.08478324422768e-06,0.0001188295077554,1073.0,1518.0,1211.0,1073.0,0.0,0.0,0.0,0.0,0.0,326.0,0.0,0.0,747.0,Mordant Chemical - Sendai,REFINED_MATERIAL,Refined Material,1,Japan,East Asia,Photoresist,0,Firm,Replaceable
REFINED_MATERIAL_0266,2.0,8.0,7.49728991948687e-05,0.0002094203512101,807.0,1044.0,975.0,807.0,0.0,0.0,0.0,0.0,0.0,326.0,0.0,0.0,481.0,Prendel Chemical - Hillsboro,REFINED_MATERIAL,Refined Material,1,North America,Western,PCB laminate,0,Firm,Replaceable
REFINED_MATERIAL_0267,0.0,4.0,0.0,0.0001122065525757,1111.0,1533.0,1533.0,1111.0,0.0,0.0,0.0,0.0,0.0,326.0,0.0,0.0,785.0,Yarrow Advanced Materials - Guadalajara,REFINED_MATERIAL,Refined Material,1,North America,Western,Packaging substrate,0,Firm,Replaceable
REFINED_MATERIAL_0268,1.0,2.0,7.265417407617815e-06,0.0001164859036889,1072.0,1527.0,1211.0,1072.0,11.0,2.0,408560504.13435405,0.0003202793587935,4.0,290.0,408560504.13435405,0.0003202793587935,782.0,Ember Advanced Materials - Dalian,REFINED_MATERIAL,Refined Material,1,China,East Asia,Silicon wafer,0,Firm,Causes failure
REFINED_MATERIAL_0269,2.0,2.0,9.293223900506578e-06,0.0001865907964008,1062.0,1157.0,975.0,975.0,0.0,0.0,0.0,0.0,0.0,326.0,0.0,0.0,649.0,Quill Materials - Bengaluru,REFINED_MATERIAL,Refined Material,1,South Asia,Unaligned,Bonding wire,0,Firm,Replaceable
REFINED_MATERIAL_0270,2.0,6.0,0.0001090125886542,0.0001305379798892,720.0,1442.0,975.0,720.0,1.0,0.0,0.0,0.0,1.0,326.0,0.0,0.0,394.0,Holt Materials - Gumi,REFINED_MATERIAL,Refined Material,1,Korea,East Asia,Silicon wafer,0,Firm,Causes failure
REFINED_MATERIAL_0271,8.0,6.0,0.001219133941039,0.0008450975098696,71.0,141.0,348.0,71.0,0.0,0.0,0.0,0.0,0.0,326.0,0.0,0.0,-255.0,Ader Materials - Kumamoto,REFINED_MATERIAL,Refined Material,1,Japan,East Asia,PCB laminate,0,Firm,Replaceable
REFINED_MATERIAL_0272,2.0,4.0,5.089072742268543e-05,0.0001756092959559,882.0,1210.0,975.0,882.0,2.0,0.0,0.0,0.0,2.0,326.0,0.0,0.0,556.0,Doran Chemical - Pyeongtaek,REFINED_MATERIAL,Refined Material,1,Korea,East Asia,Packaging substrate,0,Firm,Causes failure
REFINED_MATERIAL_0273,2.0,4.0,0.0001129989815092,0.0001948994289537,708.0,1127.0,975.0,708.0,0.0,0.0,0.0,0.0,0.0,326.0,0.0,0.0,382.0,Faryn Chemical - Gumi 2,REFINED_MATERIAL,Refined Material,1,Korea,East Asia,Packaging substrate,0,Firm,Replaceable
REFINED_MATERIAL_0274,15.0,7.0,0.0008484177635006,0.0009684465695241,123.0,113.0,157.0,113.0,1.0,0.0,0.0,0.0,1.0,326.0,0.0,0.0,-213.0,Belan Specialty - Tainan,REFINED_MATERIAL,Refined Material,1,Taiwan,East Asia,PCB laminate,0,Firm,Causes failure
REFINED_MATERIAL_0275,3.0,3.0,0.0002101509366315,0.0003421462373516,526.0,572.0,774.0,526.0,0.0,0.0,0.0,0.0,0.0,326.0,0.0,0.0,200.0,Yarrow Specialty - Bangkok,REFINED_MATERIAL,Refined Material,1,Southeast Asia,East Asia,Process gas,0,Firm,Replaceable
REFINED_MATERIAL_0276,1.0,5.0,5.6517690109111405e-05,0.0001828060684698,860.0,1181.0,1211.0,860.0,0.0,0.0,0.0,0.0,0.0,326.0,0.0,0.0,534.0,Orvid Materials - Dresden,REFINED_MATERIAL,Refined Material,1,Europe,Western,PCB laminate,0,Firm,Replaceable
REFINED_MATERIAL_0277,1.0,5.0,1.1579180355707242e-05,0.0001472302472412,1048.0,1355.0,1211.0,1048.0,0.0,0.0,0.0,0.0,0.0,326.0,0.0,0.0,722.0,Palter Chemical - Hiroshima 2,REFINED_MATERIAL,Refined Material,1,Japan,East Asia,Bonding wire,0,Firm,Replaceable
REFINED_MATERIAL_0278,4.0,3.0,7.751905712736766e-05,0.0001866530761186,800.0,1156.0,638.0,638.0,5.0,0.0,0.0,0.0,1.0,326.0,0.0,0.0,312.0,Nevin Specialty - Eindhoven,REFINED_MATERIAL,Refined Material,1,Europe,Western,CMP slurry,0,Firm,Causes failure
REFINED_MATERIAL_0279,2.0,7.0,2.1822866395110737e-05,0.0001860717347605,998.0,1161.0,975.0,975.0,0.0,0.0,0.0,0.0,0.0,326.0,0.0,0.0,649.0,Ader Materials - Chengdu,REFINED_MATERIAL,Refined Material,1,China,East Asia,Packaging substrate,0,Firm,Replaceable
REFINED_MATERIAL_0280,0.0,1.0,0.0,0.0001122065525757,1111.0,1533.0,1533.0,1111.0,0.0,0.0,0.0,0.0,0.0,326.0,0.0,0.0,785.0,Zephyr Specialty - Icheon,REFINED_MATERIAL,Refined Material,1,Korea,East Asia,Photoresist,0,Firm,Replaceable
REFINED_MATERIAL_0281,0.0,4.0,0.0,0.0001122065525757,1111.0,1533.0,1533.0,1111.0,0.0,0.0,0.0,0.0,0.0,326.0,0.0,0.0,785.0,Renbeck Advanced Materials - Icheon,REFINED_MATERIAL,Refined Material,1,Korea,East Asia,Packaging substrate,0,Firm,Replaceable
REFINED_MATERIAL_0282,6.0,2.0,0.0001540326603028,0.0004609450770472,636.0,390.0,457.0,390.0,3.0,2.0,3422984981.1318283,0.0026833514836181,2.0,99.0,3422984981.1318283,0.0026833514836181,291.0,Ferrin Specialty - Sendai,REFINED_MATERIAL,Refined Material,1,Japan,East Asia,Process gas,0,Firm,Causes failure
REFINED_MATERIAL_0283,5.0,5.0,0.0001753489171751,0.0005131903067423,596.0,316.0,549.0,316.0,0.0,0.0,0.0,0.0,0.0,326.0,0.0,0.0,-10.0,Lumen Specialty - Kaohsiung,REFINED_MATERIAL,Refined Material,1,Taiwan,East Asia,PCB laminate,0,Firm,Replaceable
REFINED_MATERIAL_0284,0.0,3.0,0.0,0.0001122065525757,1111.0,1533.0,1533.0,1111.0,0.0,0.0,0.0,0.0,0.0,326.0,0.0,0.0,785.0,Ader Materials - Austin,REFINED_MATERIAL,Refined Material,1,North America,Western,Photoresist,0,Firm,Replaceable
REFINED_MATERIAL_0285,2.0,7.0,0.000211808022335,0.0001586712860724,524.0,1286.0,975.0,524.0,1.0,0.0,0.0,0.0,1.0,326.0,0.0,0.0,198.0,Nevin Specialty - Nagano,REFINED_MATERIAL,Refined Material,1,Japan,East Asia,Packaging substrate,0,Firm,Causes failure
REFINED_MATERIAL_0286,22.0,5.0,0.0007564351465861,0.00077022381394,133.0,168.0,92.0,92.0,1.0,0.0,0.0,0.0,1.0,326.0,0.0,0.0,-234.0,Thorne Advanced Materials - Bac Ninh,REFINED_MATERIAL,Refined Material,1,Southeast Asia,East Asia,Process gas,0,Firm,Causes failure
REFINED_MATERIAL_0287,3.0,1.0,4.388547046240208e-06,0.0001533175154786,1090.0,1321.0,774.0,774.0,1.0,0.0,0.0,0.0,1.0,326.0,0.0,0.0,448.0,Stade Advanced Materials - Sendai,REFINED_MATERIAL,Refined Material,1,Japan,East Asia,Silicon wafer,0,Firm,Causes failure
REFINED_MATERIAL_0288,21.0,4.0,0.0005094474836328,0.000818712406944,234.0,148.0,94.0,94.0,9.0,6.0,7302592220.504328,0.0057246589678782,2.0,45.0,7302592220.504328,0.0057246589678782,49.0,Mervi Materials - Eindhoven,REFINED_MATERIAL,Refined Material,1,Europe,Western,PCB laminate,0,Firm,Causes failure
REFINED_MATERIAL_0289,11.0,4.0,0.0004677768095809,0.0005616204951873,263.0,276.0,234.0,234.0,1.0,0.0,0.0,0.0,1.0,326.0,0.0,0.0,-92.0,Dyne Chemical - Nagano,REFINED_MATERIAL,Refined Material,1,Japan,East Asia,Process gas,0,Firm,Causes failure
REFINED_MATERIAL_0290,3.0,1.0,1.7536997306944794e-05,0.0001369748465388,1023.0,1409.0,774.0,774.0,0.0,0.0,0.0,0.0,0.0,326.0,0.0,0.0,448.0,Yarrow Advanced Materials - Hillsboro,REFINED_MATERIAL,Refined Material,1,North America,Western,Silicon wafer,0,Firm,Replaceable
REFINED_MATERIAL_0291,8.0,3.0,0.0008883083570107,0.0007646693383354,110.0,171.0,348.0,110.0,9.0,4.0,4960290976.640127,0.0038884786888384,2.0,62.0,4960290976.640127,0.0038884786888384,48.0,Dyne Materials - Bac Ninh,REFINED_MATERIAL,Refined Material,1,Southeast Asia,East Asia,PCB laminate,0,Firm,Causes failure
REFINED_MATERIAL_0292,2.0,2.0,0.000201163288698,0.0001813416133231,554.0,1183.0,975.0,554.0,2.0,1.0,430159514.5514947,0.000337211287203,2.0,287.0,430159514.5514947,0.000337211287203,267.0,Rivet Advanced Materials - Kitakyushu,REFINED_MATERIAL,Refined Material,1,Japan,East Asia,Process gas,0,Firm,Causes failure
REFINED_MATERIAL_0293,0.0,4.0,0.0,0.0001122065525757,1111.0,1533.0,1533.0,1111.0,0.0,0.0,0.0,0.0,0.0,326.0,0.0,0.0,785.0,Xanthe Specialty - Hwaseong,REFINED_MATERIAL,Refined Material,1,Korea,East Asia,PCB laminate,0,Firm,Replaceable
REFINED_MATERIAL_0294,9.0,5.0,0.0001164560810408,0.0003661503308656,698.0,517.0,304.0,304.0,17.0,13.0,16845114631.532717,0.0132052473462199,3.0,14.0,16845114631.532717,0.0132052473462199,290.0,Korrin Chemical - Hiroshima,REFINED_MATERIAL,Refined Material,1,Japan,East Asia,Bonding wire,0,Firm,Causes failure
REFINED_MATERIAL_0295,1.0,3.0,1.0927944253915053e-05,0.0001880873382709,1050.0,1154.0,1211.0,1050.0,0.0,0.0,0.0,0.0,0.0,326.0,0.0,0.0,724.0,Gethin Advanced Materials - Hiroshima,REFINED_MATERIAL,Refined Material,1,Japan,East Asia,Process gas,0,Firm,Replaceable
REFINED_MATERIAL_0296,3.0,4.0,6.502475775124401e-05,0.0002083712921985,836.0,1053.0,774.0,774.0,1.0,0.0,0.0,0.0,1.0,326.0,0.0,0.0,448.0,Jorel Chemical - Kitakyushu,REFINED_MATERIAL,Refined Material,1,Japan,East Asia,Packaging substrate,0,Firm,Causes failure
REFINED_MATERIAL_0297,1.0,5.0,3.144799407477612e-05,0.000172706369907,946.0,1229.0,1211.0,946.0,0.0,0.0,0.0,0.0,0.0,326.0,0.0,0.0,620.0,Ember Chemical - Sendai,REFINED_MATERIAL,Refined Material,1,Japan,East Asia,Packaging substrate,0,Firm,Replaceable
REFINED_MATERIAL_0298,51.0,3.0,0.0007563823203314,0.0012569612742678,134.0,73.0,34.0,34.0,23.0,2.0,408560504.13435405,0.0003202793587935,4.0,290.0,408560504.13435405,0.0003202793587935,-256.0,Wexler Specialty - Taoyuan,REFINED_MATERIAL,Refined Material,1,Taiwan,East Asia,Process gas,0,Firm,Causes failure
REFINED_MATERIAL_0299,3.0,1.0,2.158121725814581e-05,0.0002320920477954,1002.0,937.0,774.0,774.0,0.0,0.0,0.0,0.0,0.0,326.0,0.0,0.0,448.0,Umber Chemical - Bengaluru,REFINED_MATERIAL,Refined Material,1,South Asia,Unaligned,Silicon wafer,0,Firm,Replaceable
REFINED_MATERIAL_0300,1.0,6.0,1.471951131951746e-05,0.0001389213060568,1035.0,1396.0,1211.0,1035.0,0.0,0.0,0.0,0.0,0.0,326.0,0.0,0.0,709.0,Vantor Advanced Materials - Shanghai,REFINED_MATERIAL,Refined Material,1,China,East Asia,Packaging substrate,0,Firm,Replaceable
REFINED_MATERIAL_0301,0.0,2.0,0.0,0.0001122065525757,1111.0,1533.0,1533.0,1111.0,0.0,0.0,0.0,0.0,0.0,326.0,0.0,0.0,785.0,Orvid Chemical - Hiroshima,REFINED_MATERIAL,Refined Material,1,Japan,East Asia,Silicon wafer,0,Firm,Replaceable
REFINED_MATERIAL_0302,6.0,4.0,6.386555415574088e-05,0.0002276322588802,842.0,962.0,457.0,457.0,2.0,0.0,0.0,0.0,1.0,326.0,0.0,0.0,131.0,Yarrow Advanced Materials - Tianjin,REFINED_MATERIAL,Refined Material,1,China,East Asia,Packaging substrate,0,Firm,Causes failure
REFINED_MATERIAL_0303,0.0,2.0,0.0,0.0001122065525757,1111.0,1533.0,1533.0,1111.0,0.0,0.0,0.0,0.0,0.0,326.0,0.0,0.0,785.0,Calder Advanced Materials - Austin,REFINED_MATERIAL,Refined Material,1,North America,Western,Photoresist,0,Firm,Replaceable
REFINED_MATERIAL_0304,0.0,3.0,0.0,0.0001122065525757,1111.0,1533.0,1533.0,1111.0,0.0,0.0,0.0,0.0,0.0,326.0,0.0,0.0,785.0,Cortex Chemical - Kumamoto,REFINED_MATERIAL,Refined Material,1,Japan,East Asia,Process gas,0,Firm,Replaceable
REFINED_MATERIAL_0305,0.0,3.0,0.0,0.0001122065525757,1111.0,1533.0,1533.0,1111.0,0.0,0.0,0.0,0.0,0.0,326.0,0.0,0.0,785.0,Ystad Advanced Materials - Grenoble,REFINED_MATERIAL,Refined Material,1,Europe,Western,Packaging substrate,0,Firm,Replaceable
REFINED_MATERIAL_0306,0.0,5.0,0.0,0.0001122065525757,1111.0,1533.0,1533.0,1111.0,0.0,0.0,0.0,0.0,0.0,326.0,0.0,0.0,785.0,Korrin Advanced Materials - Singapore,REFINED_MATERIAL,Refined Material,1,Southeast Asia,East Asia,Bonding wire,0,Firm,Replaceable
REFINED_MATERIAL_0307,1.0,5.0,8.712172776931995e-06,0.0001433737649703,1063.0,1377.0,1211.0,1063.0,0.0,0.0,0.0,0.0,0.0,326.0,0.0,0.0,737.0,Lethe Specialty - Xi'an,REFINED_MATERIAL,Refined Material,1,China,East Asia,Packaging substrate,0,Firm,Replaceable
REFINED_MATERIAL_0308,0.0,4.0,0.0,0.0001122065525757,1111.0,1533.0,1533.0,1111.0,0.0,0.0,0.0,0.0,0.0,326.0,0.0,0.0,785.0,Trellis Materials - Eindhoven,REFINED_MATERIAL,Refined Material,1,Europe,Western,Silicon wafer,0,Firm,Replaceable
REFINED_MATERIAL_0309,4.0,5.0,7.373545154077467e-05,0.0002256874270854,811.0,972.0,638.0,638.0,17.0,13.0,16845114631.532717,0.0132052473462199,3.0,14.0,16845114631.532717,0.0132052473462199,624.0,Halcy Specialty - Sendai,REFINED_MATERIAL,Refined Material,1,Japan,East Asia,Packaging substrate,0,Firm,Causes failure
REFINED_MATERIAL_0310,2.0,4.0,4.03973773599697e-05,0.0001495904188712,908.0,1341.0,975.0,908.0,0.0,0.0,0.0,0.0,0.0,326.0,0.0,0.0,582.0,Stade Advanced Materials - Yokkaichi,REFINED_MATERIAL,Refined Material,1,Japan,East Asia,Silicon wafer,0,Firm,Replaceable
REFINED_MATERIAL_0311,10.0,1.0,8.583929728675707e-06,0.0001949667263523,1064.0,1126.0,267.0,267.0,6.0,0.0,0.0,0.0,2.0,326.0,0.0,0.0,-59.0,Ivex Specialty - Nagano,REFINED_MATERIAL,Refined Material,1,Japan,East Asia,Silicon wafer,0,Firm,Causes failure
REFINED_MATERIAL_0312,11.0,5.0,0.0006743282900705,0.0008152317683444,158.0,149.0,234.0,149.0,0.0,0.0,0.0,0.0,0.0,326.0,0.0,0.0,-177.0,Alder Advanced Materials - Kumamoto,REFINED_MATERIAL,Refined Material,1,Japan,East Asia,PCB laminate,0,Firm,Replaceable
REFINED_MATERIAL_0313,3.0,6.0,0.0001327851835835,0.0002104539059414,674.0,1038.0,774.0,674.0,9.0,2.0,867633180.5808948,0.0006801562949242,3.0,223.0,867633180.5808948,0.0006801562949242,451.0,Dyne Advanced Materials - Pyeongtaek,REFINED_MATERIAL,Refined Material,1,Korea,East Asia,Packaging substrate,0,Firm,Causes failure
REFINED_MATERIAL_0314,0.0,7.0,0.0,0.0001122065525757,1111.0,1533.0,1533.0,1111.0,0.0,0.0,0.0,0.0,0.0,326.0,0.0,0.0,785.0,Trellis Advanced Materials - Tianjin,REFINED_MATERIAL,Refined Material,1,China,East Asia,Packaging substrate,0,Firm,Replaceable
REFINED_MATERIAL_0315,0.0,4.0,0.0,0.0001122065525757,1111.0,1533.0,1533.0,1111.0,0.0,0.0,0.0,0.0,0.0,326.0,0.0,0.0,785.0,Halcy Chemical - Antofagasta,REFINED_MATERIAL,Refined Material,1,Rest of World,Unaligned,Photoresist,0,Firm,Replaceable
REFINED_MATERIAL_0316,0.0,2.0,0.0,0.0001122065525757,1111.0,1533.0,1533.0,1111.0,0.0,0.0,0.0,0.0,0.0,326.0,0.0,0.0,785.0,Doran Specialty - Bengaluru,REFINED_MATERIAL,Refined Material,1,South Asia,Unaligned,Bonding wire,0,Firm,Replaceable
REFINED_MATERIAL_0317,8.0,5.0,0.0001108512904732,0.0002005723785811,712.0,1094.0,348.0,348.0,0.0,0.0,0.0,0.0,0.0,326.0,0.0,0.0,22.0,Ember Materials - Dalian,REFINED_MATERIAL,Refined Material,1,China,East Asia,Silicon wafer,0,Firm,Replaceable
REFINED_MATERIAL_0318,0.0,5.0,0.0,0.0001122065525757,1111.0,1533.0,1533.0,1111.0,0.0,0.0,0.0,0.0,0.0,326.0,0.0,0.0,785.0,Quarn Chemical - Ottawa,REFINED_MATERIAL,Refined Material,1,North America,Western,PCB laminate,0,Firm,Replaceable
REFINED_MATERIAL_0319,3.0,2.0,2.9511779484632327e-05,0.000133127805045,956.0,1425.0,774.0,774.0,0.0,0.0,0.0,0.0,0.0,326.0,0.0,0.0,448.0,Dyne Chemical - Grenoble,REFINED_MATERIAL,Refined Material,1,Europe,Western,CMP slurry,0,Firm,Replaceable
REFINED_MATERIAL_0320,33.0,4.0,0.0014155887878456,0.0015012375715354,53.0,56.0,57.0,53.0,5.0,2.0,847383058.7940831,0.0006642817892984,2.0,226.0,847383058.7940831,0.0006642817892984,-173.0,Jarn Specialty - Nagano,REFINED_MATERIAL,Refined Material,1,Japan,East Asia,PCB laminate,0,Firm,Causes failure
REFINED_MATERIAL_0321,0.0,5.0,0.0,0.0001122065525757,1111.0,1533.0,1533.0,1111.0,0.0,0.0,0.0,0.0,0.0,326.0,0.0,0.0,785.0,Halcy Specialty - Kitakyushu,REFINED_MATERIAL,Refined Material,1,Japan,East Asia,PCB laminate,0,Firm,Replaceable
REFINED_MATERIAL_0322,0.0,3.0,0.0,0.0001122065525757,1111.0,1533.0,1533.0,1111.0,0.0,0.0,0.0,0.0,0.0,326.0,0.0,0.0,785.0,Korrin Specialty - Hsinchu,REFINED_MATERIAL,Refined Material,1,Taiwan,East Asia,PCB laminate,0,Firm,Replaceable
REFINED_MATERIAL_0323,3.0,5.0,3.838797532074225e-05,0.0001923703217903,915.0,1141.0,774.0,774.0,0.0,0.0,0.0,0.0,0.0,326.0,0.0,0.0,448.0,Quill Materials - Hillsboro,REFINED_MATERIAL,Refined Material,1,North America,Western,Bonding wire,0,Firm,Replaceable
REFINED_MATERIAL_0324,13.0,5.0,0.0008515208303342,0.0008911183290561,122.0,125.0,193.0,122.0,0.0,0.0,0.0,0.0,0.0,326.0,0.0,0.0,-204.0,Ember Specialty - Shanghai,REFINED_MATERIAL,Refined Material,1,China,East Asia,PCB laminate,0,Firm,Replaceable
REFINED_MATERIAL_0325,0.0,6.0,0.0,0.0001122065525757,1111.0,1533.0,1533.0,1111.0,0.0,0.0,0.0,0.0,0.0,326.0,0.0,0.0,785.0,Elstow Materials - Dresden,REFINED_MATERIAL,Refined Material,1,Europe,Western,Packaging substrate,0,Firm,Replaceable
REFINED_MATERIAL_0326,8.0,7.0,0.0004434586394477,0.0004610265056753,284.0,389.0,348.0,284.0,25.0,17.0,30595920167.06472,0.023984799298129,3.0,4.0,30595920167.06472,0.023984799298129,280.0,Thorne Chemical - Nagano 2,REFINED_MATERIAL,Refined Material,1,Japan,East Asia,Packaging substrate,0,Firm,Causes failure
REFINED_MATERIAL_0327,0.0,5.0,0.0,0.0001122065525757,1111.0,1533.0,1533.0,1111.0,0.0,0.0,0.0,0.0,0.0,326.0,0.0,0.0,785.0,Ulvid Advanced Materials - Leixlip,REFINED_MATERIAL,Refined Material,1,Europe,Western,Packaging substrate,0,Firm,Replaceable
REFINED_MATERIAL_0328,2.0,6.0,0.0002100764914557,0.0002839448095588,527.0,727.0,975.0,527.0,2.0,1.0,573636110.6967232,0.000449685674106,2.0,256.0,573636110.6967232,0.000449685674106,271.0,Granth Specialty - Chengdu,REFINED_MATERIAL,Refined Material,1,China,East Asia,PCB laminate,0,Firm,Causes failure
REFINED_MATERIAL_0329,0.0,7.0,0.0,0.0001122065525757,1111.0,1533.0,1533.0,1111.0,0.0,0.0,0.0,0.0,0.0,326.0,0.0,0.0,785.0,Quill Chemical - Grenoble,REFINED_MATERIAL,Refined Material,1,Europe,Western,Packaging substrate,0,Firm,Replaceable
REFINED_MATERIAL_0330,5.0,3.0,6.839301135895468e-05,0.0003259875959456,829.0,612.0,549.0,549.0,0.0,0.0,0.0,0.0,0.0,326.0,0.0,0.0,223.0,Alder Specialty - Bangkok,REFINED_MATERIAL,Refined Material,1,Southeast Asia,East Asia,Packaging substrate,0,Firm,Replaceable
REFINED_MATERIAL_0331,30.0,3.0,0.0001471700129925,0.0014371555852015,649.0,62.0,64.0,62.0,2.0,1.0,1694473005.3543084,0.001328333801618,2.0,154.0,1694473005.3543084,0.001328333801618,-92.0,Ferrin Advanced Materials - Tianjin,REFINED_MATERIAL,Refined Material,1,China,East Asia,PCB laminate,0,Firm,Causes failure
REFINED_MATERIAL_0332,15.0,5.0,0.0005046105489799,0.0006499454467059,239.0,222.0,157.0,157.0,1.0,0.0,0.0,0.0,1.0,326.0,0.0,0.0,-169.0,Renbeck Materials - Wuxi,REFINED_MATERIAL,Refined Material,1,China,East Asia,Process gas,0,Firm,Causes failure
REFINED_MATERIAL_0333,9.0,4.0,0.0005944601699737,0.0007401939332025,189.0,181.0,304.0,181.0,2.0,1.0,1530251279.602823,0.0011995968618223,2.0,164.0,1530251279.602823,0.0011995968618223,17.0,Rivet Materials - Kitakyushu,REFINED_MATERIAL,Refined Material,1,Japan,East Asia,PCB laminate,0,Firm,Causes failure
REFINED_MATERIAL_0334,2.0,4.0,2.990351195219045e-05,0.000137150284014,953.0,1407.0,975.0,953.0,0.0,0.0,0.0,0.0,0.0,326.0,0.0,0.0,627.0,Noral Specialty - Gumi,REFINED_MATERIAL,Refined Material,1,Korea,East Asia,CMP slurry,0,Firm,Replaceable
REFINED_MATERIAL_0335,1.0,7.0,9.691451830996076e-05,0.0002000019581511,753.0,1098.0,1211.0,753.0,0.0,0.0,0.0,0.0,0.0,326.0,0.0,0.0,427.0,Elstow Advanced Materials - Tainan,REFINED_MATERIAL,Refined Material,1,Taiwan,East Asia,PCB laminate,0,Firm,Replaceable
REFINED_MATERIAL_0336,8.0,7.0,0.0009705314054495,0.0006240151467027,98.0,238.0,348.0,98.0,0.0,0.0,0.0,0.0,0.0,326.0,0.0,0.0,-228.0,Korrin Materials - Yokkaichi,REFINED_MATERIAL,Refined Material,1,Japan,East Asia,Process gas,0,Firm,Replaceable
REFINED_MATERIAL_0337,4.0,5.0,8.432321184392623e-05,0.0001580588633444,784.0,1293.0,638.0,638.0,2.0,0.0,0.0,0.0,1.0,326.0,0.0,0.0,312.0,Granth Chemical - Kitakyushu,REFINED_MATERIAL,Refined Material,1,Japan,East Asia,Process gas,0,Firm,Causes failure
REFINED_MATERIAL_0338,3.0,4.0,1.7115653873685978e-05,0.0001580292469156,1026.0,1294.0,774.0,774.0,0.0,0.0,0.0,0.0,0.0,326.0,0.0,0.0,448.0,Prendel Chemical - Wuxi,REFINED_MATERIAL,Refined Material,1,China,East Asia,Silicon wafer,0,Firm,Replaceable
REFINED_MATERIAL_0339,2.0,3.0,0.0006257708988536,0.0003225192128364,174.0,623.0,975.0,174.0,13.0,12.0,13130365162.865343,0.0102931754110628,2.0,24.0,13130365162.865343,0.0102931754110628,150.0,Brant Chemical - Nagano,REFINED_MATERIAL,Refined Material,1,Japan,East Asia,Process gas,0,Firm,Causes failure
REFINED_MATERIAL_0340,11.0,5.0,0.0004340134698422,0.0005827046095353,288.0,263.0,234.0,234.0,1.0,0.0,0.0,0.0,1.0,326.0,0.0,0.0,-92.0,Renbeck Advanced Materials - Taichung,REFINED_MATERIAL,Refined Material,1,Taiwan,East Asia,PCB laminate,0,Firm,Causes failure
REFINED_MATERIAL_0341,10.0,4.0,0.0001016351306672,0.0002102856703493,737.0,1039.0,267.0,267.0,1.0,0.0,0.0,0.0,1.0,326.0,0.0,0.0,-59.0,Ember Advanced Materials - Taichung,REFINED_MATERIAL,Refined Material,1,Taiwan,East Asia,Silicon wafer,0,Firm,Causes failure
REFINED_MATERIAL_0342,0.0,2.0,0.0,0.0001122065525757,1111.0,1533.0,1533.0,1111.0,0.0,0.0,0.0,0.0,0.0,326.0,0.0,0.0,785.0,Lethe Materials - Kumamoto,REFINED_MATERIAL,Refined Material,1,Japan,East Asia,Silicon wafer,0,Firm,Replaceable
REFINED_MATERIAL_0343,4.0,2.0,2.647279807554569e-05,0.000212304691475,973.0,1030.0,638.0,638.0,0.0,0.0,0.0,0.0,0.0,326.0,0.0,0.0,312.0,Doran Chemical - Guadalajara,REFINED_MATERIAL,Refined Material,1,North America,Western,Bonding wire,0,Firm,Replaceable
REFINED_MATERIAL_0344,13.0,3.0,0.0008547776916652,0.0005860349109551,121.0,262.0,193.0,121.0,1.0,0.0,0.0,0.0,1.0,326.0,0.0,0.0,-205.0,Oxbow Materials - Shenzhen,REFINED_MATERIAL,Refined Material,1,China,East Asia,PCB laminate,0,Firm,Causes failure
REFINED_MATERIAL_0345,11.0,3.0,0.0004941632009183,0.0008538268259982,246.0,134.0,234.0,134.0,1.0,0.0,0.0,0.0,1.0,326.0,0.0,0.0,-192.0,Dyne Materials - Kumamoto,REFINED_MATERIAL,Refined Material,1,Japan,East Asia,PCB laminate,0,Firm,Causes failure
REFINED_MATERIAL_0346,3.0,2.0,1.5225510001929555e-05,0.0001951651734941,1034.0,1122.0,774.0,774.0,0.0,0.0,0.0,0.0,0.0,326.0,0.0,0.0,448.0,Zephyr Chemical - Hiroshima,REFINED_MATERIAL,Refined Material,1,Japan,East Asia,Bonding wire,0,Firm,Replaceable
REFINED_MATERIAL_0347,4.0,2.0,5.148378462868506e-05,0.0002560154095658,879.0,831.0,638.0,638.0,0.0,0.0,0.0,0.0,0.0,326.0,0.0,0.0,312.0,Brant Specialty - Kitakyushu,REFINED_MATERIAL,Refined Material,1,Japan,East Asia,Bonding wire,0,Firm,Replaceable
REFINED_MATERIAL_0348,6.0,6.0,0.0007018139618206,0.0006311947531928,149.0,231.0,457.0,149.0,2.0,0.0,0.0,0.0,1.0,326.0,0.0,0.0,-177.0,Ivex Specialty - Pyeongtaek,REFINED_MATERIAL,Refined Material,1,Korea,East Asia,PCB laminate,0,Firm,Causes failure
REFINED_MATERIAL_0349,0.0,2.0,0.0,0.0001122065525757,1111.0,1533.0,1533.0,1111.0,0.0,0.0,0.0,0.0,0.0,326.0,0.0,0.0,785.0,Yarrow Chemical - Eindhoven,REFINED_MATERIAL,Refined Material,1,Europe,Western,Silicon wafer,0,Firm,Replaceable
REFINED_MATERIAL_0350,6.0,5.0,0.0002442890801389,0.0004957218456226,461.0,338.0,457.0,338.0,0.0,0.0,0.0,0.0,0.0,326.0,0.0,0.0,12.0,Kestrel Materials - Nagano,REFINED_MATERIAL,Refined Material,1,Japan,East Asia,PCB laminate,0,Firm,Replaceable
REFINED_MATERIAL_0351,4.0,6.0,0.0001679132650078,0.0002375265421785,610.0,918.0,638.0,610.0,14.0,6.0,4926955607.093277,0.0038623463763031,3.0,63.0,4926955607.093277,0.0038623463763031,547.0,Brant Advanced Materials - Yokkaichi,REFINED_MATERIAL,Refined Material,1,Japan,East Asia,Packaging substrate,0,Firm,Causes failure
REFINED_MATERIAL_0352,2.0,5.0,4.803976361890464e-05,0.0002214626384743,892.0,995.0,975.0,892.0,0.0,0.0,0.0,0.0,0.0,326.0,0.0,0.0,566.0,Ystad Advanced Materials - Villach,REFINED_MATERIAL,Refined Material,1,Europe,Western,PCB laminate,0,Firm,Replaceable
REFINED_MATERIAL_0353,2.0,5.0,0.0001599720580813,0.0003555566987797,623.0,538.0,975.0,538.0,0.0,0.0,0.0,0.0,0.0,326.0,0.0,0.0,212.0,Granth Materials - Taichung,REFINED_MATERIAL,Refined Material,1,Taiwan,East Asia,PCB laminate,0,Firm,Replaceable
REFINED_MATERIAL_0354,1.0,2.0,5.835512562684063e-06,0.0001338438490633,1078.0,1422.0,1211.0,1078.0,0.0,0.0,0.0,0.0,0.0,326.0,0.0,0.0,752.0,Ferrin Specialty - Austin,REFINED_MATERIAL,Refined Material,1,North America,Western,Silicon wafer,0,Firm,Replaceable
REFINED_MATERIAL_0355,0.0,1.0,0.0,0.0001122065525757,1111.0,1533.0,1533.0,1111.0,0.0,0.0,0.0,0.0,0.0,326.0,0.0,0.0,785.0,Mordant Specialty - Chengdu,REFINED_MATERIAL,Refined Material,1,China,East Asia,CMP slurry,0,Firm,Replaceable
REFINED_MATERIAL_0356,3.0,4.0,0.0001852091995131,0.0003495046627182,579.0,550.0,774.0,550.0,0.0,0.0,0.0,0.0,0.0,326.0,0.0,0.0,224.0,Mervi Chemical - Singapore,REFINED_MATERIAL,Refined Material,1,Southeast Asia,East Asia,PCB laminate,0,Firm,Replaceable
REFINED_MATERIAL_0357,17.0,6.0,0.0003494027974594,0.0005609823544184,348.0,277.0,132.0,132.0,1.0,0.0,0.0,0.0,1.0,326.0,0.0,0.0,-194.0,Korrin Materials - Wuxi,REFINED_MATERIAL,Refined Material,1,China,East Asia,PCB laminate,0,Firm,Causes failure
REFINED_MATERIAL_0358,2.0,2.0,1.5236452991693584e-05,0.0001325647583575,1033.0,1427.0,975.0,975.0,0.0,0.0,0.0,0.0,0.0,326.0,0.0,0.0,649.0,Solvex Advanced Materials - Malta,REFINED_MATERIAL,Refined Material,1,North America,Western,CMP slurry,0,Firm,Replaceable
REFINED_MATERIAL_0359,8.0,3.0,0.0001645157511029,0.000317733930598,616.0,640.0,348.0,348.0,0.0,0.0,0.0,0.0,0.0,326.0,0.0,0.0,22.0,Lumen Advanced Materials - Malta,REFINED_MATERIAL,Refined Material,1,North America,Western,Process gas,0,Firm,Replaceable
REFINED_MATERIAL_0360,6.0,6.0,0.000717059780238,0.0006527952680459,145.0,219.0,457.0,145.0,2.0,1.0,504698163.1122772,0.0003956437355792,2.0,273.0,504698163.1122772,0.0003956437355792,-128.0,Wexler Advanced Materials - Nagano,REFINED_MATERIAL,Refined Material,1,Japan,East Asia,PCB laminate,0,Firm,Causes failure
REFINED_MATERIAL_0361,6.0,2.0,3.514852339642461e-05,0.0001753600096469,930.0,1215.0,457.0,457.0,2.0,0.0,0.0,0.0,1.0,326.0,0.0,0.0,131.0,Jarn Advanced Materials - Ottawa,REFINED_MATERIAL,Refined Material,1,North America,Western,Silicon wafer,0,Firm,Causes failure
REFINED_MATERIAL_0362,8.0,4.0,0.0005494405889017,0.0008552112921365,207.0,132.0,348.0,132.0,0.0,0.0,0.0,0.0,0.0,326.0,0.0,0.0,-194.0,Mordant Advanced Materials - Hiroshima,REFINED_MATERIAL,Refined Material,1,Japan,East Asia,PCB laminate,0,Firm,Replaceable
REFINED_MATERIAL_0363,0.0,4.0,0.0,0.0001122065525757,1111.0,1533.0,1533.0,1111.0,0.0,0.0,0.0,0.0,0.0,326.0,0.0,0.0,785.0,Lethe Advanced Materials - Eindhoven,REFINED_MATERIAL,Refined Material,1,Europe,Western,CMP slurry,0,Firm,Replaceable
REFINED_MATERIAL_0364,1.0,7.0,1.606659462509978e-05,0.0001754866783749,1031.0,1211.0,1211.0,1031.0,0.0,0.0,0.0,0.0,0.0,326.0,0.0,0.0,705.0,Mordant Advanced Materials - Villach,REFINED_MATERIAL,Refined Material,1,Europe,Western,Bonding wire,0,Firm,Replaceable
REFINED_MATERIAL_0365,0.0,3.0,0.0,0.0001122065525757,1111.0,1533.0,1533.0,1111.0,0.0,0.0,0.0,0.0,0.0,326.0,0.0,0.0,785.0,Ulvid Materials - Pyeongtaek,REFINED_MATERIAL,Refined Material,1,Korea,East Asia,Silicon wafer,0,Firm,Replaceable
REFINED_MATERIAL_0366,0.0,4.0,0.0,0.0001122065525757,1111.0,1533.0,1533.0,1111.0,0.0,0.0,0.0,0.0,0.0,326.0,0.0,0.0,785.0,Umber Specialty - Austin,REFINED_MATERIAL,Refined Material,1,North America,Western,Packaging substrate,0,Firm,Replaceable
REFINED_MATERIAL_0367,14.0,6.0,0.0002795947235133,0.0004706414642504,420.0,375.0,175.0,175.0,18.0,12.0,14014758015.225212,0.0109864699728451,3.0,22.0,14014758015.225212,0.0109864699728451,153.0,Ember Materials - Kaohsiung,REFINED_MATERIAL,Refined Material,1,Taiwan,East Asia,Packaging substrate,0,Firm,Causes failure
REFINED_MATERIAL_0368,0.0,6.0,0.0,0.0001122065525757,1111.0,1533.0,1533.0,1111.0,0.0,0.0,0.0,0.0,0.0,326.0,0.0,0.0,785.0,Oxbow Specialty - Hwaseong,REFINED_MATERIAL,Refined Material,1,Korea,East Asia,Packaging substrate,0,Firm,Replaceable
REFINED_MATERIAL_0369,15.0,4.0,5.796871949556508e-05,0.0007150145547377,857.0,194.0,157.0,157.0,7.0,0.0,0.0,0.0,2.0,326.0,0.0,0.0,-169.0,Cortex Materials - Dalian,REFINED_MATERIAL,Refined Material,1,China,East Asia,Packaging substrate,0,Firm,Causes failure
REFINED_MATERIAL_0370,3.0,2.0,1.633776335506011e-05,0.000238635803354,1028.0,912.0,774.0,774.0,0.0,0.0,0.0,0.0,0.0,326.0,0.0,0.0,448.0,Granth Chemical - Nagano,REFINED_MATERIAL,Refined Material,1,Japan,East Asia,Packaging substrate,0,Firm,Replaceable
REFINED_MATERIAL_0371,2.0,5.0,7.063387420424732e-05,0.0002788051277985,822.0,748.0,975.0,748.0,0.0,0.0,0.0,0.0,0.0,326.0,0.0,0.0,422.0,Quill Materials - Kitakyushu,REFINED_MATERIAL,Refined Material,1,Japan,East Asia,PCB laminate,0,Firm,Replaceable
REFINED_MATERIAL_0372,15.0,5.0,0.0005030937468903,0.0006673165127576,240.0,208.0,157.0,157.0,2.0,1.0,3107528815.98504,0.0024360586168866,2.0,111.0,3107528815.98504,0.0024360586168866,46.0,Thorne Materials - Chengdu,REFINED_MATERIAL,Refined Material,1,China,East Asia,PCB laminate,0,Firm,Causes failure
REFINED_MATERIAL_0373,4.0,3.0,0.0002232205072438,0.0003451921830714,501.0,561.0,638.0,501.0,0.0,0.0,0.0,0.0,0.0,326.0,0.0,0.0,175.0,Ulvid Materials - Singapore,REFINED_MATERIAL,Refined Material,1,Southeast Asia,East Asia,Process gas,0,Firm,Replaceable
REFINED_MATERIAL_0374,4.0,3.0,3.739955891420576e-05,0.000153601471654,921.0,1319.0,638.0,638.0,2.0,0.0,0.0,0.0,2.0,326.0,0.0,0.0,312.0,Palter Materials - Kolwezi,REFINED_MATERIAL,Refined Material,1,Rest of World,Unaligned,Silicon wafer,0,Firm,Causes failure
REFINED_MATERIAL_0375,1.0,2.0,1.0514606472518306e-05,0.0001226621852825,1053.0,1502.0,1211.0,1053.0,0.0,0.0,0.0,0.0,0.0,326.0,0.0,0.0,727.0,Doran Chemical - Tianjin,REFINED_MATERIAL,Refined Material,1,China,East Asia,Bonding wire,0,Firm,Replaceable
REFINED_MATERIAL_0376,2.0,4.0,0.0002031240116198,0.0001473074080481,547.0,1354.0,975.0,547.0,0.0,0.0,0.0,0.0,0.0,326.0,0.0,0.0,221.0,Prendel Materials - Xi'an,REFINED_MATERIAL,Refined Material,1,China,East Asia,Silicon wafer,0,Firm,Replaceable
REFINED_MATERIAL_0377,1.0,3.0,5.683694892544199e-06,0.0001446238857182,1080.0,1368.0,1211.0,1080.0,0.0,0.0,0.0,0.0,0.0,326.0,0.0,0.0,754.0,Ember Specialty - Xi'an,REFINED_MATERIAL,Refined Material,1,China,East Asia,Packaging substrate,0,Firm,Replaceable
REFINED_MATERIAL_0378,10.0,4.0,0.0002887297381225,0.0005660787452724,409.0,273.0,267.0,267.0,1.0,0.0,0.0,0.0,1.0,326.0,0.0,0.0,-59.0,Vantor Materials - Xi'an,REFINED_MATERIAL,Refined Material,1,China,East Asia,PCB laminate,0,Firm,Causes failure
REFINED_MATERIAL_0379,0.0,6.0,0.0,0.0001122065525757,1111.0,1533.0,1533.0,1111.0,0.0,0.0,0.0,0.0,0.0,326.0,0.0,0.0,785.0,Palter Advanced Materials - Xi'an,REFINED_MATERIAL,Refined Material,1,China,East Asia,Packaging substrate,0,Firm,Replaceable
EQUIPMENT_0000,1.0,2.0,2.015514461182413e-06,0.0001884193039191,1101.0,1152.0,1211.0,1101.0,0.0,0.0,0.0,0.0,0.0,326.0,0.0,0.0,775.0,Orvid Technologies - Austin,EQUIPMENT,Equipment,2,North America,Western,Deposition system,0,Firm,Replaceable
EQUIPMENT_0001,1.0,2.0,2.490729739400164e-06,0.0001819338150543,1100.0,1182.0,1211.0,1100.0,0.0,0.0,0.0,0.0,0.0,326.0,0.0,0.0,774.0,Belan Instruments - Grenoble,EQUIPMENT,Equipment,2,Europe,Western,Deposition system,0,Firm,Replaceable
EQUIPMENT_0002,1.0,0.0,0.0,0.0001278570511019,1111.0,1467.0,1211.0,1111.0,1.0,0.0,0.0,0.0,1.0,326.0,0.0,0.0,785.0,Granth Instruments - Crolles,EQUIPMENT,Equipment,2,Europe,Western,Etch system,0,Firm,Causes failure
EQUIPMENT_0003,20.0,1.0,0.0001467177111197,0.0017066126329484,651.0,44.0,101.0,44.0,5.0,0.0,0.0,0.0,3.0,326.0,0.0,0.0,-282.0,Isar Technologies - Kumamoto,EQUIPMENT,Equipment,2,Japan,East Asia,Metrology system,0,Firm,Causes failure
EQUIPMENT_0004,2.0,2.0,4.9770512421175e-05,0.0001676099025075,884.0,1248.0,975.0,884.0,0.0,0.0,0.0,0.0,0.0,326.0,0.0,0.0,558.0,Verity Precision - Kitakyushu,EQUIPMENT,Equipment,2,Japan,East Asia,Etch system,0,Firm,Replaceable
EQUIPMENT_0005,16.0,4.0,0.0003573679655249,0.0006576708145644,345.0,216.0,146.0,146.0,21.0,6.0,3709333912.094555,0.0029078265639842,4.0,87.0,3709333912.094555,0.0029078265639842,59.0,Vantor Instruments - Eindhoven,EQUIPMENT,Equipment,2,Europe,Western,Etch system,0,Firm,Causes failure
EQUIPMENT_0006,19.0,2.0,8.019568529285511e-05,0.0007550496438601,794.0,175.0,113.0,113.0,25.0,6.0,4926955607.093277,0.0038623463763031,4.0,63.0,4926955607.093277,0.0038623463763031,50.0,Noral Systems - Nagano,EQUIPMENT,Equipment,2,Japan,East Asia,Ion implantation system,0,Firm,Causes failure
EQUIPMENT_0007,5.0,0.0,0.0,0.0003869787039306,1111.0,484.0,549.0,484.0,1.0,0.0,0.0,0.0,1.0,326.0,0.0,0.0,158.0,Ember Systems - Grenoble,EQUIPMENT,Equipment,2,Europe,Western,Deposition system,0,Firm,Causes failure
EQUIPMENT_0008,16.0,0.0,0.0,0.0010667958531316,1111.0,97.0,146.0,97.0,14.0,4.0,3348057165.0500746,0.0026246139584594,3.0,103.0,3348057165.0500746,0.0026246139584594,-6.0,Mervi Systems - Ottawa,EQUIPMENT,Equipment,2,North America,Western,Metrology system,0,Firm,Causes failure
EQUIPMENT_0009,2.0,4.0,0.0001697064096427,0.0003652915319218,604.0,519.0,975.0,519.0,0.0,0.0,0.0,0.0,0.0,326.0,0.0,0.0,193.0,Wexler Precision - Leixlip,EQUIPMENT,Equipment,2,Europe,Western,Test handler,0,Firm,Replaceable
EQUIPMENT_0010,7.0,4.0,0.0002201848004743,0.0003272426067526,506.0,608.0,407.0,407.0,1.0,0.0,0.0,0.0,1.0,326.0,0.0,0.0,81.0,Quarn Technologies - Nagano,EQUIPMENT,Equipment,2,Japan,East Asia,Ion implantation system,0,Firm,Causes failure
EQUIPMENT_0011,3.0,5.0,9.54932681593556e-05,0.0004098875765773,760.0,451.0,774.0,451.0,0.0,0.0,0.0,0.0,0.0,326.0,0.0,0.0,125.0,Jorel Systems - Austin,EQUIPMENT,Equipment,2,North America,Western,Test handler,0,Firm,Replaceable
EQUIPMENT_0012,2.0,6.0,5.379049672951946e-05,0.0001833183981401,868.0,1178.0,975.0,868.0,0.0,0.0,0.0,0.0,0.0,326.0,0.0,0.0,542.0,Calder Instruments - Shanghai,EQUIPMENT,Equipment,2,China,East Asia,Ion implantation system,0,Firm,Replaceable
EQUIPMENT_0013,7.0,4.0,0.000223723701825,0.0004000272515074,500.0,469.0,407.0,407.0,0.0,0.0,0.0,0.0,0.0,326.0,0.0,0.0,81.0,Ember Instruments - Sendai,EQUIPMENT,Equipment,2,Japan,East Asia,Etch system,0,Firm,Replaceable
EQUIPMENT_0014,11.0,0.0,0.0,0.0007220570952432,1111.0,191.0,234.0,191.0,3.0,0.0,0.0,0.0,2.0,326.0,0.0,0.0,-135.0,Ferrin Precision - Ottawa,EQUIPMENT,Equipment,2,North America,Western,Metrology system,0,Firm,Causes failure
EQUIPMENT_0015,2.0,4.0,0.0001075944002743,0.0001686091418925,725.0,1244.0,975.0,725.0,0.0,0.0,0.0,0.0,0.0,326.0,0.0,0.0,399.0,Kestrel Instruments - Dresden,EQUIPMENT,Equipment,2,Europe,Western,Etch system,0,Firm,Replaceable
EQUIPMENT_0016,6.0,3.0,4.708684396446664e-05,0.0006140869277913,894.0,245.0,457.0,245.0,1.0,0.0,0.0,0.0,1.0,326.0,0.0,0.0,-81.0,Quill Instruments - Austin,EQUIPMENT,Equipment,2,North America,Western,Metrology system,0,Firm,Causes failure
EQUIPMENT_0017,15.0,3.0,0.0001556858928583,0.0015336448306296,635.0,55.0,157.0,55.0,2.0,0.0,0.0,0.0,1.0,326.0,0.0,0.0,-271.0,Mordant Technologies - Batam,EQUIPMENT,Equipment,2,Southeast Asia,East Asia,Test handler,0,Firm,Causes failure
EQUIPMENT_0018,2.0,4.0,1.2602715292692877e-05,0.00023493112149,1042.0,928.0,975.0,928.0,0.0,0.0,0.0,0.0,0.0,326.0,0.0,0.0,602.0,Palter Instruments - Leixlip,EQUIPMENT,Equipment,2,Europe,Western,Deposition system,0,Firm,Replaceable
EQUIPMENT_0019,1.0,1.0,3.825680554683251e-06,0.0002605993983086,1094.0,817.0,1211.0,817.0,1.0,0.0,0.0,0.0,1.0,326.0,0.0,0.0,491.0,Wend Systems - Chandler,EQUIPMENT,Equipment,2,North America,Western,Test handler,0,Firm,Causes failure
EQUIPMENT_0020,17.0,4.0,0.0002356114891151,0.0005665237129038,479.0,272.0,132.0,132.0,3.0,0.0,0.0,0.0,1.0,326.0,0.0,0.0,-194.0,Belan Precision - Austin,EQUIPMENT,Equipment,2,North America,Western,Etch system,0,Firm,Causes failure
EQUIPMENT_0021,0.0,1.0,0.0,0.0001122065525757,1111.0,1533.0,1533.0,1111.0,0.0,0.0,0.0,0.0,0.0,326.0,0.0,0.0,785.0,Alder Systems - Guadalajara,EQUIPMENT,Equipment,2,North America,Western,Test handler,0,Firm,Replaceable
EQUIPMENT_0022,1.0,1.0,7.0157990455941e-05,0.0001717739264105,825.0,1235.0,1211.0,825.0,0.0,0.0,0.0,0.0,0.0,326.0,0.0,0.0,499.0,Jarn Systems - Ottawa,EQUIPMENT,Equipment,2,North America,Western,Test handler,0,Firm,Replaceable
EQUIPMENT_0023,6.0,3.0,2.718953065118321e-05,0.00036364002077,968.0,521.0,457.0,457.0,1.0,0.0,0.0,0.0,1.0,326.0,0.0,0.0,131.0,Dyne Systems - Leixlip,EQUIPMENT,Equipment,2,Europe,Western,Lithography system,0,Firm,Causes failure
EQUIPMENT_0024,1.0,3.0,1.8047926649255116e-05,0.000193331063605,1019.0,1137.0,1211.0,1019.0,0.0,0.0,0.0,0.0,0.0,326.0,0.0,0.0,693.0,Quarn Technologies - Hiroshima,EQUIPMENT,Equipment,2,Japan,East Asia,Deposition system,0,Firm,Replaceable
EQUIPMENT_0025,0.0,3.0,0.0,0.0001122065525757,1111.0,1533.0,1533.0,1111.0,0.0,0.0,0.0,0.0,0.0,326.0,0.0,0.0,785.0,Oxbow Systems - Hiroshima,EQUIPMENT,Equipment,2,Japan,East Asia,Ion implantation system,0,Firm,Replaceable
EQUIPMENT_0026,2.0,2.0,6.317155787533255e-06,0.0003688963402484,1076.0,514.0,975.0,514.0,0.0,0.0,0.0,0.0,0.0,326.0,0.0,0.0,188.0,Jorel Systems - Crolles,EQUIPMENT,Equipment,2,Europe,Western,Test handler,0,Firm,Replaceable
EQUIPMENT_0027,6.0,4.0,0.0002258887508557,0.0003277401546732,496.0,606.0,457.0,457.0,1.0,0.0,0.0,0.0,1.0,326.0,0.0,0.0,131.0,Isar Instruments - Kitakyushu,EQUIPMENT,Equipment,2,Japan,East Asia,Deposition system,0,Firm,Causes failure
EQUIPMENT_0028,8.0,1.0,3.032890317748799e-05,0.000509272742801,948.0,322.0,348.0,322.0,16.0,6.0,3709333912.094555,0.0029078265639842,4.0,87.0,3709333912.094555,0.0029078265639842,235.0,Renbeck Instruments - Ottawa,EQUIPMENT,Equipment,2,North America,Western,Metrology system,0,Firm,Causes failure
EQUIPMENT_0029,3.0,1.0,1.409217700183618e-06,0.0002628824090817,1105.0,808.0,774.0,774.0,1.0,0.0,0.0,0.0,1.0,326.0,0.0,0.0,448.0,Ivex Systems - Kumamoto,EQUIPMENT,Equipment,2,Japan,East Asia,Ion implantation system,0,Firm,Causes failure
EQUIPMENT_0030,10.0,5.0,2.4400065704338776e-05,0.0004815783410493,985.0,353.0,267.0,267.0,0.0,0.0,0.0,0.0,0.0,326.0,0.0,0.0,-59.0,Elstow Technologies - Dalian,EQUIPMENT,Equipment,2,China,East Asia,Deposition system,0,Firm,Replaceable
EQUIPMENT_0031,14.0,2.0,0.0005252121429455,0.0017918935790344,220.0,41.0,175.0,41.0,14.0,4.0,4725985527.1071205,0.0037048016119334,3.0,75.0,4725985527.1071205,0.0037048016119334,-34.0,Nevin Systems - Crolles,EQUIPMENT,Equipment,2,Europe,Western,Test handler,0,Firm,Causes failure
EQUIPMENT_0032,4.0,2.0,1.0734385822168438e-05,0.0002950081586374,1051.0,693.0,638.0,638.0,0.0,0.0,0.0,0.0,0.0,326.0,0.0,0.0,312.0,Orvid Instruments - Villach,EQUIPMENT,Equipment,2,Europe,Western,Deposition system,0,Firm,Replaceable
EQUIPMENT_0033,1.0,4.0,0.0001840564082096,0.0002051528302743,582.0,1066.0,1211.0,582.0,0.0,0.0,0.0,0.0,0.0,326.0,0.0,0.0,256.0,Calder Precision - Taoyuan,EQUIPMENT,Equipment,2,Taiwan,East Asia,Metrology system,0,Firm,Replaceable
EQUIPMENT_0034,7.0,4.0,0.0002188759865654,0.0010946518990907,511.0,91.0,407.0,91.0,1.0,0.0,0.0,0.0,1.0,326.0,0.0,0.0,-235.0,Ader Systems - Icheon,EQUIPMENT,Equipment,2,Korea,East Asia,Metrology system,0,Firm,Causes failure
EQUIPMENT_0035,0.0,0.0,0.0,0.0001122065525757,1111.0,1533.0,1533.0,1111.0,0.0,0.0,0.0,0.0,0.0,326.0,0.0,0.0,785.0,Renbeck Technologies - Dresden,EQUIPMENT,Equipment,2,Europe,Western,Deposition system,0,Firm,Replaceable
EQUIPMENT_0036,0.0,5.0,0.0,0.0001122065525757,1111.0,1533.0,1533.0,1111.0,0.0,0.0,0.0,0.0,0.0,326.0,0.0,0.0,785.0,Vantor Systems - Hillsboro,EQUIPMENT,Equipment,2,North America,Western,Deposition system,0,Firm,Replaceable
EQUIPMENT_0037,2.0,0.0,0.0,0.0004938789016582,1111.0,341.0,975.0,341.0,1.0,0.0,0.0,0.0,1.0,326.0,0.0,0.0,15.0,Xanthe Technologies - Kumamoto,EQUIPMENT,Equipment,2,Japan,East Asia,Test handler,0,Firm,Causes failure
EQUIPMENT_0038,2.0,3.0,0.000114369703645,0.0003866399686522,701.0,485.0,975.0,485.0,0.0,0.0,0.0,0.0,0.0,326.0,0.0,0.0,159.0,Elstow Instruments - Leixlip,EQUIPMENT,Equipment,2,Europe,Western,Test handler,0,Firm,Replaceable
EQUIPMENT_0039,1.0,5.0,9.841600034705316e-06,0.0001467092822128,1060.0,1358.0,1211.0,1060.0,0.0,0.0,0.0,0.0,0.0,326.0,0.0,0.0,734.0,Lumen Instruments - Leixlip,EQUIPMENT,Equipment,2,Europe,Western,Etch system,0,Firm,Replaceable
EQUIPMENT_0040,4.0,0.0,0.0,0.0004413929702366,1111.0,414.0,638.0,414.0,0.0,0.0,0.0,0.0,0.0,326.0,0.0,0.0,88.0,Korrin Precision - Ottawa,EQUIPMENT,Equipment,2,North America,Western,Test handler,0,Firm,Replaceable
EQUIPMENT_0041,3.0,0.0,0.0,0.00029160511671,1111.0,704.0,774.0,704.0,0.0,0.0,0.0,0.0,0.0,326.0,0.0,0.0,378.0,Quill Technologies - Taoyuan,EQUIPMENT,Equipment,2,Taiwan,East Asia,Etch system,0,Firm,Replaceable
EQUIPMENT_0042,4.0,2.0,0.0002020873535948,0.0002897826340978,551.0,712.0,638.0,551.0,0.0,0.0,0.0,0.0,0.0,326.0,0.0,0.0,225.0,Gethin Systems - Kumamoto,EQUIPMENT,Equipment,2,Japan,East Asia,Deposition system,0,Firm,Replaceable
EQUIPMENT_0043,6.0,4.0,0.0002044003000181,0.0003902984330626,544.0,478.0,457.0,457.0,1.0,0.0,0.0,0.0,1.0,326.0,0.0,0.0,131.0,Holt Technologies - Wuxi,EQUIPMENT,Equipment,2,China,East Asia,Etch system,0,Firm,Causes failure
EQUIPMENT_0044,6.0,5.0,3.238369010822661e-05,0.0003670826135677,938.0,516.0,457.0,457.0,2.0,0.0,0.0,0.0,1.0,326.0,0.0,0.0,131.0,Ader Instruments - Kumamoto,EQUIPMENT,Equipment,2,Japan,East Asia,Deposition system,0,Firm,Causes failure
EQUIPMENT_0045,1.0,1.0,1.3934971358252275e-06,0.0001446161914235,1106.0,1369.0,1211.0,1106.0,0.0,0.0,0.0,0.0,0.0,326.0,0.0,0.0,780.0,Solvex Precision - Hiroshima,EQUIPMENT,Equipment,2,Japan,East Asia,Metrology system,0,Firm,Replaceable
EQUIPMENT_0046,2.0,4.0,0.0001439924143392,0.0006888383988726,657.0,202.0,975.0,202.0,0.0,0.0,0.0,0.0,0.0,326.0,0.0,0.0,-124.0,Ferrin Precision - Hiroshima,EQUIPMENT,Equipment,2,Japan,East Asia,Test handler,0,Firm,Replaceable
EQUIPMENT_0047,10.0,5.0,0.0004281901034258,0.0004839927318641,294.0,351.0,267.0,267.0,2.0,0.0,0.0,0.0,2.0,326.0,0.0,0.0,-59.0,Mervi Precision - Sendai,EQUIPMENT,Equipment,2,Japan,East Asia,Lithography system,0,Firm,Causes failure
EQUIPMENT_0048,0.0,6.0,0.0,0.0001122065525757,1111.0,1533.0,1533.0,1111.0,0.0,0.0,0.0,0.0,0.0,326.0,0.0,0.0,785.0,Jorel Precision - Nagano,EQUIPMENT,Equipment,2,Japan,East Asia,Deposition system,0,Firm,Replaceable
EQUIPMENT_0049,3.0,0.0,0.0,0.0001735837494697,1111.0,1222.0,774.0,774.0,0.0,0.0,0.0,0.0,0.0,326.0,0.0,0.0,448.0,Ivex Instruments - Nagano,EQUIPMENT,Equipment,2,Japan,East Asia,Deposition system,0,Firm,Replaceable
EQUIPMENT_0050,0.0,4.0,0.0,0.0001122065525757,1111.0,1533.0,1533.0,1111.0,0.0,0.0,0.0,0.0,0.0,326.0,0.0,0.0,785.0,Zephyr Technologies - Eindhoven,EQUIPMENT,Equipment,2,Europe,Western,Test handler,0,Firm,Replaceable
EQUIPMENT_0051,1.0,2.0,2.275951609740972e-05,0.0001349700086457,991.0,1416.0,1211.0,991.0,1.0,0.0,0.0,0.0,1.0,326.0,0.0,0.0,665.0,Zephyr Precision - Leixlip,EQUIPMENT,Equipment,2,Europe,Western,Ion implantation system,0,Firm,Causes failure
EQUIPMENT_0052,1.0,2.0,0.0001267881021628,0.0001728117432547,686.0,1227.0,1211.0,686.0,0.0,0.0,0.0,0.0,0.0,326.0,0.0,0.0,360.0,Xanthe Systems - Grenoble,EQUIPMENT,Equipment,2,Europe,Western,Ion implantation system,0,Firm,Replaceable
EQUIPMENT_0053,1.0,5.0,0.0001261518478057,0.0001975185776748,688.0,1109.0,1211.0,688.0,2.0,0.0,0.0,0.0,2.0,326.0,0.0,0.0,362.0,Lethe Precision - Grenoble,EQUIPMENT,Equipment,2,Europe,Western,Metrology system,0,Firm,Causes failure
EQUIPMENT_0054,4.0,3.0,2.076863334066165e-05,0.0002834046224555,1007.0,731.0,638.0,638.0,1.0,0.0,0.0,0.0,1.0,326.0,0.0,0.0,312.0,Yarrow Systems - Malta,EQUIPMENT,Equipment,2,North America,Western,Deposition system,0,Firm,Causes failure
EQUIPMENT_0055,9.0,0.0,0.0,0.0009094945884803,1111.0,121.0,304.0,121.0,14.0,5.0,2121795380.7159996,0.0016633209944426,3.0,142.0,2121795380.7159996,0.0016633209944426,-21.0,Korrin Systems - Hillsboro,EQUIPMENT,Equipment,2,North America,Western,Test handler,0,Firm,Causes failure
EQUIPMENT_0056,7.0,0.0,0.0,0.0003792375206996,1111.0,499.0,407.0,407.0,7.0,2.0,543016403.8228772,0.0004256822278972,4.0,261.0,543016403.8228772,0.0004256822278972,146.0,Ivex Systems - Ottawa,EQUIPMENT,Equipment,2,North America,Western,Etch system,0,Firm,Causes failure
EQUIPMENT_0057,17.0,2.0,0.0004327998885097,0.0025403803119318,289.0,21.0,132.0,21.0,10.0,1.0,68169496.2817602,5.343953303723879e-05,3.0,321.0,68169496.2817602,5.343953303723879e-05,-300.0,Holt Systems - Hiroshima,EQUIPMENT,Equipment,2,Japan,East Asia,Test handler,0,Firm,Causes failure
EQUIPMENT_0058,1.0,0.0,0.0,0.0002768574684237,1111.0,755.0,1211.0,755.0,1.0,0.0,0.0,0.0,1.0,326.0,0.0,0.0,429.0,Faryn Instruments - Malta,EQUIPMENT,Equipment,2,North America,Western,Test handler,0,Firm,Causes failure
EQUIPMENT_0059,19.0,3.0,7.779312431577417e-05,0.0007372854069837,798.0,183.0,113.0,113.0,16.0,2.0,408560504.13435405,0.0003202793587935,4.0,290.0,408560504.13435405,0.0003202793587935,-177.0,Thorne Systems - Nagano,EQUIPMENT,Equipment,2,Japan,East Asia,Deposition system,0,Firm,Causes failure
EQUIPMENT_0060,38.0,2.0,0.0004660096152137,0.0023175272705457,265.0,24.0,52.0,24.0,14.0,2.0,543016403.8228772,0.0004256822278972,4.0,261.0,543016403.8228772,0.0004256822278972,-237.0,Thorne Systems - Taichung,EQUIPMENT,Equipment,2,Taiwan,East Asia,Metrology system,0,Firm,Causes failure
EQUIPMENT_0061,1.0,2.0,9.924536916909594e-06,0.0001589072169331,1058.0,1284.0,1211.0,1058.0,0.0,0.0,0.0,0.0,0.0,326.0,0.0,0.0,732.0,Korrin Instruments - Leixlip,EQUIPMENT,Equipment,2,Europe,Western,Etch system,0,Firm,Replaceable
EQUIPMENT_0062,2.0,0.0,0.0,0.000201153088983,1111.0,1088.0,975.0,975.0,0.0,0.0,0.0,0.0,0.0,326.0,0.0,0.0,649.0,Belan Technologies - Dresden,EQUIPMENT,Equipment,2,Europe,Western,Ion implantation system,0,Firm,Replaceable
EQUIPMENT_0063,3.0,5.0,4.059915308237333e-05,0.0001899022432638,907.0,1148.0,774.0,774.0,0.0,0.0,0.0,0.0,0.0,326.0,0.0,0.0,448.0,Umber Systems - Crolles,EQUIPMENT,Equipment,2,Europe,Western,Deposition system,0,Firm,Replaceable
EQUIPMENT_0064,10.0,2.0,6.468894108101016e-05,0.000715294549152,839.0,193.0,267.0,193.0,19.0,6.0,3709333912.094555,0.0029078265639842,4.0,87.0,3709333912.094555,0.0029078265639842,106.0,Umber Instruments - Penang,EQUIPMENT,Equipment,2,Southeast Asia,East Asia,Ion implantation system,0,Firm,Causes failure
EQUIPMENT_0065,10.0,6.0,0.0002831039946451,0.0005398466571845,415.0,293.0,267.0,267.0,2.0,0.0,0.0,0.0,1.0,326.0,0.0,0.0,-59.0,Rivet Precision - Hiroshima,EQUIPMENT,Equipment,2,Japan,East Asia,Deposition system,0,Firm,Causes failure
EQUIPMENT_0066,0.0,4.0,0.0,0.0001122065525757,1111.0,1533.0,1533.0,1111.0,0.0,0.0,0.0,0.0,0.0,326.0,0.0,0.0,785.0,Ferrin Technologies - Hillsboro,EQUIPMENT,Equipment,2,North America,Western,Etch system,0,Firm,Replaceable
EQUIPMENT_0067,2.0,3.0,2.6254031673294145e-05,0.0003364139656072,975.0,588.0,975.0,588.0,0.0,0.0,0.0,0.0,0.0,326.0,0.0,0.0,262.0,Belan Instruments - Eindhoven,EQUIPMENT,Equipment,2,Europe,Western,Metrology system,0,Firm,Replaceable
EQUIPMENT_0068,5.0,2.0,0.0003878141627527,0.0012294025011693,317.0,76.0,549.0,76.0,54.0,22.0,16742388769.802158,0.0131247183357218,3.0,18.0,16742388769.802158,0.0131247183357218,58.0,Holt Precision - Austin,EQUIPMENT,Equipment,2,North America,Western,Test handler,0,Firm,Causes failure
EQUIPMENT_0069,11.0,6.0,0.0002077913937909,0.0004758171123344,533.0,365.0,234.0,234.0,2.0,0.0,0.0,0.0,2.0,326.0,0.0,0.0,-92.0,Cortex Systems - Hsinchu,EQUIPMENT,Equipment,2,Taiwan,East Asia,Etch system,0,Firm,Causes failure
EQUIPMENT_0070,1.0,2.0,3.79310151741439e-06,0.0001633879598999,1095.0,1266.0,1211.0,1095.0,0.0,0.0,0.0,0.0,0.0,326.0,0.0,0.0,769.0,Jorel Instruments - Malta,EQUIPMENT,Equipment,2,North America,Western,Deposition system,0,Firm,Replaceable
EQUIPMENT_0071,2.0,2.0,3.704147774093395e-06,0.0001479292712541,1096.0,1350.0,975.0,975.0,0.0,0.0,0.0,0.0,0.0,326.0,0.0,0.0,649.0,Quill Technologies - Gumi,EQUIPMENT,Equipment,2,Korea,East Asia,Ion implantation system,0,Firm,Replaceable
EQUIPMENT_0072,6.0,0.0,0.0,0.0002778822463377,1111.0,749.0,457.0,457.0,0.0,0.0,0.0,0.0,0.0,326.0,0.0,0.0,131.0,Cortex Instruments - Yokkaichi,EQUIPMENT,Equipment,2,Japan,East Asia,Etch system,0,Firm,Replaceable
EQUIPMENT_0073,0.0,2.0,0.0,0.0001122065525757,1111.0,1533.0,1533.0,1111.0,0.0,0.0,0.0,0.0,0.0,326.0,0.0,0.0,785.0,Thorne Systems - Malta,EQUIPMENT,Equipment,2,North America,Western,Deposition system,0,Firm,Replaceable
EQUIPMENT_0074,3.0,4.0,6.365173132590866e-05,0.0003204953734002,845.0,630.0,774.0,630.0,2.0,0.0,0.0,0.0,2.0,326.0,0.0,0.0,304.0,Stade Systems - Chengdu,EQUIPMENT,Equipment,2,China,East Asia,Metrology system,0,Firm,Causes failure
EQUIPMENT_0075,9.0,2.0,0.0002479116370371,0.000851742185538,457.0,137.0,304.0,137.0,0.0,0.0,0.0,0.0,0.0,326.0,0.0,0.0,-189.0,Nevin Systems - Austin,EQUIPMENT,Equipment,2,North America,Western,Test handler,0,Firm,Replaceable
EQUIPMENT_0076,1.0,1.0,2.8700910192364734e-07,0.0001198837305419,1109.0,1511.0,1211.0,1109.0,0.0,0.0,0.0,0.0,0.0,326.0,0.0,0.0,783.0,Alder Technologies - Austin,EQUIPMENT,Equipment,2,North America,Western,Deposition system,0,Firm,Replaceable
EQUIPMENT_0077,0.0,4.0,0.0,0.0001122065525757,1111.0,1533.0,1533.0,1111.0,0.0,0.0,0.0,0.0,0.0,326.0,0.0,0.0,785.0,Rivet Precision - Hiroshima 2,EQUIPMENT,Equipment,2,Japan,East Asia,Metrology system,0,Firm,Replaceable
EQUIPMENT_0078,5.0,1.0,6.673580943876369e-07,0.0006586398920587,1107.0,214.0,549.0,214.0,1.0,0.0,0.0,0.0,1.0,326.0,0.0,0.0,-112.0,Trellis Precision - Malta,EQUIPMENT,Equipment,2,North America,Western,Test handler,0,Firm,Causes failure
EQUIPMENT_0079,3.0,2.0,1.652219489119992e-06,0.000529899396849,1103.0,299.0,774.0,299.0,0.0,0.0,0.0,0.0,0.0,326.0,0.0,0.0,-27.0,Kestrel Instruments - Shenzhen,EQUIPMENT,Equipment,2,China,East Asia,Test handler,0,Firm,Replaceable
EQUIPMENT_0080,1.0,3.0,4.603597608773872e-06,0.0002824364841539,1086.0,737.0,1211.0,737.0,0.0,0.0,0.0,0.0,0.0,326.0,0.0,0.0,411.0,Cortex Systems - Grenoble,EQUIPMENT,Equipment,2,Europe,Western,Test handler,0,Firm,Replaceable
EQUIPMENT_0081,1.0,2.0,0.00019715864151,0.000451153475923,562.0,401.0,1211.0,401.0,1.0,0.0,0.0,0.0,1.0,326.0,0.0,0.0,75.0,Prendel Instruments - Cheongju,EQUIPMENT,Equipment,2,Korea,East Asia,Test handler,0,Firm,Causes failure
EQUIPMENT_0082,18.0,4.0,6.587100101554653e-05,0.0007071598329443,834.0,198.0,121.0,121.0,13.0,0.0,0.0,0.0,1.0,326.0,0.0,0.0,-205.0,Prendel Instruments - Chandler,EQUIPMENT,Equipment,2,North America,Western,Lithography system,0,Firm,Causes failure
EQUIPMENT_0083,3.0,0.0,0.0,0.0001859422161134,1111.0,1165.0,774.0,774.0,0.0,0.0,0.0,0.0,0.0,326.0,0.0,0.0,448.0,Ader Technologies - Malta,EQUIPMENT,Equipment,2,North America,Western,Deposition system,0,Firm,Replaceable
EQUIPMENT_0084,0.0,3.0,0.0,0.0001122065525757,1111.0,1533.0,1533.0,1111.0,0.0,0.0,0.0,0.0,0.0,326.0,0.0,0.0,785.0,Vantor Technologies - Chandler,EQUIPMENT,Equipment,2,North America,Western,Deposition system,0,Firm,Replaceable
EQUIPMENT_0085,6.0,0.0,0.0,0.0003121174536073,1111.0,649.0,457.0,457.0,0.0,0.0,0.0,0.0,0.0,326.0,0.0,0.0,131.0,Elstow Instruments - Kitakyushu,EQUIPMENT,Equipment,2,Japan,East Asia,Deposition system,0,Firm,Replaceable
EQUIPMENT_0086,0.0,2.0,0.0,0.0001122065525757,1111.0,1533.0,1533.0,1111.0,0.0,0.0,0.0,0.0,0.0,326.0,0.0,0.0,785.0,Dyne Technologies - Malta,EQUIPMENT,Equipment,2,North America,Western,Deposition system,0,Firm,Replaceable
EQUIPMENT_0087,7.0,1.0,9.870369257331642e-06,0.0003232745606933,1059.0,620.0,407.0,407.0,1.0,0.0,0.0,0.0,1.0,326.0,0.0,0.0,81.0,Oxbow Technologies - Chandler,EQUIPMENT,Equipment,2,North America,Western,Deposition system,0,Firm,Causes failure
EQUIPMENT_0088,4.0,0.0,0.0,0.0002686955306017,1111.0,780.0,638.0,638.0,0.0,0.0,0.0,0.0,0.0,326.0,0.0,0.0,312.0,Granth Systems - Nagano,EQUIPMENT,Equipment,2,Japan,East Asia,Etch system,0,Firm,Replaceable
EQUIPMENT_0089,0.0,2.0,0.0,0.0001122065525757,1111.0,1533.0,1533.0,1111.0,0.0,0.0,0.0,0.0,0.0,326.0,0.0,0.0,785.0,Brant Systems - Ottawa,EQUIPMENT,Equipment,2,North America,Western,Metrology system,0,Firm,Replaceable
EQUIPMENT_0090,2.0,0.0,0.0,0.0001678187715073,1111.0,1246.0,975.0,975.0,0.0,0.0,0.0,0.0,0.0,326.0,0.0,0.0,649.0,Quill Precision - Dresden,EQUIPMENT,Equipment,2,Europe,Western,Metrology system,0,Firm,Replaceable
EQUIPMENT_0091,2.0,4.0,4.8163373379970245e-05,0.0001931413811809,891.0,1138.0,975.0,891.0,4.0,0.0,0.0,0.0,3.0,326.0,0.0,0.0,565.0,Rivet Technologies - Austin,EQUIPMENT,Equipment,2,North America,Western,Ion implantation system,0,Firm,Causes failure
EQUIPMENT_0092,8.0,0.0,0.0,0.00143681075213,1111.0,63.0,348.0,63.0,0.0,0.0,0.0,0.0,0.0,326.0,0.0,0.0,-263.0,Gethin Systems - Kumamoto 2,EQUIPMENT,Equipment,2,Japan,East Asia,Test handler,0,Firm,Replaceable
EQUIPMENT_0093,5.0,8.0,0.0012486597062619,0.0006978060241257,68.0,199.0,549.0,68.0,0.0,0.0,0.0,0.0,0.0,326.0,0.0,0.0,-258.0,Elstow Instruments - Chandler,EQUIPMENT,Equipment,2,North America,Western,Test handler,0,Firm,Replaceable
EQUIPMENT_0094,2.0,0.0,0.0,0.0002998595995554,1111.0,680.0,975.0,680.0,0.0,0.0,0.0,0.0,0.0,326.0,0.0,0.0,354.0,Ader Precision - Ottawa,EQUIPMENT,Equipment,2,North America,Western,Metrology system,0,Firm,Replaceable
EQUIPMENT_0095,4.0,2.0,3.0069913437679956e-05,0.0006304752261073,951.0,232.0,638.0,232.0,4.0,1.0,1140655290.344575,0.0008941841937708,3.0,196.0,1140655290.344575,0.0008941841937708,36.0,Lumen Systems - Crolles,EQUIPMENT,Equipment,2,Europe,Western,Test handler,0,Firm,Causes failure
EQUIPMENT_0096,2.0,5.0,3.199362855436917e-05,0.0001558082105259,941.0,1305.0,975.0,941.0,0.0,0.0,0.0,0.0,0.0,326.0,0.0,0.0,615.0,Kestrel Instruments - Chandler,EQUIPMENT,Equipment,2,North America,Western,Deposition system,0,Firm,Replaceable
EQUIPMENT_0097,8.0,5.0,0.0001981231283851,0.0004266771682439,560.0,429.0,348.0,348.0,0.0,0.0,0.0,0.0,0.0,326.0,0.0,0.0,22.0,Orvid Systems - Taoyuan,EQUIPMENT,Equipment,2,Taiwan,East Asia,Etch system,0,Firm,Replaceable
EQUIPMENT_0098,6.0,4.0,0.0002297240721508,0.0007793646682189,487.0,163.0,457.0,163.0,2.0,0.0,0.0,0.0,2.0,326.0,0.0,0.0,-163.0,Lumen Systems - Nagano,EQUIPMENT,Equipment,2,Japan,East Asia,Metrology system,0,Firm,Causes failure
EQUIPMENT_0099,1.0,0.0,0.0,0.0001529825057832,1111.0,1322.0,1211.0,1111.0,1.0,0.0,0.0,0.0,1.0,326.0,0.0,0.0,785.0,Ulvid Instruments - Crolles,EQUIPMENT,Equipment,2,Europe,Western,Deposition system,0,Firm,Causes failure
EQUIPMENT_0100,2.0,3.0,6.980171678412867e-05,0.0001672493807439,826.0,1253.0,975.0,826.0,0.0,0.0,0.0,0.0,0.0,326.0,0.0,0.0,500.0,Verity Precision - Guadalajara,EQUIPMENT,Equipment,2,North America,Western,Deposition system,0,Firm,Replaceable
EQUIPMENT_0101,5.0,1.0,3.2145880729631104e-06,0.0003374579684906,1098.0,586.0,549.0,549.0,0.0,0.0,0.0,0.0,0.0,326.0,0.0,0.0,223.0,Jorel Systems - Hiroshima,EQUIPMENT,Equipment,2,Japan,East Asia,Etch system,0,Firm,Replaceable
EQUIPMENT_0102,3.0,1.0,4.570962417607568e-06,0.0004928354239887,1088.0,343.0,774.0,343.0,6.0,2.0,1373180656.1229336,0.0010764658247682,3.0,171.0,1373180656.1229336,0.0010764658247682,172.0,Belan Instruments - Crolles,EQUIPMENT,Equipment,2,Europe,Western,Test handler,0,Firm,Causes failure
EQUIPMENT_0103,3.0,5.0,0.0002057966234091,0.000209016235422,540.0,1047.0,774.0,540.0,0.0,0.0,0.0,0.0,0.0,326.0,0.0,0.0,214.0,Thorne Technologies - Dresden,EQUIPMENT,Equipment,2,Europe,Western,Etch system,0,Firm,Replaceable
EQUIPMENT_0104,2.0,3.0,7.300770892131124e-06,0.0001587729733548,1071.0,1285.0,975.0,975.0,0.0,0.0,0.0,0.0,0.0,326.0,0.0,0.0,649.0,Korrin Instruments - Hillsboro,EQUIPMENT,Equipment,2,North America,Western,Ion implantation system,0,Firm,Replaceable
EQUIPMENT_0105,31.0,2.0,0.0003596109485092,0.0019680273710909,342.0,33.0,60.0,33.0,7.0,1.0,1001077907.3795078,0.0007847664838704,3.0,207.0,1001077907.3795078,0.0007847664838704,-174.0,Solvex Technologies - Pyeongtaek,EQUIPMENT,Equipment,2,Korea,East Asia,Metrology system,0,Firm,Causes failure
EQUIPMENT_0106,13.0,0.0,0.0,0.0003845106425756,1111.0,492.0,193.0,193.0,1.0,0.0,0.0,0.0,1.0,326.0,0.0,0.0,-133.0,Gethin Precision - Austin,EQUIPMENT,Equipment,2,North America,Western,Etch system,0,Firm,Causes failure
EQUIPMENT_0107,16.0,7.0,0.0005460156387379,0.0008866006301003,210.0,127.0,146.0,127.0,5.0,1.0,1140655290.344575,0.0008941841937708,3.0,196.0,1140655290.344575,0.0008941841937708,-69.0,Holt Systems - Eindhoven,EQUIPMENT,Equipment,2,Europe,Western,Metrology system,0,Firm,Causes failure
EQUIPMENT_0108,9.0,2.0,2.059175501780338e-05,0.0009889204826466,1008.0,109.0,304.0,109.0,0.0,0.0,0.0,0.0,0.0,326.0,0.0,0.0,-217.0,Prendel Instruments - Xi'an,EQUIPMENT,Equipment,2,China,East Asia,Test handler,0,Firm,Replaceable
EQUIPMENT_0109,2.0,0.0,0.0,0.0001749687051938,1111.0,1217.0,975.0,975.0,0.0,0.0,0.0,0.0,0.0,326.0,0.0,0.0,649.0,Palter Instruments - Crolles,EQUIPMENT,Equipment,2,Europe,Western,Deposition system,0,Firm,Replaceable
EQUIPMENT_0110,3.0,4.0,2.314282155008259e-05,0.0001781928301035,989.0,1195.0,774.0,774.0,0.0,0.0,0.0,0.0,0.0,326.0,0.0,0.0,448.0,Alder Precision - Nagano,EQUIPMENT,Equipment,2,Japan,East Asia,Etch system,0,Firm,Replaceable
EQUIPMENT_0111,0.0,4.0,0.0,0.0001122065525757,1111.0,1533.0,1533.0,1111.0,0.0,0.0,0.0,0.0,0.0,326.0,0.0,0.0,785.0,Mervi Systems - Ottawa 2,EQUIPMENT,Equipment,2,North America,Western,Deposition system,0,Firm,Replaceable
EQUIPMENT_0112,7.0,2.0,3.773856644719104e-05,0.0004492215994837,920.0,403.0,407.0,403.0,0.0,0.0,0.0,0.0,0.0,326.0,0.0,0.0,77.0,Xanthe Precision - Kitakyushu,EQUIPMENT,Equipment,2,Japan,East Asia,Deposition system,0,Firm,Replaceable
EQUIPMENT_0113,0.0,5.0,0.0,0.0001122065525757,1111.0,1533.0,1533.0,1111.0,0.0,0.0,0.0,0.0,0.0,326.0,0.0,0.0,785.0,Wend Systems - Grenoble,EQUIPMENT,Equipment,2,Europe,Western,Etch system,0,Firm,Replaceable
EQUIPMENT_0114,0.0,4.0,0.0,0.0001122065525757,1111.0,1533.0,1533.0,1111.0,0.0,0.0,0.0,0.0,0.0,326.0,0.0,0.0,785.0,Granth Instruments - Shanghai,EQUIPMENT,Equipment,2,China,East Asia,Deposition system,0,Firm,Replaceable
EQUIPMENT_0115,7.0,2.0,1.418698730902612e-05,0.0002936916565426,1039.0,700.0,407.0,407.0,3.0,0.0,0.0,0.0,2.0,326.0,0.0,0.0,81.0,Korrin Systems - Malta,EQUIPMENT,Equipment,2,North America,Western,Ion implantation system,0,Firm,Causes failure
EQUIPMENT_0116,21.0,4.0,0.0001078129294609,0.0009009255328608,724.0,124.0,94.0,94.0,11.0,1.0,1362830505.9551194,0.0010683521196361,4.0,175.0,1362830505.9551194,0.0010683521196361,-81.0,Orvid Precision - Kumamoto,EQUIPMENT,Equipment,2,Japan,East Asia,Deposition system,0,Firm,Causes failure
EQUIPMENT_0117,0.0,2.0,0.0,0.0001122065525757,1111.0,1533.0,1533.0,1111.0,0.0,0.0,0.0,0.0,0.0,326.0,0.0,0.0,785.0,Stade Precision - Austin,EQUIPMENT,Equipment,2,North America,Western,Test handler,0,Firm,Replaceable
EQUIPMENT_0118,33.0,7.0,0.0001980640142977,0.0016617200743443,561.0,49.0,57.0,49.0,119.0,20.0,15356341365.281252,0.0120381659903894,4.0,20.0,15356341365.281252,0.0120381659903894,29.0,Vantor Systems - Shenzhen,EQUIPMENT,Equipment,2,China,East Asia,Lithography system,0,Firm,Causes failure
EQUIPMENT_0119,1.0,6.0,5.856748874121511e-05,0.000202452535606,856.0,1081.0,1211.0,856.0,0.0,0.0,0.0,0.0,0.0,326.0,0.0,0.0,530.0,Palter Instruments - Chandler,EQUIPMENT,Equipment,2,North America,Western,Test handler,0,Firm,Replaceable
EQUIPMENT_0120,7.0,2.0,1.1765313612948256e-05,0.0004546011140104,1046.0,397.0,407.0,397.0,2.0,0.0,0.0,0.0,1.0,326.0,0.0,0.0,71.0,Mervi Technologies - Sendai,EQUIPMENT,Equipment,2,Japan,East Asia,Ion implantation system,0,Firm,Causes failure
EQUIPMENT_0121,4.0,5.0,3.645703213084591e-05,0.0002140233449538,925.0,1027.0,638.0,638.0,1.0,0.0,0.0,0.0,1.0,326.0,0.0,0.0,312.0,Yarrow Technologies - Hillsboro,EQUIPMENT,Equipment,2,North America,Western,Lithography system,0,Firm,Causes failure
EQUIPMENT_0122,1.0,5.0,5.571983264833911e-06,0.0001599383549153,1081.0,1280.0,1211.0,1081.0,0.0,0.0,0.0,0.0,0.0,326.0,0.0,0.0,755.0,Korrin Precision - Crolles,EQUIPMENT,Equipment,2,Europe,Western,Deposition system,0,Firm,Replaceable
EQUIPMENT_0123,2.0,3.0,7.000053558413898e-06,0.0001769714762365,1074.0,1200.0,975.0,975.0,0.0,0.0,0.0,0.0,0.0,326.0,0.0,0.0,649.0,Jarn Technologies - Ottawa,EQUIPMENT,Equipment,2,North America,Western,Deposition system,0,Firm,Replaceable
EQUIPMENT_0124,0.0,0.0,0.0,0.0001122065525757,1111.0,1533.0,1533.0,1111.0,0.0,0.0,0.0,0.0,0.0,326.0,0.0,0.0,785.0,Mordant Technologies - Eindhoven,EQUIPMENT,Equipment,2,Europe,Western,Ion implantation system,0,Firm,Replaceable
EQUIPMENT_0125,10.0,4.0,0.0002165862255277,0.0004425408139402,516.0,411.0,267.0,267.0,2.0,0.0,0.0,0.0,1.0,326.0,0.0,0.0,-59.0,Lumen Precision - Hiroshima,EQUIPMENT,Equipment,2,Japan,East Asia,Ion implantation system,0,Firm,Causes failure
EQUIPMENT_0126,1.0,0.0,0.0,0.0001553498725964,1111.0,1306.0,1211.0,1111.0,0.0,0.0,0.0,0.0,0.0,326.0,0.0,0.0,785.0,Brant Instruments - Tainan,EQUIPMENT,Equipment,2,Taiwan,East Asia,Test handler,0,Firm,Replaceable
EQUIPMENT_0127,8.0,2.0,0.0002058302780728,0.0014263176589197,539.0,64.0,348.0,64.0,15.0,5.0,5621337650.236671,0.004406687381577,3.0,56.0,5621337650.236671,0.004406687381577,8.0,Oxbow Instruments - Nagano,EQUIPMENT,Equipment,2,Japan,East Asia,Test handler,0,Firm,Causes failure
EQUIPMENT_0128,5.0,3.0,3.155727395642068e-05,0.0002708823287978,945.0,775.0,549.0,549.0,1.0,0.0,0.0,0.0,1.0,326.0,0.0,0.0,223.0,Nevin Systems - Chandler,EQUIPMENT,Equipment,2,North America,Western,Etch system,0,Firm,Causes failure
EQUIPMENT_0129,0.0,1.0,0.0,0.0001122065525757,1111.0,1533.0,1533.0,1111.0,0.0,0.0,0.0,0.0,0.0,326.0,0.0,0.0,785.0,Gethin Technologies - Wuxi,EQUIPMENT,Equipment,2,China,East Asia,Ion implantation system,0,Firm,Replaceable
EQUIPMENT_0130,5.0,1.0,2.823235121093181e-05,0.0004011598046183,965.0,466.0,549.0,466.0,1.0,0.0,0.0,0.0,1.0,326.0,0.0,0.0,140.0,Ulvid Instruments - Nagano,EQUIPMENT,Equipment,2,Japan,East Asia,Metrology system,0,Firm,Causes failure
EQUIPMENT_0131,10.0,6.0,0.0006128373594211,0.000622298680955,178.0,239.0,267.0,178.0,18.0,6.0,3709333912.094555,0.0029078265639842,4.0,87.0,3709333912.094555,0.0029078265639842,91.0,Solvex Precision - Austin,EQUIPMENT,Equipment,2,North America,Western,Lithography system,0,Firm,Causes failure
EQUIPMENT_0132,3.0,1.0,3.505355193374706e-06,0.0001769360056526,1097.0,1201.0,774.0,774.0,0.0,0.0,0.0,0.0,0.0,326.0,0.0,0.0,448.0,Wend Technologies - Hwaseong,EQUIPMENT,Equipment,2,Korea,East Asia,Deposition system,0,Firm,Replaceable
EQUIPMENT_0133,7.0,5.0,9.192695512991266e-05,0.0002951650868561,766.0,692.0,407.0,407.0,5.0,0.0,0.0,0.0,2.0,326.0,0.0,0.0,81.0,Jarn Systems - Hillsboro,EQUIPMENT,Equipment,2,North America,Western,Ion implantation system,0,Firm,Causes failure
EQUIPMENT_0134,0.0,5.0,0.0,0.0001122065525757,1111.0,1533.0,1533.0,1111.0,0.0,0.0,0.0,0.0,0.0,326.0,0.0,0.0,785.0,Halcy Systems - Leixlip,EQUIPMENT,Equipment,2,Europe,Western,Metrology system,0,Firm,Replaceable
EQUIPMENT_0135,2.0,0.0,0.0,0.0004437027768778,1111.0,410.0,975.0,410.0,0.0,0.0,0.0,0.0,0.0,326.0,0.0,0.0,84.0,Vantor Systems - Austin,EQUIPMENT,Equipment,2,North America,Western,Test handler,0,Firm,Replaceable
EQUIPMENT_0136,12.0,2.0,2.9051536571413e-05,0.0005109658129801,959.0,321.0,213.0,213.0,1.0,0.0,0.0,0.0,1.0,326.0,0.0,0.0,-113.0,Trellis Instruments - Crolles,EQUIPMENT,Equipment,2,Europe,Western,Etch system,0,Firm,Causes failure
EQUIPMENT_0137,34.0,4.0,0.0014940060736034,0.0034454622959877,48.0,19.0,56.0,19.0,40.0,13.0,9641639938.858702,0.0075582887383555,3.0,35.0,9641639938.858702,0.0075582887383555,-16.0,Kestrel Technologies - Yokkaichi,EQUIPMENT,Equipment,2,Japan,East Asia,Test handler,0,Firm,Causes failure
EQUIPMENT_0138,12.0,0.0,0.0,0.0017868551190819,1111.0,42.0,213.0,42.0,0.0,0.0,0.0,0.0,0.0,326.0,0.0,0.0,-284.0,Lethe Precision - Yokkaichi,EQUIPMENT,Equipment,2,Japan,East Asia,Test handler,0,Firm,Replaceable
EQUIPMENT_0139,6.0,4.0,0.0001428926193155,0.0009133680399652,662.0,120.0,457.0,120.0,0.0,0.0,0.0,0.0,0.0,326.0,0.0,0.0,-206.0,Thorne Precision - Icheon,EQUIPMENT,Equipment,2,Korea,East Asia,Metrology system,0,Firm,Replaceable
FAB_0000,5.0,15.0,0.0011343226634689,0.0003919540799014,79.0,477.0,549.0,79.0,0.0,0.0,0.0,0.0,0.0,326.0,0.0,0.0,-247.0,Halcy Foundry - Villach,FAB,Fab,3,Europe,Western,Power die,0,Firm,Replaceable
FAB_0001,4.0,11.0,0.0004238057450843,0.0002649942282068,297.0,798.0,638.0,297.0,1.0,0.0,0.0,0.0,1.0,326.0,0.0,0.0,-29.0,Yarrow Semiconductor - Taoyuan,FAB,Fab,3,Taiwan,East Asia,Logic die,0,Firm,Causes failure
FAB_0002,6.0,8.0,0.000884829140261,0.0004092405201692,112.0,453.0,457.0,112.0,0.0,0.0,0.0,0.0,0.0,326.0,0.0,0.0,-214.0,Mordant Foundry - Hsinchu,FAB,Fab,3,Taiwan,East Asia,Power die,0,Firm,Replaceable
FAB_0003,15.0,12.0,0.0016160262264949,0.0009510399043963,43.0,115.0,157.0,43.0,8.0,2.0,1606580416.5709853,0.0012594329125371,3.0,157.0,1606580416.5709853,0.0012594329125371,-114.0,Korrin Microelectronics - Taoyuan,FAB,Fab,3,Taiwan,East Asia,Power die,0,Firm,Causes failure
FAB_0004,6.0,14.0,0.0013686553725189,0.000467830425868,56.0,378.0,457.0,56.0,1.0,0.0,0.0,0.0,1.0,326.0,0.0,0.0,-270.0,Halcy Microelectronics - Hsinchu,FAB,Fab,3,Taiwan,East Asia,Power die,0,Firm,Causes failure
FAB_0005,2.0,10.0,0.0002860044978893,0.0001581617515308,411.0,1291.0,975.0,411.0,0.0,0.0,0.0,0.0,0.0,326.0,0.0,0.0,85.0,Nevin Wafer Works - Hsinchu,FAB,Fab,3,Taiwan,East Asia,Analog die,0,Firm,Replaceable
FAB_0006,0.0,23.0,0.0,0.0001122065525757,1111.0,1533.0,1533.0,1111.0,0.0,0.0,0.0,0.0,0.0,326.0,0.0,0.0,785.0,Renbeck Foundry - Guadalajara,FAB,Fab,3,North America,Western,Memory die,0,Firm,Replaceable
FAB_0007,7.0,9.0,0.0006799498133653,0.0003414944456182,156.0,573.0,407.0,156.0,0.0,0.0,0.0,0.0,0.0,326.0,0.0,0.0,-170.0,Doran Wafer Works - Taoyuan,FAB,Fab,3,Taiwan,East Asia,RF die,0,Firm,Replaceable
FAB_0008,3.0,12.0,0.0003269415118819,0.0002562732092986,368.0,828.0,774.0,368.0,1.0,0.0,0.0,0.0,1.0,326.0,0.0,0.0,42.0,Stade Semiconductor - Icheon,FAB,Fab,3,Korea,East Asia,RF die,0,Firm,Causes failure
FAB_0009,1.0,7.0,2.231380544985297e-05,0.0001575036764589,997.0,1296.0,1211.0,997.0,0.0,0.0,0.0,0.0,0.0,326.0,0.0,0.0,671.0,Palter Wafer Works - Taichung,FAB,Fab,3,Taiwan,East Asia,Power die,0,Firm,Replaceable
FAB_0010,2.0,15.0,0.0003043348144488,0.0002066913518449,393.0,1058.0,975.0,393.0,0.0,0.0,0.0,0.0,0.0,326.0,0.0,0.0,67.0,Isar Foundry - Taoyuan,FAB,Fab,3,Taiwan,East Asia,Analog die,0,Firm,Replaceable
FAB_0011,10.0,16.0,0.0013450802864529,0.0007837637104362,58.0,161.0,267.0,58.0,3.0,0.0,0.0,0.0,2.0,326.0,0.0,0.0,-268.0,Ferrin Semiconductor - Gumi,FAB,Fab,3,Korea,East Asia,Memory die,0,Firm,Causes failure
FAB_0012,8.0,17.0,0.0014899618582194,0.0003320887512143,49.0,594.0,348.0,49.0,1.0,0.0,0.0,0.0,1.0,326.0,0.0,0.0,-277.0,Alder Foundry - Xi'an,FAB,Fab,3,China,East Asia,RF die,0,Firm,Causes failure
FAB_0013,4.0,13.0,0.0008692589325291,0.0003055937633211,117.0,665.0,638.0,117.0,0.0,0.0,0.0,0.0,0.0,326.0,0.0,0.0,-209.0,Halcy Foundry - Tainan,FAB,Fab,3,Taiwan,East Asia,Power die,0,Firm,Replaceable
FAB_0014,3.0,21.0,0.0004751977879884,0.0002470409916711,257.0,871.0,774.0,257.0,0.0,0.0,0.0,0.0,0.0,326.0,0.0,0.0,-69.0,Cortex Semiconductor - Tianjin,FAB,Fab,3,China,East Asia,Memory die,0,Firm,Replaceable
FAB_0015,3.0,17.0,0.0010549225940068,0.0001966871704238,88.0,1116.0,774.0,88.0,0.0,0.0,0.0,0.0,0.0,326.0,0.0,0.0,-238.0,Elstow Wafer Works - Wuxi,FAB,Fab,3,China,East Asia,MEMS die,0,Firm,Replaceable
FAB_0016,1.0,10.0,0.000520351288389,0.0002028587749406,224.0,1078.0,1211.0,224.0,12.0,4.0,3348057165.0500746,0.0026246139584594,3.0,103.0,3348057165.0500746,0.0026246139584594,121.0,Doran Microelectronics - Shanghai,FAB,Fab,3,China,East Asia,Power die,0,Firm,Causes failure
FAB_0017,0.0,22.0,0.0,0.0001122065525757,1111.0,1533.0,1533.0,1111.0,0.0,0.0,0.0,0.0,0.0,326.0,0.0,0.0,785.0,Ember Semiconductor - Guadalajara,FAB,Fab,3,North America,Western,Logic die,0,Firm,Replaceable
FAB_0018,6.0,13.0,0.0005238028406549,0.0002956272668014,221.0,690.0,457.0,221.0,0.0,0.0,0.0,0.0,0.0,326.0,0.0,0.0,-105.0,Holt Semiconductor - Taoyuan,FAB,Fab,3,Taiwan,East Asia,MEMS die,0,Firm,Replaceable
FAB_0019,0.0,20.0,0.0,0.0001122065525757,1111.0,1533.0,1533.0,1111.0,0.0,0.0,0.0,0.0,0.0,326.0,0.0,0.0,785.0,Jorel Wafer Works - Taichung,FAB,Fab,3,Taiwan,East Asia,Logic die,0,Firm,Replaceable
FAB_0020,7.0,12.0,0.0005814820319794,0.0003011082063827,193.0,677.0,407.0,193.0,2.0,0.0,0.0,0.0,2.0,326.0,0.0,0.0,-133.0,Trellis Semiconductor - Taichung,FAB,Fab,3,Taiwan,East Asia,RF die,0,Firm,Causes failure
FAB_0021,0.0,10.0,0.0,0.0001122065525757,1111.0,1533.0,1533.0,1111.0,0.0,0.0,0.0,0.0,0.0,326.0,0.0,0.0,785.0,Belan Semiconductor - Xi'an,FAB,Fab,3,China,East Asia,MEMS die,0,Firm,Replaceable
FAB_0022,2.0,11.0,0.0002068774172921,0.0003110443270911,536.0,654.0,975.0,536.0,0.0,0.0,0.0,0.0,0.0,326.0,0.0,0.0,210.0,Vantor Semiconductor - Gumi,FAB,Fab,3,Korea,East Asia,Power die,0,Firm,Replaceable
FAB_0023,3.0,21.0,0.0005653520091705,0.0002994631675334,200.0,682.0,774.0,200.0,1.0,0.0,0.0,0.0,1.0,326.0,0.0,0.0,-126.0,Xanthe Wafer Works - Kitakyushu,FAB,Fab,3,Japan,East Asia,Logic die,0,Firm,Causes failure
FAB_0024,4.0,15.0,0.0013309684033687,0.0004616497402078,60.0,388.0,638.0,60.0,0.0,0.0,0.0,0.0,0.0,326.0,0.0,0.0,-266.0,Cortex Foundry - Yokkaichi,FAB,Fab,3,Japan,East Asia,Memory die,0,Firm,Replaceable
FAB_0025,1.0,9.0,5.398361210072556e-05,0.0001423871973635,867.0,1383.0,1211.0,867.0,0.0,0.0,0.0,0.0,0.0,326.0,0.0,0.0,541.0,Brant Semiconductor - Tainan,FAB,Fab,3,Taiwan,East Asia,Power die,0,Firm,Replaceable
FAB_0026,4.0,18.0,0.0003723443411602,0.0001989715872368,331.0,1102.0,638.0,331.0,0.0,0.0,0.0,0.0,0.0,326.0,0.0,0.0,5.0,Quarn Semiconductor - Icheon,FAB,Fab,3,Korea,East Asia,Analog die,0,Firm,Replaceable
FAB_0027,3.0,10.0,0.0002191779773303,0.0001444688297851,508.0,1370.0,774.0,508.0,0.0,0.0,0.0,0.0,0.0,326.0,0.0,0.0,182.0,Lumen Foundry - Hsinchu,FAB,Fab,3,Taiwan,East Asia,Memory die,0,Firm,Replaceable
FAB_0028,12.0,13.0,0.0015083646634697,0.0005177413796326,46.0,312.0,213.0,46.0,5.0,1.0,1362830505.9551194,0.0010683521196361,3.0,175.0,1362830505.9551194,0.0010683521196361,-129.0,Mervi Microelectronics - Taoyuan,FAB,Fab,3,Taiwan,East Asia,Power die,0,Firm,Causes failure
FAB_0029,6.0,12.0,0.0006375808240418,0.0002466699579879,168.0,874.0,457.0,168.0,0.0,0.0,0.0,0.0,0.0,326.0,0.0,0.0,-158.0,Nevin Microelectronics - Taoyuan,FAB,Fab,3,Taiwan,East Asia,Logic die,0,Firm,Replaceable
FAB_0030,3.0,11.0,0.0004464598158603,0.0002907662280724,282.0,709.0,774.0,282.0,0.0,0.0,0.0,0.0,0.0,326.0,0.0,0.0,-44.0,Solvex Semiconductor - Icheon,FAB,Fab,3,Korea,East Asia,MEMS die,0,Firm,Replaceable
FAB_0031,0.0,19.0,0.0,0.0001122065525757,1111.0,1533.0,1533.0,1111.0,0.0,0.0,0.0,0.0,0.0,326.0,0.0,0.0,785.0,Isar Semiconductor - Pyeongtaek,FAB,Fab,3,Korea,East Asia,Logic die,0,Firm,Replaceable
FAB_0032,2.0,24.0,0.0007292052788734,0.0002806402051374,140.0,744.0,975.0,140.0,0.0,0.0,0.0,0.0,0.0,326.0,0.0,0.0,-186.0,Nevin Wafer Works - Hiroshima,FAB,Fab,3,Japan,East Asia,Memory die,0,Firm,Replaceable
FAB_0033,1.0,13.0,1.771829125517794e-05,0.000118374328669,1021.0,1521.0,1211.0,1021.0,0.0,0.0,0.0,0.0,0.0,326.0,0.0,0.0,695.0,Belan Wafer Works - Hsinchu,FAB,Fab,3,Taiwan,East Asia,Analog die,0,Firm,Replaceable
FAB_0034,4.0,16.0,0.0005797546746542,0.0002100442021269,195.0,1041.0,638.0,195.0,1.0,0.0,0.0,0.0,1.0,326.0,0.0,0.0,-131.0,Isar Wafer Works - Hillsboro,FAB,Fab,3,North America,Western,Memory die,0,Firm,Causes failure
FAB_0035,4.0,13.0,0.0004687525227127,0.0003488702175001,262.0,552.0,638.0,262.0,0.0,0.0,0.0,0.0,0.0,326.0,0.0,0.0,-64.0,Granth Semiconductor - Pyeongtaek,FAB,Fab,3,Korea,East Asia,Analog die,0,Firm,Replaceable
FAB_0036,1.0,15.0,1.819622714607425e-05,0.0001277965908712,1018.0,1468.0,1211.0,1018.0,0.0,0.0,0.0,0.0,0.0,326.0,0.0,0.0,692.0,Vantor Wafer Works - Taichung,FAB,Fab,3,Taiwan,East Asia,Analog die,0,Firm,Replaceable
FAB_0037,0.0,23.0,0.0,0.0001122065525757,1111.0,1533.0,1533.0,1111.0,0.0,0.0,0.0,0.0,0.0,326.0,0.0,0.0,785.0,Oxbow Wafer Works - Hillsboro,FAB,Fab,3,North America,Western,Logic die,0,Firm,Replaceable
FAB_0038,2.0,12.0,5.6114815241954814e-05,0.0002495520621145,862.0,859.0,975.0,859.0,0.0,0.0,0.0,0.0,0.0,326.0,0.0,0.0,533.0,Jarn Semiconductor - Chengdu,FAB,Fab,3,China,East Asia,Logic die,0,Firm,Replaceable
FAB_0039,3.0,21.0,0.0019544082009238,0.0004041922580685,31.0,461.0,774.0,31.0,0.0,0.0,0.0,0.0,0.0,326.0,0.0,0.0,-295.0,Jarn Semiconductor - Taichung,FAB,Fab,3,Taiwan,East Asia,Memory die,0,Firm,Replaceable
FAB_0040,6.0,14.0,0.000917334688764,0.0004161896161224,106.0,443.0,457.0,106.0,0.0,0.0,0.0,0.0,0.0,326.0,0.0,0.0,-220.0,Vantor Foundry - Hwaseong,FAB,Fab,3,Korea,East Asia,MEMS die,0,Firm,Replaceable
FAB_0041,3.0,13.0,0.0002912034284093,0.0003175759121215,404.0,641.0,774.0,404.0,1.0,0.0,0.0,0.0,1.0,326.0,0.0,0.0,78.0,Doran Foundry - Cheongju,FAB,Fab,3,Korea,East Asia,Analog die,0,Firm,Causes failure
FAB_0042,2.0,11.0,0.0001824827316456,0.0002549640415179,584.0,834.0,975.0,584.0,0.0,0.0,0.0,0.0,0.0,326.0,0.0,0.0,258.0,Ystad Semiconductor - Gumi,FAB,Fab,3,Korea,East Asia,Analog die,0,Firm,Replaceable
FAB_0043,2.0,13.0,0.0001803143921071,0.0001723376038349,588.0,1231.0,975.0,588.0,0.0,0.0,0.0,0.0,0.0,326.0,0.0,0.0,262.0,Wend Wafer Works - Dalian,FAB,Fab,3,China,East Asia,Memory die,0,Firm,Replaceable
FAB_0044,11.0,13.0,0.0014015577824804,0.0006063965691065,55.0,253.0,234.0,55.0,15.0,6.0,3709333912.094555,0.0029078265639842,3.0,87.0,3709333912.094555,0.0029078265639842,-32.0,Isar Microelectronics - Kaohsiung,FAB,Fab,3,Taiwan,East Asia,Analog die,0,Firm,Causes failure
FAB_0045,0.0,14.0,0.0,0.0001122065525757,1111.0,1533.0,1533.0,1111.0,0.0,0.0,0.0,0.0,0.0,326.0,0.0,0.0,785.0,Elstow Wafer Works - Gumi,FAB,Fab,3,Korea,East Asia,Logic die,0,Firm,Replaceable
FAB_0046,0.0,20.0,0.0,0.0001122065525757,1111.0,1533.0,1533.0,1111.0,0.0,0.0,0.0,0.0,0.0,326.0,0.0,0.0,785.0,Umber Wafer Works - Dresden,FAB,Fab,3,Europe,Western,Logic die,0,Firm,Replaceable
FAB_0047,1.0,11.0,0.0004274225358182,0.00019873665317,295.0,1105.0,1211.0,295.0,0.0,0.0,0.0,0.0,0.0,326.0,0.0,0.0,-31.0,Renbeck Wafer Works - Grenoble,FAB,Fab,3,Europe,Western,Analog die,0,Firm,Replaceable
FAB_0048,2.0,19.0,0.0006808677216373,0.0001793520843846,155.0,1193.0,975.0,155.0,0.0,0.0,0.0,0.0,0.0,326.0,0.0,0.0,-171.0,Mordant Foundry - Hsinchu 2,FAB,Fab,3,Taiwan,East Asia,Memory die,0,Firm,Replaceable
FAB_0049,4.0,10.0,0.0002889285791315,0.000380214613976,407.0,497.0,638.0,407.0,0.0,0.0,0.0,0.0,0.0,326.0,0.0,0.0,81.0,Holt Microelectronics - Ottawa,FAB,Fab,3,North America,Western,Analog die,0,Firm,Replaceable
FAB_0050,6.0,19.0,0.0007088413516364,0.0003543412453237,148.0,540.0,457.0,148.0,0.0,0.0,0.0,0.0,0.0,326.0,0.0,0.0,-178.0,Lumen Wafer Works - Shanghai,FAB,Fab,3,China,East Asia,Logic die,0,Firm,Replaceable
FAB_0051,2.0,18.0,0.0016180766279963,0.0004138936753514,42.0,447.0,975.0,42.0,0.0,0.0,0.0,0.0,0.0,326.0,0.0,0.0,-284.0,Lumen Foundry - Nagano,FAB,Fab,3,Japan,East Asia,Analog die,0,Firm,Replaceable
FAB_0052,0.0,13.0,0.0,0.0001122065525757,1111.0,1533.0,1533.0,1111.0,0.0,0.0,0.0,0.0,0.0,326.0,0.0,0.0,785.0,Kestrel Microelectronics - Xi'an,FAB,Fab,3,China,East Asia,Analog die,0,Firm,Replaceable
FAB_0053,0.0,16.0,0.0,0.0001122065525757,1111.0,1533.0,1533.0,1111.0,0.0,0.0,0.0,0.0,0.0,326.0,0.0,0.0,785.0,Verity Wafer Works - Hsinchu,FAB,Fab,3,Taiwan,East Asia,RF die,0,Firm,Replaceable
FAB_0054,3.0,16.0,0.0006405966605661,0.0002638235190241,165.0,806.0,774.0,165.0,3.0,0.0,0.0,0.0,2.0,326.0,0.0,0.0,-161.0,Jorel Semiconductor - Pyeongtaek,FAB,Fab,3,Korea,East Asia,Memory die,0,Firm,Causes failure
FAB_0055,3.0,15.0,0.0002959698229123,0.000204597774404,401.0,1068.0,774.0,401.0,0.0,0.0,0.0,0.0,0.0,326.0,0.0,0.0,75.0,Alder Wafer Works - Taoyuan,FAB,Fab,3,Taiwan,East Asia,RF die,0,Firm,Replaceable
FAB_0056,6.0,13.0,0.0011970479492006,0.000337462001552,76.0,585.0,457.0,76.0,4.0,2.0,543016403.8228772,0.0004256822278972,3.0,261.0,543016403.8228772,0.0004256822278972,-185.0,Calder Microelectronics - Dalian,FAB,Fab,3,China,East Asia,RF die,0,Firm,Causes failure
FAB_0057,8.0,9.0,0.0006308541436564,0.0005402488795404,171.0,292.0,348.0,171.0,0.0,0.0,0.0,0.0,0.0,326.0,0.0,0.0,-155.0,Umber Semiconductor - Kaohsiung,FAB,Fab,3,Taiwan,East Asia,Analog die,0,Firm,Replaceable
FAB_0058,1.0,9.0,0.0003471600447242,0.0001661487504588,349.0,1258.0,1211.0,349.0,0.0,0.0,0.0,0.0,0.0,326.0,0.0,0.0,23.0,Solvex Foundry - Austin,FAB,Fab,3,North America,Western,RF die,0,Firm,Replaceable
FAB_0059,9.0,11.0,0.000867040443911,0.0006975392941567,118.0,200.0,304.0,118.0,0.0,0.0,0.0,0.0,0.0,326.0,0.0,0.0,-208.0,Ivex Wafer Works - Nagano,FAB,Fab,3,Japan,East Asia,Power die,0,Firm,Replaceable
FAB_0060,1.0,19.0,0.0003008355506306,0.000245479153378,396.0,879.0,1211.0,396.0,0.0,0.0,0.0,0.0,0.0,326.0,0.0,0.0,70.0,Thorne Microelectronics - Hiroshima,FAB,Fab,3,Japan,East Asia,Logic die,0,Firm,Replaceable
FAB_0061,0.0,15.0,0.0,0.0001122065525757,1111.0,1533.0,1533.0,1111.0,0.0,0.0,0.0,0.0,0.0,326.0,0.0,0.0,785.0,Kestrel Foundry - Tianjin,FAB,Fab,3,China,East Asia,Memory die,0,Firm,Replaceable
FAB_0062,3.0,13.0,0.0002579897189839,0.0002009670570459,443.0,1090.0,774.0,443.0,0.0,0.0,0.0,0.0,0.0,326.0,0.0,0.0,117.0,Quill Foundry - Hsinchu,FAB,Fab,3,Taiwan,East Asia,Memory die,0,Firm,Replaceable
FAB_0063,0.0,18.0,0.0,0.0001122065525757,1111.0,1533.0,1533.0,1111.0,0.0,0.0,0.0,0.0,0.0,326.0,0.0,0.0,785.0,Wend Microelectronics - Tainan,FAB,Fab,3,Taiwan,East Asia,Analog die,0,Firm,Replaceable
FAB_0064,8.0,10.0,0.0008789967781674,0.0003407431277703,113.0,578.0,348.0,113.0,10.0,2.0,408560504.13435405,0.0003202793587935,3.0,290.0,408560504.13435405,0.0003202793587935,-177.0,Isar Semiconductor - Kaohsiung,FAB,Fab,3,Taiwan,East Asia,Logic die,0,Firm,Causes failure
FAB_0065,0.0,13.0,0.0,0.0001122065525757,1111.0,1533.0,1533.0,1111.0,0.0,0.0,0.0,0.0,0.0,326.0,0.0,0.0,785.0,Dyne Microelectronics - Xi'an,FAB,Fab,3,China,East Asia,Memory die,0,Firm,Replaceable
FAB_0066,3.0,14.0,0.0002413644188312,0.0003558142312765,470.0,537.0,774.0,470.0,1.0,0.0,0.0,0.0,1.0,326.0,0.0,0.0,144.0,Noral Semiconductor - Ottawa,FAB,Fab,3,North America,Western,Power die,0,Firm,Causes failure
FAB_0067,1.0,9.0,0.0001138077745659,0.0001256393023546,705.0,1476.0,1211.0,705.0,0.0,0.0,0.0,0.0,0.0,326.0,0.0,0.0,379.0,Halcy Foundry - Guadalajara,FAB,Fab,3,North America,Western,Power die,0,Firm,Replaceable
FAB_0068,1.0,15.0,0.0004210805834403,0.0001346516300475,300.0,1417.0,1211.0,300.0,5.0,0.0,0.0,0.0,2.0,326.0,0.0,0.0,-26.0,Faryn Microelectronics - Shenzhen,FAB,Fab,3,China,East Asia,Memory die,0,Firm,Causes failure
FAB_0069,13.0,11.0,0.0011308457129079,0.0007415545554605,80.0,180.0,193.0,80.0,0.0,0.0,0.0,0.0,0.0,326.0,0.0,0.0,-246.0,Mordant Microelectronics - Hsinchu,FAB,Fab,3,Taiwan,East Asia,Logic die,0,Firm,Replaceable
FAB_0070,3.0,20.0,0.0004806412291254,0.0003690472002955,253.0,513.0,774.0,253.0,0.0,0.0,0.0,0.0,0.0,326.0,0.0,0.0,-73.0,Ivex Semiconductor - Austin,FAB,Fab,3,North America,Western,Logic die,0,Firm,Replaceable
FAB_0071,7.0,12.0,0.0007705254360872,0.0006506285357689,131.0,220.0,407.0,131.0,0.0,0.0,0.0,0.0,0.0,326.0,0.0,0.0,-195.0,Noral Foundry - Leixlip,FAB,Fab,3,Europe,Western,Analog die,0,Firm,Replaceable
FAB_0072,1.0,16.0,0.0001637176080406,0.0001257959027245,618.0,1475.0,1211.0,618.0,1.0,0.0,0.0,0.0,1.0,326.0,0.0,0.0,292.0,Lumen Foundry - Tainan,FAB,Fab,3,Taiwan,East Asia,Memory die,0,Firm,Causes failure
FAB_0073,3.0,19.0,0.0004629711379046,0.000215238347363,267.0,1023.0,774.0,267.0,0.0,0.0,0.0,0.0,0.0,326.0,0.0,0.0,-59.0,Alder Semiconductor - Tainan,FAB,Fab,3,Taiwan,East Asia,Logic die,0,Firm,Replaceable
FAB_0074,11.0,12.0,0.0012614890740343,0.0004257194367111,67.0,431.0,234.0,67.0,2.0,0.0,0.0,0.0,2.0,326.0,0.0,0.0,-259.0,Korrin Semiconductor - Kaohsiung,FAB,Fab,3,Taiwan,East Asia,Power die,0,Firm,Causes failure
FAB_0075,3.0,15.0,0.0002143250761165,0.0003485164161423,519.0,553.0,774.0,519.0,1.0,0.0,0.0,0.0,1.0,326.0,0.0,0.0,193.0,Kestrel Foundry - Icheon,FAB,Fab,3,Korea,East Asia,Logic die,0,Firm,Causes failure
FAB_0076,1.0,13.0,5.4422532885060414e-05,0.0001676471448445,866.0,1247.0,1211.0,866.0,0.0,0.0,0.0,0.0,0.0,326.0,0.0,0.0,540.0,Granth Wafer Works - Chandler,FAB,Fab,3,North America,Western,MEMS die,0,Firm,Replaceable
FAB_0077,2.0,15.0,0.00010028491811,0.0001846004622457,743.0,1171.0,975.0,743.0,0.0,0.0,0.0,0.0,0.0,326.0,0.0,0.0,417.0,Faryn Microelectronics - Malta,FAB,Fab,3,North America,Western,RF die,0,Firm,Replaceable
FAB_0078,9.0,13.0,0.001081041563209,0.0005766460230038,85.0,268.0,304.0,85.0,0.0,0.0,0.0,0.0,0.0,326.0,0.0,0.0,-241.0,Lethe Microelectronics - Kaohsiung,FAB,Fab,3,Taiwan,East Asia,Analog die,0,Firm,Replaceable
FAB_0079,3.0,20.0,0.0008728064168596,0.0002510252837004,115.0,855.0,774.0,115.0,0.0,0.0,0.0,0.0,0.0,326.0,0.0,0.0,-211.0,Oxbow Wafer Works - Chandler,FAB,Fab,3,North America,Western,Power die,0,Firm,Replaceable
FAB_0080,5.0,11.0,0.000385114092236,0.000317430883896,323.0,642.0,549.0,323.0,0.0,0.0,0.0,0.0,0.0,326.0,0.0,0.0,-3.0,Mervi Semiconductor - Kaohsiung,FAB,Fab,3,Taiwan,East Asia,MEMS die,0,Firm,Replaceable
FAB_0081,1.0,15.0,4.24529376996049e-05,0.0001242368204103,905.0,1491.0,1211.0,905.0,0.0,0.0,0.0,0.0,0.0,326.0,0.0,0.0,579.0,Orvid Wafer Works - Kaohsiung,FAB,Fab,3,Taiwan,East Asia,Analog die,0,Firm,Replaceable
FAB_0082,5.0,7.0,0.0002310312894928,0.0003893003307906,485.0,481.0,549.0,481.0,3.0,1.0,3107528815.98504,0.0024360586168866,3.0,111.0,3107528815.98504,0.0024360586168866,370.0,Calder Wafer Works - Chengdu,FAB,Fab,3,China,East Asia,Analog die,0,Firm,Causes failure
FAB_0083,4.0,13.0,0.0012458287755564,0.0002649065513507,69.0,800.0,638.0,69.0,0.0,0.0,0.0,0.0,0.0,326.0,0.0,0.0,-257.0,Verity Microelectronics - Wuxi,FAB,Fab,3,China,East Asia,RF die,0,Firm,Replaceable
FAB_0084,7.0,19.0,0.001752808346731,0.0004694651436876,38.0,376.0,407.0,38.0,0.0,0.0,0.0,0.0,0.0,326.0,0.0,0.0,-288.0,Jarn Wafer Works - Nagano,FAB,Fab,3,Japan,East Asia,Analog die,0,Firm,Replaceable
FAB_0085,2.0,18.0,0.000576013487657,0.0002837404364737,196.0,729.0,975.0,196.0,0.0,0.0,0.0,0.0,0.0,326.0,0.0,0.0,-130.0,Faryn Microelectronics - Kumamoto,FAB,Fab,3,Japan,East Asia,Logic die,0,Firm,Replaceable
FAB_0086,6.0,16.0,0.0018502684889181,0.0004959175784872,34.0,337.0,457.0,34.0,0.0,0.0,0.0,0.0,0.0,326.0,0.0,0.0,-292.0,Verity Microelectronics - Chengdu,FAB,Fab,3,China,East Asia,Memory die,0,Firm,Replaceable
FAB_0087,0.0,14.0,0.0,0.0001122065525757,1111.0,1533.0,1533.0,1111.0,0.0,0.0,0.0,0.0,0.0,326.0,0.0,0.0,785.0,Thorne Semiconductor - Hsinchu,FAB,Fab,3,Taiwan,East Asia,Memory die,0,Firm,Replaceable
FAB_0088,0.0,12.0,0.0,0.0001122065525757,1111.0,1533.0,1533.0,1111.0,0.0,0.0,0.0,0.0,0.0,326.0,0.0,0.0,785.0,Ferrin Foundry - Kaohsiung,FAB,Fab,3,Taiwan,East Asia,Memory die,0,Firm,Replaceable
FAB_0089,0.0,18.0,0.0,0.0001122065525757,1111.0,1533.0,1533.0,1111.0,0.0,0.0,0.0,0.0,0.0,326.0,0.0,0.0,785.0,Vantor Semiconductor - Kaohsiung,FAB,Fab,3,Taiwan,East Asia,Memory die,0,Firm,Replaceable
FAB_0090,2.0,17.0,0.0003267698911427,0.0001374285979156,369.0,1405.0,975.0,369.0,0.0,0.0,0.0,0.0,0.0,326.0,0.0,0.0,43.0,Yarrow Foundry - Hsinchu,FAB,Fab,3,Taiwan,East Asia,Memory die,0,Firm,Replaceable
FAB_0091,1.0,10.0,3.8238777120647166e-05,0.0001908422112182,917.0,1146.0,1211.0,917.0,0.0,0.0,0.0,0.0,0.0,326.0,0.0,0.0,591.0,Prendel Semiconductor - Yokkaichi,FAB,Fab,3,Japan,East Asia,MEMS die,0,Firm,Replaceable
FAB_0092,3.0,10.0,0.0001142429785434,0.0001685840711317,703.0,1245.0,774.0,703.0,1.0,0.0,0.0,0.0,1.0,326.0,0.0,0.0,377.0,Mervi Foundry - Penang,FAB,Fab,3,Southeast Asia,East Asia,Analog die,0,Firm,Causes failure
FAB_0093,13.0,12.0,0.001198428738338,0.0006597213874943,75.0,212.0,193.0,75.0,4.0,1.0,1547303114.967901,0.0012129641619938,3.0,159.0,1547303114.967901,0.0012129641619938,-84.0,Belan Wafer Works - Gumi,FAB,Fab,3,Korea,East Asia,Analog die,0,Firm,Causes failure
FAB_0094,1.0,12.0,8.353194287385707e-05,0.00016653452752,786.0,1256.0,1211.0,786.0,0.0,0.0,0.0,0.0,0.0,326.0,0.0,0.0,460.0,Yarrow Wafer Works - Kaohsiung,FAB,Fab,3,Taiwan,East Asia,Power die,0,Firm,Replaceable
OSAT_0000,2.0,5.0,0.0002965986449303,0.0001796322051834,400.0,1192.0,975.0,400.0,0.0,0.0,0.0,0.0,0.0,326.0,0.0,0.0,74.0,Granth Microassembly - Dalian,OSAT,OSAT,4,China,East Asia,Power IC,0,Firm,Replaceable
OSAT_0001,3.0,8.0,0.0003079179483072,0.0001729964263169,388.0,1226.0,774.0,388.0,0.0,0.0,0.0,0.0,0.0,326.0,0.0,0.0,62.0,Lumen Packaging - Hsinchu,OSAT,OSAT,4,Taiwan,East Asia,Memory IC,0,Firm,Replaceable
OSAT_0002,49.0,9.0,0.0032557523719078,0.0014611355096228,21.0,60.0,39.0,21.0,23.0,15.0,18072951512.328262,0.0141677750622003,2.0,9.0,18072951512.328262,0.0141677750622003,12.0,Yarrow Packaging - Taichung,OSAT,OSAT,4,Taiwan,East Asia,Power IC,0,Firm,Causes failure
OSAT_0003,9.0,11.0,0.0009119053258074,0.0005507617929038,107.0,285.0,304.0,107.0,7.0,4.0,4891696570.843884,0.0038347060601018,2.0,68.0,4891696570.843884,0.0038347060601018,39.0,Nevin Test Services - Icheon,OSAT,OSAT,4,Korea,East Asia,MEMS sensor,0,Firm,Causes failure
OSAT_0004,2.0,10.0,0.0005230354080036,0.0002545925492851,223.0,839.0,975.0,223.0,0.0,0.0,0.0,0.0,0.0,326.0,0.0,0.0,-103.0,Wexler Microassembly - Taoyuan,OSAT,OSAT,4,Taiwan,East Asia,MEMS sensor,0,Firm,Replaceable
OSAT_0005,7.0,13.0,0.0006433039931157,0.0003276506021973,164.0,607.0,407.0,164.0,1.0,0.0,0.0,0.0,1.0,326.0,0.0,0.0,-162.0,Vantor Microassembly - Tianjin,OSAT,OSAT,4,China,East Asia,Power IC,0,Firm,Causes failure
OSAT_0006,0.0,11.0,0.0,0.0001122065525757,1111.0,1533.0,1533.0,1111.0,0.0,0.0,0.0,0.0,0.0,326.0,0.0,0.0,785.0,Korrin Microassembly - Hsinchu,OSAT,OSAT,4,Taiwan,East Asia,Analog IC,0,Firm,Replaceable
OSAT_0007,0.0,10.0,0.0,0.0001122065525757,1111.0,1533.0,1533.0,1111.0,0.0,0.0,0.0,0.0,0.0,326.0,0.0,0.0,785.0,Renbeck Microassembly - Batangas,OSAT,OSAT,4,Southeast Asia,East Asia,Analog IC,0,Firm,Replaceable
OSAT_0008,9.0,5.0,0.0010135567814707,0.0004623561051224,92.0,385.0,304.0,92.0,3.0,1.0,490429080.8997937,0.0003844578954029,2.0,279.0,490429080.8997937,0.0003844578954029,-187.0,Cortex Packaging - Hsinchu,OSAT,OSAT,4,Taiwan,East Asia,Logic IC,0,Firm,Causes failure
OSAT_0009,5.0,16.0,0.0007360155125097,0.0002049229935354,138.0,1067.0,549.0,138.0,1.0,0.0,0.0,0.0,1.0,326.0,0.0,0.0,-188.0,Verity Test Services - Sendai,OSAT,OSAT,4,Japan,East Asia,Logic IC,0,Firm,Causes failure
OSAT_0010,10.0,11.0,0.0012414348711265,0.0003892993591493,70.0,482.0,267.0,70.0,1.0,0.0,0.0,0.0,1.0,326.0,0.0,0.0,-256.0,Vantor Microassembly - Tianjin 2,OSAT,OSAT,4,China,East Asia,Memory IC,0,Firm,Causes failure
OSAT_0011,24.0,11.0,0.0011702727094051,0.0007950934659968,77.0,153.0,83.0,77.0,5.0,3.0,7221432565.683163,0.005661036170415,2.0,47.0,7221432565.683163,0.005661036170415,30.0,Oxbow Microassembly - Dalian,OSAT,OSAT,4,China,East Asia,MEMS sensor,0,Firm,Causes failure
OSAT_0012,7.0,6.0,0.0001484322862489,0.0004267026231934,648.0,428.0,407.0,407.0,1.0,0.0,0.0,0.0,1.0,326.0,0.0,0.0,81.0,Calder Assembly - Kumamoto,OSAT,OSAT,4,Japan,East Asia,Analog IC,0,Firm,Causes failure
OSAT_0013,19.0,8.0,0.0004968760980536,0.0005532224598951,244.0,283.0,113.0,113.0,2.0,0.0,0.0,0.0,1.0,326.0,0.0,0.0,-213.0,Belan Test Services - Tianjin,OSAT,OSAT,4,China,East Asia,Power IC,0,Firm,Causes failure
OSAT_0014,3.0,16.0,0.0005629875559216,0.0002595056634082,202.0,822.0,774.0,202.0,1.0,0.0,0.0,0.0,1.0,326.0,0.0,0.0,-124.0,Oxbow Microassembly - Taoyuan,OSAT,OSAT,4,Taiwan,East Asia,Power IC,0,Firm,Causes failure
OSAT_0015,1.0,7.0,0.0003853894165445,0.0002471747202708,322.0,870.0,1211.0,322.0,0.0,0.0,0.0,0.0,0.0,326.0,0.0,0.0,-4.0,Ferrin Assembly - Penang,OSAT,OSAT,4,Southeast Asia,East Asia,Power IC,0,Firm,Replaceable
OSAT_0016,13.0,11.0,0.0008716555721755,0.0005227632320137,116.0,304.0,193.0,116.0,6.0,2.0,867633180.5808948,0.0006801562949242,2.0,223.0,867633180.5808948,0.0006801562949242,-107.0,Wexler Test Services - Taichung,OSAT,OSAT,4,Taiwan,East Asia,Analog IC,0,Firm,Causes failure
OSAT_0017,38.0,6.0,0.0014232804749609,0.001094075675895,52.0,92.0,52.0,52.0,16.0,13.0,16845114631.532717,0.0132052473462199,2.0,14.0,16845114631.532717,0.0132052473462199,38.0,Prendel Packaging - Chengdu,OSAT,OSAT,4,China,East Asia,Analog IC,0,Firm,Causes failure
OSAT_0018,9.0,15.0,0.0009316423929205,0.0004086564695144,103.0,454.0,304.0,103.0,3.0,1.0,668782000.9847984,0.0005242725821035,2.0,243.0,668782000.9847984,0.0005242725821035,-140.0,Ferrin Microassembly - Icheon,OSAT,OSAT,4,Korea,East Asia,RF IC,0,Firm,Causes failure
OSAT_0019,1.0,13.0,9.469972943017468e-05,0.0002385140569534,762.0,915.0,1211.0,762.0,0.0,0.0,0.0,0.0,0.0,326.0,0.0,0.0,436.0,Quill Test Services - Hiroshima,OSAT,OSAT,4,Japan,East Asia,Power IC,0,Firm,Replaceable
OSAT_0020,5.0,10.0,0.0003600091196431,0.0003201964846871,341.0,632.0,549.0,341.0,2.0,0.0,0.0,0.0,1.0,326.0,0.0,0.0,15.0,Yarrow Microassembly - Taichung,OSAT,OSAT,4,Taiwan,East Asia,Memory IC,0,Firm,Causes failure
OSAT_0021,10.0,10.0,0.0006385195187,0.0004662286572103,167.0,381.0,267.0,167.0,4.0,2.0,1946438954.7733831,0.0015258553238923,2.0,147.0,1946438954.7733831,0.0015258553238923,20.0,Quill Packaging - Wuxi,OSAT,OSAT,4,China,East Asia,MEMS sensor,0,Firm,Causes failure
OSAT_0022,12.0,6.0,0.0004272713529177,0.0004166091537203,296.0,441.0,213.0,213.0,2.0,0.0,0.0,0.0,1.0,326.0,0.0,0.0,-113.0,Doran Test Services - Bac Ninh,OSAT,OSAT,4,Southeast Asia,East Asia,Memory IC,0,Firm,Causes failure
OSAT_0023,2.0,15.0,0.0005447779026177,0.0001754682915863,211.0,1212.0,975.0,211.0,0.0,0.0,0.0,0.0,0.0,326.0,0.0,0.0,-115.0,Palter Packaging - Kaohsiung,OSAT,OSAT,4,Taiwan,East Asia,RF IC,0,Firm,Replaceable
OSAT_0024,18.0,11.0,0.0011395761033988,0.0007704799427895,78.0,167.0,121.0,78.0,3.0,1.0,504698163.1122772,0.0003956437355792,2.0,273.0,504698163.1122772,0.0003956437355792,-195.0,Quill Assembly - Guadalajara,OSAT,OSAT,4,North America,Western,Analog IC,0,Firm,Causes failure
OSAT_0025,3.0,14.0,0.0002328190759898,0.0003368992869385,482.0,587.0,774.0,482.0,0.0,0.0,0.0,0.0,0.0,326.0,0.0,0.0,156.0,Lethe Assembly - Bac Ninh,OSAT,OSAT,4,Southeast Asia,East Asia,Analog IC,0,Firm,Replaceable
OSAT_0026,12.0,9.0,0.0005351973641376,0.0005131190936953,217.0,317.0,213.0,213.0,1.0,0.0,0.0,0.0,1.0,326.0,0.0,0.0,-113.0,Doran Microassembly - Guadalajara,OSAT,OSAT,4,North America,Western,Analog IC,0,Firm,Causes failure
OSAT_0027,0.0,12.0,0.0,0.0001122065525757,1111.0,1533.0,1533.0,1111.0,0.0,0.0,0.0,0.0,0.0,326.0,0.0,0.0,785.0,Verity Microassembly - Hwaseong,OSAT,OSAT,4,Korea,East Asia,Analog IC,0,Firm,Replaceable
OSAT_0028,8.0,9.0,0.0004499614810464,0.0003585069570287,280.0,532.0,348.0,280.0,0.0,0.0,0.0,0.0,0.0,326.0,0.0,0.0,-46.0,Rivet Packaging - Penang,OSAT,OSAT,4,Southeast Asia,East Asia,Analog IC,0,Firm,Replaceable
OSAT_0029,54.0,13.0,0.0018720451238869,0.0013577713620823,33.0,68.0,31.0,31.0,11.0,4.0,3348057165.0500746,0.0026246139584594,2.0,103.0,3348057165.0500746,0.0026246139584594,-72.0,Palter Microassembly - Chengdu,OSAT,OSAT,4,China,East Asia,Power IC,0,Firm,Causes failure
OSAT_0030,2.0,7.0,5.307209829215077e-05,0.0001357782672001,870.0,1413.0,975.0,870.0,0.0,0.0,0.0,0.0,0.0,326.0,0.0,0.0,544.0,Trellis Microassembly - Batangas,OSAT,OSAT,4,Southeast Asia,East Asia,Power IC,0,Firm,Replaceable
OSAT_0031,2.0,11.0,0.0002092613487283,0.0001864313503882,529.0,1159.0,975.0,529.0,0.0,0.0,0.0,0.0,0.0,326.0,0.0,0.0,203.0,Quill Packaging - Kaohsiung,OSAT,OSAT,4,Taiwan,East Asia,Power IC,0,Firm,Replaceable
OSAT_0032,4.0,10.0,0.0002437047696078,0.0003164357328867,466.0,644.0,638.0,466.0,0.0,0.0,0.0,0.0,0.0,326.0,0.0,0.0,140.0,Wexler Packaging - Kaohsiung,OSAT,OSAT,4,Taiwan,East Asia,Memory IC,0,Firm,Replaceable
OSAT_0033,13.0,8.0,0.0008765353443348,0.0005988542308903,114.0,255.0,193.0,114.0,1.0,0.0,0.0,0.0,1.0,326.0,0.0,0.0,-212.0,Faryn Microassembly - Tainan,OSAT,OSAT,4,Taiwan,East Asia,Memory IC,0,Firm,Causes failure
OSAT_0034,4.0,10.0,0.0004110135038648,0.0003426955190145,308.0,571.0,638.0,308.0,0.0,0.0,0.0,0.0,0.0,326.0,0.0,0.0,-18.0,Yarrow Microassembly - Penang,OSAT,OSAT,4,Southeast Asia,East Asia,Analog IC,0,Firm,Replaceable
OSAT_0035,5.0,9.0,0.00017297664949,0.0002646002335753,599.0,802.0,549.0,549.0,1.0,0.0,0.0,0.0,1.0,326.0,0.0,0.0,223.0,Wend Packaging - Dalian,OSAT,OSAT,4,China,East Asia,Analog IC,0,Firm,Causes failure
OSAT_0036,20.0,5.0,0.000589308725837,0.0006579412791599,190.0,215.0,101.0,101.0,7.0,2.0,1756109722.7484698,0.0013766521489017,2.0,150.0,1756109722.7484698,0.0013766521489017,-49.0,Kestrel Assembly - Kaohsiung,OSAT,OSAT,4,Taiwan,East Asia,Power IC,0,Firm,Causes failure
OSAT_0037,6.0,12.0,0.0006825889775214,0.0004045146388419,153.0,460.0,457.0,153.0,0.0,0.0,0.0,0.0,0.0,326.0,0.0,0.0,-173.0,Trellis Microassembly - Tainan,OSAT,OSAT,4,Taiwan,East Asia,Logic IC,0,Firm,Replaceable
OSAT_0038,6.0,14.0,0.0006324134187428,0.0003118277855261,170.0,650.0,457.0,170.0,2.0,1.0,577610777.6566405,0.0004528015009479,2.0,253.0,577610777.6566405,0.0004528015009479,-83.0,Yarrow Microassembly - Bangkok,OSAT,OSAT,4,Southeast Asia,East Asia,Analog IC,0,Firm,Causes failure
OSAT_0039,86.0,10.0,0.0035582550793978,0.0019879079461599,18.0,32.0,19.0,18.0,38.0,27.0,35970436128.12747,0.0281979978535836,2.0,3.0,35970436128.12747,0.0281979978535836,15.0,Ember Assembly - Xi'an,OSAT,OSAT,4,China,East Asia,Analog IC,0,Firm,Causes failure
OSAT_0040,43.0,8.0,0.0018359065590644,0.000930806354418,35.0,118.0,46.0,35.0,28.0,17.0,17253605393.53459,0.0135254720326571,2.0,12.0,17253605393.53459,0.0135254720326571,23.0,Doran Assembly - Batam,OSAT,OSAT,4,Southeast Asia,East Asia,Memory IC,0,Firm,Causes failure
OSAT_0041,1.0,9.0,6.379097325252506e-05,0.0001478314570373,844.0,1351.0,1211.0,844.0,0.0,0.0,0.0,0.0,0.0,326.0,0.0,0.0,518.0,Prendel Assembly - Kaohsiung,OSAT,OSAT,4,Taiwan,East Asia,Logic IC,0,Firm,Replaceable
OSAT_0042,1.0,7.0,9.289268161395085e-05,0.000124288443329,764.0,1490.0,1211.0,764.0,0.0,0.0,0.0,0.0,0.0,326.0,0.0,0.0,438.0,Ferrin Microassembly - Dalian,OSAT,OSAT,4,China,East Asia,Logic IC,0,Firm,Replaceable
OSAT_0043,8.0,10.0,0.0002105174407263,0.0002794731437247,525.0,747.0,348.0,348.0,1.0,0.0,0.0,0.0,1.0,326.0,0.0,0.0,22.0,Halcy Assembly - Chengdu,OSAT,OSAT,4,China,East Asia,Power IC,0,Firm,Causes failure
OSAT_0044,61.0,13.0,0.003479244457938,0.0013685888052843,19.0,66.0,28.0,19.0,16.0,5.0,3278924172.17012,0.0025704191197342,2.0,107.0,3278924172.17012,0.0025704191197342,-88.0,Orvid Microassembly - Dalian,OSAT,OSAT,4,China,East Asia,RF IC,0,Firm,Causes failure
OSAT_0045,2.0,10.0,0.0002888230518761,0.0002657337664516,408.0,794.0,975.0,408.0,1.0,0.0,0.0,0.0,1.0,326.0,0.0,0.0,82.0,Renbeck Packaging - Tainan,OSAT,OSAT,4,Taiwan,East Asia,Memory IC,0,Firm,Causes failure
OSAT_0046,8.0,7.0,0.000441774004621,0.0003130858763298,285.0,648.0,348.0,285.0,1.0,0.0,0.0,0.0,1.0,326.0,0.0,0.0,-41.0,Quarn Assembly - Shenzhen,OSAT,OSAT,4,China,East Asia,RF IC,0,Firm,Causes failure
OSAT_0047,8.0,7.0,0.0002765203332891,0.0003794737200744,422.0,498.0,348.0,348.0,1.0,0.0,0.0,0.0,1.0,326.0,0.0,0.0,22.0,Ulvid Assembly - Tainan,OSAT,OSAT,4,Taiwan,East Asia,Analog IC,0,Firm,Causes failure
OSAT_0048,40.0,7.0,0.0015432495181391,0.0009021438948606,44.0,122.0,48.0,44.0,13.0,6.0,4926955607.093277,0.0038623463763031,2.0,63.0,4926955607.093277,0.0038623463763031,-19.0,Yarrow Packaging - Malta,OSAT,OSAT,4,North America,Western,Logic IC,0,Firm,Causes failure
OSAT_0049,3.0,10.0,0.0001571687771473,0.0002710496165888,630.0,774.0,774.0,630.0,0.0,0.0,0.0,0.0,0.0,326.0,0.0,0.0,304.0,Elstow Test Services - Kaohsiung,OSAT,OSAT,4,Taiwan,East Asia,Power IC,0,Firm,Replaceable
OSAT_0050,1.0,8.0,7.393060463977573e-05,0.0002249881721565,810.0,983.0,1211.0,810.0,0.0,0.0,0.0,0.0,0.0,326.0,0.0,0.0,484.0,Jorel Test Services - Taichung,OSAT,OSAT,4,Taiwan,East Asia,Logic IC,0,Firm,Replaceable
OSAT_0051,24.0,9.0,0.0016631012603556,0.0008198769838283,41.0,147.0,83.0,41.0,5.0,3.0,7221432565.683163,0.005661036170415,2.0,47.0,7221432565.683163,0.005661036170415,-6.0,Ulvid Assembly - Tainan 2,OSAT,OSAT,4,Taiwan,East Asia,Analog IC,0,Firm,Causes failure
OSAT_0052,25.0,15.0,0.001665165414707,0.0007746779569663,40.0,165.0,78.0,40.0,3.0,0.0,0.0,0.0,1.0,326.0,0.0,0.0,-286.0,Verity Packaging - Hsinchu,OSAT,OSAT,4,Taiwan,East Asia,Power IC,0,Firm,Causes failure
OSAT_0053,45.0,10.0,0.0011242588933402,0.0012353873638647,82.0,74.0,42.0,42.0,7.0,2.0,1606580416.5709853,0.0012594329125371,2.0,157.0,1606580416.5709853,0.0012594329125371,-115.0,Granth Packaging - Xi'an,OSAT,OSAT,4,China,East Asia,Power IC,0,Firm,Causes failure
OSAT_0054,1.0,7.0,0.0001485380272048,0.0002527213572994,647.0,849.0,1211.0,647.0,0.0,0.0,0.0,0.0,0.0,326.0,0.0,0.0,321.0,Orvid Packaging - Bangkok,OSAT,OSAT,4,Southeast Asia,East Asia,Analog IC,0,Firm,Replaceable
OSAT_0055,2.0,16.0,0.000513799583185,0.0003192445902907,233.0,635.0,975.0,233.0,0.0,0.0,0.0,0.0,0.0,326.0,0.0,0.0,-93.0,Stade Test Services - Pyeongtaek,OSAT,OSAT,4,Korea,East Asia,Analog IC,0,Firm,Replaceable
OSAT_0056,25.0,10.0,0.0017249070859866,0.0010447346032885,39.0,101.0,78.0,39.0,10.0,5.0,6006956002.158895,0.0047089818942449,2.0,52.0,6006956002.158895,0.0047089818942449,-13.0,Wexler Test Services - Penang,OSAT,OSAT,4,Southeast Asia,East Asia,MEMS sensor,0,Firm,Causes failure
OSAT_0057,8.0,12.0,0.0006269669614105,0.0004812320253077,173.0,354.0,348.0,173.0,3.0,2.0,3620472074.938572,0.0028381658602756,2.0,97.0,3620472074.938572,0.0028381658602756,76.0,Orvid Assembly - Kaohsiung,OSAT,OSAT,4,Taiwan,East Asia,MEMS sensor,0,Firm,Causes failure
OSAT_0058,2.0,12.0,0.0001075617981174,0.000211610496261,726.0,1034.0,975.0,726.0,0.0,0.0,0.0,0.0,0.0,326.0,0.0,0.0,400.0,Quarn Assembly - Taoyuan,OSAT,OSAT,4,Taiwan,East Asia,Logic IC,0,Firm,Replaceable
OSAT_0059,87.0,9.0,0.003196467857083,0.0016818669809784,22.0,47.0,18.0,18.0,14.0,3.0,678058031.8477409,0.0005315442620306,2.0,242.0,678058031.8477409,0.0005315442620306,-224.0,Isar Assembly - Wuxi,OSAT,OSAT,4,China,East Asia,Memory IC,0,Firm,Causes failure
OSAT_0060,4.0,10.0,0.0002360469476798,0.0002810527151188,478.0,741.0,638.0,478.0,0.0,0.0,0.0,0.0,0.0,326.0,0.0,0.0,152.0,Verity Test Services - Hsinchu,OSAT,OSAT,4,Taiwan,East Asia,Analog IC,0,Firm,Replaceable
OSAT_0061,19.0,11.0,0.0008412093329337,0.0007581210843346,125.0,174.0,113.0,113.0,10.0,7.0,7952818323.64323,0.0062343851829106,2.0,42.0,7952818323.64323,0.0062343851829106,71.0,Wexler Packaging - Taichung,OSAT,OSAT,4,Taiwan,East Asia,Analog IC,0,Firm,Causes failure
OSAT_0062,3.0,9.0,0.0002365847918423,0.0002758660693192,476.0,758.0,774.0,476.0,0.0,0.0,0.0,0.0,0.0,326.0,0.0,0.0,150.0,Ystad Assembly - Penang,OSAT,OSAT,4,Southeast Asia,East Asia,RF IC,0,Firm,Replaceable
OSAT_0063,6.0,6.0,0.0002850415904191,0.0002647336044221,413.0,801.0,457.0,413.0,1.0,0.0,0.0,0.0,1.0,326.0,0.0,0.0,87.0,Faryn Microassembly - Kaohsiung,OSAT,OSAT,4,Taiwan,East Asia,Analog IC,0,Firm,Causes failure
OSAT_0064,32.0,10.0,0.0011304028690029,0.0010386568657929,81.0,102.0,59.0,59.0,20.0,10.0,10489262546.32372,0.0082227583150048,2.0,34.0,10489262546.32372,0.0082227583150048,25.0,Renbeck Microassembly - Xi'an,OSAT,OSAT,4,China,East Asia,Power IC,0,Firm,Causes failure
OSAT_0065,8.0,10.0,0.0002059521483934,0.0005020662520915,538.0,330.0,348.0,330.0,2.0,1.0,573636110.6967232,0.000449685674106,2.0,256.0,573636110.6967232,0.000449685674106,74.0,Quill Test Services - Wuxi,OSAT,OSAT,4,China,East Asia,Memory IC,0,Firm,Causes failure
OSAT_0066,4.0,7.0,0.0003516439943599,0.0003705041274079,347.0,509.0,638.0,347.0,4.0,2.0,3076741245.240122,0.0024119235785821,2.0,118.0,3076741245.240122,0.0024119235785821,229.0,Alder Assembly - Hsinchu,OSAT,OSAT,4,Taiwan,East Asia,Power IC,0,Firm,Causes failure
OSAT_0067,1.0,13.0,0.0001032933008016,0.0002601168733375,734.0,820.0,1211.0,734.0,0.0,0.0,0.0,0.0,0.0,326.0,0.0,0.0,408.0,Oxbow Microassembly - Bac Ninh,OSAT,OSAT,4,Southeast Asia,East Asia,Power IC,0,Firm,Replaceable
OSAT_0068,71.0,7.0,0.002317949138403,0.0014604175611432,27.0,61.0,24.0,24.0,12.0,5.0,5621337650.236671,0.004406687381577,2.0,56.0,5621337650.236671,0.004406687381577,-32.0,Kestrel Packaging - Tianjin,OSAT,OSAT,4,China,East Asia,Memory IC,0,Firm,Causes failure
OSAT_0069,2.0,9.0,0.0001961609179613,0.0002267895185524,564.0,965.0,975.0,564.0,0.0,0.0,0.0,0.0,0.0,326.0,0.0,0.0,238.0,Ader Microassembly - Kaohsiung,OSAT,OSAT,4,Taiwan,East Asia,Power IC,0,Firm,Replaceable
OSAT_0070,4.0,7.0,0.0002501881992034,0.0002809090839035,453.0,743.0,638.0,453.0,0.0,0.0,0.0,0.0,0.0,326.0,0.0,0.0,127.0,Alder Microassembly - Hsinchu,OSAT,OSAT,4,Taiwan,East Asia,Logic IC,0,Firm,Replaceable
OSAT_0071,25.0,11.0,0.0006669879231877,0.0007243682756626,160.0,188.0,78.0,78.0,11.0,6.0,5913269195.568264,0.0046355387933122,2.0,55.0,5913269195.568264,0.0046355387933122,23.0,Kestrel Assembly - Xi'an,OSAT,OSAT,4,China,East Asia,Analog IC,0,Firm,Causes failure
OSAT_0072,2.0,12.0,0.0001833359897086,0.0001722966976617,583.0,1233.0,975.0,583.0,0.0,0.0,0.0,0.0,0.0,326.0,0.0,0.0,257.0,Cortex Assembly - Shanghai,OSAT,OSAT,4,China,East Asia,MEMS sensor,0,Firm,Replaceable
OSAT_0073,4.0,9.0,0.000235502931722,0.0003460258239332,480.0,558.0,638.0,480.0,0.0,0.0,0.0,0.0,0.0,326.0,0.0,0.0,154.0,Vantor Microassembly - Icheon,OSAT,OSAT,4,Korea,East Asia,RF IC,0,Firm,Replaceable
OSAT_0074,47.0,5.0,0.000744979693746,0.0011029245660942,137.0,89.0,41.0,41.0,14.0,6.0,3709333912.094555,0.0029078265639842,2.0,87.0,3709333912.094555,0.0029078265639842,-46.0,Calder Microassembly - Bac Ninh,OSAT,OSAT,4,Southeast Asia,East Asia,Analog IC,0,Firm,Causes failure
OSAT_0075,0.0,8.0,0.0,0.0001122065525757,1111.0,1533.0,1533.0,1111.0,0.0,0.0,0.0,0.0,0.0,326.0,0.0,0.0,785.0,Oxbow Packaging - Taichung,OSAT,OSAT,4,Taiwan,East Asia,Analog IC,0,Firm,Replaceable
OSAT_0076,16.0,7.0,0.0004941992199871,0.000620534277925,245.0,241.0,146.0,146.0,5.0,2.0,1373180656.1229336,0.0010764658247682,2.0,171.0,1373180656.1229336,0.0010764658247682,-25.0,Isar Microassembly - Xi'an,OSAT,OSAT,4,China,East Asia,Analog IC,0,Firm,Causes failure
OSAT_0077,2.0,6.0,0.0001582500315791,0.0001715288122428,628.0,1237.0,975.0,628.0,0.0,0.0,0.0,0.0,0.0,326.0,0.0,0.0,302.0,Mervi Test Services - Hsinchu,OSAT,OSAT,4,Taiwan,East Asia,Analog IC,0,Firm,Replaceable
OSAT_0078,1.0,7.0,9.2994795101395e-06,0.0001166498198447,1061.0,1526.0,1211.0,1061.0,0.0,0.0,0.0,0.0,0.0,326.0,0.0,0.0,735.0,Calder Assembly - Tainan,OSAT,OSAT,4,Taiwan,East Asia,Power IC,0,Firm,Replaceable
OSAT_0079,20.0,12.0,0.0005464558221429,0.0005716284537508,209.0,271.0,101.0,101.0,6.0,2.0,408560504.13435405,0.0003202793587935,2.0,290.0,408560504.13435405,0.0003202793587935,-189.0,Belan Packaging - Batangas,OSAT,OSAT,4,Southeast Asia,East Asia,Logic IC,0,Firm,Causes failure
OSAT_0080,0.0,10.0,0.0,0.0001122065525757,1111.0,1533.0,1533.0,1111.0,0.0,0.0,0.0,0.0,0.0,326.0,0.0,0.0,785.0,Jorel Assembly - Hiroshima,OSAT,OSAT,4,Japan,East Asia,Analog IC,0,Firm,Replaceable
OSAT_0081,7.0,9.0,0.000458492726053,0.0002609155426357,270.0,815.0,407.0,270.0,1.0,0.0,0.0,0.0,1.0,326.0,0.0,0.0,-56.0,Yarrow Packaging - Xi'an,OSAT,OSAT,4,China,East Asia,RF IC,0,Firm,Causes failure
OSAT_0082,16.0,10.0,0.0005871063920317,0.0006153432385434,192.0,244.0,146.0,146.0,2.0,1.0,1362830505.9551194,0.0010683521196361,2.0,175.0,1362830505.9551194,0.0010683521196361,-29.0,Mordant Microassembly - Shenzhen,OSAT,OSAT,4,China,East Asia,Power IC,0,Firm,Causes failure
OSAT_0083,12.0,13.0,0.0004711889936044,0.0003019632295954,261.0,673.0,213.0,213.0,1.0,0.0,0.0,0.0,1.0,326.0,0.0,0.0,-113.0,Quill Microassembly - Shenzhen,OSAT,OSAT,4,China,East Asia,Logic IC,0,Firm,Causes failure
OSAT_0084,6.0,9.0,0.0002132399184926,0.0003566018013439,522.0,535.0,457.0,457.0,3.0,1.0,1331084782.4922695,0.0010434659648261,2.0,181.0,1331084782.4922695,0.0010434659648261,276.0,Halcy Test Services - Singapore,OSAT,OSAT,4,Southeast Asia,East Asia,Power IC,0,Firm,Causes failure
OSAT_0085,11.0,9.0,0.0006985184947946,0.0006637259690976,150.0,209.0,234.0,150.0,0.0,0.0,0.0,0.0,0.0,326.0,0.0,0.0,-176.0,Granth Assembly - Chengdu,OSAT,OSAT,4,China,East Asia,MEMS sensor,0,Firm,Replaceable
OSAT_0086,2.0,12.0,0.0004087613675879,0.0002468423497069,310.0,873.0,975.0,310.0,0.0,0.0,0.0,0.0,0.0,326.0,0.0,0.0,-16.0,Thorne Microassembly - Taoyuan,OSAT,OSAT,4,Taiwan,East Asia,Power IC,0,Firm,Replaceable
OSAT_0087,7.0,9.0,0.0006439480555884,0.0005954046557383,163.0,259.0,407.0,163.0,4.0,3.0,3075122755.795987,0.0024106548099269,2.0,121.0,3075122755.795987,0.0024106548099269,42.0,Ader Assembly - Crolles,OSAT,OSAT,4,Europe,Western,Analog IC,0,Firm,Causes failure
OSAT_0088,1.0,9.0,7.523244122704198e-05,0.0002761847161538,806.0,757.0,1211.0,757.0,0.0,0.0,0.0,0.0,0.0,326.0,0.0,0.0,431.0,Verity Assembly - Cheongju,OSAT,OSAT,4,Korea,East Asia,Memory IC,0,Firm,Replaceable
OSAT_0089,136.0,8.0,0.0025708953209378,0.0024243889306313,24.0,22.0,15.0,15.0,52.0,22.0,16742388769.802158,0.0131247183357218,2.0,18.0,16742388769.802158,0.0131247183357218,-3.0,Prendel Assembly - Shenzhen,OSAT,OSAT,4,China,East Asia,Logic IC,0,Firm,Causes failure
OSAT_0090,11.0,10.0,0.0010749192579873,0.0004918439912792,87.0,347.0,234.0,87.0,1.0,0.0,0.0,0.0,1.0,326.0,0.0,0.0,-239.0,Oxbow Packaging - Tainan,OSAT,OSAT,4,Taiwan,East Asia,Power IC,0,Firm,Causes failure
OSAT_0091,4.0,12.0,0.0002295018812284,0.00022888158853,488.0,957.0,638.0,488.0,0.0,0.0,0.0,0.0,0.0,326.0,0.0,0.0,162.0,Yarrow Assembly - Tainan,OSAT,OSAT,4,Taiwan,East Asia,Memory IC,0,Firm,Replaceable
OSAT_0092,53.0,7.0,0.0010507546089649,0.0011513406189391,90.0,83.0,32.0,32.0,11.0,4.0,3410771383.792703,0.0026737769822046,2.0,101.0,3410771383.792703,0.0026737769822046,-69.0,Lumen Test Services - Xi'an,OSAT,OSAT,4,China,East Asia,RF IC,0,Firm,Causes failure
OSAT_0093,10.0,5.0,0.0010752837070549,0.0004751756154687,86.0,366.0,267.0,86.0,10.0,7.0,4834856926.348334,0.0037901482413483,2.0,72.0,4834856926.348334,0.0037901482413483,14.0,Belan Packaging - Batam,OSAT,OSAT,4,Southeast Asia,East Asia,Power IC,0,Firm,Causes failure
OSAT_0094,50.0,9.0,0.0013095019576915,0.0009914453910585,61.0,107.0,38.0,38.0,9.0,4.0,4725985527.1071205,0.0037048016119334,2.0,75.0,4725985527.1071205,0.0037048016119334,-37.0,Elstow Test Services - Bangkok,OSAT,OSAT,4,Southeast Asia,East Asia,Logic IC,0,Firm,Causes failure
OSAT_0095,1.0,7.0,3.5007884392288805e-05,0.0001455936727771,931.0,1362.0,1211.0,931.0,0.0,0.0,0.0,0.0,0.0,326.0,0.0,0.0,605.0,Oxbow Microassembly - Wuxi,OSAT,OSAT,4,China,East Asia,Logic IC,0,Firm,Replaceable
OSAT_0096,14.0,12.0,0.0009313078394271,0.0005506445167032,104.0,286.0,175.0,104.0,2.0,1.0,68169496.2817602,5.343953303723879e-05,2.0,321.0,68169496.2817602,5.343953303723879e-05,-217.0,Trellis Packaging - Tainan,OSAT,OSAT,4,Taiwan,East Asia,Logic IC,0,Firm,Causes failure
OSAT_0097,2.0,11.0,0.0004200399609256,0.0002727900035728,301.0,765.0,975.0,301.0,0.0,0.0,0.0,0.0,0.0,326.0,0.0,0.0,-25.0,Oxbow Test Services - Batangas,OSAT,OSAT,4,Southeast Asia,East Asia,Power IC,0,Firm,Replaceable
OSAT_0098,2.0,11.0,0.0001598037750744,0.0002827584746557,624.0,732.0,975.0,624.0,0.0,0.0,0.0,0.0,0.0,326.0,0.0,0.0,298.0,Mervi Test Services - Pyeongtaek,OSAT,OSAT,4,Korea,East Asia,RF IC,0,Firm,Replaceable
OSAT_0099,3.0,12.0,0.0004100270945995,0.0002821127714655,309.0,739.0,774.0,309.0,2.0,1.0,4022933647.463218,0.0031536641355196,2.0,82.0,4022933647.463218,0.0031536641355196,227.0,Faryn Assembly - Kaohsiung,OSAT,OSAT,4,Taiwan,East Asia,Analog IC,0,Firm,Causes failure
OSAT_0100,12.0,7.0,0.0006164717809581,0.0005088179742262,176.0,323.0,213.0,176.0,2.0,0.0,0.0,0.0,1.0,326.0,0.0,0.0,-150.0,Calder Microassembly - Kaohsiung,OSAT,OSAT,4,Taiwan,East Asia,Logic IC,0,Firm,Causes failure
OSAT_0101,4.0,11.0,0.0003226658330272,0.0001720576961323,374.0,1234.0,638.0,374.0,0.0,0.0,0.0,0.0,0.0,326.0,0.0,0.0,48.0,Lethe Assembly - Hsinchu,OSAT,OSAT,4,Taiwan,East Asia,Memory IC,0,Firm,Replaceable
OSAT_0102,2.0,9.0,0.0001426168731394,0.0002911832037982,663.0,707.0,975.0,663.0,0.0,0.0,0.0,0.0,0.0,326.0,0.0,0.0,337.0,Alder Packaging - Pyeongtaek,OSAT,OSAT,4,Korea,East Asia,Logic IC,0,Firm,Replaceable
OSAT_0103,8.0,13.0,0.0009657109313059,0.000476277663829,99.0,364.0,348.0,99.0,4.0,1.0,382004158.4297153,0.0002994612687233,2.0,299.0,382004158.4297153,0.0002994612687233,-200.0,Gethin Packaging - Hsinchu,OSAT,OSAT,4,Taiwan,East Asia,Memory IC,0,Firm,Causes failure
OSAT_0104,14.0,9.0,0.0002588885181724,0.0004806467636696,441.0,355.0,175.0,175.0,1.0,0.0,0.0,0.0,1.0,326.0,0.0,0.0,-151.0,Belan Microassembly - Chengdu,OSAT,OSAT,4,China,East Asia,RF IC,0,Firm,Causes failure
OSAT_0105,6.0,12.0,0.000453861465659,0.0003032357549431,276.0,669.0,457.0,276.0,3.0,2.0,523447598.1581596,0.0004103418206204,2.0,268.0,523447598.1581596,0.0004103418206204,8.0,Ystad Packaging - Batangas,OSAT,OSAT,4,Southeast Asia,East Asia,Logic IC,0,Firm,Causes failure
OSAT_0106,4.0,9.0,0.0001273726278205,0.0002226084154314,684.0,989.0,638.0,638.0,1.0,0.0,0.0,0.0,1.0,326.0,0.0,0.0,312.0,Stade Microassembly - Bangkok,OSAT,OSAT,4,Southeast Asia,East Asia,Analog IC,0,Firm,Causes failure
OSAT_0107,6.0,9.0,0.0002732880295581,0.0002468449716116,432.0,872.0,457.0,432.0,0.0,0.0,0.0,0.0,0.0,326.0,0.0,0.0,106.0,Quarn Packaging - Shanghai,OSAT,OSAT,4,China,East Asia,Analog IC,0,Firm,Replaceable
OSAT_0108,29.0,15.0,0.002053871835036,0.0008372587839863,29.0,143.0,65.0,29.0,3.0,0.0,0.0,0.0,1.0,326.0,0.0,0.0,-297.0,Korrin Packaging - Taoyuan,OSAT,OSAT,4,Taiwan,East Asia,Logic IC,0,Firm,Causes failure
OSAT_0109,17.0,10.0,0.0010522541655172,0.0005966653774137,89.0,257.0,132.0,89.0,3.0,1.0,773220892.1406728,0.0006061444731797,2.0,238.0,773220892.1406728,0.0006061444731797,-149.0,Trellis Microassembly - Bangkok,OSAT,OSAT,4,Southeast Asia,East Asia,Analog IC,0,Firm,Causes failure
OSAT_0110,13.0,8.0,0.0007576668854289,0.0007083052909037,132.0,197.0,193.0,132.0,0.0,0.0,0.0,0.0,0.0,326.0,0.0,0.0,-194.0,Cortex Packaging - Batangas,OSAT,OSAT,4,Southeast Asia,East Asia,MEMS sensor,0,Firm,Replaceable
OSAT_0111,2.0,7.0,0.0002191331521463,0.0002038610533086,509.0,1072.0,975.0,509.0,0.0,0.0,0.0,0.0,0.0,326.0,0.0,0.0,183.0,Ember Test Services - Hillsboro,OSAT,OSAT,4,North America,Western,Logic IC,0,Firm,Replaceable
OSAT_0112,2.0,14.0,0.0004312590051244,0.0002499061079116,291.0,858.0,975.0,291.0,0.0,0.0,0.0,0.0,0.0,326.0,0.0,0.0,-35.0,Belan Assembly - Batam,OSAT,OSAT,4,Southeast Asia,East Asia,Power IC,0,Firm,Replaceable
OSAT_0113,4.0,13.0,0.000337771177926,0.0003505197000216,357.0,547.0,638.0,357.0,1.0,0.0,0.0,0.0,1.0,326.0,0.0,0.0,31.0,Ulvid Packaging - Kitakyushu,OSAT,OSAT,4,Japan,East Asia,Logic IC,0,Firm,Causes failure
OSAT_0114,7.0,9.0,0.0001919929321924,0.0002969543339239,571.0,688.0,407.0,407.0,2.0,1.0,1140655290.344575,0.0008941841937708,2.0,196.0,1140655290.344575,0.0008941841937708,211.0,Lethe Packaging - Tainan,OSAT,OSAT,4,Taiwan,East Asia,Power IC,0,Firm,Causes failure
OSAT_0115,4.0,6.0,0.0001280593680563,0.0002880484760144,682.0,717.0,638.0,638.0,0.0,0.0,0.0,0.0,0.0,326.0,0.0,0.0,312.0,Oxbow Test Services - Batam,OSAT,OSAT,4,Southeast Asia,East Asia,Logic IC,0,Firm,Replaceable
OSAT_0116,13.0,9.0,0.0014081465204146,0.0006409982987717,54.0,226.0,193.0,54.0,16.0,14.0,23374487601.38156,0.018323763127714,2.0,6.0,23374487601.38156,0.018323763127714,48.0,Quarn Assembly - Penang,OSAT,OSAT,4,Southeast Asia,East Asia,Power IC,0,Firm,Causes failure
OSAT_0117,10.0,9.0,0.0005609042310388,0.00061303069507,204.0,246.0,267.0,204.0,2.0,1.0,961764140.2758588,0.0007539475770199,2.0,213.0,961764140.2758588,0.0007539475770199,-9.0,Ember Test Services - Ottawa,OSAT,OSAT,4,North America,Western,MEMS sensor,0,Firm,Causes failure
OSAT_0118,10.0,9.0,0.0003873528318379,0.0004011957877069,320.0,465.0,267.0,267.0,2.0,1.0,1547303114.967901,0.0012129641619938,2.0,159.0,1547303114.967901,0.0012129641619938,108.0,Prendel Test Services - Bac Ninh,OSAT,OSAT,4,Southeast Asia,East Asia,Analog IC,0,Firm,Causes failure
OSAT_0119,13.0,12.0,0.0004751567611679,0.0005121900533305,258.0,318.0,193.0,193.0,14.0,11.0,12651927509.270094,0.0099181178532089,2.0,27.0,12651927509.270094,0.0099181178532089,166.0,Gethin Microassembly - Taichung,OSAT,OSAT,4,Taiwan,East Asia,Analog IC,0,Firm,Causes failure
OSAT_0120,17.0,13.0,0.0009576861757319,0.000478934108349,100.0,357.0,132.0,100.0,4.0,0.0,0.0,0.0,1.0,326.0,0.0,0.0,-226.0,Prendel Packaging - Bac Ninh,OSAT,OSAT,4,Southeast Asia,East Asia,Memory IC,0,Firm,Causes failure
OSAT_0121,3.0,11.0,0.0003355229695545,0.000284768451617,359.0,723.0,774.0,359.0,0.0,0.0,0.0,0.0,0.0,326.0,0.0,0.0,33.0,Isar Microassembly - Tainan,OSAT,OSAT,4,Taiwan,East Asia,Power IC,0,Firm,Replaceable
OSAT_0122,0.0,8.0,0.0,0.0001122065525757,1111.0,1533.0,1533.0,1111.0,0.0,0.0,0.0,0.0,0.0,326.0,0.0,0.0,785.0,Nevin Assembly - Kaohsiung,OSAT,OSAT,4,Taiwan,East Asia,Logic IC,0,Firm,Replaceable
OSAT_0123,0.0,6.0,0.0,0.0001122065525757,1111.0,1533.0,1533.0,1111.0,0.0,0.0,0.0,0.0,0.0,326.0,0.0,0.0,785.0,Lethe Assembly - Hiroshima,OSAT,OSAT,4,Japan,East Asia,Memory IC,0,Firm,Replaceable
OSAT_0124,0.0,10.0,0.0,0.0001122065525757,1111.0,1533.0,1533.0,1111.0,0.0,0.0,0.0,0.0,0.0,326.0,0.0,0.0,785.0,Korrin Test Services - Penang,OSAT,OSAT,4,Southeast Asia,East Asia,Analog IC,0,Firm,Replaceable
OSAT_0125,8.0,9.0,0.0005396640646566,0.0004156820705931,214.0,445.0,348.0,214.0,7.0,3.0,2874555410.277499,0.0022534257577608,2.0,125.0,2874555410.277499,0.0022534257577608,89.0,Umber Test Services - Dalian,OSAT,OSAT,4,China,East Asia,Power IC,0,Firm,Causes failure
OSAT_0126,12.0,7.0,0.0004110194814879,0.0005554700738795,307.0,281.0,213.0,213.0,5.0,2.0,1167269372.1713142,0.0009150475444278,2.0,193.0,1167269372.1713142,0.0009150475444278,20.0,Quarn Packaging - Hiroshima,OSAT,OSAT,4,Japan,East Asia,Analog IC,0,Firm,Causes failure
OSAT_0127,0.0,6.0,0.0,0.0001122065525757,1111.0,1533.0,1533.0,1111.0,0.0,0.0,0.0,0.0,0.0,326.0,0.0,0.0,785.0,Elstow Test Services - Taichung,OSAT,OSAT,4,Taiwan,East Asia,Analog IC,0,Firm,Replaceable
OSAT_0128,51.0,6.0,0.0013363742661704,0.0011254951461041,59.0,86.0,34.0,34.0,12.0,5.0,2121795380.7159996,0.0016633209944426,2.0,142.0,2121795380.7159996,0.0016633209944426,-108.0,Stade Microassembly - Chengdu,OSAT,OSAT,4,China,East Asia,Memory IC,0,Firm,Causes failure
OSAT_0129,39.0,9.0,0.0015408195949348,0.000854386563458,45.0,133.0,51.0,45.0,5.0,1.0,68169496.2817602,5.343953303723879e-05,2.0,321.0,68169496.2817602,5.343953303723879e-05,-276.0,Holt Assembly - Bac Ninh,OSAT,OSAT,4,Southeast Asia,East Asia,RF IC,0,Firm,Causes failure
OSAT_0130,0.0,10.0,0.0,0.0001122065525757,1111.0,1533.0,1533.0,1111.0,0.0,0.0,0.0,0.0,0.0,326.0,0.0,0.0,785.0,Kestrel Microassembly - Cheongju,OSAT,OSAT,4,Korea,East Asia,Analog IC,0,Firm,Replaceable
OSAT_0131,14.0,10.0,0.0006094132515988,0.0005523876972253,180.0,284.0,175.0,175.0,1.0,0.0,0.0,0.0,1.0,326.0,0.0,0.0,-151.0,Alder Assembly - Hillsboro,OSAT,OSAT,4,North America,Western,Power IC,0,Firm,Causes failure
OSAT_0132,29.0,11.0,0.0021008403926156,0.0007426372813106,28.0,179.0,65.0,28.0,7.0,2.0,1321634360.6493363,0.0010360575760623,2.0,183.0,1321634360.6493363,0.0010360575760623,-155.0,Belan Assembly - Taoyuan,OSAT,OSAT,4,Taiwan,East Asia,RF IC,0,Firm,Causes failure
OSAT_0133,21.0,6.0,0.0008611622200701,0.0008531310535714,120.0,136.0,94.0,94.0,14.0,6.0,8418974294.373929,0.0065998148656445,2.0,38.0,8418974294.373929,0.0065998148656445,56.0,Holt Test Services - Kumamoto,OSAT,OSAT,4,Japan,East Asia,Power IC,0,Firm,Causes failure
OSAT_0134,12.0,13.0,0.0008630404730844,0.0005150176378863,119.0,314.0,213.0,119.0,6.0,2.0,788106338.376531,0.000617813494359,2.0,233.0,788106338.376531,0.000617813494359,-114.0,Palter Assembly - Nagano,OSAT,OSAT,4,Japan,East Asia,Analog IC,0,Firm,Causes failure
OSAT_0135,65.0,10.0,0.0019577110801132,0.0010717785180033,30.0,94.0,27.0,27.0,11.0,3.0,3274738206.5130157,0.0025671376513029,2.0,108.0,3274738206.5130157,0.0025671376513029,-81.0,Stade Test Services - Batangas,OSAT,OSAT,4,Southeast Asia,East Asia,Logic IC,0,Firm,Causes failure
OSAT_0136,6.0,9.0,0.0003205396579978,0.0002970634147008,377.0,687.0,457.0,377.0,0.0,0.0,0.0,0.0,0.0,326.0,0.0,0.0,51.0,Solvex Test Services - Shenzhen,OSAT,OSAT,4,China,East Asia,Power IC,0,Firm,Replaceable
OSAT_0137,14.0,2.0,0.000158971293106,0.0004599771918787,627.0,392.0,175.0,175.0,1.0,0.0,0.0,0.0,1.0,326.0,0.0,0.0,-151.0,Palter Microassembly - Singapore,OSAT,OSAT,4,Southeast Asia,East Asia,Memory IC,0,Firm,Causes failure
OSAT_0138,9.0,6.0,0.000239276105277,0.0003449659589835,473.0,562.0,304.0,304.0,0.0,0.0,0.0,0.0,0.0,326.0,0.0,0.0,-22.0,Renbeck Test Services - Batam,OSAT,OSAT,4,Southeast Asia,East Asia,Logic IC,0,Firm,Replaceable
OSAT_0139,2.0,12.0,7.669273936967742e-05,0.0001971904849402,801.0,1113.0,975.0,801.0,0.0,0.0,0.0,0.0,0.0,326.0,0.0,0.0,475.0,Gethin Test Services - Taichung,OSAT,OSAT,4,Taiwan,East Asia,MEMS sensor,0,Firm,Replaceable
OSAT_0140,1.0,13.0,4.550270134996792e-05,0.0001186139087036,899.0,1519.0,1211.0,899.0,0.0,0.0,0.0,0.0,0.0,326.0,0.0,0.0,573.0,Dyne Packaging - Taichung,OSAT,OSAT,4,Taiwan,East Asia,Logic IC,0,Firm,Replaceable
OSAT_0141,2.0,11.0,4.9019622883105005e-05,0.0001848029188327,888.0,1170.0,975.0,888.0,0.0,0.0,0.0,0.0,0.0,326.0,0.0,0.0,562.0,Korrin Assembly - Wuxi,OSAT,OSAT,4,China,East Asia,Logic IC,0,Firm,Replaceable
OSAT_0142,5.0,11.0,0.0001670613852492,0.0003072594235834,612.0,659.0,549.0,549.0,0.0,0.0,0.0,0.0,0.0,326.0,0.0,0.0,223.0,Holt Microassembly - Tianjin,OSAT,OSAT,4,China,East Asia,Power IC,0,Firm,Replaceable
OSAT_0143,11.0,8.0,0.0007137654502737,0.0004976514162492,146.0,334.0,234.0,146.0,2.0,1.0,1001077907.3795078,0.0007847664838704,2.0,207.0,1001077907.3795078,0.0007847664838704,-61.0,Zephyr Packaging - Kaohsiung,OSAT,OSAT,4,Taiwan,East Asia,Memory IC,0,Firm,Causes failure
OSAT_0144,16.0,8.0,0.0004795340373305,0.0005215078949511,256.0,306.0,146.0,146.0,1.0,0.0,0.0,0.0,1.0,326.0,0.0,0.0,-180.0,Alder Assembly - Taichung,OSAT,OSAT,4,Taiwan,East Asia,Power IC,0,Firm,Causes failure
OSAT_0145,4.0,11.0,0.0003843791987047,0.0003317873401627,325.0,595.0,638.0,325.0,1.0,0.0,0.0,0.0,1.0,326.0,0.0,0.0,-1.0,Renbeck Microassembly - Tainan,OSAT,OSAT,4,Taiwan,East Asia,RF IC,0,Firm,Causes failure
OSAT_0146,6.0,14.0,0.0004155316840156,0.000158930745054,304.0,1283.0,457.0,304.0,2.0,0.0,0.0,0.0,1.0,326.0,0.0,0.0,-22.0,Ader Assembly - Tianjin,OSAT,OSAT,4,China,East Asia,RF IC,0,Firm,Causes failure
OSAT_0147,8.0,7.0,0.0001270549393001,0.0003094998124211,685.0,656.0,348.0,348.0,2.0,0.0,0.0,0.0,1.0,326.0,0.0,0.0,22.0,Gethin Assembly - Bac Ninh,OSAT,OSAT,4,Southeast Asia,East Asia,Power IC,0,Firm,Causes failure
OSAT_0148,13.0,6.0,0.0008217266389768,0.0005198126570948,126.0,307.0,193.0,126.0,0.0,0.0,0.0,0.0,0.0,326.0,0.0,0.0,-200.0,Gethin Microassembly - Chengdu,OSAT,OSAT,4,China,East Asia,Memory IC,0,Firm,Replaceable
OSAT_0149,2.0,4.0,0.0001439352887853,0.0002446559765277,658.0,884.0,975.0,658.0,0.0,0.0,0.0,0.0,0.0,326.0,0.0,0.0,332.0,Zephyr Microassembly - Gumi,OSAT,OSAT,4,Korea,East Asia,RF IC,0,Firm,Replaceable
OSAT_0150,6.0,14.0,0.0006093038215501,0.000344022239,181.0,568.0,457.0,181.0,0.0,0.0,0.0,0.0,0.0,326.0,0.0,0.0,-145.0,Xanthe Test Services - Kaohsiung,OSAT,OSAT,4,Taiwan,East Asia,Memory IC,0,Firm,Replaceable
OSAT_0151,2.0,7.0,0.0001653918676491,0.0002357112085707,615.0,926.0,975.0,615.0,0.0,0.0,0.0,0.0,0.0,326.0,0.0,0.0,289.0,Mervi Microassembly - Icheon,OSAT,OSAT,4,Korea,East Asia,MEMS sensor,0,Firm,Replaceable
OSAT_0152,17.0,12.0,0.0006669057791255,0.0006222951894989,161.0,240.0,132.0,132.0,2.0,1.0,3107528815.98504,0.0024360586168866,2.0,111.0,3107528815.98504,0.0024360586168866,21.0,Lethe Test Services - Tianjin,OSAT,OSAT,4,China,East Asia,Analog IC,0,Firm,Causes failure
OSAT_0153,5.0,10.0,0.0002733013306825,0.0001950222447593,431.0,1125.0,549.0,431.0,0.0,0.0,0.0,0.0,0.0,326.0,0.0,0.0,105.0,Noral Assembly - Chengdu,OSAT,OSAT,4,China,East Asia,Analog IC,0,Firm,Replaceable
OSAT_0154,7.0,17.0,0.0004538185176092,0.0001806275279605,277.0,1187.0,407.0,277.0,1.0,0.0,0.0,0.0,1.0,326.0,0.0,0.0,-49.0,Isar Assembly - Hillsboro,OSAT,OSAT,4,North America,Western,Memory IC,0,Firm,Causes failure
OSAT_0155,2.0,14.0,0.000344166057106,0.0002756319463969,354.0,759.0,975.0,354.0,0.0,0.0,0.0,0.0,0.0,326.0,0.0,0.0,28.0,Holt Test Services - Pyeongtaek,OSAT,OSAT,4,Korea,East Asia,Analog IC,0,Firm,Replaceable
OSAT_0156,1.0,9.0,0.0001274567270424,0.0002512917136306,683.0,854.0,1211.0,683.0,0.0,0.0,0.0,0.0,0.0,326.0,0.0,0.0,357.0,Jorel Packaging - Chandler,OSAT,OSAT,4,North America,Western,Power IC,0,Firm,Replaceable
OSAT_0157,5.0,11.0,0.0006120915789488,0.0003453676023163,179.0,559.0,549.0,179.0,3.0,2.0,543016403.8228772,0.0004256822278972,2.0,261.0,543016403.8228772,0.0004256822278972,-82.0,Lumen Assembly - Kaohsiung,OSAT,OSAT,4,Taiwan,East Asia,RF IC,0,Firm,Causes failure
OSAT_0158,0.0,5.0,0.0,0.0001122065525757,1111.0,1533.0,1533.0,1111.0,0.0,0.0,0.0,0.0,0.0,326.0,0.0,0.0,785.0,Calder Microassembly - Taoyuan,OSAT,OSAT,4,Taiwan,East Asia,Analog IC,0,Firm,Replaceable
OSAT_0159,0.0,9.0,0.0,0.0001122065525757,1111.0,1533.0,1533.0,1111.0,0.0,0.0,0.0,0.0,0.0,326.0,0.0,0.0,785.0,Solvex Microassembly - Tainan,OSAT,OSAT,4,Taiwan,East Asia,Analog IC,0,Firm,Replaceable
OSAT_0160,1.0,10.0,0.0001318537364257,0.0001515189390652,677.0,1329.0,1211.0,677.0,0.0,0.0,0.0,0.0,0.0,326.0,0.0,0.0,351.0,Ystad Assembly - Batangas,OSAT,OSAT,4,Southeast Asia,East Asia,RF IC,0,Firm,Replaceable
OSAT_0161,13.0,6.0,0.0004805199231928,0.0004938303701132,255.0,342.0,193.0,193.0,1.0,0.0,0.0,0.0,1.0,326.0,0.0,0.0,-133.0,Doran Test Services - Cheongju,OSAT,OSAT,4,Korea,East Asia,Power IC,0,Firm,Causes failure
OSAT_0162,51.0,10.0,0.0023965692546219,0.0011900344173751,26.0,78.0,34.0,26.0,3.0,1.0,522168058.9678054,0.0004093387623529,2.0,270.0,522168058.9678054,0.0004093387623529,-244.0,Solvex Assembly - Kaohsiung,OSAT,OSAT,4,Taiwan,East Asia,Analog IC,0,Firm,Causes failure
OSAT_0163,6.0,13.0,0.0004714556247776,0.000385294772426,260.0,488.0,457.0,260.0,0.0,0.0,0.0,0.0,0.0,326.0,0.0,0.0,-66.0,Ember Assembly - Taoyuan,OSAT,OSAT,4,Taiwan,East Asia,Memory IC,0,Firm,Replaceable
OSAT_0164,13.0,8.0,0.0004592400566642,0.0005942107142867,269.0,261.0,193.0,193.0,3.0,0.0,0.0,0.0,1.0,326.0,0.0,0.0,-133.0,Vantor Test Services - Kaohsiung,OSAT,OSAT,4,Taiwan,East Asia,Power IC,0,Firm,Causes failure
OSAT_0165,5.0,8.0,0.0002411979665918,0.000320927110285,471.0,627.0,549.0,471.0,0.0,0.0,0.0,0.0,0.0,326.0,0.0,0.0,145.0,Mervi Assembly - Kaohsiung,OSAT,OSAT,4,Taiwan,East Asia,Power IC,0,Firm,Replaceable
OSAT_0166,18.0,10.0,0.000691551893006,0.0006345513228289,151.0,229.0,121.0,121.0,8.0,3.0,1298141752.2834852,0.001017641215529,2.0,184.0,1298141752.2834852,0.001017641215529,-63.0,Xanthe Packaging - Kaohsiung,OSAT,OSAT,4,Taiwan,East Asia,Memory IC,0,Firm,Causes failure
OSAT_0167,4.0,16.0,0.0008042255117241,0.0003224938451928,128.0,624.0,638.0,128.0,0.0,0.0,0.0,0.0,0.0,326.0,0.0,0.0,-198.0,Jarn Packaging - Taoyuan,OSAT,OSAT,4,Taiwan,East Asia,Analog IC,0,Firm,Replaceable
OSAT_0168,1.0,9.0,0.0001679261161455,0.000184312833947,609.0,1173.0,1211.0,609.0,0.0,0.0,0.0,0.0,0.0,326.0,0.0,0.0,283.0,Alder Packaging - Tainan,OSAT,OSAT,4,Taiwan,East Asia,Logic IC,0,Firm,Replaceable
OSAT_0169,2.0,13.0,0.000389784465472,0.0002975104997254,315.0,686.0,975.0,315.0,1.0,0.0,0.0,0.0,1.0,326.0,0.0,0.0,-11.0,Palter Microassembly - Pyeongtaek,OSAT,OSAT,4,Korea,East Asia,Analog IC,0,Firm,Causes failure
EMS_0000,2.0,5.0,9.59826261296115e-05,0.00018046702246,759.0,1189.0,975.0,759.0,0.0,0.0,0.0,0.0,0.0,326.0,0.0,0.0,433.0,Belan Assemblies - Bangkok,EMS,EMS,5,Southeast Asia,East Asia,Power module,0,Firm,Replaceable
EMS_0001,28.0,7.0,0.0007467844348216,0.0007248705744778,136.0,187.0,70.0,70.0,1.0,1.0,1295196660.1021428,0.0010153324944806,1.0,185.0,1295196660.1021428,0.0010153324944806,-115.0,Noral Manufacturing - Chengdu,EMS,EMS,5,China,East Asia,Power module,0,Firm,Causes failure
EMS_0002,9.0,11.0,0.0005182143418083,0.0003431199183289,227.0,569.0,304.0,227.0,1.0,1.0,577610777.6566405,0.0004528015009479,1.0,253.0,577610777.6566405,0.0004528015009479,-26.0,Mordant Manufacturing - Shanghai,EMS,EMS,5,China,East Asia,PCB assembly,0,Firm,Causes failure
EMS_0003,5.0,10.0,0.0004896847314071,0.0002826519037328,249.0,734.0,549.0,249.0,0.0,0.0,0.0,0.0,0.0,326.0,0.0,0.0,-77.0,Yarrow Assemblies - Shanghai,EMS,EMS,5,China,East Asia,Sensor module,0,Firm,Replaceable
EMS_0004,1.0,5.0,2.466702800134879e-05,0.000123081978177,982.0,1499.0,1211.0,982.0,0.0,0.0,0.0,0.0,0.0,326.0,0.0,0.0,656.0,Palter Electronics - Leixlip,EMS,EMS,5,Europe,Western,PCB assembly,0,Firm,Replaceable
EMS_0005,7.0,10.0,0.0006035751240927,0.0003116789138266,184.0,651.0,407.0,184.0,1.0,1.0,785872776.4664835,0.0006160625571804,1.0,236.0,785872776.4664835,0.0006160625571804,-52.0,Trellis Electronics - Batangas,EMS,EMS,5,Southeast Asia,East Asia,PCB assembly,0,Firm,Causes failure
EMS_0006,2.0,9.0,0.0003066170709816,0.0002422598502259,391.0,890.0,975.0,391.0,1.0,1.0,49498287.44959863,3.880277120600233e-05,1.0,325.0,49498287.44959863,3.880277120600233e-05,66.0,Noral Assemblies - Batangas,EMS,EMS,5,Southeast Asia,East Asia,PCB assembly,0,Firm,Causes failure
EMS_0007,5.0,10.0,0.0003469732698654,0.0002649312543033,350.0,799.0,549.0,350.0,0.0,0.0,0.0,0.0,0.0,326.0,0.0,0.0,24.0,Palter Electronics - Kaohsiung,EMS,EMS,5,Taiwan,East Asia,PCB assembly,0,Firm,Replaceable
EMS_0008,9.0,10.0,0.000567930654359,0.0004837653404346,199.0,352.0,304.0,199.0,2.0,2.0,408560504.13435405,0.0003202793587935,1.0,290.0,408560504.13435405,0.0003202793587935,-91.0,Halcy Circuits - Bac Ninh,EMS,EMS,5,Southeast Asia,East Asia,PCB assembly,0,Firm,Causes failure
EMS_0009,2.0,12.0,0.0003219321681172,0.0002488268756799,375.0,864.0,975.0,375.0,0.0,0.0,0.0,0.0,0.0,326.0,0.0,0.0,49.0,Brant Electronics - Batam,EMS,EMS,5,Southeast Asia,East Asia,PCB assembly,0,Firm,Replaceable
EMS_0010,5.0,8.0,0.0002439696339405,0.0002119057229875,463.0,1032.0,549.0,463.0,1.0,1.0,928452453.807436,0.0007278338301587,1.0,217.0,928452453.807436,0.0007278338301587,246.0,Holt Assemblies - Malta,EMS,EMS,5,North America,Western,Sensor module,0,Firm,Causes failure
EMS_0011,6.0,8.0,0.0001710859967765,0.0002608831637258,602.0,816.0,457.0,457.0,1.0,1.0,491300649.4609602,0.0003851411367273,1.0,277.0,491300649.4609602,0.0003851411367273,180.0,Jorel Electronics - Eindhoven,EMS,EMS,5,Europe,Western,Power module,0,Firm,Causes failure
EMS_0012,2.0,7.0,5.1750655203562864e-05,0.0001674980546952,878.0,1251.0,975.0,878.0,0.0,0.0,0.0,0.0,0.0,326.0,0.0,0.0,552.0,Ystad Assemblies - Xi'an,EMS,EMS,5,China,East Asia,Sensor module,0,Firm,Replaceable
EMS_0013,15.0,6.0,0.0003176618667076,0.0003931215386568,380.0,476.0,157.0,157.0,0.0,0.0,0.0,0.0,0.0,326.0,0.0,0.0,-169.0,Zephyr Assemblies - Tianjin,EMS,EMS,5,China,East Asia,Power module,0,Firm,Replaceable
EMS_0014,0.0,8.0,0.0,0.0001122065525757,1111.0,1533.0,1533.0,1111.0,0.0,0.0,0.0,0.0,0.0,326.0,0.0,0.0,785.0,Ivex Assemblies - Taoyuan,EMS,EMS,5,Taiwan,East Asia,PCB assembly,0,Firm,Replaceable
EMS_0015,1.0,11.0,6.669247890811551e-05,0.000144144761148,833.0,1372.0,1211.0,833.0,0.0,0.0,0.0,0.0,0.0,326.0,0.0,0.0,507.0,Verity Circuits - Wuxi,EMS,EMS,5,China,East Asia,PCB assembly,0,Firm,Replaceable
EMS_0016,1.0,5.0,0.0001264371570541,0.0002023154073144,687.0,1082.0,1211.0,687.0,0.0,0.0,0.0,0.0,0.0,326.0,0.0,0.0,361.0,Jarn Manufacturing - Bangkok,EMS,EMS,5,Southeast Asia,East Asia,Sensor module,0,Firm,Replaceable
EMS_0017,0.0,4.0,0.0,0.0001122065525757,1111.0,1533.0,1533.0,1111.0,0.0,0.0,0.0,0.0,0.0,326.0,0.0,0.0,785.0,Thorne Circuits - Dalian,EMS,EMS,5,China,East Asia,PCB assembly,0,Firm,Replaceable
EMS_0018,4.0,11.0,0.0003182686808578,0.0003168205912502,379.0,643.0,638.0,379.0,0.0,0.0,0.0,0.0,0.0,326.0,0.0,0.0,53.0,Korrin Circuits - Singapore,EMS,EMS,5,Southeast Asia,East Asia,PCB assembly,0,Firm,Replaceable
EMS_0019,15.0,10.0,0.0008476414871869,0.0004786956200197,124.0,358.0,157.0,124.0,0.0,0.0,0.0,0.0,0.0,326.0,0.0,0.0,-202.0,Stade Manufacturing - Shenzhen,EMS,EMS,5,China,East Asia,PCB assembly,0,Firm,Replaceable
EMS_0020,2.0,17.0,9.760862521883496e-05,0.000142444798863,749.0,1381.0,975.0,749.0,0.0,0.0,0.0,0.0,0.0,326.0,0.0,0.0,423.0,Alder Assemblies - Hillsboro,EMS,EMS,5,North America,Western,PCB assembly,0,Firm,Replaceable
EMS_0021,4.0,6.0,0.0001431431298254,0.0003242807145654,661.0,618.0,638.0,618.0,0.0,0.0,0.0,0.0,0.0,326.0,0.0,0.0,292.0,Jorel Manufacturing - Bangkok,EMS,EMS,5,Southeast Asia,East Asia,PCB assembly,0,Firm,Replaceable
EMS_0022,1.0,8.0,5.520770288700859e-05,0.0001930307932813,865.0,1139.0,1211.0,865.0,0.0,0.0,0.0,0.0,0.0,326.0,0.0,0.0,539.0,Ader Manufacturing - Leixlip,EMS,EMS,5,Europe,Western,Sensor module,0,Firm,Replaceable
EMS_0023,18.0,3.0,0.0002034729548689,0.0005015290347218,546.0,331.0,121.0,121.0,2.0,2.0,2140579661.446097,0.0016780463957645,1.0,141.0,2140579661.446097,0.0016780463957645,-20.0,Oxbow Assemblies - Chengdu,EMS,EMS,5,China,East Asia,Power module,0,Firm,Causes failure
EMS_0024,6.0,11.0,0.0004056289427625,0.0003397197345811,312.0,581.0,457.0,312.0,1.0,1.0,1001077907.3795078,0.0007847664838704,1.0,207.0,1001077907.3795078,0.0007847664838704,105.0,Ferrin Circuits - Penang,EMS,EMS,5,Southeast Asia,East Asia,PCB assembly,0,Firm,Causes failure
EMS_0025,0.0,10.0,0.0,0.0001122065525757,1111.0,1533.0,1533.0,1111.0,0.0,0.0,0.0,0.0,0.0,326.0,0.0,0.0,785.0,Ferrin Electronics - Leixlip,EMS,EMS,5,Europe,Western,PCB assembly,0,Firm,Replaceable
EMS_0026,6.0,8.0,0.0004519067324566,0.0002769866894924,278.0,753.0,457.0,278.0,0.0,0.0,0.0,0.0,0.0,326.0,0.0,0.0,-48.0,Gethin Electronics - Batam,EMS,EMS,5,Southeast Asia,East Asia,PCB assembly,0,Firm,Replaceable
EMS_0027,20.0,5.0,0.0004561900776474,0.0005192651991232,274.0,308.0,101.0,101.0,2.0,2.0,3076741245.240122,0.0024119235785821,1.0,118.0,3076741245.240122,0.0024119235785821,-17.0,Dyne Electronics - Dalian,EMS,EMS,5,China,East Asia,Power module,0,Firm,Causes failure
EMS_0028,9.0,10.0,0.0007183099435007,0.0003178092389429,143.0,639.0,304.0,143.0,1.0,1.0,430159514.5514947,0.000337211287203,1.0,287.0,430159514.5514947,0.000337211287203,-144.0,Korrin Circuits - Pyeongtaek,EMS,EMS,5,Korea,East Asia,PCB assembly,0,Firm,Causes failure
EMS_0029,4.0,7.0,0.0001418314013797,0.0002653677478424,665.0,795.0,638.0,638.0,0.0,0.0,0.0,0.0,0.0,326.0,0.0,0.0,312.0,Lumen Electronics - Tianjin,EMS,EMS,5,China,East Asia,PCB assembly,0,Firm,Replaceable
EMS_0030,3.0,10.0,0.0001527057991375,0.0001730217412401,640.0,1225.0,774.0,640.0,0.0,0.0,0.0,0.0,0.0,326.0,0.0,0.0,314.0,Alder Manufacturing - Batam,EMS,EMS,5,Southeast Asia,East Asia,PCB assembly,0,Firm,Replaceable
EMS_0031,18.0,6.0,0.0004121201827929,0.0003589547946667,306.0,530.0,121.0,121.0,2.0,2.0,3620472074.938572,0.0028381658602756,1.0,97.0,3620472074.938572,0.0028381658602756,24.0,Oxbow Manufacturing - Malta,EMS,EMS,5,North America,Western,Sensor module,0,Firm,Causes failure
EMS_0032,0.0,6.0,0.0,0.0001122065525757,1111.0,1533.0,1533.0,1111.0,0.0,0.0,0.0,0.0,0.0,326.0,0.0,0.0,785.0,Zephyr Electronics - Shenzhen,EMS,EMS,5,China,East Asia,Power module,0,Firm,Replaceable
EMS_0033,0.0,9.0,0.0,0.0001122065525757,1111.0,1533.0,1533.0,1111.0,0.0,0.0,0.0,0.0,0.0,326.0,0.0,0.0,785.0,Oxbow Manufacturing - Yokkaichi,EMS,EMS,5,Japan,East Asia,PCB assembly,0,Firm,Replaceable
EMS_0034,3.0,7.0,0.0002018190954884,0.0002549509372018,552.0,835.0,774.0,552.0,1.0,1.0,490429080.8997937,0.0003844578954029,1.0,279.0,490429080.8997937,0.0003844578954029,273.0,Holt Electronics - Dresden,EMS,EMS,5,Europe,Western,PCB assembly,0,Firm,Causes failure
EMS_0035,2.0,7.0,9.877043075516044e-05,0.0001564139407023,746.0,1301.0,975.0,746.0,0.0,0.0,0.0,0.0,0.0,326.0,0.0,0.0,420.0,Umber Manufacturing - Eindhoven,EMS,EMS,5,Europe,Western,PCB assembly,0,Firm,Replaceable
EMS_0036,2.0,12.0,0.0001199764446656,0.0001496713867884,692.0,1339.0,975.0,692.0,1.0,1.0,199918280.45170736,0.0001567202361124,1.0,316.0,199918280.45170736,0.0001567202361124,376.0,Prendel Assemblies - Tianjin,EMS,EMS,5,China,East Asia,PCB assembly,0,Firm,Causes failure
EMS_0037,9.0,8.0,0.0002413912695359,0.0003059060393648,469.0,663.0,304.0,304.0,2.0,2.0,793443589.171208,0.0006219974799497,1.0,231.0,793443589.171208,0.0006219974799497,73.0,Holt Circuits - Xi'an,EMS,EMS,5,China,East Asia,PCB assembly,0,Firm,Causes failure
EMS_0038,0.0,9.0,0.0,0.0001122065525757,1111.0,1533.0,1533.0,1111.0,0.0,0.0,0.0,0.0,0.0,326.0,0.0,0.0,785.0,Kestrel Circuits - Bangkok,EMS,EMS,5,Southeast Asia,East Asia,PCB assembly,0,Firm,Replaceable
EMS_0039,0.0,13.0,0.0,0.0001122065525757,1111.0,1533.0,1533.0,1111.0,0.0,0.0,0.0,0.0,0.0,326.0,0.0,0.0,785.0,Lumen Electronics - Bac Ninh,EMS,EMS,5,Southeast Asia,East Asia,PCB assembly,0,Firm,Replaceable
EMS_0040,6.0,5.0,0.000144900243652,0.0002618314735903,656.0,811.0,457.0,457.0,1.0,1.0,785872776.4664835,0.0006160625571804,1.0,236.0,785872776.4664835,0.0006160625571804,221.0,Ivex Electronics - Shenzhen,EMS,EMS,5,China,East Asia,Sensor module,0,Firm,Causes failure
EMS_0041,5.0,7.0,0.0002275127798061,0.0002520237478371,494.0,852.0,549.0,494.0,0.0,0.0,0.0,0.0,0.0,326.0,0.0,0.0,168.0,Quill Assemblies - Tianjin,EMS,EMS,5,China,East Asia,Power module,0,Firm,Replaceable
EMS_0042,11.0,10.0,0.0005080420148929,0.0003279844294949,235.0,605.0,234.0,234.0,0.0,0.0,0.0,0.0,0.0,326.0,0.0,0.0,-92.0,Isar Circuits - Austin,EMS,EMS,5,North America,Western,PCB assembly,0,Firm,Replaceable
EMS_0043,21.0,4.0,0.0002798512653977,0.000452423659853,419.0,400.0,94.0,94.0,0.0,0.0,0.0,0.0,0.0,326.0,0.0,0.0,-232.0,Brant Assemblies - Guadalajara,EMS,EMS,5,North America,Western,Power module,0,Firm,Replaceable
EMS_0044,2.0,12.0,0.0001321425140608,0.0001584602681667,676.0,1289.0,975.0,676.0,1.0,1.0,1530251279.602823,0.0011995968618223,1.0,164.0,1530251279.602823,0.0011995968618223,512.0,Cortex Assemblies - Pune,EMS,EMS,5,South Asia,Unaligned,PCB assembly,0,Firm,Causes failure
EMS_0045,2.0,8.0,7.344889709411208e-05,0.0001709253673765,812.0,1238.0,975.0,812.0,1.0,1.0,1694473005.3543084,0.001328333801618,1.0,154.0,1694473005.3543084,0.001328333801618,658.0,Umber Circuits - Xi'an,EMS,EMS,5,China,East Asia,Sensor module,0,Firm,Causes failure
EMS_0046,15.0,5.0,0.000253271418772,0.000463064372845,449.0,384.0,157.0,157.0,1.0,1.0,447273669.5558079,0.0003506274410789,1.0,284.0,447273669.5558079,0.0003506274410789,-127.0,Gethin Electronics - Shanghai,EMS,EMS,5,China,East Asia,PCB assembly,0,Firm,Causes failure
EMS_0047,0.0,11.0,0.0,0.0001122065525757,1111.0,1533.0,1533.0,1111.0,0.0,0.0,0.0,0.0,0.0,326.0,0.0,0.0,785.0,Trellis Manufacturing - Bangkok,EMS,EMS,5,Southeast Asia,East Asia,PCB assembly,0,Firm,Replaceable
EMS_0048,0.0,13.0,0.0,0.0001122065525757,1111.0,1533.0,1533.0,1111.0,0.0,0.0,0.0,0.0,0.0,326.0,0.0,0.0,785.0,Quill Assemblies - Shanghai,EMS,EMS,5,China,East Asia,PCB assembly,0,Firm,Replaceable
EMS_0049,2.0,14.0,0.0002390413231129,0.0001807817209416,474.0,1186.0,975.0,474.0,0.0,0.0,0.0,0.0,0.0,326.0,0.0,0.0,148.0,Orvid Assemblies - Xi'an,EMS,EMS,5,China,East Asia,PCB assembly,0,Firm,Replaceable
EMS_0050,3.0,5.0,4.591415598659693e-05,0.0002388461012603,897.0,911.0,774.0,774.0,0.0,0.0,0.0,0.0,0.0,326.0,0.0,0.0,448.0,Holt Electronics - Sanand,EMS,EMS,5,South Asia,Unaligned,Power module,0,Firm,Replaceable
EMS_0051,8.0,5.0,0.0002365379031158,0.0003512363774075,477.0,545.0,348.0,348.0,0.0,0.0,0.0,0.0,0.0,326.0,0.0,0.0,22.0,Prendel Assemblies - Ottawa,EMS,EMS,5,North America,Western,Sensor module,0,Firm,Replaceable
EMS_0052,1.0,14.0,0.0004225327650007,0.0002066063051591,298.0,1059.0,1211.0,298.0,0.0,0.0,0.0,0.0,0.0,326.0,0.0,0.0,-28.0,Nevin Assemblies - Batangas,EMS,EMS,5,Southeast Asia,East Asia,PCB assembly,0,Firm,Replaceable
EMS_0053,2.0,12.0,0.0001808912534982,0.0002132885702485,587.0,1028.0,975.0,587.0,0.0,0.0,0.0,0.0,0.0,326.0,0.0,0.0,261.0,Palter Circuits - Bangkok,EMS,EMS,5,Southeast Asia,East Asia,PCB assembly,0,Firm,Replaceable
EMS_0054,2.0,3.0,2.0363382375512663e-05,0.000167563471258,1009.0,1250.0,975.0,975.0,0.0,0.0,0.0,0.0,0.0,326.0,0.0,0.0,649.0,Ystad Manufacturing - Wuxi,EMS,EMS,5,China,East Asia,Power module,0,Firm,Replaceable
EMS_0055,23.0,6.0,0.0007098041822814,0.0005215726404909,147.0,305.0,88.0,88.0,3.0,3.0,2270072426.976085,0.001779558557348,1.0,136.0,2270072426.976085,0.001779558557348,-48.0,Mordant Assemblies - Ottawa,EMS,EMS,5,North America,Western,PCB assembly,0,Firm,Causes failure
EMS_0056,4.0,7.0,0.0001506009005448,0.0002194888567333,644.0,1004.0,638.0,638.0,0.0,0.0,0.0,0.0,0.0,326.0,0.0,0.0,312.0,Lethe Electronics - Sanand,EMS,EMS,5,South Asia,Unaligned,PCB assembly,0,Firm,Replaceable
EMS_0057,6.0,5.0,0.000165447909197,0.0003027032111571,614.0,672.0,457.0,457.0,1.0,1.0,1036825702.2099544,0.0008127899484264,1.0,205.0,1036825702.2099544,0.0008127899484264,252.0,Renbeck Circuits - Bangkok,EMS,EMS,5,Southeast Asia,East Asia,Sensor module,0,Firm,Causes failure
EMS_0058,24.0,10.0,0.001209615307356,0.0006887716774054,72.0,203.0,83.0,72.0,2.0,2.0,1749556027.199604,0.0013715145661278,1.0,151.0,1749556027.199604,0.0013715145661278,-79.0,Korrin Assemblies - Dresden,EMS,EMS,5,Europe,Western,PCB assembly,0,Firm,Causes failure
EMS_0059,3.0,3.0,3.479941290346595e-05,0.0001939727374323,932.0,1134.0,774.0,774.0,0.0,0.0,0.0,0.0,0.0,326.0,0.0,0.0,448.0,Lumen Circuits - Xi'an,EMS,EMS,5,China,East Asia,Sensor module,0,Firm,Replaceable
EMS_0060,6.0,10.0,0.000482932837363,0.0003698765593201,251.0,510.0,457.0,251.0,2.0,2.0,889781566.7850478,0.0006975188908188,1.0,218.0,889781566.7850478,0.0006975188908188,33.0,Calder Circuits - Batangas,EMS,EMS,5,Southeast Asia,East Asia,PCB assembly,0,Firm,Causes failure
EMS_0061,2.0,10.0,6.215084571034714e-05,0.0001586405808096,846.0,1287.0,975.0,846.0,0.0,0.0,0.0,0.0,0.0,326.0,0.0,0.0,520.0,Halcy Electronics - Shenzhen,EMS,EMS,5,China,East Asia,PCB assembly,0,Firm,Replaceable
EMS_0062,5.0,6.0,0.0002261999639849,0.0002683215448486,495.0,784.0,549.0,495.0,1.0,1.0,1247506770.056026,0.0009779473648601,1.0,189.0,1247506770.056026,0.0009779473648601,306.0,Alder Assemblies - Kaohsiung,EMS,EMS,5,Taiwan,East Asia,Power module,0,Firm,Causes failure
EMS_0063,3.0,16.0,0.0003068306689023,0.0001724221763126,390.0,1230.0,774.0,390.0,0.0,0.0,0.0,0.0,0.0,326.0,0.0,0.0,64.0,Holt Circuits - Tianjin,EMS,EMS,5,China,East Asia,PCB assembly,0,Firm,Replaceable
EMS_0064,1.0,9.0,2.1530359726067604e-05,0.0001352151505521,1003.0,1415.0,1211.0,1003.0,0.0,0.0,0.0,0.0,0.0,326.0,0.0,0.0,677.0,Wend Assemblies - Hsinchu,EMS,EMS,5,Taiwan,East Asia,PCB assembly,0,Firm,Replaceable
EMS_0065,11.0,17.0,0.001007466069807,0.0004175904626035,93.0,440.0,234.0,93.0,2.0,2.0,1733605928.9181764,0.0013590109413315,1.0,153.0,1733605928.9181764,0.0013590109413315,-60.0,Xanthe Manufacturing - Tainan,EMS,EMS,5,Taiwan,East Asia,PCB assembly,0,Firm,Causes failure
EMS_0066,2.0,6.0,7.091931473138206e-05,0.0001849382870795,820.0,1169.0,975.0,820.0,0.0,0.0,0.0,0.0,0.0,326.0,0.0,0.0,494.0,Mervi Electronics - Villach,EMS,EMS,5,Europe,Western,PCB assembly,0,Firm,Replaceable
EMS_0067,1.0,8.0,2.5629414205867903e-05,0.0001189409507365,976.0,1515.0,1211.0,976.0,0.0,0.0,0.0,0.0,0.0,326.0,0.0,0.0,650.0,Mervi Circuits - Chandler,EMS,EMS,5,North America,Western,PCB assembly,0,Firm,Replaceable
EMS_0068,3.0,10.0,0.0001535319366154,0.0002408621462721,638.0,895.0,774.0,638.0,0.0,0.0,0.0,0.0,0.0,326.0,0.0,0.0,312.0,Nevin Manufacturing - Shanghai,EMS,EMS,5,China,East Asia,PCB assembly,0,Firm,Replaceable
EMS_0069,0.0,9.0,0.0,0.0001122065525757,1111.0,1533.0,1533.0,1111.0,0.0,0.0,0.0,0.0,0.0,326.0,0.0,0.0,785.0,Rivet Electronics - Sendai,EMS,EMS,5,Japan,East Asia,PCB assembly,0,Firm,Replaceable
EMS_0070,2.0,4.0,0.0001574179418923,0.0002528985969169,629.0,847.0,975.0,629.0,0.0,0.0,0.0,0.0,0.0,326.0,0.0,0.0,303.0,Trellis Electronics - Hyderabad,EMS,EMS,5,South Asia,Unaligned,Power module,0,Firm,Replaceable
EMS_0071,6.0,12.0,0.0004597488199404,0.0003322670675156,268.0,593.0,457.0,268.0,1.0,1.0,1362830505.9551194,0.0010683521196361,1.0,175.0,1362830505.9551194,0.0010683521196361,93.0,Brant Assemblies - Tianjin,EMS,EMS,5,China,East Asia,PCB assembly,0,Firm,Causes failure
EMS_0072,1.0,9.0,3.7393497186458886e-05,0.0001512771298541,922.0,1331.0,1211.0,922.0,0.0,0.0,0.0,0.0,0.0,326.0,0.0,0.0,596.0,Brant Electronics - Grenoble,EMS,EMS,5,Europe,Western,PCB assembly,0,Firm,Replaceable
EMS_0073,6.0,6.0,0.0001091193063664,0.0002182522256811,719.0,1007.0,457.0,457.0,0.0,0.0,0.0,0.0,0.0,326.0,0.0,0.0,131.0,Thorne Circuits - Dalian 2,EMS,EMS,5,China,East Asia,Power module,0,Firm,Replaceable
EMS_0074,0.0,11.0,0.0,0.0001122065525757,1111.0,1533.0,1533.0,1111.0,0.0,0.0,0.0,0.0,0.0,326.0,0.0,0.0,785.0,Cortex Assemblies - Sanand,EMS,EMS,5,South Asia,Unaligned,Sensor module,0,Firm,Replaceable
EMS_0075,1.0,16.0,3.714113778112592e-05,0.0001282389395015,923.0,1461.0,1211.0,923.0,0.0,0.0,0.0,0.0,0.0,326.0,0.0,0.0,597.0,Solvex Electronics - Hsinchu,EMS,EMS,5,Taiwan,East Asia,PCB assembly,0,Firm,Replaceable
EMS_0076,1.0,12.0,0.000216922864014,0.0001808609180909,515.0,1185.0,1211.0,515.0,0.0,0.0,0.0,0.0,0.0,326.0,0.0,0.0,189.0,Vantor Assemblies - Batam,EMS,EMS,5,Southeast Asia,East Asia,PCB assembly,0,Firm,Replaceable
EMS_0077,4.0,14.0,0.0002854848209361,0.0002896911830042,412.0,713.0,638.0,412.0,1.0,1.0,422829004.49074125,0.0003314647428402,1.0,289.0,422829004.49074125,0.0003314647428402,123.0,Kestrel Assemblies - Batam,EMS,EMS,5,Southeast Asia,East Asia,PCB assembly,0,Firm,Causes failure
EMS_0078,3.0,8.0,8.170189489575676e-05,0.0002301816096529,792.0,945.0,774.0,774.0,0.0,0.0,0.0,0.0,0.0,326.0,0.0,0.0,448.0,Stade Circuits - Pune,EMS,EMS,5,South Asia,Unaligned,PCB assembly,0,Firm,Replaceable
EMS_0079,0.0,11.0,0.0,0.0001122065525757,1111.0,1533.0,1533.0,1111.0,0.0,0.0,0.0,0.0,0.0,326.0,0.0,0.0,785.0,Wexler Manufacturing - Pune,EMS,EMS,5,South Asia,Unaligned,PCB assembly,0,Firm,Replaceable
EMS_0080,2.0,8.0,9.011583443183686e-05,0.0001540157448026,769.0,1315.0,975.0,769.0,0.0,0.0,0.0,0.0,0.0,326.0,0.0,0.0,443.0,Prendel Manufacturing - Shanghai,EMS,EMS,5,China,East Asia,PCB assembly,0,Firm,Replaceable
EMS_0081,10.0,5.0,0.0003230341504526,0.000402915886282,373.0,463.0,267.0,267.0,2.0,2.0,3147910854.9645934,0.0024677149650168,1.0,109.0,3147910854.9645934,0.0024677149650168,158.0,Quill Electronics - Bac Ninh,EMS,EMS,5,Southeast Asia,East Asia,PCB assembly,0,Firm,Causes failure
EMS_0082,0.0,6.0,0.0,0.0001122065525757,1111.0,1533.0,1533.0,1111.0,0.0,0.0,0.0,0.0,0.0,326.0,0.0,0.0,785.0,Granth Electronics - Chengdu,EMS,EMS,5,China,East Asia,Sensor module,0,Firm,Replaceable
EMS_0083,1.0,8.0,2.178872104051556e-05,0.0001189079591962,999.0,1516.0,1211.0,999.0,0.0,0.0,0.0,0.0,0.0,326.0,0.0,0.0,673.0,Mervi Assemblies - Shanghai,EMS,EMS,5,China,East Asia,PCB assembly,0,Firm,Replaceable
EMS_0084,12.0,4.0,0.0002243327096118,0.0004341373390522,498.0,418.0,213.0,213.0,0.0,0.0,0.0,0.0,0.0,326.0,0.0,0.0,-113.0,Zephyr Circuits - Batam,EMS,EMS,5,Southeast Asia,East Asia,Power module,0,Firm,Replaceable
EMS_0085,1.0,9.0,2.68595046714945e-05,0.0001188389144007,969.0,1517.0,1211.0,969.0,0.0,0.0,0.0,0.0,0.0,326.0,0.0,0.0,643.0,Prendel Manufacturing - Pune,EMS,EMS,5,South Asia,Unaligned,PCB assembly,0,Firm,Replaceable
EMS_0086,5.0,9.0,0.0001873665207882,0.0002721844249735,578.0,771.0,549.0,549.0,1.0,1.0,246457019.0677009,0.0001932029533897,1.0,311.0,246457019.0677009,0.0001932029533897,238.0,Wexler Manufacturing - Nagano,EMS,EMS,5,Japan,East Asia,PCB assembly,0,Firm,Causes failure
EMS_0087,0.0,10.0,0.0,0.0001122065525757,1111.0,1533.0,1533.0,1111.0,0.0,0.0,0.0,0.0,0.0,326.0,0.0,0.0,785.0,Calder Assemblies - Kumamoto,EMS,EMS,5,Japan,East Asia,PCB assembly,0,Firm,Replaceable
EMS_0088,4.0,8.0,0.0002010123080381,0.0002652466088866,555.0,796.0,638.0,555.0,0.0,0.0,0.0,0.0,0.0,326.0,0.0,0.0,229.0,Palter Assemblies - Batam,EMS,EMS,5,Southeast Asia,East Asia,Power module,0,Firm,Replaceable
EMS_0089,3.0,11.0,0.0002896269841168,0.0002090271957403,406.0,1046.0,774.0,406.0,1.0,1.0,1656963803.06893,0.0012989295319071,1.0,156.0,1656963803.06893,0.0012989295319071,250.0,Vantor Electronics - Xi'an,EMS,EMS,5,China,East Asia,PCB assembly,0,Firm,Causes failure
EMS_0090,6.0,10.0,0.0004324689334304,0.0002979790395445,290.0,685.0,457.0,290.0,2.0,2.0,523447598.1581596,0.0004103418206204,1.0,268.0,523447598.1581596,0.0004103418206204,22.0,Trellis Manufacturing - Bangkok 2,EMS,EMS,5,Southeast Asia,East Asia,PCB assembly,0,Firm,Causes failure
EMS_0091,2.0,10.0,0.0002327446056291,0.0002163207828872,483.0,1018.0,975.0,483.0,0.0,0.0,0.0,0.0,0.0,326.0,0.0,0.0,157.0,Lumen Manufacturing - Batangas,EMS,EMS,5,Southeast Asia,East Asia,PCB assembly,0,Firm,Replaceable
EMS_0092,11.0,8.0,0.0002760214665396,0.0003102929933655,424.0,655.0,234.0,234.0,0.0,0.0,0.0,0.0,0.0,326.0,0.0,0.0,-92.0,Cortex Electronics - Crolles,EMS,EMS,5,Europe,Western,Sensor module,0,Firm,Replaceable
EMS_0093,4.0,15.0,0.0005361116101452,0.0002482475973212,216.0,867.0,638.0,216.0,0.0,0.0,0.0,0.0,0.0,326.0,0.0,0.0,-110.0,Quarn Manufacturing - Taichung,EMS,EMS,5,Taiwan,East Asia,PCB assembly,0,Firm,Replaceable
EMS_0094,3.0,12.0,0.000206964411704,0.000238606093974,535.0,913.0,774.0,535.0,1.0,1.0,317912705.8582108,0.0002492186017841,1.0,307.0,317912705.8582108,0.0002492186017841,228.0,Jorel Circuits - Wuxi,EMS,EMS,5,China,East Asia,PCB assembly,0,Firm,Causes failure
EMS_0095,2.0,9.0,3.172276517046323e-05,0.0001338882494656,944.0,1421.0,975.0,944.0,0.0,0.0,0.0,0.0,0.0,326.0,0.0,0.0,618.0,Faryn Electronics - Wuxi,EMS,EMS,5,China,East Asia,Power module,0,Firm,Replaceable
EMS_0096,2.0,8.0,7.321740267111168e-05,0.0001970860397992,813.0,1114.0,975.0,813.0,0.0,0.0,0.0,0.0,0.0,326.0,0.0,0.0,487.0,Palter Circuits - Grenoble,EMS,EMS,5,Europe,Western,PCB assembly,0,Firm,Replaceable
EMS_0097,25.0,5.0,0.000553763579651,0.0006004314557747,206.0,254.0,78.0,78.0,2.0,2.0,4359576919.33744,0.0034175660305069,1.0,78.0,4359576919.33744,0.0034175660305069,0.0,Gethin Manufacturing - Shenzhen,EMS,EMS,5,China,East Asia,Sensor module,0,Firm,Causes failure
EMS_0098,4.0,13.0,0.0002070505605644,0.000276884764512,534.0,754.0,638.0,534.0,0.0,0.0,0.0,0.0,0.0,326.0,0.0,0.0,208.0,Korrin Assemblies - Pune,EMS,EMS,5,South Asia,Unaligned,PCB assembly,0,Firm,Replaceable
EMS_0099,1.0,6.0,1.1649816565952337e-05,0.0001240063893531,1047.0,1493.0,1211.0,1047.0,0.0,0.0,0.0,0.0,0.0,326.0,0.0,0.0,721.0,Renbeck Electronics - Singapore,EMS,EMS,5,Southeast Asia,East Asia,Power module,0,Firm,Replaceable
EMS_0100,0.0,7.0,0.0,0.0001122065525757,1111.0,1533.0,1533.0,1111.0,0.0,0.0,0.0,0.0,0.0,326.0,0.0,0.0,785.0,Gethin Circuits - Singapore,EMS,EMS,5,Southeast Asia,East Asia,Power module,0,Firm,Replaceable
EMS_0101,2.0,6.0,7.184745536380166e-05,0.0001517506672768,815.0,1327.0,975.0,815.0,0.0,0.0,0.0,0.0,0.0,326.0,0.0,0.0,489.0,Ystad Manufacturing - Crolles,EMS,EMS,5,Europe,Western,PCB assembly,0,Firm,Replaceable
EMS_0102,5.0,11.0,0.0002416380091732,0.0001983015338376,468.0,1107.0,549.0,468.0,0.0,0.0,0.0,0.0,0.0,326.0,0.0,0.0,142.0,Ader Electronics - Shanghai,EMS,EMS,5,China,East Asia,PCB assembly,0,Firm,Replaceable
EMS_0103,8.0,7.0,0.0003213763854251,0.0003251472066063,376.0,614.0,348.0,348.0,0.0,0.0,0.0,0.0,0.0,326.0,0.0,0.0,22.0,Quill Manufacturing - Dalian,EMS,EMS,5,China,East Asia,Power module,0,Firm,Replaceable
EMS_0104,6.0,4.0,0.0001569247802135,0.00026613942758,631.0,791.0,457.0,457.0,0.0,0.0,0.0,0.0,0.0,326.0,0.0,0.0,131.0,Nevin Assemblies - Shanghai,EMS,EMS,5,China,East Asia,Power module,0,Firm,Replaceable
EMS_0105,0.0,8.0,0.0,0.0001122065525757,1111.0,1533.0,1533.0,1111.0,0.0,0.0,0.0,0.0,0.0,326.0,0.0,0.0,785.0,Oxbow Electronics - Malta,EMS,EMS,5,North America,Western,PCB assembly,0,Firm,Replaceable
EMS_0106,3.0,4.0,3.3725984818139134e-05,0.0001655870173907,935.0,1262.0,774.0,774.0,1.0,1.0,1053101336.8507284,0.0008255487681702,1.0,204.0,1053101336.8507284,0.0008255487681702,570.0,Ystad Circuits - Bac Ninh,EMS,EMS,5,Southeast Asia,East Asia,Sensor module,0,Firm,Causes failure
EMS_0107,3.0,11.0,0.0002793779504236,0.0002464807137753,421.0,875.0,774.0,421.0,0.0,0.0,0.0,0.0,0.0,326.0,0.0,0.0,95.0,Doran Electronics - Shanghai,EMS,EMS,5,China,East Asia,Power module,0,Firm,Replaceable
EMS_0108,3.0,8.0,0.0001909075955374,0.0002658906914541,572.0,792.0,774.0,572.0,1.0,1.0,201970562.3016681,0.0001583290639563,1.0,315.0,201970562.3016681,0.0001583290639563,257.0,Ember Assemblies - Shanghai,EMS,EMS,5,China,East Asia,PCB assembly,0,Firm,Causes failure
EMS_0109,11.0,9.0,0.0004577700027895,0.0004026161810397,273.0,464.0,234.0,234.0,1.0,1.0,135041628.02486372,0.0001058620341334,1.0,320.0,135041628.02486372,0.0001058620341334,-86.0,Calder Assemblies - Dalian,EMS,EMS,5,China,East Asia,PCB assembly,0,Firm,Causes failure
EMS_0110,0.0,12.0,0.0,0.0001122065525757,1111.0,1533.0,1533.0,1111.0,0.0,0.0,0.0,0.0,0.0,326.0,0.0,0.0,785.0,Dyne Manufacturing - Dalian,EMS,EMS,5,China,East Asia,PCB assembly,0,Firm,Replaceable
EMS_0111,1.0,15.0,0.0001924487708684,0.0002023154073144,569.0,1082.0,1211.0,569.0,0.0,0.0,0.0,0.0,0.0,326.0,0.0,0.0,243.0,Ferrin Manufacturing - Bac Ninh,EMS,EMS,5,Southeast Asia,East Asia,PCB assembly,0,Firm,Replaceable
EMS_0112,0.0,11.0,0.0,0.0001122065525757,1111.0,1533.0,1533.0,1111.0,0.0,0.0,0.0,0.0,0.0,326.0,0.0,0.0,785.0,Ferrin Manufacturing - Dalian,EMS,EMS,5,China,East Asia,PCB assembly,0,Firm,Replaceable
EMS_0113,11.0,12.0,0.0005196036873886,0.0003252484432234,225.0,613.0,234.0,225.0,0.0,0.0,0.0,0.0,0.0,326.0,0.0,0.0,-101.0,Oxbow Manufacturing - Wuxi,EMS,EMS,5,China,East Asia,PCB assembly,0,Firm,Replaceable
EMS_0114,1.0,12.0,3.664041718450226e-05,0.0001290703454385,924.0,1453.0,1211.0,924.0,0.0,0.0,0.0,0.0,0.0,326.0,0.0,0.0,598.0,Zephyr Assemblies - Shanghai,EMS,EMS,5,China,East Asia,PCB assembly,0,Firm,Replaceable
EMS_0115,14.0,13.0,0.0007267907374148,0.0005558245752458,141.0,280.0,175.0,141.0,3.0,3.0,2780441380.027813,0.0021796477470211,1.0,127.0,2780441380.027813,0.0021796477470211,14.0,Isar Circuits - Wuxi,EMS,EMS,5,China,East Asia,PCB assembly,0,Firm,Causes failure
EMS_0116,4.0,7.0,0.0001158852834514,0.0002213676084273,699.0,998.0,638.0,638.0,0.0,0.0,0.0,0.0,0.0,326.0,0.0,0.0,312.0,Rivet Assemblies - Dalian,EMS,EMS,5,China,East Asia,Sensor module,0,Firm,Replaceable
EMS_0117,9.0,6.0,0.0002598269340318,0.0002680372957684,440.0,785.0,304.0,304.0,1.0,1.0,636580028.7122159,0.0004990287640472,1.0,249.0,636580028.7122159,0.0004990287640472,55.0,Faryn Manufacturing - Hillsboro,EMS,EMS,5,North America,Western,Sensor module,0,Firm,Causes failure
EMS_0118,8.0,5.0,0.0002477618520115,0.0002827378546832,458.0,733.0,348.0,348.0,1.0,1.0,577610777.6566405,0.0004528015009479,1.0,253.0,577610777.6566405,0.0004528015009479,95.0,Noral Electronics - Shanghai,EMS,EMS,5,China,East Asia,Power module,0,Firm,Causes failure
EMS_0119,1.0,3.0,5.832952222945728e-06,0.0001192294288865,1079.0,1513.0,1211.0,1079.0,0.0,0.0,0.0,0.0,0.0,326.0,0.0,0.0,753.0,Noral Electronics - Shenzhen,EMS,EMS,5,China,East Asia,PCB assembly,0,Firm,Replaceable
EMS_0120,2.0,9.0,0.0001117364280531,0.0001546154913743,711.0,1310.0,975.0,711.0,0.0,0.0,0.0,0.0,0.0,326.0,0.0,0.0,385.0,Xanthe Circuits - Shanghai,EMS,EMS,5,China,East Asia,PCB assembly,0,Firm,Replaceable
EMS_0121,2.0,12.0,7.751982010323337e-05,0.0001481426326275,799.0,1346.0,975.0,799.0,0.0,0.0,0.0,0.0,0.0,326.0,0.0,0.0,473.0,Cortex Electronics - Taoyuan,EMS,EMS,5,Taiwan,East Asia,PCB assembly,0,Firm,Replaceable
EMS_0122,1.0,11.0,8.28122339281887e-05,0.0001382988035143,789.0,1401.0,1211.0,789.0,0.0,0.0,0.0,0.0,0.0,326.0,0.0,0.0,463.0,Vantor Electronics - Austin,EMS,EMS,5,North America,Western,PCB assembly,0,Firm,Replaceable
EMS_0123,4.0,13.0,0.0002488009093481,0.0002214394690447,454.0,996.0,638.0,454.0,0.0,0.0,0.0,0.0,0.0,326.0,0.0,0.0,128.0,Umber Manufacturing - Tianjin,EMS,EMS,5,China,East Asia,PCB assembly,0,Firm,Replaceable
EMS_0124,2.0,4.0,3.304521584287457e-05,0.0001450864191981,936.0,1365.0,975.0,936.0,0.0,0.0,0.0,0.0,0.0,326.0,0.0,0.0,610.0,Halcy Electronics - Tianjin,EMS,EMS,5,China,East Asia,Sensor module,0,Firm,Replaceable
EMS_0125,0.0,8.0,0.0,0.0001122065525757,1111.0,1533.0,1533.0,1111.0,0.0,0.0,0.0,0.0,0.0,326.0,0.0,0.0,785.0,Isar Manufacturing - Tianjin,EMS,EMS,5,China,East Asia,PCB assembly,0,Firm,Replaceable
EMS_0126,3.0,9.0,0.0001437667130232,0.0002584823496628,659.0,824.0,774.0,659.0,1.0,1.0,2873629886.10784,0.0022527002194755,1.0,126.0,2873629886.10784,0.0022527002194755,533.0,Zephyr Assemblies - Penang,EMS,EMS,5,Southeast Asia,East Asia,PCB assembly,0,Firm,Causes failure
EMS_0127,14.0,14.0,0.0009884954406912,0.0004673097555462,95.0,379.0,175.0,95.0,3.0,3.0,2969639650.691503,0.0023279643370972,1.0,124.0,2969639650.691503,0.0023279643370972,-29.0,Zephyr Electronics - Dalian,EMS,EMS,5,China,East Asia,PCB assembly,0,Firm,Causes failure
EMS_0128,0.0,9.0,0.0,0.0001122065525757,1111.0,1533.0,1533.0,1111.0,0.0,0.0,0.0,0.0,0.0,326.0,0.0,0.0,785.0,Lethe Electronics - Penang,EMS,EMS,5,Southeast Asia,East Asia,Sensor module,0,Firm,Replaceable
EMS_0129,3.0,7.0,0.0001422500264808,0.0002249648415474,664.0,984.0,774.0,664.0,0.0,0.0,0.0,0.0,0.0,326.0,0.0,0.0,338.0,Orvid Electronics - Xi'an,EMS,EMS,5,China,East Asia,PCB assembly,0,Firm,Replaceable
EMS_0130,5.0,12.0,0.0003791492055276,0.0003039067232604,329.0,668.0,549.0,329.0,0.0,0.0,0.0,0.0,0.0,326.0,0.0,0.0,3.0,Lethe Circuits - Penang,EMS,EMS,5,Southeast Asia,East Asia,PCB assembly,0,Firm,Replaceable
EMS_0131,1.0,4.0,1.0481654775913524e-05,0.0001241454423041,1054.0,1492.0,1211.0,1054.0,0.0,0.0,0.0,0.0,0.0,326.0,0.0,0.0,728.0,Zephyr Electronics - Malta,EMS,EMS,5,North America,Western,Power module,0,Firm,Replaceable
EMS_0132,4.0,9.0,0.0001810547853922,0.0001942411651246,586.0,1130.0,638.0,586.0,0.0,0.0,0.0,0.0,0.0,326.0,0.0,0.0,260.0,Zephyr Circuits - Malta,EMS,EMS,5,North America,Western,PCB assembly,0,Firm,Replaceable
EMS_0133,2.0,6.0,3.831388435084965e-05,0.0001397806376695,916.0,1393.0,975.0,916.0,0.0,0.0,0.0,0.0,0.0,326.0,0.0,0.0,590.0,Yarrow Manufacturing - Xi'an,EMS,EMS,5,China,East Asia,PCB assembly,0,Firm,Replaceable
EMS_0134,20.0,8.0,0.0005166994188747,0.0004620952708818,230.0,386.0,101.0,101.0,5.0,5.0,9002473904.552967,0.0070572327489525,1.0,37.0,9002473904.552967,0.0070572327489525,64.0,Umber Manufacturing - Grenoble,EMS,EMS,5,Europe,Western,Sensor module,0,Firm,Causes failure
EMS_0135,8.0,5.0,0.0001010851427992,0.000284385919437,739.0,726.0,348.0,348.0,2.0,2.0,1985599000.6883876,0.0015565537253997,1.0,145.0,1985599000.6883876,0.0015565537253997,203.0,Gethin Circuits - Tianjin,EMS,EMS,5,China,East Asia,PCB assembly,0,Firm,Causes failure
EMS_0136,1.0,5.0,5.095740383257505e-05,0.0001266504772024,880.0,1471.0,1211.0,880.0,0.0,0.0,0.0,0.0,0.0,326.0,0.0,0.0,554.0,Mordant Assemblies - Malta,EMS,EMS,5,North America,Western,PCB assembly,0,Firm,Replaceable
EMS_0137,5.0,11.0,0.0002053312237347,0.000245620354954,542.0,878.0,549.0,542.0,1.0,1.0,509037926.4292764,0.0003990457693011,1.0,272.0,509037926.4292764,0.0003990457693011,270.0,Solvex Assemblies - Austin,EMS,EMS,5,North America,Western,PCB assembly,0,Firm,Causes failure
EMS_0138,16.0,8.0,0.0006818031532518,0.0004097927710238,154.0,452.0,146.0,146.0,1.0,1.0,1386928074.2651062,0.0010872427212696,1.0,170.0,1386928074.2651062,0.0010872427212696,-24.0,Ember Electronics - Guadalajara,EMS,EMS,5,North America,Western,PCB assembly,0,Firm,Causes failure
EMS_0139,0.0,17.0,0.0,0.0001122065525757,1111.0,1533.0,1533.0,1111.0,0.0,0.0,0.0,0.0,0.0,326.0,0.0,0.0,785.0,Ferrin Assemblies - Batam,EMS,EMS,5,Southeast Asia,East Asia,PCB assembly,0,Firm,Replaceable
EMS_0140,2.0,11.0,0.0001308929332285,0.0002021760805754,678.0,1084.0,975.0,678.0,1.0,1.0,327894896.82543844,0.0002570438557917,1.0,304.0,327894896.82543844,0.0002570438557917,374.0,Dyne Assemblies - Penang,EMS,EMS,5,Southeast Asia,East Asia,PCB assembly,0,Firm,Causes failure
EMS_0141,7.0,13.0,0.0004517441374324,0.0003131519997611,279.0,647.0,407.0,279.0,2.0,2.0,1541736152.3257866,0.0012086001003496,1.0,163.0,1541736152.3257866,0.0012086001003496,116.0,Dyne Assemblies - Wuxi,EMS,EMS,5,China,East Asia,PCB assembly,0,Firm,Causes failure
EMS_0142,2.0,4.0,6.016462604583188e-05,0.00013853064571,852.0,1398.0,975.0,852.0,0.0,0.0,0.0,0.0,0.0,326.0,0.0,0.0,526.0,Wexler Assemblies - Pyeongtaek,EMS,EMS,5,Korea,East Asia,Sensor module,0,Firm,Replaceable
EMS_0143,3.0,19.0,0.0002215174634102,0.0001838135622793,503.0,1177.0,774.0,503.0,0.0,0.0,0.0,0.0,0.0,326.0,0.0,0.0,177.0,Dyne Assemblies - Shanghai,EMS,EMS,5,China,East Asia,PCB assembly,0,Firm,Replaceable
EMS_0144,1.0,9.0,5.564248756711717e-05,0.0001192036094883,863.0,1514.0,1211.0,863.0,0.0,0.0,0.0,0.0,0.0,326.0,0.0,0.0,537.0,Quill Manufacturing - Wuxi,EMS,EMS,5,China,East Asia,PCB assembly,0,Firm,Replaceable
EMS_0145,3.0,10.0,0.000205712363964,0.00023818182313,541.0,916.0,774.0,541.0,1.0,1.0,68169496.2817602,5.343953303723879e-05,1.0,321.0,68169496.2817602,5.343953303723879e-05,220.0,Thorne Circuits - Dalian 3,EMS,EMS,5,China,East Asia,PCB assembly,0,Firm,Causes failure
EMS_0146,5.0,11.0,0.0002021501796877,0.0002164567194012,550.0,1017.0,549.0,549.0,0.0,0.0,0.0,0.0,0.0,326.0,0.0,0.0,223.0,Ulvid Electronics - Dalian,EMS,EMS,5,China,East Asia,PCB assembly,0,Firm,Replaceable
EMS_0147,8.0,8.0,0.0003113759910239,0.0003427900920348,384.0,570.0,348.0,348.0,3.0,3.0,2724520157.3728943,0.0021358098988844,1.0,128.0,2724520157.3728943,0.0021358098988844,220.0,Ember Circuits - Ottawa,EMS,EMS,5,North America,Western,PCB assembly,0,Firm,Causes failure
EMS_0148,1.0,9.0,2.909585674652297e-05,0.000154238865173,958.0,1313.0,1211.0,958.0,0.0,0.0,0.0,0.0,0.0,326.0,0.0,0.0,632.0,Thorne Circuits - Tianjin,EMS,EMS,5,China,East Asia,PCB assembly,0,Firm,Replaceable
EMS_0149,6.0,12.0,0.0002870521570772,0.0002127245514646,410.0,1029.0,457.0,410.0,0.0,0.0,0.0,0.0,0.0,326.0,0.0,0.0,84.0,Granth Circuits - Chandler,EMS,EMS,5,North America,Western,PCB assembly,0,Firm,Replaceable
EMS_0150,5.0,10.0,0.0003820656543445,0.0003062985233988,327.0,661.0,549.0,327.0,2.0,2.0,3422984981.1318283,0.0026833514836181,1.0,99.0,3422984981.1318283,0.0026833514836181,228.0,Wexler Electronics - Batangas,EMS,EMS,5,Southeast Asia,East Asia,PCB assembly,0,Firm,Causes failure
EMS_0151,0.0,11.0,0.0,0.0001122065525757,1111.0,1533.0,1533.0,1111.0,0.0,0.0,0.0,0.0,0.0,326.0,0.0,0.0,785.0,Oxbow Manufacturing - Chengdu,EMS,EMS,5,China,East Asia,PCB assembly,0,Firm,Replaceable
EMS_0152,0.0,10.0,0.0,0.0001122065525757,1111.0,1533.0,1533.0,1111.0,0.0,0.0,0.0,0.0,0.0,326.0,0.0,0.0,785.0,Granth Manufacturing - Chengdu,EMS,EMS,5,China,East Asia,PCB assembly,0,Firm,Replaceable
EMS_0153,3.0,6.0,7.096378510945261e-05,0.0001948164788218,819.0,1128.0,774.0,774.0,0.0,0.0,0.0,0.0,0.0,326.0,0.0,0.0,448.0,Wend Manufacturing - Tianjin,EMS,EMS,5,China,East Asia,Sensor module,0,Firm,Replaceable
EMS_0154,9.0,8.0,0.0003327644011048,0.0002214064580986,361.0,997.0,304.0,304.0,1.0,1.0,318827076.95375663,0.0002499353969349,1.0,305.0,318827076.95375663,0.0002499353969349,-1.0,Calder Assemblies - Ottawa,EMS,EMS,5,North America,Western,Sensor module,0,Firm,Causes failure
EMS_0155,0.0,10.0,0.0,0.0001122065525757,1111.0,1533.0,1533.0,1111.0,0.0,0.0,0.0,0.0,0.0,326.0,0.0,0.0,785.0,Wend Assemblies - Grenoble,EMS,EMS,5,Europe,Western,PCB assembly,0,Firm,Replaceable
EMS_0156,13.0,8.0,0.0006735718538872,0.0004889765167537,159.0,349.0,193.0,159.0,4.0,4.0,4043797636.2906647,0.0031700198647101,1.0,81.0,4043797636.2906647,0.0031700198647101,78.0,Cortex Manufacturing - Dalian,EMS,EMS,5,China,East Asia,Power module,0,Firm,Causes failure
EMS_0157,4.0,15.0,0.0003713530071593,0.0002029523307775,333.0,1077.0,638.0,333.0,0.0,0.0,0.0,0.0,0.0,326.0,0.0,0.0,7.0,Dyne Circuits - Dalian,EMS,EMS,5,China,East Asia,PCB assembly,0,Firm,Replaceable
EMS_0158,8.0,10.0,0.0005274684245304,0.0003303226506017,219.0,598.0,348.0,219.0,1.0,1.0,522168058.9678054,0.0004093387623529,1.0,270.0,522168058.9678054,0.0004093387623529,-51.0,Holt Electronics - Batam,EMS,EMS,5,Southeast Asia,East Asia,PCB assembly,0,Firm,Causes failure
EMS_0159,2.0,4.0,3.642665830102678e-05,0.0002300138084119,926.0,947.0,975.0,926.0,0.0,0.0,0.0,0.0,0.0,326.0,0.0,0.0,600.0,Ember Manufacturing - Bac Ninh,EMS,EMS,5,Southeast Asia,East Asia,Power module,0,Firm,Replaceable
EMS_0160,0.0,13.0,0.0,0.0001122065525757,1111.0,1533.0,1533.0,1111.0,0.0,0.0,0.0,0.0,0.0,326.0,0.0,0.0,785.0,Ivex Manufacturing - Hillsboro,EMS,EMS,5,North America,Western,PCB assembly,0,Firm,Replaceable
EMS_0161,3.0,6.0,5.180249708157801e-05,0.0002313437354135,877.0,940.0,774.0,774.0,0.0,0.0,0.0,0.0,0.0,326.0,0.0,0.0,448.0,Mordant Circuits - Shenzhen,EMS,EMS,5,China,East Asia,Power module,0,Firm,Replaceable
EMS_0162,0.0,5.0,0.0,0.0001122065525757,1111.0,1533.0,1533.0,1111.0,0.0,0.0,0.0,0.0,0.0,326.0,0.0,0.0,785.0,Belan Electronics - Tainan,EMS,EMS,5,Taiwan,East Asia,Power module,0,Firm,Replaceable
EMS_0163,11.0,7.0,0.0002438463439674,0.0003724019119629,464.0,507.0,234.0,234.0,1.0,1.0,1140655290.344575,0.0008941841937708,1.0,196.0,1140655290.344575,0.0008941841937708,38.0,Wend Manufacturing - Chengdu,EMS,EMS,5,China,East Asia,Sensor module,0,Firm,Causes failure
EMS_0164,0.0,8.0,0.0,0.0001122065525757,1111.0,1533.0,1533.0,1111.0,0.0,0.0,0.0,0.0,0.0,326.0,0.0,0.0,785.0,Dyne Circuits - Chengdu,EMS,EMS,5,China,East Asia,PCB assembly,0,Firm,Replaceable
EMS_0165,5.0,9.0,0.0001801724773555,0.0002248128595823,589.0,985.0,549.0,549.0,0.0,0.0,0.0,0.0,0.0,326.0,0.0,0.0,223.0,Halcy Electronics - Shenzhen 2,EMS,EMS,5,China,East Asia,Sensor module,0,Firm,Replaceable
EMS_0166,4.0,2.0,1.5506747274599578e-05,0.0002064430639292,1032.0,1061.0,638.0,638.0,1.0,1.0,885789940.8280182,0.0006943897694546,1.0,219.0,885789940.8280182,0.0006943897694546,419.0,Isar Manufacturing - Chengdu,EMS,EMS,5,China,East Asia,PCB assembly,0,Firm,Causes failure
EMS_0167,5.0,9.0,0.0001891937151034,0.0002106295056442,573.0,1037.0,549.0,549.0,0.0,0.0,0.0,0.0,0.0,326.0,0.0,0.0,223.0,Wexler Electronics - Dalian,EMS,EMS,5,China,East Asia,PCB assembly,0,Firm,Replaceable
EMS_0168,4.0,10.0,0.0001774103066303,0.0001723306951642,593.0,1232.0,638.0,593.0,0.0,0.0,0.0,0.0,0.0,326.0,0.0,0.0,267.0,Trellis Assemblies - Tianjin,EMS,EMS,5,China,East Asia,PCB assembly,0,Firm,Replaceable
EMS_0169,37.0,10.0,0.001006091702427,0.0007950064441045,94.0,154.0,55.0,55.0,9.0,9.0,8085988627.185598,0.0063387802455691,1.0,40.0,8085988627.185598,0.0063387802455691,15.0,Solvex Electronics - Dresden,EMS,EMS,5,Europe,Western,PCB assembly,0,Firm,Causes failure
EMS_0170,6.0,9.0,0.0002821973473925,0.0003815572359663,416.0,495.0,457.0,416.0,1.0,1.0,773220892.1406728,0.0006061444731797,1.0,238.0,773220892.1406728,0.0006061444731797,178.0,Elstow Manufacturing - Leixlip,EMS,EMS,5,Europe,Western,PCB assembly,0,Firm,Causes failure
EMS_0171,0.0,11.0,0.0,0.0001122065525757,1111.0,1533.0,1533.0,1111.0,0.0,0.0,0.0,0.0,0.0,326.0,0.0,0.0,785.0,Granth Circuits - Sanand,EMS,EMS,5,South Asia,Unaligned,PCB assembly,0,Firm,Replaceable
EMS_0172,2.0,6.0,5.3044041316974455e-05,0.0001435401554233,871.0,1376.0,975.0,871.0,1.0,1.0,145610483.52049553,0.0001141471870717,1.0,319.0,145610483.52049553,0.0001141471870717,552.0,Wexler Electronics - Xi'an,EMS,EMS,5,China,East Asia,PCB assembly,0,Firm,Causes failure
EMS_0173,2.0,11.0,0.0001007490026936,0.0002298769242854,740.0,949.0,975.0,740.0,0.0,0.0,0.0,0.0,0.0,326.0,0.0,0.0,414.0,Vantor Electronics - Batangas,EMS,EMS,5,Southeast Asia,East Asia,PCB assembly,0,Firm,Replaceable
EMS_0174,1.0,8.0,1.622004469239458e-05,0.0001502107914665,1030.0,1338.0,1211.0,1030.0,0.0,0.0,0.0,0.0,0.0,326.0,0.0,0.0,704.0,Ember Manufacturing - Chandler,EMS,EMS,5,North America,Western,PCB assembly,0,Firm,Replaceable
EMS_0175,2.0,12.0,0.0002178299033805,0.000152573543663,514.0,1325.0,975.0,514.0,0.0,0.0,0.0,0.0,0.0,326.0,0.0,0.0,188.0,Renbeck Manufacturing - Tianjin,EMS,EMS,5,China,East Asia,PCB assembly,0,Firm,Replaceable
EMS_0176,4.0,16.0,0.0003839239991737,0.0002689510909392,326.0,779.0,638.0,326.0,0.0,0.0,0.0,0.0,0.0,326.0,0.0,0.0,0.0,Gethin Manufacturing - Dalian,EMS,EMS,5,China,East Asia,PCB assembly,0,Firm,Replaceable
EMS_0177,3.0,5.0,4.639139568468319e-05,0.0001526385939932,896.0,1324.0,774.0,774.0,0.0,0.0,0.0,0.0,0.0,326.0,0.0,0.0,448.0,Oxbow Assemblies - Xi'an,EMS,EMS,5,China,East Asia,Power module,0,Firm,Replaceable
EMS_0178,3.0,11.0,9.657394378742554e-05,0.0001421586410923,755.0,1386.0,774.0,755.0,0.0,0.0,0.0,0.0,0.0,326.0,0.0,0.0,429.0,Noral Circuits - Bac Ninh,EMS,EMS,5,Southeast Asia,East Asia,PCB assembly,0,Firm,Replaceable
EMS_0179,4.0,7.0,0.0002467548681163,0.0002627928061447,459.0,809.0,638.0,459.0,0.0,0.0,0.0,0.0,0.0,326.0,0.0,0.0,133.0,Belan Manufacturing - Hyderabad,EMS,EMS,5,South Asia,Unaligned,Power module,0,Firm,Replaceable
EMS_0180,1.0,10.0,3.1918069756789695e-05,0.000144778565322,943.0,1366.0,1211.0,943.0,0.0,0.0,0.0,0.0,0.0,326.0,0.0,0.0,617.0,Calder Manufacturing - Tianjin,EMS,EMS,5,China,East Asia,PCB assembly,0,Firm,Replaceable
EMS_0181,0.0,17.0,0.0,0.0001122065525757,1111.0,1533.0,1533.0,1111.0,0.0,0.0,0.0,0.0,0.0,326.0,0.0,0.0,785.0,Isar Manufacturing - Dalian,EMS,EMS,5,China,East Asia,PCB assembly,0,Firm,Replaceable
EMS_0182,0.0,9.0,0.0,0.0001122065525757,1111.0,1533.0,1533.0,1111.0,0.0,0.0,0.0,0.0,0.0,326.0,0.0,0.0,785.0,Verity Assemblies - Chengdu,EMS,EMS,5,China,East Asia,Sensor module,0,Firm,Replaceable
EMS_0183,4.0,11.0,0.0001755934246522,0.0002028088393808,595.0,1079.0,638.0,595.0,1.0,1.0,333937019.7322652,0.0002617804057782,1.0,303.0,333937019.7322652,0.0002617804057782,292.0,Zephyr Circuits - Kaohsiung,EMS,EMS,5,Taiwan,East Asia,PCB assembly,0,Firm,Causes failure
EMS_0184,4.0,6.0,0.0001993026732518,0.0002824801553134,559.0,736.0,638.0,559.0,0.0,0.0,0.0,0.0,0.0,326.0,0.0,0.0,233.0,Belan Manufacturing - Taichung,EMS,EMS,5,Taiwan,East Asia,Power module,0,Firm,Replaceable
EMS_0185,3.0,8.0,0.0001207602527504,0.0001696607350117,690.0,1241.0,774.0,690.0,0.0,0.0,0.0,0.0,0.0,326.0,0.0,0.0,364.0,Kestrel Electronics - Tianjin,EMS,EMS,5,China,East Asia,PCB assembly,0,Firm,Replaceable
EMS_0186,24.0,9.0,0.0009427020164722,0.0005959970106805,102.0,258.0,83.0,83.0,2.0,2.0,1476437469.4723425,0.00115741105965,1.0,167.0,1476437469.4723425,0.00115741105965,-84.0,Doran Manufacturing - Shenzhen,EMS,EMS,5,China,East Asia,Power module,0,Firm,Causes failure
EMS_0187,4.0,12.0,0.0002739284195277,0.0002664637068191,429.0,788.0,638.0,429.0,1.0,1.0,882569329.7632034,0.0006918650632328,1.0,220.0,882569329.7632034,0.0006918650632328,209.0,Dyne Electronics - Bangkok,EMS,EMS,5,Southeast Asia,East Asia,PCB assembly,0,Firm,Causes failure
EMS_0188,2.0,11.0,0.0001487232196735,0.0001538690231725,646.0,1317.0,975.0,646.0,0.0,0.0,0.0,0.0,0.0,326.0,0.0,0.0,320.0,Wend Electronics - Sanand,EMS,EMS,5,South Asia,Unaligned,PCB assembly,0,Firm,Replaceable
EMS_0189,19.0,11.0,0.0008112035490034,0.0004748283252501,127.0,367.0,113.0,113.0,2.0,2.0,1417736003.6105757,0.0011113937191186,1.0,169.0,1417736003.6105757,0.0011113937191186,-56.0,Trellis Circuits - Malta,EMS,EMS,5,North America,Western,PCB assembly,0,Firm,Causes failure
EMS_0190,2.0,12.0,0.0001184947945655,0.0001777884007077,693.0,1198.0,975.0,693.0,0.0,0.0,0.0,0.0,0.0,326.0,0.0,0.0,367.0,Ivex Assemblies - Chandler,EMS,EMS,5,North America,Western,PCB assembly,0,Firm,Replaceable
EMS_0191,3.0,8.0,9.03221884944986e-05,0.0002640108547795,768.0,805.0,774.0,768.0,0.0,0.0,0.0,0.0,0.0,326.0,0.0,0.0,442.0,Yarrow Circuits - Sanand,EMS,EMS,5,South Asia,Unaligned,PCB assembly,0,Firm,Replaceable
EMS_0192,3.0,12.0,0.0002209663254476,0.0002281549320966,504.0,959.0,774.0,504.0,0.0,0.0,0.0,0.0,0.0,326.0,0.0,0.0,178.0,Isar Manufacturing - Cheongju,EMS,EMS,5,Korea,East Asia,PCB assembly,0,Firm,Replaceable
EMS_0193,38.0,4.0,0.000447076184646,0.0007907296775989,281.0,158.0,52.0,52.0,3.0,3.0,4070156620.399573,0.0031906832387842,1.0,80.0,4070156620.399573,0.0031906832387842,-28.0,Dyne Assemblies - Xi'an,EMS,EMS,5,China,East Asia,Sensor module,0,Firm,Causes failure
EMS_0194,9.0,4.0,0.0002203858008181,0.0003307958953787,505.0,597.0,304.0,304.0,3.0,3.0,7221432565.683163,0.005661036170415,1.0,47.0,7221432565.683163,0.005661036170415,257.0,Jarn Electronics - Hsinchu,EMS,EMS,5,Taiwan,East Asia,Sensor module,0,Firm,Causes failure
EMS_0195,2.0,12.0,0.0001091673874417,0.0001603203999015,718.0,1278.0,975.0,718.0,0.0,0.0,0.0,0.0,0.0,326.0,0.0,0.0,392.0,Gethin Electronics - Guadalajara,EMS,EMS,5,North America,Western,PCB assembly,0,Firm,Replaceable
EMS_0196,1.0,10.0,2.1443042371914663e-05,0.0001294542978653,1005.0,1451.0,1211.0,1005.0,0.0,0.0,0.0,0.0,0.0,326.0,0.0,0.0,679.0,Korrin Circuits - Wuxi,EMS,EMS,5,China,East Asia,PCB assembly,0,Firm,Replaceable
EMS_0197,4.0,15.0,0.0005148550829524,0.0002819423597336,232.0,740.0,638.0,232.0,1.0,1.0,1211994981.3456123,0.0009501089105731,1.0,190.0,1211994981.3456123,0.0009501089105731,42.0,Ader Manufacturing - Batam,EMS,EMS,5,Southeast Asia,East Asia,PCB assembly,0,Firm,Causes failure
EMS_0198,5.0,11.0,0.0002995647768856,0.0002286680431844,397.0,958.0,549.0,397.0,0.0,0.0,0.0,0.0,0.0,326.0,0.0,0.0,71.0,Calder Electronics - Dalian,EMS,EMS,5,China,East Asia,PCB assembly,0,Firm,Replaceable
EMS_0199,9.0,5.0,0.0003342852914969,0.0003290623872639,360.0,602.0,304.0,304.0,2.0,2.0,2410163404.1967816,0.0018893788848221,1.0,134.0,2410163404.1967816,0.0018893788848221,170.0,Thorne Manufacturing - Taoyuan,EMS,EMS,5,Taiwan,East Asia,Power module,0,Firm,Causes failure
EMS_0200,3.0,4.0,0.0001851498620145,0.0003414553280931,580.0,574.0,774.0,574.0,1.0,1.0,961764140.2758588,0.0007539475770199,1.0,213.0,961764140.2758588,0.0007539475770199,361.0,Rivet Assemblies - Penang,EMS,EMS,5,Southeast Asia,East Asia,Sensor module,0,Firm,Causes failure
EMS_0201,5.0,14.0,0.000224699096037,0.0002449012218153,497.0,880.0,549.0,497.0,1.0,1.0,865302095.2843716,0.0006783289070673,1.0,225.0,865302095.2843716,0.0006783289070673,272.0,Jarn Manufacturing - Icheon,EMS,EMS,5,Korea,East Asia,PCB assembly,0,Firm,Causes failure
EMS_0202,3.0,9.0,0.0002466031724285,0.0002882336127504,460.0,715.0,774.0,460.0,0.0,0.0,0.0,0.0,0.0,326.0,0.0,0.0,134.0,Stade Electronics - Penang,EMS,EMS,5,Southeast Asia,East Asia,PCB assembly,0,Firm,Replaceable
EMS_0203,17.0,4.0,0.0004582188851832,0.000507945149102,271.0,325.0,132.0,132.0,6.0,6.0,7302592220.504328,0.0057246589678782,1.0,45.0,7302592220.504328,0.0057246589678782,87.0,Renbeck Circuits - Taoyuan,EMS,EMS,5,Taiwan,East Asia,Power module,0,Firm,Causes failure
EMS_0204,2.0,9.0,0.0001386230500676,0.0002087322085026,668.0,1048.0,975.0,668.0,2.0,2.0,1815248743.0475905,0.0014230124977592,1.0,148.0,1815248743.0475905,0.0014230124977592,520.0,Lumen Circuits - Dresden,EMS,EMS,5,Europe,Western,Sensor module,0,Firm,Causes failure
EMS_0205,11.0,3.0,0.0001725733747311,0.0003981575740813,600.0,471.0,234.0,234.0,1.0,1.0,1130234775.0769916,0.0008860153279249,1.0,202.0,1130234775.0769916,0.0008860153279249,32.0,Granth Manufacturing - Chengdu 2,EMS,EMS,5,China,East Asia,Power module,0,Firm,Causes failure
EMS_0206,0.0,10.0,0.0,0.0001122065525757,1111.0,1533.0,1533.0,1111.0,0.0,0.0,0.0,0.0,0.0,326.0,0.0,0.0,785.0,Xanthe Manufacturing - Bac Ninh,EMS,EMS,5,Southeast Asia,East Asia,PCB assembly,0,Firm,Replaceable
EMS_0207,2.0,7.0,4.281289104855477e-05,0.0001421903811217,903.0,1385.0,975.0,903.0,0.0,0.0,0.0,0.0,0.0,326.0,0.0,0.0,577.0,Alder Electronics - Chengdu,EMS,EMS,5,China,East Asia,PCB assembly,0,Firm,Replaceable
EMS_0208,7.0,11.0,0.0002741499813259,0.000298396032948,428.0,683.0,407.0,407.0,0.0,0.0,0.0,0.0,0.0,326.0,0.0,0.0,81.0,Lethe Electronics - Xi'an,EMS,EMS,5,China,East Asia,PCB assembly,0,Firm,Replaceable
EMS_0209,2.0,10.0,8.782445286351067e-05,0.000142419015683,773.0,1382.0,975.0,773.0,0.0,0.0,0.0,0.0,0.0,326.0,0.0,0.0,447.0,Trellis Electronics - Wuxi,EMS,EMS,5,China,East Asia,PCB assembly,0,Firm,Replaceable
EMS_0210,2.0,8.0,4.909065440482378e-05,0.0002292770533002,887.0,954.0,975.0,887.0,0.0,0.0,0.0,0.0,0.0,326.0,0.0,0.0,561.0,Prendel Electronics - Bengaluru,EMS,EMS,5,South Asia,Unaligned,PCB assembly,0,Firm,Replaceable
EMS_0211,2.0,18.0,0.0002136359208554,0.0002000068600007,521.0,1097.0,975.0,521.0,0.0,0.0,0.0,0.0,0.0,326.0,0.0,0.0,195.0,Mordant Assemblies - Wuxi,EMS,EMS,5,China,East Asia,PCB assembly,0,Firm,Replaceable
EMS_0212,2.0,9.0,0.0004312243043101,0.0002199254936022,292.0,1001.0,975.0,292.0,1.0,1.0,286919756.2054659,0.0002249225625403,1.0,308.0,286919756.2054659,0.0002249225625403,-16.0,Trellis Electronics - Hyderabad 2,EMS,EMS,5,South Asia,Unaligned,PCB assembly,0,Firm,Causes failure
EMS_0213,2.0,5.0,5.2504362358812455e-05,0.0001479985187386,875.0,1348.0,975.0,875.0,1.0,1.0,870080746.8925602,0.000682074994752,1.0,222.0,870080746.8925602,0.000682074994752,653.0,Ivex Assemblies - Tianjin,EMS,EMS,5,China,East Asia,PCB assembly,0,Firm,Causes failure
EMS_0214,2.0,10.0,3.978250328641765e-05,0.0001567176790048,911.0,1299.0,975.0,911.0,0.0,0.0,0.0,0.0,0.0,326.0,0.0,0.0,585.0,Vantor Assemblies - Eindhoven,EMS,EMS,5,Europe,Western,PCB assembly,0,Firm,Replaceable
EMS_0215,1.0,12.0,6.689677610533934e-05,0.0001213314815905,832.0,1507.0,1211.0,832.0,0.0,0.0,0.0,0.0,0.0,326.0,0.0,0.0,506.0,Jorel Manufacturing - Tianjin,EMS,EMS,5,China,East Asia,PCB assembly,0,Firm,Replaceable
EMS_0216,4.0,4.0,0.0001081067062623,0.0002441288423664,723.0,885.0,638.0,638.0,1.0,1.0,1174355260.6376023,0.0009206023246659,1.0,192.0,1174355260.6376023,0.0009206023246659,446.0,Ferrin Manufacturing - Wuxi,EMS,EMS,5,China,East Asia,Sensor module,0,Firm,Causes failure
EMS_0217,23.0,9.0,0.0007963891859148,0.000526849676904,130.0,301.0,88.0,88.0,3.0,3.0,5251990825.89176,0.0041171484690376,1.0,60.0,5251990825.89176,0.0041171484690376,28.0,Verity Electronics - Tianjin,EMS,EMS,5,China,East Asia,Sensor module,0,Firm,Causes failure
EMS_0218,3.0,7.0,9.278260068654164e-05,0.0001841105064924,765.0,1174.0,774.0,765.0,0.0,0.0,0.0,0.0,0.0,326.0,0.0,0.0,439.0,Verity Assemblies - Guadalajara,EMS,EMS,5,North America,Western,Power module,0,Firm,Replaceable
EMS_0219,0.0,12.0,0.0,0.0001122065525757,1111.0,1533.0,1533.0,1111.0,0.0,0.0,0.0,0.0,0.0,326.0,0.0,0.0,785.0,Umber Electronics - Crolles,EMS,EMS,5,Europe,Western,PCB assembly,0,Firm,Replaceable
EMS_0220,1.0,12.0,6.141114884295752e-05,0.0001539841021418,848.0,1316.0,1211.0,848.0,0.0,0.0,0.0,0.0,0.0,326.0,0.0,0.0,522.0,Dyne Assemblies - Ottawa,EMS,EMS,5,North America,Western,PCB assembly,0,Firm,Replaceable
EMS_0221,13.0,7.0,0.0002583273336202,0.0004041157496913,442.0,462.0,193.0,193.0,2.0,2.0,1739433536.1019354,0.001363579327833,1.0,152.0,1739433536.1019354,0.001363579327833,41.0,Ulvid Manufacturing - Grenoble,EMS,EMS,5,Europe,Western,Power module,0,Firm,Causes failure
EMS_0222,2.0,10.0,0.0001007376724138,0.0002150305139112,741.0,1024.0,975.0,741.0,0.0,0.0,0.0,0.0,0.0,326.0,0.0,0.0,415.0,Renbeck Electronics - Dresden,EMS,EMS,5,Europe,Western,PCB assembly,0,Firm,Replaceable
EMS_0223,2.0,11.0,0.0001797787422259,0.0001645099840637,591.0,1264.0,975.0,591.0,1.0,1.0,668782000.9847984,0.0005242725821035,1.0,243.0,668782000.9847984,0.0005242725821035,348.0,Noral Electronics - Wuxi,EMS,EMS,5,China,East Asia,PCB assembly,0,Firm,Causes failure
EMS_0224,0.0,6.0,0.0,0.0001122065525757,1111.0,1533.0,1533.0,1111.0,0.0,0.0,0.0,0.0,0.0,326.0,0.0,0.0,785.0,Gethin Assemblies - Hsinchu,EMS,EMS,5,Taiwan,East Asia,Sensor module,0,Firm,Replaceable
EMS_0225,3.0,8.0,0.0002141324713211,0.0002483274306271,520.0,865.0,774.0,520.0,0.0,0.0,0.0,0.0,0.0,326.0,0.0,0.0,194.0,Ystad Assemblies - Batam,EMS,EMS,5,Southeast Asia,East Asia,PCB assembly,0,Firm,Replaceable
EMS_0226,7.0,15.0,0.000371168538858,0.0003248380854145,334.0,616.0,407.0,334.0,0.0,0.0,0.0,0.0,0.0,326.0,0.0,0.0,8.0,Ulvid Assemblies - Austin,EMS,EMS,5,North America,Western,PCB assembly,0,Firm,Replaceable
EMS_0227,2.0,16.0,9.897987403580188e-05,0.0001578856873499,744.0,1295.0,975.0,744.0,1.0,1.0,441131733.1012001,0.0003458126451074,1.0,286.0,441131733.1012001,0.0003458126451074,458.0,Wend Assemblies - Xi'an,EMS,EMS,5,China,East Asia,PCB assembly,0,Firm,Causes failure
EMS_0228,3.0,10.0,0.0001594784923799,0.0001702373209024,626.0,1240.0,774.0,626.0,0.0,0.0,0.0,0.0,0.0,326.0,0.0,0.0,300.0,Halcy Circuits - Chandler,EMS,EMS,5,North America,Western,PCB assembly,0,Firm,Replaceable
EMS_0229,3.0,13.0,0.0001814536320106,0.0002294987261391,585.0,951.0,774.0,585.0,0.0,0.0,0.0,0.0,0.0,326.0,0.0,0.0,259.0,Trellis Electronics - Pyeongtaek,EMS,EMS,5,Korea,East Asia,PCB assembly,0,Firm,Replaceable
EMS_0230,0.0,11.0,0.0,0.0001122065525757,1111.0,1533.0,1533.0,1111.0,0.0,0.0,0.0,0.0,0.0,326.0,0.0,0.0,785.0,Prendel Electronics - Tianjin,EMS,EMS,5,China,East Asia,PCB assembly,0,Firm,Replaceable
EMS_0231,0.0,7.0,0.0,0.0001122065525757,1111.0,1533.0,1533.0,1111.0,0.0,0.0,0.0,0.0,0.0,326.0,0.0,0.0,785.0,Calder Circuits - Shanghai,EMS,EMS,5,China,East Asia,PCB assembly,0,Firm,Replaceable
EMS_0232,0.0,10.0,0.0,0.0001122065525757,1111.0,1533.0,1533.0,1111.0,0.0,0.0,0.0,0.0,0.0,326.0,0.0,0.0,785.0,Mervi Assemblies - Xi'an,EMS,EMS,5,China,East Asia,PCB assembly,0,Firm,Replaceable
EMS_0233,0.0,4.0,0.0,0.0001122065525757,1111.0,1533.0,1533.0,1111.0,0.0,0.0,0.0,0.0,0.0,326.0,0.0,0.0,785.0,Lumen Electronics - Bac Ninh 2,EMS,EMS,5,Southeast Asia,East Asia,PCB assembly,0,Firm,Replaceable
EMS_0234,1.0,6.0,2.6331237471735556e-05,0.0001753815232853,974.0,1214.0,1211.0,974.0,0.0,0.0,0.0,0.0,0.0,326.0,0.0,0.0,648.0,Trellis Manufacturing - Wuxi,EMS,EMS,5,China,East Asia,PCB assembly,0,Firm,Replaceable
EMS_0235,2.0,6.0,2.8871636103416616e-05,0.0001390054466688,963.0,1395.0,975.0,963.0,0.0,0.0,0.0,0.0,0.0,326.0,0.0,0.0,637.0,Wexler Manufacturing - Tianjin,EMS,EMS,5,China,East Asia,PCB assembly,0,Firm,Replaceable
EMS_0236,0.0,9.0,0.0,0.0001122065525757,1111.0,1533.0,1533.0,1111.0,0.0,0.0,0.0,0.0,0.0,326.0,0.0,0.0,785.0,Holt Circuits - Xi'an 2,EMS,EMS,5,China,East Asia,Power module,0,Firm,Replaceable
EMS_0237,1.0,6.0,8.649870108611863e-05,0.0001994548087512,777.0,1100.0,1211.0,777.0,0.0,0.0,0.0,0.0,0.0,326.0,0.0,0.0,451.0,Renbeck Electronics - Sanand,EMS,EMS,5,South Asia,Unaligned,Sensor module,0,Firm,Replaceable
EMS_0238,6.0,4.0,0.0001003103722105,0.0002530975782064,742.0,846.0,457.0,457.0,0.0,0.0,0.0,0.0,0.0,326.0,0.0,0.0,131.0,Wend Assemblies - Tianjin,EMS,EMS,5,China,East Asia,Sensor module,0,Firm,Replaceable
EMS_0239,4.0,4.0,7.041659153335675e-05,0.0002403898897479,824.0,899.0,638.0,638.0,1.0,1.0,163414348.76586437,0.0001281040196268,1.0,318.0,163414348.76586437,0.0001281040196268,320.0,Yarrow Circuits - Chengdu,EMS,EMS,5,China,East Asia,Power module,0,Firm,Causes failure
EMS_0240,1.0,8.0,3.2254020556886264e-05,0.0001621593010083,939.0,1271.0,1211.0,939.0,0.0,0.0,0.0,0.0,0.0,326.0,0.0,0.0,613.0,Kestrel Electronics - Tainan,EMS,EMS,5,Taiwan,East Asia,PCB assembly,0,Firm,Replaceable
EMS_0241,10.0,16.0,0.0007172740263202,0.0003055835321087,144.0,666.0,267.0,144.0,0.0,0.0,0.0,0.0,0.0,326.0,0.0,0.0,-182.0,Rivet Assemblies - Hwaseong,EMS,EMS,5,Korea,East Asia,PCB assembly,0,Firm,Replaceable
EMS_0242,0.0,13.0,0.0,0.0001122065525757,1111.0,1533.0,1533.0,1111.0,0.0,0.0,0.0,0.0,0.0,326.0,0.0,0.0,785.0,Rivet Manufacturing - Wuxi,EMS,EMS,5,China,East Asia,PCB assembly,0,Firm,Replaceable
EMS_0243,0.0,4.0,0.0,0.0001122065525757,1111.0,1533.0,1533.0,1111.0,0.0,0.0,0.0,0.0,0.0,326.0,0.0,0.0,785.0,Oxbow Electronics - Sanand,EMS,EMS,5,South Asia,Unaligned,Power module,0,Firm,Replaceable
EMS_0244,6.0,10.0,0.0003845514966152,0.0003601041020506,324.0,524.0,457.0,324.0,1.0,1.0,998151640.9767308,0.0007824725207544,1.0,210.0,998151640.9767308,0.0007824725207544,114.0,Doran Assemblies - Batangas,EMS,EMS,5,Southeast Asia,East Asia,PCB assembly,0,Firm,Causes failure
EMS_0245,9.0,4.0,0.0001514249710973,0.0003584202765752,643.0,533.0,304.0,304.0,2.0,2.0,2141637236.175437,0.0016788754513211,1.0,140.0,2141637236.175437,0.0016788754513211,164.0,Calder Circuits - Sanand,EMS,EMS,5,South Asia,Unaligned,Sensor module,0,Firm,Causes failure
EMS_0246,27.0,6.0,0.0005880261115161,0.0004772962572217,191.0,360.0,73.0,73.0,2.0,2.0,1287122541.0539942,0.0010090030190531,1.0,186.0,1287122541.0539942,0.0010090030190531,-113.0,Lethe Manufacturing - Austin,EMS,EMS,5,North America,Western,Sensor module,0,Firm,Causes failure
EMS_0247,3.0,9.0,0.0001600032111687,0.0002437648690546,622.0,886.0,774.0,622.0,0.0,0.0,0.0,0.0,0.0,326.0,0.0,0.0,296.0,Zephyr Circuits - Batangas,EMS,EMS,5,Southeast Asia,East Asia,PCB assembly,0,Firm,Replaceable
EMS_0248,0.0,11.0,0.0,0.0001122065525757,1111.0,1533.0,1533.0,1111.0,0.0,0.0,0.0,0.0,0.0,326.0,0.0,0.0,785.0,Renbeck Assemblies - Sanand,EMS,EMS,5,South Asia,Unaligned,PCB assembly,0,Firm,Replaceable
EMS_0249,0.0,9.0,0.0,0.0001122065525757,1111.0,1533.0,1533.0,1111.0,0.0,0.0,0.0,0.0,0.0,326.0,0.0,0.0,785.0,Quill Manufacturing - Sendai,EMS,EMS,5,Japan,East Asia,PCB assembly,0,Firm,Replaceable
EMS_0250,3.0,5.0,0.000156198420291,0.0002643301192692,633.0,803.0,774.0,633.0,0.0,0.0,0.0,0.0,0.0,326.0,0.0,0.0,307.0,Korrin Manufacturing - Tainan,EMS,EMS,5,Taiwan,East Asia,Power module,0,Firm,Replaceable
EMS_0251,0.0,9.0,0.0,0.0001122065525757,1111.0,1533.0,1533.0,1111.0,0.0,0.0,0.0,0.0,0.0,326.0,0.0,0.0,785.0,Umber Manufacturing - Taoyuan,EMS,EMS,5,Taiwan,East Asia,Power module,0,Firm,Replaceable
EMS_0252,6.0,8.0,0.0002038842694033,0.0002068165624459,545.0,1057.0,457.0,457.0,0.0,0.0,0.0,0.0,0.0,326.0,0.0,0.0,131.0,Solvex Circuits - Guadalajara,EMS,EMS,5,North America,Western,Power module,0,Firm,Replaceable
EMS_0253,2.0,9.0,8.950418349177835e-05,0.0001541075429877,771.0,1314.0,975.0,771.0,0.0,0.0,0.0,0.0,0.0,326.0,0.0,0.0,445.0,Lumen Manufacturing - Wuxi,EMS,EMS,5,China,East Asia,PCB assembly,0,Firm,Replaceable
EMS_0254,3.0,7.0,0.0002551250126566,0.0002762295587149,447.0,756.0,774.0,447.0,0.0,0.0,0.0,0.0,0.0,326.0,0.0,0.0,121.0,Verity Assemblies - Tainan,EMS,EMS,5,Taiwan,East Asia,Sensor module,0,Firm,Replaceable
EMS_0255,5.0,11.0,0.0002092453684999,0.0002388703011129,530.0,910.0,549.0,530.0,0.0,0.0,0.0,0.0,0.0,326.0,0.0,0.0,204.0,Thorne Electronics - Ottawa,EMS,EMS,5,North America,Western,PCB assembly,0,Firm,Replaceable
EMS_0256,2.0,11.0,6.513947687136892e-05,0.0001454864392727,835.0,1363.0,975.0,835.0,0.0,0.0,0.0,0.0,0.0,326.0,0.0,0.0,509.0,Elstow Circuits - Tianjin,EMS,EMS,5,China,East Asia,PCB assembly,0,Firm,Replaceable
EMS_0257,2.0,6.0,2.984055210641713e-05,0.0001384548794561,954.0,1399.0,975.0,954.0,0.0,0.0,0.0,0.0,0.0,326.0,0.0,0.0,628.0,Zephyr Assemblies - Wuxi,EMS,EMS,5,China,East Asia,Power module,0,Firm,Replaceable
EMS_0258,5.0,9.0,0.0001692449034579,0.0002272974739684,606.0,964.0,549.0,549.0,0.0,0.0,0.0,0.0,0.0,326.0,0.0,0.0,223.0,Cortex Electronics - Tianjin,EMS,EMS,5,China,East Asia,PCB assembly,0,Firm,Replaceable
EMS_0259,2.0,5.0,3.953294123696874e-05,0.0001312133038799,912.0,1434.0,975.0,912.0,0.0,0.0,0.0,0.0,0.0,326.0,0.0,0.0,586.0,Faryn Circuits - Hillsboro,EMS,EMS,5,North America,Western,Power module,0,Firm,Replaceable
EMS_0260,7.0,11.0,0.0005316478214194,0.0003749978532341,218.0,504.0,407.0,218.0,2.0,2.0,608610275.325713,0.0004771026733224,1.0,250.0,608610275.325713,0.0004771026733224,-32.0,Dyne Assemblies - Austin,EMS,EMS,5,North America,Western,PCB assembly,0,Firm,Causes failure
EMS_0261,4.0,7.0,9.120561673697252e-05,0.0002097145598644,767.0,1043.0,638.0,638.0,0.0,0.0,0.0,0.0,0.0,326.0,0.0,0.0,312.0,Gethin Electronics - Leixlip,EMS,EMS,5,Europe,Western,Power module,0,Firm,Replaceable
EMS_0262,2.0,8.0,6.077231493408319e-05,0.0002292049719731,850.0,955.0,975.0,850.0,0.0,0.0,0.0,0.0,0.0,326.0,0.0,0.0,524.0,Rivet Electronics - Eindhoven,EMS,EMS,5,Europe,Western,Power module,0,Firm,Replaceable
EMS_0263,3.0,17.0,0.0003249132663661,0.0002490129996609,372.0,861.0,774.0,372.0,0.0,0.0,0.0,0.0,0.0,326.0,0.0,0.0,46.0,Ulvid Electronics - Batam,EMS,EMS,5,Southeast Asia,East Asia,PCB assembly,0,Firm,Replaceable
EMS_0264,6.0,9.0,0.000256228073028,0.0003315289753565,445.0,596.0,457.0,445.0,1.0,1.0,652617343.9492644,0.0005116007600892,1.0,245.0,652617343.9492644,0.0005116007600892,200.0,Zephyr Assemblies - Bangkok,EMS,EMS,5,Southeast Asia,East Asia,Power module,0,Firm,Causes failure
EMS_0265,1.0,9.0,4.488020010438594e-05,0.0001472079223271,901.0,1356.0,1211.0,901.0,0.0,0.0,0.0,0.0,0.0,326.0,0.0,0.0,575.0,Yarrow Circuits - Dalian,EMS,EMS,5,China,East Asia,PCB assembly,0,Firm,Replaceable
EMS_0266,0.0,8.0,0.0,0.0001122065525757,1111.0,1533.0,1533.0,1111.0,0.0,0.0,0.0,0.0,0.0,326.0,0.0,0.0,785.0,Belan Assemblies - Penang,EMS,EMS,5,Southeast Asia,East Asia,PCB assembly,0,Firm,Replaceable
EMS_0267,1.0,9.0,3.89800196513298e-05,0.0001342463653994,913.0,1419.0,1211.0,913.0,0.0,0.0,0.0,0.0,0.0,326.0,0.0,0.0,587.0,Stade Circuits - Crolles,EMS,EMS,5,Europe,Western,PCB assembly,0,Firm,Replaceable
EMS_0268,7.0,4.0,0.0001386380893036,0.0003461126808966,667.0,557.0,407.0,407.0,1.0,1.0,1160566178.3068995,0.0009097927667118,1.0,195.0,1160566178.3068995,0.0009097927667118,212.0,Vantor Assemblies - Shenzhen,EMS,EMS,5,China,East Asia,Sensor module,0,Firm,Causes failure
EMS_0269,6.0,11.0,0.0003635190510802,0.0002902648726253,338.0,710.0,457.0,338.0,0.0,0.0,0.0,0.0,0.0,326.0,0.0,0.0,12.0,Quarn Manufacturing - Shenzhen,EMS,EMS,5,China,East Asia,PCB assembly,0,Firm,Replaceable
EMS_0270,0.0,9.0,0.0,0.0001122065525757,1111.0,1533.0,1533.0,1111.0,0.0,0.0,0.0,0.0,0.0,326.0,0.0,0.0,785.0,Solvex Circuits - Shanghai,EMS,EMS,5,China,East Asia,PCB assembly,0,Firm,Replaceable
EMS_0271,2.0,8.0,0.0001155224861719,0.000200930887234,700.0,1091.0,975.0,700.0,0.0,0.0,0.0,0.0,0.0,326.0,0.0,0.0,374.0,Prendel Electronics - Crolles,EMS,EMS,5,Europe,Western,PCB assembly,0,Firm,Replaceable
EMS_0272,0.0,4.0,0.0,0.0001122065525757,1111.0,1533.0,1533.0,1111.0,0.0,0.0,0.0,0.0,0.0,326.0,0.0,0.0,785.0,Dyne Assemblies - Chandler,EMS,EMS,5,North America,Western,Power module,0,Firm,Replaceable
EMS_0273,4.0,14.0,0.0004385057050573,0.0002668431500173,287.0,787.0,638.0,287.0,0.0,0.0,0.0,0.0,0.0,326.0,0.0,0.0,-39.0,Nevin Assemblies - Hsinchu,EMS,EMS,5,Taiwan,East Asia,PCB assembly,0,Firm,Replaceable
EMS_0274,0.0,7.0,0.0,0.0001122065525757,1111.0,1533.0,1533.0,1111.0,0.0,0.0,0.0,0.0,0.0,326.0,0.0,0.0,785.0,Isar Circuits - Bangkok,EMS,EMS,5,Southeast Asia,East Asia,Power module,0,Firm,Replaceable
EMS_0275,0.0,6.0,0.0,0.0001122065525757,1111.0,1533.0,1533.0,1111.0,0.0,0.0,0.0,0.0,0.0,326.0,0.0,0.0,785.0,Mordant Circuits - Wuxi,EMS,EMS,5,China,East Asia,PCB assembly,0,Firm,Replaceable
EMS_0276,45.0,10.0,0.0013049098804237,0.000771509267649,62.0,166.0,42.0,42.0,3.0,3.0,4826129155.104418,0.0037833063539181,1.0,74.0,4826129155.104418,0.0037833063539181,-32.0,Orvid Electronics - Ottawa,EMS,EMS,5,North America,Western,Sensor module,0,Firm,Causes failure
EMS_0277,5.0,4.0,7.904465500553277e-05,0.0001829110453497,796.0,1179.0,549.0,549.0,0.0,0.0,0.0,0.0,0.0,326.0,0.0,0.0,223.0,Ystad Manufacturing - Shenzhen,EMS,EMS,5,China,East Asia,Sensor module,0,Firm,Replaceable
EMS_0278,12.0,7.0,0.0002762718945879,0.0003583432431173,423.0,534.0,213.0,213.0,1.0,1.0,5961276305.774185,0.0046731725986328,1.0,54.0,5961276305.774185,0.0046731725986328,159.0,Mordant Electronics - Wuxi,EMS,EMS,5,China,East Asia,Power module,0,Firm,Causes failure
EMS_0279,1.0,14.0,0.0001120627129984,0.0001442644621374,710.0,1371.0,1211.0,710.0,0.0,0.0,0.0,0.0,0.0,326.0,0.0,0.0,384.0,Halcy Circuits - Hyderabad,EMS,EMS,5,South Asia,Unaligned,PCB assembly,0,Firm,Replaceable
EMS_0280,14.0,4.0,0.0002750908904476,0.0005181911344863,425.0,311.0,175.0,175.0,1.0,1.0,219787207.64361843,0.0001722959151038,1.0,312.0,219787207.64361843,0.0001722959151038,-137.0,Mervi Assemblies - Dalian,EMS,EMS,5,China,East Asia,Power module,0,Firm,Causes failure
EMS_0281,1.0,3.0,1.6272708254442646e-05,0.0001494921316044,1029.0,1342.0,1211.0,1029.0,0.0,0.0,0.0,0.0,0.0,326.0,0.0,0.0,703.0,Ystad Circuits - Singapore,EMS,EMS,5,Southeast Asia,East Asia,PCB assembly,0,Firm,Replaceable
EMS_0282,1.0,8.0,2.233087509312772e-05,0.0001280665482443,996.0,1464.0,1211.0,996.0,0.0,0.0,0.0,0.0,0.0,326.0,0.0,0.0,670.0,Trellis Manufacturing - Shanghai,EMS,EMS,5,China,East Asia,Power module,0,Firm,Replaceable
EMS_0283,16.0,7.0,0.0005075858461591,0.0004735327626126,236.0,369.0,146.0,146.0,6.0,6.0,8342429536.678016,0.0065398097852077,1.0,39.0,8342429536.678016,0.0065398097852077,107.0,Holt Manufacturing - Penang,EMS,EMS,5,Southeast Asia,East Asia,PCB assembly,0,Firm,Causes failure
EMS_0284,0.0,8.0,0.0,0.0001122065525757,1111.0,1533.0,1533.0,1111.0,0.0,0.0,0.0,0.0,0.0,326.0,0.0,0.0,785.0,Elstow Circuits - Hiroshima,EMS,EMS,5,Japan,East Asia,PCB assembly,0,Firm,Replaceable
EMS_0285,0.0,11.0,0.0,0.0001122065525757,1111.0,1533.0,1533.0,1111.0,0.0,0.0,0.0,0.0,0.0,326.0,0.0,0.0,785.0,Stade Assemblies - Hwaseong,EMS,EMS,5,Korea,East Asia,PCB assembly,0,Firm,Replaceable
EMS_0286,5.0,6.0,0.0001455425968314,0.0002824241262568,655.0,738.0,549.0,549.0,0.0,0.0,0.0,0.0,0.0,326.0,0.0,0.0,223.0,Belan Manufacturing - Batam,EMS,EMS,5,Southeast Asia,East Asia,Sensor module,0,Firm,Replaceable
EMS_0287,11.0,11.0,0.0004980991541481,0.0003287717493965,243.0,603.0,234.0,234.0,1.0,1.0,744367465.2998021,0.0005835256518446,1.0,240.0,744367465.2998021,0.0005835256518446,-6.0,Vantor Assemblies - Wuxi,EMS,EMS,5,China,East Asia,Sensor module,0,Firm,Causes failure
EMS_0288,3.0,7.0,0.0001561023693326,0.0002557734735683,634.0,832.0,774.0,634.0,0.0,0.0,0.0,0.0,0.0,326.0,0.0,0.0,308.0,Vantor Assemblies - Crolles,EMS,EMS,5,Europe,Western,Power module,0,Firm,Replaceable
EMS_0289,10.0,8.0,0.0002287719495262,0.0004163460037326,491.0,442.0,267.0,267.0,1.0,1.0,2276244911.7380824,0.0017843973007942,1.0,135.0,2276244911.7380824,0.0017843973007942,132.0,Ader Assemblies - Dalian,EMS,EMS,5,China,East Asia,PCB assembly,0,Firm,Causes failure
EMS_0290,2.0,13.0,0.0003321657004293,0.000196327186549,363.0,1117.0,975.0,363.0,0.0,0.0,0.0,0.0,0.0,326.0,0.0,0.0,37.0,Trellis Electronics - Penang,EMS,EMS,5,Southeast Asia,East Asia,PCB assembly,0,Firm,Replaceable
EMS_0291,2.0,5.0,3.537365618997839e-05,0.0001508845728599,929.0,1333.0,975.0,929.0,0.0,0.0,0.0,0.0,0.0,326.0,0.0,0.0,603.0,Dyne Electronics - Chandler,EMS,EMS,5,North America,Western,Power module,0,Firm,Replaceable
EMS_0292,1.0,9.0,2.7899041602974404e-05,0.0001204164326865,966.0,1508.0,1211.0,966.0,0.0,0.0,0.0,0.0,0.0,326.0,0.0,0.0,640.0,Ader Assemblies - Wuxi,EMS,EMS,5,China,East Asia,PCB assembly,0,Firm,Replaceable
EMS_0293,1.0,11.0,0.0002128676808598,0.0001951639109065,523.0,1123.0,1211.0,523.0,0.0,0.0,0.0,0.0,0.0,326.0,0.0,0.0,197.0,Elstow Circuits - Bangkok,EMS,EMS,5,Southeast Asia,East Asia,PCB assembly,0,Firm,Replaceable
EMS_0294,3.0,9.0,6.385037828449584e-05,0.0001507329851992,843.0,1334.0,774.0,774.0,0.0,0.0,0.0,0.0,0.0,326.0,0.0,0.0,448.0,Zephyr Electronics - Tianjin,EMS,EMS,5,China,East Asia,PCB assembly,0,Firm,Replaceable
EMS_0295,4.0,7.0,8.833926993657524e-05,0.000239344021392,772.0,903.0,638.0,638.0,0.0,0.0,0.0,0.0,0.0,326.0,0.0,0.0,312.0,Yarrow Circuits - Villach,EMS,EMS,5,Europe,Western,PCB assembly,0,Firm,Replaceable
EMS_0296,7.0,8.0,0.0003108469125084,0.0003054832914835,385.0,667.0,407.0,385.0,0.0,0.0,0.0,0.0,0.0,326.0,0.0,0.0,59.0,Prendel Manufacturing - Shenzhen,EMS,EMS,5,China,East Asia,Power module,0,Firm,Replaceable
EMS_0297,2.0,12.0,0.0002527686061034,0.0002275114813848,450.0,963.0,975.0,450.0,0.0,0.0,0.0,0.0,0.0,326.0,0.0,0.0,124.0,Mordant Electronics - Hyderabad,EMS,EMS,5,South Asia,Unaligned,Power module,0,Firm,Replaceable
EMS_0298,5.0,14.0,0.0006174700012111,0.0003519721502649,175.0,543.0,549.0,175.0,0.0,0.0,0.0,0.0,0.0,326.0,0.0,0.0,-151.0,Stade Assemblies - Kaohsiung,EMS,EMS,5,Taiwan,East Asia,PCB assembly,0,Firm,Replaceable
EMS_0299,4.0,7.0,0.0002835523851036,0.0003004722650625,414.0,678.0,638.0,414.0,0.0,0.0,0.0,0.0,0.0,326.0,0.0,0.0,88.0,Holt Assemblies - Kaohsiung,EMS,EMS,5,Taiwan,East Asia,PCB assembly,0,Firm,Replaceable
EMS_0300,4.0,10.0,0.0002419918324415,0.0001652645290481,467.0,1263.0,638.0,467.0,0.0,0.0,0.0,0.0,0.0,326.0,0.0,0.0,141.0,Quarn Manufacturing - Austin,EMS,EMS,5,North America,Western,PCB assembly,0,Firm,Replaceable
EMS_0301,14.0,7.0,0.000581099066475,0.0004654648938373,194.0,382.0,175.0,175.0,4.0,4.0,5370252791.745387,0.0042098565654149,1.0,58.0,5370252791.745387,0.0042098565654149,117.0,Faryn Assemblies - Dalian,EMS,EMS,5,China,East Asia,Sensor module,0,Firm,Causes failure
EMS_0302,3.0,5.0,0.0001034214870483,0.0002037014990556,733.0,1073.0,774.0,733.0,0.0,0.0,0.0,0.0,0.0,326.0,0.0,0.0,407.0,Wexler Assemblies - Wuxi,EMS,EMS,5,China,East Asia,Power module,0,Firm,Replaceable
EMS_0303,8.0,4.0,0.0001102058004736,0.0003205190645758,715.0,629.0,348.0,348.0,0.0,0.0,0.0,0.0,0.0,326.0,0.0,0.0,22.0,Zephyr Circuits - Xi'an,EMS,EMS,5,China,East Asia,Sensor module,0,Firm,Replaceable
EMS_0304,2.0,10.0,0.000195853119867,0.0002489729934184,565.0,862.0,975.0,565.0,0.0,0.0,0.0,0.0,0.0,326.0,0.0,0.0,239.0,Ivex Electronics - Singapore,EMS,EMS,5,Southeast Asia,East Asia,PCB assembly,0,Firm,Replaceable
EMS_0305,4.0,4.0,7.053227099646516e-05,0.0003060609444646,823.0,662.0,638.0,638.0,1.0,1.0,975911061.1134628,0.0007650376522693,1.0,211.0,975911061.1134628,0.0007650376522693,427.0,Alder Manufacturing - Bangkok,EMS,EMS,5,Southeast Asia,East Asia,Power module,0,Firm,Causes failure
EMS_0306,24.0,4.0,0.000421454107866,0.0006501955167997,299.0,221.0,83.0,83.0,2.0,2.0,1373180656.1229336,0.0010764658247682,1.0,171.0,1373180656.1229336,0.0010764658247682,-88.0,Renbeck Electronics - Shanghai,EMS,EMS,5,China,East Asia,Power module,0,Firm,Causes failure
EMS_0307,8.0,8.0,0.0004057750293679,0.000311349039313,311.0,653.0,348.0,311.0,2.0,2.0,2670780869.5984163,0.0020936825163884,1.0,129.0,2670780869.5984163,0.0020936825163884,182.0,Noral Electronics - Xi'an,EMS,EMS,5,China,East Asia,Power module,0,Firm,Causes failure
EMS_0308,20.0,8.0,0.0009771378553599,0.0004847171034008,97.0,350.0,101.0,97.0,2.0,2.0,2625973103.287482,0.0020585567454981,1.0,130.0,2625973103.287482,0.0020585567454981,-33.0,Jarn Manufacturing - Bac Ninh,EMS,EMS,5,Southeast Asia,East Asia,Sensor module,0,Firm,Causes failure
EMS_0309,8.0,9.0,0.0003192607698634,0.0002537787918681,378.0,842.0,348.0,348.0,0.0,0.0,0.0,0.0,0.0,326.0,0.0,0.0,22.0,Kestrel Circuits - Hillsboro,EMS,EMS,5,North America,Western,PCB assembly,0,Firm,Replaceable
EMS_0310,1.0,11.0,7.227614775588272e-05,0.0001421139729793,814.0,1387.0,1211.0,814.0,0.0,0.0,0.0,0.0,0.0,326.0,0.0,0.0,488.0,Granth Manufacturing - Dalian,EMS,EMS,5,China,East Asia,PCB assembly,0,Firm,Replaceable
EMS_0311,0.0,11.0,0.0,0.0001122065525757,1111.0,1533.0,1533.0,1111.0,0.0,0.0,0.0,0.0,0.0,326.0,0.0,0.0,785.0,Ystad Manufacturing - Chengdu,EMS,EMS,5,China,East Asia,PCB assembly,0,Firm,Replaceable
EMS_0312,9.0,12.0,0.0006075235646198,0.0003503402254882,182.0,548.0,304.0,182.0,0.0,0.0,0.0,0.0,0.0,326.0,0.0,0.0,-144.0,Noral Assemblies - Villach,EMS,EMS,5,Europe,Western,PCB assembly,0,Firm,Replaceable
EMS_0313,1.0,13.0,2.9186328479731657e-05,0.0001303831768251,957.0,1445.0,1211.0,957.0,0.0,0.0,0.0,0.0,0.0,326.0,0.0,0.0,631.0,Umber Assemblies - Tianjin,EMS,EMS,5,China,East Asia,PCB assembly,0,Firm,Replaceable
EMS_0314,1.0,2.0,1.040871876633254e-05,0.0001203556111236,1055.0,1509.0,1211.0,1055.0,0.0,0.0,0.0,0.0,0.0,326.0,0.0,0.0,729.0,Lethe Assemblies - Gumi,EMS,EMS,5,Korea,East Asia,Power module,0,Firm,Replaceable
EMS_0315,4.0,8.0,0.0003322473322573,0.0002390772756156,362.0,908.0,638.0,362.0,0.0,0.0,0.0,0.0,0.0,326.0,0.0,0.0,36.0,Renbeck Assemblies - Batam,EMS,EMS,5,Southeast Asia,East Asia,Power module,0,Firm,Replaceable
EMS_0316,135.0,8.0,0.0047770595225695,0.0021518673694071,14.0,28.0,16.0,14.0,28.0,28.0,40275069602.96116,0.0315724925372583,1.0,2.0,40275069602.96116,0.0315724925372583,12.0,Jarn Manufacturing - Xi'an,EMS,EMS,5,China,East Asia,Sensor module,0,Firm,Causes failure
EMS_0317,0.0,9.0,0.0,0.0001122065525757,1111.0,1533.0,1533.0,1111.0,0.0,0.0,0.0,0.0,0.0,326.0,0.0,0.0,785.0,Solvex Manufacturing - Austin,EMS,EMS,5,North America,Western,PCB assembly,0,Firm,Replaceable
EMS_0318,5.0,11.0,0.0003613406604567,0.0001915119037891,340.0,1143.0,549.0,340.0,0.0,0.0,0.0,0.0,0.0,326.0,0.0,0.0,14.0,Oxbow Electronics - Dalian,EMS,EMS,5,China,East Asia,PCB assembly,0,Firm,Replaceable
EMS_0319,1.0,8.0,6.145504253746166e-05,0.0001488520437087,847.0,1343.0,1211.0,847.0,0.0,0.0,0.0,0.0,0.0,326.0,0.0,0.0,521.0,Mordant Circuits - Batangas,EMS,EMS,5,Southeast Asia,East Asia,Power module,0,Firm,Replaceable
EMS_0320,15.0,12.0,0.0009464183467759,0.000519260507495,101.0,309.0,157.0,101.0,4.0,4.0,3982435741.426063,0.0031219169567131,1.0,85.0,3982435741.426063,0.0031219169567131,16.0,Quarn Circuits - Shanghai,EMS,EMS,5,China,East Asia,PCB assembly,0,Firm,Causes failure
EMS_0321,4.0,9.0,0.0001466670144636,0.0002192339498459,652.0,1006.0,638.0,638.0,1.0,1.0,829267938.0151922,0.000650080956842,1.0,228.0,829267938.0151922,0.000650080956842,410.0,Korrin Manufacturing - Batam,EMS,EMS,5,Southeast Asia,East Asia,Power module,0,Firm,Causes failure
EMS_0322,2.0,15.0,0.0003856402779257,0.0002725574925127,321.0,768.0,975.0,321.0,0.0,0.0,0.0,0.0,0.0,326.0,0.0,0.0,-5.0,Verity Electronics - Hyderabad,EMS,EMS,5,South Asia,Unaligned,PCB assembly,0,Firm,Replaceable
EMS_0323,0.0,10.0,0.0,0.0001122065525757,1111.0,1533.0,1533.0,1111.0,0.0,0.0,0.0,0.0,0.0,326.0,0.0,0.0,785.0,Stade Circuits - Bac Ninh,EMS,EMS,5,Southeast Asia,East Asia,PCB assembly,0,Firm,Replaceable
EMS_0324,1.0,9.0,5.268967644054545e-05,0.0001663828080157,872.0,1257.0,1211.0,872.0,0.0,0.0,0.0,0.0,0.0,326.0,0.0,0.0,546.0,Umber Circuits - Ottawa,EMS,EMS,5,North America,Western,PCB assembly,0,Firm,Replaceable
EMS_0325,13.0,6.0,0.0005064205183955,0.0004665997678735,238.0,380.0,193.0,193.0,2.0,2.0,2510440056.1766496,0.0019679879071653,1.0,133.0,2510440056.1766496,0.0019679879071653,60.0,Isar Electronics - Singapore,EMS,EMS,5,Southeast Asia,East Asia,Power module,0,Firm,Causes failure
EMS_0326,75.0,10.0,0.0028290499204178,0.0015482787223425,23.0,54.0,21.0,21.0,12.0,12.0,13130365162.865343,0.0102931754110628,1.0,24.0,13130365162.865343,0.0102931754110628,-3.0,Lumen Assemblies - Chengdu,EMS,EMS,5,China,East Asia,PCB assembly,0,Firm,Causes failure
EMS_0327,17.0,8.0,0.000753498758976,0.0004490322491222,135.0,404.0,132.0,132.0,1.0,1.0,806055604.4919138,0.0006318843097806,1.0,229.0,806055604.4919138,0.0006318843097806,-97.0,Zephyr Assemblies - Xi'an,EMS,EMS,5,China,East Asia,PCB assembly,0,Firm,Causes failure
EMS_0328,1.0,12.0,4.8806215252579765e-05,0.0001299482426456,889.0,1448.0,1211.0,889.0,0.0,0.0,0.0,0.0,0.0,326.0,0.0,0.0,563.0,Ember Circuits - Taoyuan,EMS,EMS,5,Taiwan,East Asia,PCB assembly,0,Firm,Replaceable
EMS_0329,8.0,12.0,0.0003121242613115,0.0002482976408832,383.0,866.0,348.0,348.0,0.0,0.0,0.0,0.0,0.0,326.0,0.0,0.0,22.0,Umber Manufacturing - Chengdu,EMS,EMS,5,China,East Asia,PCB assembly,0,Firm,Replaceable
EMS_0330,3.0,7.0,0.0001089685394443,0.0002005560779407,721.0,1095.0,774.0,721.0,0.0,0.0,0.0,0.0,0.0,326.0,0.0,0.0,395.0,Dyne Electronics - Xi'an,EMS,EMS,5,China,East Asia,Power module,0,Firm,Replaceable
EMS_0331,0.0,5.0,0.0,0.0001122065525757,1111.0,1533.0,1533.0,1111.0,0.0,0.0,0.0,0.0,0.0,326.0,0.0,0.0,785.0,Xanthe Circuits - Shanghai 2,EMS,EMS,5,China,East Asia,Power module,0,Firm,Replaceable
EMS_0332,11.0,4.0,0.0001359621916746,0.0003593250842667,671.0,527.0,234.0,234.0,1.0,1.0,1331084782.4922695,0.0010434659648261,1.0,181.0,1331084782.4922695,0.0010434659648261,53.0,Zephyr Manufacturing - Sanand,EMS,EMS,5,South Asia,Unaligned,Power module,0,Firm,Causes failure
EMS_0333,7.0,6.0,0.0001200302983266,0.0002878352164305,691.0,718.0,407.0,407.0,0.0,0.0,0.0,0.0,0.0,326.0,0.0,0.0,81.0,Renbeck Assemblies - Dalian,EMS,EMS,5,China,East Asia,Sensor module,0,Firm,Replaceable
EMS_0334,1.0,7.0,1.934693337038723e-05,0.0001214973192691,1014.0,1505.0,1211.0,1014.0,1.0,1.0,6777758459.137218,0.0053132305041309,1.0,50.0,6777758459.137218,0.0053132305041309,964.0,Mervi Manufacturing - Malta,EMS,EMS,5,North America,Western,Power module,0,Firm,Causes failure
EMS_0335,1.0,9.0,0.0001053577375031,0.0002080366044406,728.0,1054.0,1211.0,728.0,1.0,1.0,375819228.7894043,0.0002946127694696,1.0,301.0,375819228.7894043,0.0002946127694696,427.0,Brant Electronics - Singapore,EMS,EMS,5,Southeast Asia,East Asia,PCB assembly,0,Firm,Causes failure
EMS_0336,2.0,5.0,2.6627144852156485e-05,0.0001703883105476,972.0,1239.0,975.0,972.0,0.0,0.0,0.0,0.0,0.0,326.0,0.0,0.0,646.0,Korrin Assemblies - Tianjin,EMS,EMS,5,China,East Asia,Power module,0,Firm,Replaceable
EMS_0337,2.0,8.0,6.394578335181965e-05,0.0001569350443897,841.0,1298.0,975.0,841.0,0.0,0.0,0.0,0.0,0.0,326.0,0.0,0.0,515.0,Belan Assemblies - Eindhoven,EMS,EMS,5,Europe,Western,PCB assembly,0,Firm,Replaceable
EMS_0338,5.0,14.0,0.000488376571352,0.0002953679246309,250.0,691.0,549.0,250.0,0.0,0.0,0.0,0.0,0.0,326.0,0.0,0.0,-76.0,Mordant Electronics - Hsinchu,EMS,EMS,5,Taiwan,East Asia,PCB assembly,0,Firm,Replaceable
EMS_0339,1.0,7.0,4.515910693239958e-05,0.0001600663788708,900.0,1279.0,1211.0,900.0,1.0,1.0,465079570.83750606,0.0003645858697266,1.0,282.0,465079570.83750606,0.0003645858697266,618.0,Mordant Circuits - Wuxi 2,EMS,EMS,5,China,East Asia,PCB assembly,0,Firm,Causes failure
EMS_0340,1.0,9.0,2.248547184827956e-05,0.000126236548744,994.0,1474.0,1211.0,994.0,0.0,0.0,0.0,0.0,0.0,326.0,0.0,0.0,668.0,Kestrel Electronics - Tianjin 2,EMS,EMS,5,China,East Asia,Power module,0,Firm,Replaceable
EMS_0341,5.0,8.0,0.0003460433337967,0.0002394857202034,352.0,901.0,549.0,352.0,0.0,0.0,0.0,0.0,0.0,326.0,0.0,0.0,26.0,Oxbow Electronics - Hsinchu,EMS,EMS,5,Taiwan,East Asia,Power module,0,Firm,Replaceable
EMS_0342,8.0,9.0,0.0002187209958523,0.0002519122457916,512.0,853.0,348.0,348.0,0.0,0.0,0.0,0.0,0.0,326.0,0.0,0.0,22.0,Kestrel Assemblies - Austin,EMS,EMS,5,North America,Western,Sensor module,0,Firm,Replaceable
EMS_0343,7.0,8.0,0.0003875168099862,0.0002998604860211,319.0,679.0,407.0,319.0,1.0,1.0,650226103.1389028,0.0005097262150323,1.0,247.0,650226103.1389028,0.0005097262150323,72.0,Zephyr Electronics - Hillsboro,EMS,EMS,5,North America,Western,PCB assembly,0,Firm,Causes failure
EMS_0344,1.0,8.0,4.26800985290698e-05,0.0001851518159356,904.0,1167.0,1211.0,904.0,0.0,0.0,0.0,0.0,0.0,326.0,0.0,0.0,578.0,Jorel Circuits - Bangkok,EMS,EMS,5,Southeast Asia,East Asia,PCB assembly,0,Firm,Replaceable
EMS_0345,4.0,7.0,0.0001881515597459,0.0002942505156494,575.0,697.0,638.0,575.0,0.0,0.0,0.0,0.0,0.0,326.0,0.0,0.0,249.0,Prendel Assemblies - Bac Ninh,EMS,EMS,5,Southeast Asia,East Asia,Sensor module,0,Firm,Replaceable
EMS_0346,3.0,7.0,0.0001632060442816,0.0002523636354637,620.0,850.0,774.0,620.0,1.0,1.0,1547303114.967901,0.0012129641619938,1.0,159.0,1547303114.967901,0.0012129641619938,461.0,Kestrel Circuits - Hyderabad,EMS,EMS,5,South Asia,Unaligned,PCB assembly,0,Firm,Causes failure
EMS_0347,4.0,4.0,5.261014319779959e-05,0.0001593671141342,874.0,1282.0,638.0,638.0,0.0,0.0,0.0,0.0,0.0,326.0,0.0,0.0,312.0,Umber Assemblies - Ottawa,EMS,EMS,5,North America,Western,Power module,0,Firm,Replaceable
EMS_0348,1.0,14.0,7.108325915961262e-05,0.0001586132723226,818.0,1288.0,1211.0,818.0,0.0,0.0,0.0,0.0,0.0,326.0,0.0,0.0,492.0,Mervi Electronics - Sendai,EMS,EMS,5,Japan,East Asia,PCB assembly,0,Firm,Replaceable
EMS_0349,4.0,4.0,0.0001128520576141,0.0001940568658941,709.0,1131.0,638.0,638.0,0.0,0.0,0.0,0.0,0.0,326.0,0.0,0.0,312.0,Zephyr Electronics - Chengdu,EMS,EMS,5,China,East Asia,Power module,0,Firm,Replaceable
EMS_0350,3.0,9.0,4.817013103313111e-05,0.0001913622312139,890.0,1145.0,774.0,774.0,0.0,0.0,0.0,0.0,0.0,326.0,0.0,0.0,448.0,Nevin Assemblies - Malta,EMS,EMS,5,North America,Western,PCB assembly,0,Firm,Replaceable
EMS_0351,1.0,7.0,0.0001131643702964,0.0001665579252752,706.0,1255.0,1211.0,706.0,0.0,0.0,0.0,0.0,0.0,326.0,0.0,0.0,380.0,Thorne Manufacturing - Bengaluru,EMS,EMS,5,South Asia,Unaligned,Power module,0,Firm,Replaceable
EMS_0352,9.0,9.0,0.0004674256309459,0.0002701597103605,264.0,776.0,304.0,264.0,0.0,0.0,0.0,0.0,0.0,326.0,0.0,0.0,-62.0,Prendel Electronics - Hillsboro,EMS,EMS,5,North America,Western,Power module,0,Firm,Replaceable
EMS_0353,1.0,9.0,2.549728378089425e-05,0.0001534451947763,979.0,1320.0,1211.0,979.0,0.0,0.0,0.0,0.0,0.0,326.0,0.0,0.0,653.0,Brant Manufacturing - Guadalajara,EMS,EMS,5,North America,Western,PCB assembly,0,Firm,Replaceable
EMS_0354,1.0,9.0,5.93394839538155e-05,0.0001263270648484,855.0,1473.0,1211.0,855.0,0.0,0.0,0.0,0.0,0.0,326.0,0.0,0.0,529.0,Doran Manufacturing - Hwaseong,EMS,EMS,5,Korea,East Asia,PCB assembly,0,Firm,Replaceable
EMS_0355,4.0,6.0,9.628322409051805e-05,0.0002386046717599,757.0,914.0,638.0,638.0,0.0,0.0,0.0,0.0,0.0,326.0,0.0,0.0,312.0,Ferrin Circuits - Dresden,EMS,EMS,5,Europe,Western,PCB assembly,0,Firm,Replaceable
EMS_0356,12.0,7.0,0.0003954574900611,0.0004134476682371,314.0,448.0,213.0,213.0,0.0,0.0,0.0,0.0,0.0,326.0,0.0,0.0,-113.0,Trellis Manufacturing - Taoyuan,EMS,EMS,5,Taiwan,East Asia,Power module,0,Firm,Replaceable
EMS_0357,4.0,10.0,0.000161062871566,0.0002216899857285,621.0,993.0,638.0,621.0,0.0,0.0,0.0,0.0,0.0,326.0,0.0,0.0,295.0,Faryn Circuits - Eindhoven,EMS,EMS,5,Europe,Western,Sensor module,0,Firm,Replaceable
EMS_0358,3.0,7.0,8.287227876061006e-05,0.0002392310522823,788.0,904.0,774.0,774.0,0.0,0.0,0.0,0.0,0.0,326.0,0.0,0.0,448.0,Alder Assemblies - Dresden,EMS,EMS,5,Europe,Western,Sensor module,0,Firm,Replaceable
EMS_0359,6.0,7.0,0.0003303579627732,0.0002860370310012,365.0,721.0,457.0,365.0,1.0,1.0,580713424.3754289,0.0004552337323839,1.0,251.0,580713424.3754289,0.0004552337323839,114.0,Vantor Electronics - Shenzhen,EMS,EMS,5,China,East Asia,PCB assembly,0,Firm,Causes failure
EMS_0360,55.0,4.0,0.0012944768139348,0.0011354158483879,63.0,85.0,30.0,30.0,14.0,14.0,23374487601.38156,0.018323763127714,1.0,6.0,23374487601.38156,0.018323763127714,24.0,Ader Assemblies - Penang,EMS,EMS,5,Southeast Asia,East Asia,Power module,0,Firm,Causes failure
EMS_0361,20.0,6.0,0.000600513727371,0.0005428195050178,187.0,291.0,101.0,101.0,1.0,1.0,882569329.7632034,0.0006918650632328,1.0,220.0,882569329.7632034,0.0006918650632328,-119.0,Alder Electronics - Dalian,EMS,EMS,5,China,East Asia,Sensor module,0,Firm,Causes failure
EMS_0362,1.0,11.0,3.086878738389051e-05,0.0001256093658167,947.0,1477.0,1211.0,947.0,0.0,0.0,0.0,0.0,0.0,326.0,0.0,0.0,621.0,Jarn Electronics - Penang,EMS,EMS,5,Southeast Asia,East Asia,PCB assembly,0,Firm,Replaceable
EMS_0363,2.0,8.0,2.999105942477999e-05,0.0001621352531287,952.0,1272.0,975.0,952.0,0.0,0.0,0.0,0.0,0.0,326.0,0.0,0.0,626.0,Verity Circuits - Dalian,EMS,EMS,5,China,East Asia,PCB assembly,0,Firm,Replaceable
EMS_0364,1.0,14.0,6.477057208995086e-05,0.0001615312030509,838.0,1274.0,1211.0,838.0,0.0,0.0,0.0,0.0,0.0,326.0,0.0,0.0,512.0,Quill Electronics - Hillsboro,EMS,EMS,5,North America,Western,PCB assembly,0,Firm,Replaceable
EMS_0365,6.0,15.0,0.0003280506851301,0.0002167406394636,366.0,1016.0,457.0,366.0,0.0,0.0,0.0,0.0,0.0,326.0,0.0,0.0,40.0,Quarn Manufacturing - Malta,EMS,EMS,5,North America,Western,PCB assembly,0,Firm,Replaceable
EMS_0366,4.0,8.0,0.0001042401122487,0.0002668592685701,732.0,786.0,638.0,638.0,0.0,0.0,0.0,0.0,0.0,326.0,0.0,0.0,312.0,Ember Manufacturing - Shenzhen,EMS,EMS,5,China,East Asia,PCB assembly,0,Firm,Replaceable
EMS_0367,0.0,9.0,0.0,0.0001122065525757,1111.0,1533.0,1533.0,1111.0,0.0,0.0,0.0,0.0,0.0,326.0,0.0,0.0,785.0,Palter Manufacturing - Austin,EMS,EMS,5,North America,Western,PCB assembly,0,Firm,Replaceable
EMS_0368,6.0,9.0,0.0004438607827662,0.0002691943720329,283.0,778.0,457.0,283.0,0.0,0.0,0.0,0.0,0.0,326.0,0.0,0.0,-43.0,Elstow Electronics - Xi'an,EMS,EMS,5,China,East Asia,PCB assembly,0,Firm,Replaceable
EMS_0369,7.0,8.0,0.0002021743483675,0.0002013273100492,549.0,1086.0,407.0,407.0,0.0,0.0,0.0,0.0,0.0,326.0,0.0,0.0,81.0,Brant Manufacturing - Malta,EMS,EMS,5,North America,Western,Sensor module,0,Firm,Replaceable
EMS_0370,3.0,12.0,0.0001143575208912,0.000150479723577,702.0,1335.0,774.0,702.0,0.0,0.0,0.0,0.0,0.0,326.0,0.0,0.0,376.0,Noral Assemblies - Kaohsiung,EMS,EMS,5,Taiwan,East Asia,PCB assembly,0,Firm,Replaceable
EMS_0371,1.0,12.0,4.018863551784134e-05,0.000123186549577,910.0,1497.0,1211.0,910.0,0.0,0.0,0.0,0.0,0.0,326.0,0.0,0.0,584.0,Oxbow Electronics - Hillsboro,EMS,EMS,5,North America,Western,PCB assembly,0,Firm,Replaceable
EMS_0372,1.0,7.0,3.025564251968265e-05,0.0001247276017877,949.0,1487.0,1211.0,949.0,0.0,0.0,0.0,0.0,0.0,326.0,0.0,0.0,623.0,Oxbow Assemblies - Austin,EMS,EMS,5,North America,Western,PCB assembly,0,Firm,Replaceable
EMS_0373,2.0,9.0,8.180248224238941e-05,0.0001961276381021,791.0,1118.0,975.0,791.0,0.0,0.0,0.0,0.0,0.0,326.0,0.0,0.0,465.0,Dyne Manufacturing - Chengdu,EMS,EMS,5,China,East Asia,PCB assembly,0,Firm,Replaceable
EMS_0374,2.0,4.0,1.426728371502555e-05,0.0001452794447683,1038.0,1364.0,975.0,975.0,0.0,0.0,0.0,0.0,0.0,326.0,0.0,0.0,649.0,Ystad Manufacturing - Shanghai,EMS,EMS,5,China,East Asia,Sensor module,0,Firm,Replaceable
EMS_0375,3.0,9.0,0.0002818276335241,0.0002364307631236,417.0,923.0,774.0,417.0,1.0,1.0,318827076.95375663,0.0002499353969349,1.0,305.0,318827076.95375663,0.0002499353969349,112.0,Nevin Assemblies - Pune,EMS,EMS,5,South Asia,Unaligned,PCB assembly,0,Firm,Causes failure
EMS_0376,4.0,5.0,8.151541476418665e-05,0.0001544508138364,793.0,1311.0,638.0,638.0,0.0,0.0,0.0,0.0,0.0,326.0,0.0,0.0,312.0,Stade Circuits - Malta,EMS,EMS,5,North America,Western,Power module,0,Firm,Replaceable
EMS_0377,3.0,9.0,7.874459353362614e-05,0.0001446795898493,797.0,1367.0,774.0,774.0,0.0,0.0,0.0,0.0,0.0,326.0,0.0,0.0,448.0,Ader Circuits - Chengdu,EMS,EMS,5,China,East Asia,Sensor module,0,Firm,Replaceable
EMS_0378,0.0,12.0,0.0,0.0001122065525757,1111.0,1533.0,1533.0,1111.0,0.0,0.0,0.0,0.0,0.0,326.0,0.0,0.0,785.0,Halcy Assemblies - Batam,EMS,EMS,5,Southeast Asia,East Asia,PCB assembly,0,Firm,Replaceable
EMS_0379,2.0,12.0,0.0001362028448773,0.0001479843553279,670.0,1349.0,975.0,670.0,0.0,0.0,0.0,0.0,0.0,326.0,0.0,0.0,344.0,Ferrin Manufacturing - Shanghai,EMS,EMS,5,China,East Asia,PCB assembly,0,Firm,Replaceable
EMS_0380,9.0,10.0,0.0005030147376127,0.0003781307575925,241.0,500.0,304.0,241.0,1.0,1.0,382004158.4297153,0.0002994612687233,1.0,299.0,382004158.4297153,0.0002994612687233,-58.0,Oxbow Circuits - Xi'an,EMS,EMS,5,China,East Asia,PCB assembly,0,Firm,Causes failure
EMS_0381,0.0,8.0,0.0,0.0001122065525757,1111.0,1533.0,1533.0,1111.0,0.0,0.0,0.0,0.0,0.0,326.0,0.0,0.0,785.0,Dyne Circuits - Hillsboro,EMS,EMS,5,North America,Western,PCB assembly,0,Firm,Replaceable
EMS_0382,1.0,12.0,6.110331109500692e-05,0.0001484697242282,849.0,1344.0,1211.0,849.0,0.0,0.0,0.0,0.0,0.0,326.0,0.0,0.0,523.0,Alder Electronics - Tianjin,EMS,EMS,5,China,East Asia,PCB assembly,0,Firm,Replaceable
EMS_0383,1.0,12.0,0.0002525481194656,0.0001951639109065,451.0,1123.0,1211.0,451.0,1.0,1.0,205031498.6290976,0.0001607285977202,1.0,314.0,205031498.6290976,0.0001607285977202,137.0,Faryn Assemblies - Bangkok,EMS,EMS,5,Southeast Asia,East Asia,PCB assembly,0,Firm,Causes failure
EMS_0384,1.0,6.0,1.7930320108720485e-05,0.0001255190878001,1020.0,1478.0,1211.0,1020.0,0.0,0.0,0.0,0.0,0.0,326.0,0.0,0.0,694.0,Vantor Assemblies - Shenzhen 2,EMS,EMS,5,China,East Asia,Power module,0,Firm,Replaceable
EMS_0385,4.0,12.0,0.0001878552555531,0.0001840316914409,577.0,1176.0,638.0,577.0,0.0,0.0,0.0,0.0,0.0,326.0,0.0,0.0,251.0,Ivex Assemblies - Kaohsiung,EMS,EMS,5,Taiwan,East Asia,PCB assembly,0,Firm,Replaceable
EMS_0386,8.0,6.0,0.0003271274885165,0.0003227542281434,367.0,621.0,348.0,348.0,0.0,0.0,0.0,0.0,0.0,326.0,0.0,0.0,22.0,Wexler Manufacturing - Hsinchu,EMS,EMS,5,Taiwan,East Asia,Power module,0,Firm,Replaceable
EMS_0387,8.0,11.0,0.0003265679779742,0.000261706566146,370.0,812.0,348.0,348.0,0.0,0.0,0.0,0.0,0.0,326.0,0.0,0.0,22.0,Umber Electronics - Austin,EMS,EMS,5,North America,Western,PCB assembly,0,Firm,Replaceable
EMS_0388,11.0,2.0,6.914219638027056e-05,0.000370687936023,827.0,508.0,234.0,234.0,3.0,3.0,3717341310.206281,0.0029141037354358,1.0,86.0,3717341310.206281,0.0029141037354358,148.0,Lethe Electronics - Chengdu,EMS,EMS,5,China,East Asia,Sensor module,0,Firm,Causes failure
EMS_0389,8.0,14.0,0.0005978946274347,0.0003015168033499,188.0,675.0,348.0,188.0,0.0,0.0,0.0,0.0,0.0,326.0,0.0,0.0,-138.0,Wexler Circuits - Guadalajara,EMS,EMS,5,North America,Western,PCB assembly,0,Firm,Replaceable
EMS_0390,21.0,7.0,0.0005620013978386,0.0006531682861119,203.0,218.0,94.0,94.0,2.0,2.0,543016403.8228772,0.0004256822278972,1.0,261.0,543016403.8228772,0.0004256822278972,-167.0,Zephyr Electronics - Crolles,EMS,EMS,5,Europe,Western,PCB assembly,0,Firm,Causes failure
EMS_0391,3.0,5.0,9.361541265735976e-05,0.0002159125071341,763.0,1020.0,774.0,763.0,0.0,0.0,0.0,0.0,0.0,326.0,0.0,0.0,437.0,Verity Manufacturing - Grenoble,EMS,EMS,5,Europe,Western,Sensor module,0,Firm,Replaceable
EMS_0392,23.0,10.0,0.0009863235495853,0.0007548698761005,96.0,176.0,88.0,88.0,4.0,4.0,4725985527.1071205,0.0037048016119334,1.0,75.0,4725985527.1071205,0.0037048016119334,13.0,Renbeck Assemblies - Wuxi,EMS,EMS,5,China,East Asia,PCB assembly,0,Firm,Causes failure
EMS_0393,10.0,5.0,0.0002344146215,0.0003649363349532,481.0,520.0,267.0,267.0,3.0,3.0,5354467961.4287815,0.0041974824977278,1.0,59.0,5354467961.4287815,0.0041974824977278,208.0,Korrin Manufacturing - Hiroshima,EMS,EMS,5,Japan,East Asia,Power module,0,Firm,Causes failure
EMS_0394,8.0,14.0,0.0005569172180748,0.0003625308813292,205.0,522.0,348.0,205.0,2.0,2.0,1131718480.0378,0.0008871784361272,1.0,201.0,1131718480.0378,0.0008871784361272,4.0,Ader Circuits - Singapore,EMS,EMS,5,Southeast Asia,East Asia,PCB assembly,0,Firm,Causes failure
EMS_0395,0.0,6.0,0.0,0.0001122065525757,1111.0,1533.0,1533.0,1111.0,0.0,0.0,0.0,0.0,0.0,326.0,0.0,0.0,785.0,Wend Assemblies - Batam,EMS,EMS,5,Southeast Asia,East Asia,Power module,0,Firm,Replaceable
EMS_0396,0.0,10.0,0.0,0.0001122065525757,1111.0,1533.0,1533.0,1111.0,0.0,0.0,0.0,0.0,0.0,326.0,0.0,0.0,785.0,Kestrel Manufacturing - Xi'an,EMS,EMS,5,China,East Asia,PCB assembly,0,Firm,Replaceable
EMS_0397,10.0,10.0,0.0004392246963285,0.000349320133641,286.0,551.0,267.0,267.0,1.0,1.0,219787207.64361843,0.0001722959151038,1.0,312.0,219787207.64361843,0.0001722959151038,-45.0,Stade Manufacturing - Austin,EMS,EMS,5,North America,Western,PCB assembly,0,Firm,Causes failure
EMS_0398,5.0,9.0,0.0001539872466506,0.0002177402574788,637.0,1012.0,549.0,549.0,0.0,0.0,0.0,0.0,0.0,326.0,0.0,0.0,223.0,Elstow Electronics - Guadalajara,EMS,EMS,5,North America,Western,PCB assembly,0,Firm,Replaceable
EMS_0399,0.0,12.0,0.0,0.0001122065525757,1111.0,1533.0,1533.0,1111.0,0.0,0.0,0.0,0.0,0.0,326.0,0.0,0.0,785.0,Rivet Assemblies - Dalian 2,EMS,EMS,5,China,East Asia,PCB assembly,0,Firm,Replaceable
EMS_0400,0.0,7.0,0.0,0.0001122065525757,1111.0,1533.0,1533.0,1111.0,0.0,0.0,0.0,0.0,0.0,326.0,0.0,0.0,785.0,Granth Electronics - Wuxi,EMS,EMS,5,China,East Asia,PCB assembly,0,Firm,Replaceable
EMS_0401,53.0,13.0,0.003283518202348,0.00107140838418,20.0,95.0,32.0,20.0,10.0,10.0,11866054732.80361,0.0093020552960284,1.0,28.0,11866054732.80361,0.0093020552960284,-8.0,Prendel Manufacturing - Villach,EMS,EMS,5,Europe,Western,PCB assembly,0,Firm,Causes failure
EMS_0402,2.0,10.0,5.2406658445488006e-05,0.0001296004474009,876.0,1450.0,975.0,876.0,0.0,0.0,0.0,0.0,0.0,326.0,0.0,0.0,550.0,Verity Assemblies - Shanghai,EMS,EMS,5,China,East Asia,PCB assembly,0,Firm,Replaceable
EMS_0403,4.0,11.0,0.0001683198954729,0.0002598134329778,608.0,821.0,638.0,608.0,1.0,1.0,443222596.6262907,0.0003474517179555,1.0,285.0,443222596.6262907,0.0003474517179555,323.0,Ferrin Assemblies - Tianjin,EMS,EMS,5,China,East Asia,PCB assembly,0,Firm,Causes failure
EMS_0404,3.0,8.0,0.0001286902829875,0.0001781658375953,681.0,1196.0,774.0,681.0,0.0,0.0,0.0,0.0,0.0,326.0,0.0,0.0,355.0,Xanthe Circuits - Guadalajara,EMS,EMS,5,North America,Western,PCB assembly,0,Firm,Replaceable
EMS_0405,4.0,7.0,0.0002663074162496,0.0002322501529293,437.0,936.0,638.0,437.0,0.0,0.0,0.0,0.0,0.0,326.0,0.0,0.0,111.0,Vantor Electronics - Shanghai,EMS,EMS,5,China,East Asia,Sensor module,0,Firm,Replaceable
EMS_0406,15.0,10.0,0.0006071545863294,0.0004769908664154,183.0,361.0,157.0,157.0,3.0,3.0,3075122755.795987,0.0024106548099269,1.0,121.0,3075122755.795987,0.0024106548099269,36.0,Brant Manufacturing - Tianjin,EMS,EMS,5,China,East Asia,Power module,0,Firm,Causes failure
EMS_0407,14.0,5.0,0.0003581073000831,0.0004415152635332,344.0,412.0,175.0,175.0,2.0,2.0,2571582351.928417,0.0020159186666988,1.0,131.0,2571582351.928417,0.0020159186666988,44.0,Korrin Manufacturing - Shenzhen,EMS,EMS,5,China,East Asia,Sensor module,0,Firm,Causes failure
EMS_0408,4.0,10.0,0.0001752592255975,0.0002924531269768,597.0,703.0,638.0,597.0,1.0,1.0,573636110.6967232,0.000449685674106,1.0,256.0,573636110.6967232,0.000449685674106,341.0,Xanthe Assemblies - Penang,EMS,EMS,5,Southeast Asia,East Asia,PCB assembly,0,Firm,Causes failure
EMS_0409,5.0,10.0,0.0002298639294599,0.0002394530841911,486.0,902.0,549.0,486.0,1.0,1.0,1024909069.3372045,0.0008034482438396,1.0,206.0,1024909069.3372045,0.0008034482438396,280.0,Kestrel Electronics - Shanghai,EMS,EMS,5,China,East Asia,PCB assembly,0,Firm,Causes failure
EMS_0410,6.0,11.0,0.0003877681400684,0.00026833574313,318.0,783.0,457.0,318.0,0.0,0.0,0.0,0.0,0.0,326.0,0.0,0.0,-8.0,Lumen Electronics - Taichung,EMS,EMS,5,Taiwan,East Asia,PCB assembly,0,Firm,Replaceable
EMS_0411,0.0,9.0,0.0,0.0001122065525757,1111.0,1533.0,1533.0,1111.0,0.0,0.0,0.0,0.0,0.0,326.0,0.0,0.0,785.0,Vantor Manufacturing - Hsinchu,EMS,EMS,5,Taiwan,East Asia,PCB assembly,0,Firm,Replaceable
EMS_0412,4.0,8.0,0.000177051350919,0.0002313378045638,594.0,941.0,638.0,594.0,0.0,0.0,0.0,0.0,0.0,326.0,0.0,0.0,268.0,Yarrow Circuits - Shenzhen,EMS,EMS,5,China,East Asia,PCB assembly,0,Firm,Replaceable
EMS_0413,4.0,4.0,4.7856634187151616e-05,0.0002448236321851,893.0,882.0,638.0,638.0,2.0,2.0,1996310626.932372,0.0015649507993957,1.0,144.0,1996310626.932372,0.0015649507993957,494.0,Calder Circuits - Wuxi,EMS,EMS,5,China,East Asia,Power module,0,Firm,Causes failure
EMS_0414,8.0,10.0,0.0003897019398538,0.0004062877936703,316.0,457.0,348.0,316.0,2.0,2.0,847383058.7940831,0.0006642817892984,1.0,226.0,847383058.7940831,0.0006642817892984,90.0,Ader Electronics - Penang,EMS,EMS,5,Southeast Asia,East Asia,PCB assembly,0,Firm,Causes failure
EMS_0415,2.0,12.0,0.0001050312260354,0.0001754502619202,730.0,1213.0,975.0,730.0,0.0,0.0,0.0,0.0,0.0,326.0,0.0,0.0,404.0,Calder Assemblies - Hsinchu,EMS,EMS,5,Taiwan,East Asia,PCB assembly,0,Firm,Replaceable
EMS_0416,0.0,5.0,0.0,0.0001122065525757,1111.0,1533.0,1533.0,1111.0,0.0,0.0,0.0,0.0,0.0,326.0,0.0,0.0,785.0,Xanthe Manufacturing - Bangkok,EMS,EMS,5,Southeast Asia,East Asia,Power module,0,Firm,Replaceable
EMS_0417,5.0,5.0,8.447789802604163e-05,0.0002522724199233,782.0,851.0,549.0,549.0,1.0,1.0,788804791.8315951,0.0006183610270316,1.0,232.0,788804791.8315951,0.0006183610270316,317.0,Verity Assemblies - Batam,EMS,EMS,5,Southeast Asia,East Asia,Power module,0,Firm,Causes failure
EMS_0418,16.0,5.0,0.0004553995997559,0.0005061768369025,275.0,328.0,146.0,146.0,3.0,3.0,4922983990.117338,0.0038592329404092,1.0,66.0,4922983990.117338,0.0038592329404092,80.0,Palter Circuits - Villach,EMS,EMS,5,Europe,Western,Sensor module,0,Firm,Causes failure
EMS_0419,1.0,11.0,6.746967038265316e-05,0.0001693025369827,830.0,1242.0,1211.0,830.0,0.0,0.0,0.0,0.0,0.0,326.0,0.0,0.0,504.0,Gethin Assemblies - Shenzhen,EMS,EMS,5,China,East Asia,PCB assembly,0,Firm,Replaceable
EMS_0420,0.0,9.0,0.0,0.0001122065525757,1111.0,1533.0,1533.0,1111.0,0.0,0.0,0.0,0.0,0.0,326.0,0.0,0.0,785.0,Belan Assemblies - Sanand,EMS,EMS,5,South Asia,Unaligned,PCB assembly,0,Firm,Replaceable
EMS_0421,0.0,13.0,0.0,0.0001122065525757,1111.0,1533.0,1533.0,1111.0,0.0,0.0,0.0,0.0,0.0,326.0,0.0,0.0,785.0,Solvex Circuits - Penang,EMS,EMS,5,Southeast Asia,East Asia,PCB assembly,0,Firm,Replaceable
EMS_0422,1.0,15.0,7.629818157569043e-05,0.0001502753201802,803.0,1336.0,1211.0,803.0,1.0,1.0,180082045.89055964,0.0001411701855769,1.0,317.0,180082045.89055964,0.0001411701855769,486.0,Stade Circuits - Sanand,EMS,EMS,5,South Asia,Unaligned,PCB assembly,0,Firm,Causes failure
EMS_0423,5.0,10.0,0.0002082152532324,0.0001861523167112,532.0,1160.0,549.0,532.0,0.0,0.0,0.0,0.0,0.0,326.0,0.0,0.0,206.0,Calder Assemblies - Tianjin,EMS,EMS,5,China,East Asia,Power module,0,Firm,Replaceable
EMS_0424,12.0,12.0,0.00062913030863,0.0004069945287489,172.0,456.0,213.0,172.0,0.0,0.0,0.0,0.0,0.0,326.0,0.0,0.0,-154.0,Wend Electronics - Dalian,EMS,EMS,5,China,East Asia,PCB assembly,0,Firm,Replaceable
EMS_0425,11.0,9.0,0.0003089859539973,0.0003746588424062,387.0,505.0,234.0,234.0,1.0,1.0,970236946.2819864,0.0007605895917212,1.0,212.0,970236946.2819864,0.0007605895917212,22.0,Cortex Electronics - Shanghai,EMS,EMS,5,China,East Asia,PCB assembly,0,Firm,Causes failure
EMS_0426,1.0,12.0,4.08839680883778e-05,0.0001264805486774,906.0,1472.0,1211.0,906.0,0.0,0.0,0.0,0.0,0.0,326.0,0.0,0.0,580.0,Jorel Electronics - Wuxi,EMS,EMS,5,China,East Asia,PCB assembly,0,Firm,Replaceable
EMS_0427,8.0,15.0,0.000480835751752,0.0002548255013592,252.0,837.0,348.0,252.0,0.0,0.0,0.0,0.0,0.0,326.0,0.0,0.0,-74.0,Nevin Circuits - Chandler,EMS,EMS,5,North America,Western,PCB assembly,0,Firm,Replaceable
EMS_0428,4.0,5.0,0.0001500385170604,0.0002159401828673,645.0,1019.0,638.0,638.0,1.0,1.0,3107528815.98504,0.0024360586168866,1.0,111.0,3107528815.98504,0.0024360586168866,527.0,Halcy Electronics - Shanghai,EMS,EMS,5,China,East Asia,Power module,0,Firm,Causes failure
EMS_0429,5.0,7.0,0.0001104065016021,0.0002373467065174,714.0,919.0,549.0,549.0,0.0,0.0,0.0,0.0,0.0,326.0,0.0,0.0,223.0,Elstow Circuits - Hillsboro,EMS,EMS,5,North America,Western,Sensor module,0,Firm,Replaceable
EMS_0430,6.0,7.0,0.0003073303250931,0.0003115596399375,389.0,652.0,457.0,389.0,1.0,1.0,2562730742.100949,0.0020089796995418,1.0,132.0,2562730742.100949,0.0020089796995418,257.0,Jorel Assemblies - Batam,EMS,EMS,5,Southeast Asia,East Asia,Power module,0,Firm,Causes failure
EMS_0431,1.0,7.0,0.0001303702772069,0.0002008851080328,679.0,1093.0,1211.0,679.0,0.0,0.0,0.0,0.0,0.0,326.0,0.0,0.0,353.0,Noral Circuits - Hsinchu,EMS,EMS,5,Taiwan,East Asia,PCB assembly,0,Firm,Replaceable
EMS_0432,3.0,16.0,0.0001524964455025,0.000141048382409,641.0,1389.0,774.0,641.0,0.0,0.0,0.0,0.0,0.0,326.0,0.0,0.0,315.0,Xanthe Assemblies - Leixlip,EMS,EMS,5,Europe,Western,PCB assembly,0,Firm,Replaceable
EMS_0433,3.0,8.0,8.606206902971242e-05,0.0001738123866888,778.0,1221.0,774.0,774.0,1.0,1.0,2262585042.49147,0.0017736890357533,1.0,137.0,2262585042.49147,0.0017736890357533,637.0,Elstow Manufacturing - Tainan,EMS,EMS,5,Taiwan,East Asia,PCB assembly,0,Firm,Causes failure
EMS_0434,6.0,7.0,0.0001413618557116,0.0001935665018096,666.0,1136.0,457.0,457.0,1.0,1.0,481066735.0003793,0.0003771185512639,1.0,281.0,481066735.0003793,0.0003771185512639,176.0,Ferrin Circuits - Hillsboro,EMS,EMS,5,North America,Western,PCB assembly,0,Firm,Causes failure
EMS_0435,5.0,9.0,0.0002183004286339,0.0002319772363419,513.0,938.0,549.0,513.0,1.0,1.0,1340267019.0426133,0.0010506641173761,1.0,180.0,1340267019.0426133,0.0010506641173761,333.0,Quarn Electronics - Xi'an,EMS,EMS,5,China,East Asia,PCB assembly,0,Firm,Causes failure
EMS_0436,2.0,11.0,0.0001053195235345,0.0001751463747524,729.0,1216.0,975.0,729.0,0.0,0.0,0.0,0.0,0.0,326.0,0.0,0.0,403.0,Brant Electronics - Xi'an,EMS,EMS,5,China,East Asia,PCB assembly,0,Firm,Replaceable
EMS_0437,3.0,9.0,0.0001042738473246,0.0001748268380677,731.0,1218.0,774.0,731.0,0.0,0.0,0.0,0.0,0.0,326.0,0.0,0.0,405.0,Xanthe Electronics - Shanghai,EMS,EMS,5,China,East Asia,PCB assembly,0,Firm,Replaceable
EMS_0438,5.0,9.0,0.0003157688417898,0.0002804193675556,381.0,745.0,549.0,381.0,1.0,1.0,560735514.8299481,0.0004395726197836,1.0,259.0,560735514.8299481,0.0004395726197836,122.0,Rivet Manufacturing - Chengdu,EMS,EMS,5,China,East Asia,PCB assembly,0,Firm,Causes failure
EMS_0439,6.0,9.0,0.0003011454043416,0.0002663511074425,395.0,790.0,457.0,395.0,0.0,0.0,0.0,0.0,0.0,326.0,0.0,0.0,69.0,Quill Electronics - Shanghai,EMS,EMS,5,China,East Asia,PCB assembly,0,Firm,Replaceable
EMS_0440,4.0,4.0,0.0001469489666484,0.000218010106499,650.0,1009.0,638.0,638.0,1.0,1.0,940538059.483315,0.000737307996157,1.0,216.0,940538059.483315,0.000737307996157,422.0,Halcy Electronics - Batangas,EMS,EMS,5,Southeast Asia,East Asia,Power module,0,Firm,Causes failure
EMS_0441,2.0,8.0,4.5694797538566926e-05,0.0001760661245486,898.0,1206.0,975.0,898.0,0.0,0.0,0.0,0.0,0.0,326.0,0.0,0.0,572.0,Vantor Assemblies - Pune,EMS,EMS,5,South Asia,Unaligned,PCB assembly,0,Firm,Replaceable
EMS_0442,17.0,6.0,0.0003618087279163,0.000492712189868,339.0,344.0,132.0,132.0,1.0,1.0,579251891.1917467,0.0004540880051142,1.0,252.0,579251891.1917467,0.0004540880051142,-120.0,Trellis Circuits - Chengdu,EMS,EMS,5,China,East Asia,Sensor module,0,Firm,Causes failure
EMS_0443,2.0,9.0,7.473239350954117e-05,0.0001582795686205,808.0,1290.0,975.0,808.0,0.0,0.0,0.0,0.0,0.0,326.0,0.0,0.0,482.0,Mervi Assemblies - Xi'an 2,EMS,EMS,5,China,East Asia,Power module,0,Firm,Replaceable
EMS_0444,6.0,4.0,7.524669011077585e-05,0.0002913742571689,805.0,705.0,457.0,457.0,1.0,1.0,650226103.1389028,0.0005097262150323,1.0,247.0,650226103.1389028,0.0005097262150323,210.0,Lethe Assemblies - Leixlip,EMS,EMS,5,Europe,Western,Sensor module,0,Firm,Causes failure
EMS_0445,10.0,10.0,0.0004631508095491,0.000347017285719,266.0,556.0,267.0,266.0,1.0,1.0,493355941.3238608,0.000386752324185,1.0,276.0,493355941.3238608,0.000386752324185,-10.0,Brant Manufacturing - Wuxi,EMS,EMS,5,China,East Asia,PCB assembly,0,Firm,Causes failure
EMS_0446,3.0,18.0,0.0001997703839465,0.0001620361400634,558.0,1273.0,774.0,558.0,0.0,0.0,0.0,0.0,0.0,326.0,0.0,0.0,232.0,Stade Manufacturing - Chengdu,EMS,EMS,5,China,East Asia,PCB assembly,0,Firm,Replaceable
EMS_0447,4.0,8.0,0.0001970214739506,0.0002527845309474,563.0,848.0,638.0,563.0,0.0,0.0,0.0,0.0,0.0,326.0,0.0,0.0,237.0,Holt Electronics - Bac Ninh,EMS,EMS,5,Southeast Asia,East Asia,Power module,0,Firm,Replaceable
EMS_0448,21.0,8.0,0.0005472610117132,0.0003979797644203,208.0,472.0,94.0,94.0,2.0,2.0,4250169896.0775,0.0033317995139137,1.0,79.0,4250169896.0775,0.0033317995139137,15.0,Prendel Manufacturing - Austin,EMS,EMS,5,North America,Western,Power module,0,Firm,Causes failure
EMS_0449,2.0,6.0,5.0904647175919706e-05,0.0002299291978061,881.0,948.0,975.0,881.0,0.0,0.0,0.0,0.0,0.0,326.0,0.0,0.0,555.0,Verity Circuits - Singapore,EMS,EMS,5,Southeast Asia,East Asia,Power module,0,Firm,Replaceable
EMS_0450,0.0,11.0,0.0,0.0001122065525757,1111.0,1533.0,1533.0,1111.0,0.0,0.0,0.0,0.0,0.0,326.0,0.0,0.0,785.0,Mordant Circuits - Singapore,EMS,EMS,5,Southeast Asia,East Asia,PCB assembly,0,Firm,Replaceable
EMS_0451,9.0,14.0,0.00060273513429,0.0003443283739832,185.0,565.0,304.0,185.0,1.0,1.0,395958902.6536719,0.0003104006925955,1.0,298.0,395958902.6536719,0.0003104006925955,-113.0,Gethin Electronics - Guadalajara 2,EMS,EMS,5,North America,Western,PCB assembly,0,Firm,Causes failure
EMS_0452,8.0,10.0,0.0005688496443663,0.0003596568218023,198.0,525.0,348.0,198.0,2.0,2.0,788106338.376531,0.000617813494359,1.0,233.0,788106338.376531,0.000617813494359,-35.0,Trellis Manufacturing - Singapore,EMS,EMS,5,Southeast Asia,East Asia,PCB assembly,0,Firm,Causes failure
EMS_0453,70.0,7.0,0.0019395569969347,0.0011622488814459,32.0,81.0,25.0,25.0,26.0,26.0,43626955663.28365,0.0342001080490014,1.0,1.0,43626955663.28365,0.0342001080490014,24.0,Kestrel Electronics - Batangas,EMS,EMS,5,Southeast Asia,East Asia,Power module,0,Firm,Causes failure
EMS_0454,28.0,10.0,0.0012760843800768,0.0007123108202743,64.0,196.0,70.0,64.0,1.0,1.0,374640492.3578615,0.0002936887326509,1.0,302.0,374640492.3578615,0.0002936887326509,-238.0,Kestrel Circuits - Wuxi,EMS,EMS,5,China,East Asia,PCB assembly,0,Firm,Causes failure
EMS_0455,0.0,7.0,0.0,0.0001122065525757,1111.0,1533.0,1533.0,1111.0,0.0,0.0,0.0,0.0,0.0,326.0,0.0,0.0,785.0,Orvid Circuits - Bac Ninh,EMS,EMS,5,Southeast Asia,East Asia,PCB assembly,0,Firm,Replaceable
EMS_0456,10.0,7.0,0.0003641275681235,0.0004320152854282,337.0,422.0,267.0,267.0,1.0,1.0,1183751412.080244,0.0009279681696968,1.0,191.0,1183751412.080244,0.0009279681696968,76.0,Rivet Circuits - Pune,EMS,EMS,5,South Asia,Unaligned,PCB assembly,0,Firm,Causes failure
EMS_0457,10.0,8.0,0.0003690056735011,0.0003441591334528,335.0,567.0,267.0,267.0,2.0,2.0,1957441888.518508,0.0015344807600983,1.0,146.0,1957441888.518508,0.0015344807600983,121.0,Jorel Assemblies - Wuxi,EMS,EMS,5,China,East Asia,PCB assembly,0,Firm,Causes failure
EMS_0458,3.0,11.0,0.0001131637174666,0.0001656176850975,707.0,1261.0,774.0,707.0,0.0,0.0,0.0,0.0,0.0,326.0,0.0,0.0,381.0,Isar Circuits - Tianjin,EMS,EMS,5,China,East Asia,PCB assembly,0,Firm,Replaceable
EMS_0459,0.0,9.0,0.0,0.0001122065525757,1111.0,1533.0,1533.0,1111.0,0.0,0.0,0.0,0.0,0.0,326.0,0.0,0.0,785.0,Solvex Electronics - Batam,EMS,EMS,5,Southeast Asia,East Asia,PCB assembly,0,Firm,Replaceable
EMS_0460,4.0,11.0,0.0003522461329899,0.0002345811345693,346.0,929.0,638.0,346.0,3.0,3.0,3128279026.6376114,0.0024523251529208,1.0,110.0,3128279026.6376114,0.0024523251529208,236.0,Elstow Electronics - Taoyuan,EMS,EMS,5,Taiwan,East Asia,PCB assembly,0,Firm,Causes failure
EMS_0461,12.0,9.0,0.0006007402011743,0.0004483309528976,186.0,405.0,213.0,186.0,3.0,3.0,6417705721.522727,0.0050309774259011,1.0,51.0,6417705721.522727,0.0050309774259011,135.0,Jorel Assemblies - Hsinchu,EMS,EMS,5,Taiwan,East Asia,Power module,0,Firm,Causes failure
EMS_0462,8.0,12.0,0.0007207682391263,0.0003661497108132,142.0,518.0,348.0,142.0,2.0,2.0,1263183353.9143631,0.0009902365758225,1.0,188.0,1263183353.9143631,0.0009902365758225,-46.0,Mordant Circuits - Batangas 2,EMS,EMS,5,Southeast Asia,East Asia,PCB assembly,0,Firm,Causes failure
EMS_0463,1.0,6.0,2.4461620072088034e-05,0.00013073223259,983.0,1440.0,1211.0,983.0,0.0,0.0,0.0,0.0,0.0,326.0,0.0,0.0,657.0,Ystad Electronics - Wuxi,EMS,EMS,5,China,East Asia,Sensor module,0,Firm,Replaceable
EMS_0464,2.0,15.0,0.000195512030208,0.0001867020964049,566.0,1155.0,975.0,566.0,0.0,0.0,0.0,0.0,0.0,326.0,0.0,0.0,240.0,Wend Circuits - Chengdu,EMS,EMS,5,China,East Asia,PCB assembly,0,Firm,Replaceable
EMS_0465,0.0,7.0,0.0,0.0001122065525757,1111.0,1533.0,1533.0,1111.0,0.0,0.0,0.0,0.0,0.0,326.0,0.0,0.0,785.0,Prendel Manufacturing - Bangkok,EMS,EMS,5,Southeast Asia,East Asia,PCB assembly,0,Firm,Replaceable
EMS_0466,5.0,9.0,0.0002320313562608,0.0002825064267883,484.0,735.0,549.0,484.0,1.0,1.0,281623938.4547054,0.0002207710572031,1.0,310.0,281623938.4547054,0.0002207710572031,174.0,Dyne Circuits - Austin,EMS,EMS,5,North America,Western,PCB assembly,0,Firm,Causes failure
EMS_0467,8.0,15.0,0.0006136502059379,0.0002946163774112,177.0,695.0,348.0,177.0,0.0,0.0,0.0,0.0,0.0,326.0,0.0,0.0,-149.0,Korrin Circuits - Dalian,EMS,EMS,5,China,East Asia,PCB assembly,0,Firm,Replaceable
EMS_0468,18.0,8.0,0.0005748942755777,0.0005383434051848,197.0,294.0,121.0,121.0,1.0,1.0,652617343.9492644,0.0005116007600892,1.0,245.0,652617343.9492644,0.0005116007600892,-124.0,Jarn Circuits - Wuxi,EMS,EMS,5,China,East Asia,Sensor module,0,Firm,Causes failure
EMS_0469,3.0,10.0,0.0001935409206517,0.0002548575620972,568.0,836.0,774.0,568.0,0.0,0.0,0.0,0.0,0.0,326.0,0.0,0.0,242.0,Halcy Circuits - Bengaluru,EMS,EMS,5,South Asia,Unaligned,PCB assembly,0,Firm,Replaceable
EMS_0470,7.0,9.0,0.0003456974278977,0.000309277818482,353.0,657.0,407.0,353.0,0.0,0.0,0.0,0.0,0.0,326.0,0.0,0.0,27.0,Halcy Assemblies - Eindhoven,EMS,EMS,5,Europe,Western,PCB assembly,0,Firm,Replaceable
EMS_0471,0.0,10.0,0.0,0.0001122065525757,1111.0,1533.0,1533.0,1111.0,0.0,0.0,0.0,0.0,0.0,326.0,0.0,0.0,785.0,Ivex Circuits - Penang,EMS,EMS,5,Southeast Asia,East Asia,PCB assembly,0,Firm,Replaceable
EMS_0472,16.0,4.0,0.0002004162250985,0.0004511007767434,556.0,402.0,146.0,146.0,0.0,0.0,0.0,0.0,0.0,326.0,0.0,0.0,-180.0,Noral Manufacturing - Villach,EMS,EMS,5,Europe,Western,Sensor module,0,Firm,Replaceable
EMS_0473,1.0,13.0,5.954435537125609e-05,0.0001219565499129,854.0,1503.0,1211.0,854.0,0.0,0.0,0.0,0.0,0.0,326.0,0.0,0.0,528.0,Elstow Circuits - Leixlip,EMS,EMS,5,Europe,Western,PCB assembly,0,Firm,Replaceable
EMS_0474,1.0,7.0,2.682494132829146e-05,0.0001227267507076,971.0,1500.0,1211.0,971.0,0.0,0.0,0.0,0.0,0.0,326.0,0.0,0.0,645.0,Belan Circuits - Tianjin,EMS,EMS,5,China,East Asia,PCB assembly,0,Firm,Replaceable
EMS_0475,2.0,9.0,0.0001671346529635,0.0002556861366108,611.0,833.0,975.0,611.0,0.0,0.0,0.0,0.0,0.0,326.0,0.0,0.0,285.0,Vantor Circuits - Batangas,EMS,EMS,5,Southeast Asia,East Asia,PCB assembly,0,Firm,Replaceable
EMS_0476,6.0,9.0,0.0003424829495563,0.0003880579412107,355.0,483.0,457.0,355.0,0.0,0.0,0.0,0.0,0.0,326.0,0.0,0.0,29.0,Thorne Manufacturing - Batam,EMS,EMS,5,Southeast Asia,East Asia,Power module,0,Firm,Replaceable
EMS_0477,1.0,5.0,1.6917677105743887e-05,0.0001183984686929,1027.0,1520.0,1211.0,1027.0,0.0,0.0,0.0,0.0,0.0,326.0,0.0,0.0,701.0,Quarn Assemblies - Ottawa,EMS,EMS,5,North America,Western,Sensor module,0,Firm,Replaceable
EMS_0478,13.0,12.0,0.0005651754664269,0.0004128342275551,201.0,449.0,193.0,193.0,1.0,1.0,1124999383.0778952,0.0008819111916329,1.0,203.0,1124999383.0778952,0.0008819111916329,-10.0,Gethin Circuits - Shenzhen,EMS,EMS,5,China,East Asia,PCB assembly,0,Firm,Causes failure
EMS_0479,4.0,8.0,0.0002025856102532,0.0002391482955674,548.0,907.0,638.0,548.0,1.0,1.0,504698163.1122772,0.0003956437355792,1.0,273.0,504698163.1122772,0.0003956437355792,275.0,Doran Circuits - Hillsboro,EMS,EMS,5,North America,Western,PCB assembly,0,Firm,Causes failure
EMS_0480,3.0,11.0,0.0003153927573782,0.0002225361138438,382.0,991.0,774.0,382.0,0.0,0.0,0.0,0.0,0.0,326.0,0.0,0.0,56.0,Doran Assemblies - Icheon,EMS,EMS,5,Korea,East Asia,PCB assembly,0,Firm,Replaceable
EMS_0481,1.0,15.0,8.267691025462721e-05,0.0001352291269333,790.0,1414.0,1211.0,790.0,0.0,0.0,0.0,0.0,0.0,326.0,0.0,0.0,464.0,Quarn Manufacturing - Ottawa,EMS,EMS,5,North America,Western,PCB assembly,0,Firm,Replaceable
EMS_0482,0.0,12.0,0.0,0.0001122065525757,1111.0,1533.0,1533.0,1111.0,0.0,0.0,0.0,0.0,0.0,326.0,0.0,0.0,785.0,Ulvid Circuits - Bac Ninh,EMS,EMS,5,Southeast Asia,East Asia,PCB assembly,0,Firm,Replaceable
EMS_0483,5.0,3.0,0.0001733220031863,0.0002632024964228,598.0,807.0,549.0,549.0,0.0,0.0,0.0,0.0,0.0,326.0,0.0,0.0,223.0,Ivex Manufacturing - Yokkaichi,EMS,EMS,5,Japan,East Asia,Power module,0,Firm,Replaceable
EMS_0484,1.0,4.0,6.859359927986178e-05,0.0001865821152171,828.0,1158.0,1211.0,828.0,0.0,0.0,0.0,0.0,0.0,326.0,0.0,0.0,502.0,Faryn Manufacturing - Penang,EMS,EMS,5,Southeast Asia,East Asia,PCB assembly,0,Firm,Replaceable
EMS_0485,1.0,8.0,2.9723500113041796e-05,0.0001247276017877,955.0,1487.0,1211.0,955.0,0.0,0.0,0.0,0.0,0.0,326.0,0.0,0.0,629.0,Wend Assemblies - Malta,EMS,EMS,5,North America,Western,PCB assembly,0,Firm,Replaceable
EMS_0486,6.0,12.0,0.0003259556642802,0.0002911989369267,371.0,706.0,457.0,371.0,1.0,1.0,1140655290.344575,0.0008941841937708,1.0,196.0,1140655290.344575,0.0008941841937708,175.0,Rivet Circuits - Penang,EMS,EMS,5,Southeast Asia,East Asia,PCB assembly,0,Firm,Causes failure
EMS_0487,0.0,6.0,0.0,0.0001122065525757,1111.0,1533.0,1533.0,1111.0,0.0,0.0,0.0,0.0,0.0,326.0,0.0,0.0,785.0,Orvid Circuits - Penang,EMS,EMS,5,Southeast Asia,East Asia,Power module,0,Firm,Replaceable
EMS_0488,3.0,9.0,0.0002896308684107,0.0002436561158266,405.0,887.0,774.0,405.0,1.0,1.0,4022933647.463218,0.0031536641355196,1.0,82.0,4022933647.463218,0.0031536641355196,323.0,Mordant Assemblies - Taoyuan,EMS,EMS,5,Taiwan,East Asia,Sensor module,0,Firm,Causes failure
EMS_0489,60.0,6.0,0.0014707869147554,0.0010127112060077,50.0,103.0,29.0,29.0,7.0,7.0,9379693771.895054,0.0073529435090821,1.0,36.0,9379693771.895054,0.0073529435090821,-7.0,Ystad Manufacturing - Dresden,EMS,EMS,5,Europe,Western,Power module,0,Firm,Causes failure
EMS_0490,11.0,8.0,0.0005417168705896,0.0004189361544426,213.0,437.0,234.0,213.0,1.0,1.0,451553613.75677615,0.0003539825813102,1.0,283.0,451553613.75677615,0.0003539825813102,-70.0,Jarn Manufacturing - Dalian,EMS,EMS,5,China,East Asia,PCB assembly,0,Firm,Causes failure
EMS_0491,3.0,7.0,0.0002544837819017,0.0002118485368883,448.0,1033.0,774.0,448.0,1.0,1.0,1425233631.438878,0.0011172712706906,1.0,168.0,1425233631.438878,0.0011172712706906,280.0,Isar Assemblies - Bengaluru,EMS,EMS,5,South Asia,Unaligned,Power module,0,Firm,Causes failure
EMS_0492,3.0,10.0,9.470932278622206e-05,0.0001923094412619,761.0,1142.0,774.0,761.0,1.0,1.0,802421931.9057858,0.000629035795756,1.0,230.0,802421931.9057858,0.000629035795756,531.0,Oxbow Circuits - Dalian,EMS,EMS,5,China,East Asia,PCB assembly,0,Firm,Causes failure
EMS_0493,5.0,10.0,0.0001332530594578,0.0002534824229085,673.0,843.0,549.0,549.0,0.0,0.0,0.0,0.0,0.0,326.0,0.0,0.0,223.0,Cortex Manufacturing - Ottawa,EMS,EMS,5,North America,Western,PCB assembly,0,Firm,Replaceable
EMS_0494,3.0,14.0,0.0004578425598465,0.0002236388810727,272.0,988.0,774.0,272.0,0.0,0.0,0.0,0.0,0.0,326.0,0.0,0.0,-54.0,Alder Manufacturing - Taoyuan,EMS,EMS,5,Taiwan,East Asia,PCB assembly,0,Firm,Replaceable
EMS_0495,12.0,10.0,0.0005384069413888,0.0004717423002551,215.0,374.0,213.0,213.0,2.0,2.0,1812380121.6755333,0.0014207637238215,1.0,149.0,1812380121.6755333,0.0014207637238215,64.0,Thorne Electronics - Tianjin,EMS,EMS,5,China,East Asia,PCB assembly,0,Firm,Causes failure
EMS_0496,1.0,6.0,0.0001089346576377,0.0001851518159356,722.0,1167.0,1211.0,722.0,0.0,0.0,0.0,0.0,0.0,326.0,0.0,0.0,396.0,Zephyr Circuits - Bac Ninh,EMS,EMS,5,Southeast Asia,East Asia,Power module,0,Firm,Replaceable
EMS_0497,6.0,10.0,0.0002511467813188,0.0002795396883235,452.0,746.0,457.0,452.0,1.0,1.0,720881816.9548103,0.0005651147474212,1.0,241.0,720881816.9548103,0.0005651147474212,211.0,Stade Assemblies - Dalian,EMS,EMS,5,China,East Asia,Power module,0,Firm,Causes failure
EMS_0498,0.0,8.0,0.0,0.0001122065525757,1111.0,1533.0,1533.0,1111.0,0.0,0.0,0.0,0.0,0.0,326.0,0.0,0.0,785.0,Vantor Electronics - Shanghai 2,EMS,EMS,5,China,East Asia,Sensor module,0,Firm,Replaceable
EMS_0499,0.0,8.0,0.0,0.0001122065525757,1111.0,1533.0,1533.0,1111.0,0.0,0.0,0.0,0.0,0.0,326.0,0.0,0.0,785.0,Oxbow Manufacturing - Taichung,EMS,EMS,5,Taiwan,East Asia,PCB assembly,0,Firm,Replaceable
EMS_0500,1.0,7.0,1.01231021665003e-05,0.0001439843541443,1056.0,1374.0,1211.0,1056.0,0.0,0.0,0.0,0.0,0.0,326.0,0.0,0.0,730.0,Korrin Assemblies - Dresden 2,EMS,EMS,5,Europe,Western,PCB assembly,0,Firm,Replaceable
EMS_0501,1.0,9.0,2.889487439045182e-05,0.0001943344100669,962.0,1129.0,1211.0,962.0,0.0,0.0,0.0,0.0,0.0,326.0,0.0,0.0,636.0,Mervi Manufacturing - Grenoble,EMS,EMS,5,Europe,Western,PCB assembly,0,Firm,Replaceable
EMS_0502,4.0,6.0,0.0001164754362643,0.0002100627104753,697.0,1040.0,638.0,638.0,0.0,0.0,0.0,0.0,0.0,326.0,0.0,0.0,312.0,Granth Circuits - Batangas,EMS,EMS,5,Southeast Asia,East Asia,Sensor module,0,Firm,Replaceable
EMS_0503,2.0,15.0,8.602979029897093e-05,0.0001475955665597,779.0,1352.0,975.0,779.0,0.0,0.0,0.0,0.0,0.0,326.0,0.0,0.0,453.0,Cortex Manufacturing - Tianjin,EMS,EMS,5,China,East Asia,PCB assembly,0,Firm,Replaceable
EMS_0504,29.0,8.0,0.0011155526995534,0.0009329594212668,83.0,117.0,65.0,65.0,7.0,7.0,4834856926.348334,0.0037901482413483,1.0,72.0,4834856926.348334,0.0037901482413483,-7.0,Wexler Electronics - Wuxi,EMS,EMS,5,China,East Asia,PCB assembly,0,Firm,Causes failure
EMS_0505,0.0,10.0,0.0,0.0001122065525757,1111.0,1533.0,1533.0,1111.0,0.0,0.0,0.0,0.0,0.0,326.0,0.0,0.0,785.0,Isar Circuits - Dalian,EMS,EMS,5,China,East Asia,PCB assembly,0,Firm,Replaceable
EMS_0506,2.0,10.0,0.000271476796304,0.0001897659981904,434.0,1149.0,975.0,434.0,0.0,0.0,0.0,0.0,0.0,326.0,0.0,0.0,108.0,Doran Electronics - Xi'an,EMS,EMS,5,China,East Asia,Power module,0,Firm,Replaceable
EMS_0507,1.0,10.0,0.0001174891091791,0.0002194789986932,695.0,1005.0,1211.0,695.0,0.0,0.0,0.0,0.0,0.0,326.0,0.0,0.0,369.0,Palter Circuits - Singapore,EMS,EMS,5,Southeast Asia,East Asia,PCB assembly,0,Firm,Replaceable
EMS_0508,1.0,11.0,9.71557197994095e-05,0.0001715527371817,750.0,1236.0,1211.0,750.0,0.0,0.0,0.0,0.0,0.0,326.0,0.0,0.0,424.0,Cortex Manufacturing - Tianjin 2,EMS,EMS,5,China,East Asia,PCB assembly,0,Firm,Replaceable
EMS_0509,6.0,9.0,0.0002486438213242,0.0002303700353754,455.0,944.0,457.0,455.0,0.0,0.0,0.0,0.0,0.0,326.0,0.0,0.0,129.0,Rivet Assemblies - Wuxi,EMS,EMS,5,China,East Asia,PCB assembly,0,Firm,Replaceable
EMS_0510,1.0,14.0,4.699421170831396e-05,0.0001514545305007,895.0,1330.0,1211.0,895.0,0.0,0.0,0.0,0.0,0.0,326.0,0.0,0.0,569.0,Yarrow Circuits - Penang,EMS,EMS,5,Southeast Asia,East Asia,PCB assembly,0,Firm,Replaceable
EMS_0511,48.0,5.0,0.0014583735308262,0.001119280983749,51.0,87.0,40.0,40.0,13.0,13.0,16845114631.532717,0.0132052473462199,1.0,14.0,16845114631.532717,0.0132052473462199,26.0,Wexler Electronics - Taoyuan,EMS,EMS,5,Taiwan,East Asia,Power module,0,Firm,Causes failure
EMS_0512,0.0,9.0,0.0,0.0001122065525757,1111.0,1533.0,1533.0,1111.0,0.0,0.0,0.0,0.0,0.0,326.0,0.0,0.0,785.0,Oxbow Electronics - Batam,EMS,EMS,5,Southeast Asia,East Asia,PCB assembly,0,Firm,Replaceable
EMS_0513,16.0,7.0,0.0004750707711124,0.000425595179433,259.0,432.0,146.0,146.0,2.0,2.0,1497400951.610532,0.0011738447837848,1.0,166.0,1497400951.610532,0.0011738447837848,-20.0,Lumen Electronics - Penang,EMS,EMS,5,Southeast Asia,East Asia,PCB assembly,0,Firm,Causes failure
EMS_0514,7.0,10.0,0.0003463634401447,0.0003146006259678,351.0,645.0,407.0,351.0,0.0,0.0,0.0,0.0,0.0,326.0,0.0,0.0,25.0,Ivex Manufacturing - Dalian,EMS,EMS,5,China,East Asia,PCB assembly,0,Firm,Replaceable
EMS_0515,8.0,6.0,0.0001642124655658,0.0002724247254564,617.0,769.0,348.0,348.0,0.0,0.0,0.0,0.0,0.0,326.0,0.0,0.0,22.0,Verity Electronics - Crolles,EMS,EMS,5,Europe,Western,PCB assembly,0,Firm,Replaceable
EMS_0516,0.0,14.0,0.0,0.0001122065525757,1111.0,1533.0,1533.0,1111.0,0.0,0.0,0.0,0.0,0.0,326.0,0.0,0.0,785.0,Gethin Circuits - Singapore 2,EMS,EMS,5,Southeast Asia,East Asia,PCB assembly,0,Firm,Replaceable
EMS_0517,4.0,8.0,0.0001461172651875,0.0002051643582409,654.0,1065.0,638.0,638.0,2.0,2.0,1167269372.1713142,0.0009150475444278,1.0,193.0,1167269372.1713142,0.0009150475444278,445.0,Solvex Assemblies - Shanghai,EMS,EMS,5,China,East Asia,PCB assembly,0,Firm,Causes failure
EMS_0518,0.0,13.0,0.0,0.0001122065525757,1111.0,1533.0,1533.0,1111.0,0.0,0.0,0.0,0.0,0.0,326.0,0.0,0.0,785.0,Solvex Assemblies - Batangas,EMS,EMS,5,Southeast Asia,East Asia,PCB assembly,0,Firm,Replaceable
EMS_0519,3.0,6.0,8.757078809258708e-05,0.0001992172901605,774.0,1101.0,774.0,774.0,0.0,0.0,0.0,0.0,0.0,326.0,0.0,0.0,448.0,Rivet Manufacturing - Gumi,EMS,EMS,5,Korea,East Asia,Sensor module,0,Firm,Replaceable
OEM_0000,0.0,5.0,0.0,0.0001122065525757,1111.0,1533.0,1533.0,1111.0,,,,,,,,,,Nevin Products - Guadalajara,OEM,OEM,6,North America,Western,Industrial controller,0,Firm,Replaceable
OEM_0001,0.0,5.0,0.0,0.0001122065525757,1111.0,1533.0,1533.0,1111.0,,,,,,,,,,Cortex Devices - Dalian,OEM,OEM,6,China,East Asia,Automotive ECU,0,Firm,Replaceable
OEM_0002,0.0,5.0,0.0,0.0001122065525757,1111.0,1533.0,1533.0,1111.0,,,,,,,,,,Wend Group - Chengdu,OEM,OEM,6,China,East Asia,Industrial controller,0,Firm,Replaceable
OEM_0003,0.0,3.0,0.0,0.0001122065525757,1111.0,1533.0,1533.0,1111.0,,,,,,,,,,Nevin Products - Bengaluru,OEM,OEM,6,South Asia,Unaligned,Server,0,Firm,Replaceable
OEM_0004,0.0,5.0,0.0,0.0001122065525757,1111.0,1533.0,1533.0,1111.0,,,,,,,,,,Ivex Devices - Hillsboro,OEM,OEM,6,North America,Western,Industrial controller,0,Firm,Replaceable
OEM_0005,0.0,4.0,0.0,0.0001122065525757,1111.0,1533.0,1533.0,1111.0,,,,,,,,,,Zephyr Products - Cheongju,OEM,OEM,6,Korea,East Asia,Network equipment,0,Firm,Replaceable
OEM_0006,0.0,4.0,0.0,0.0001122065525757,1111.0,1533.0,1533.0,1111.0,,,,,,,,,,Mordant Products - Xi'an,OEM,OEM,6,China,East Asia,Automotive ECU,0,Firm,Replaceable
OEM_0007,0.0,6.0,0.0,0.0001122065525757,1111.0,1533.0,1533.0,1111.0,,,,,,,,,,Orvid Industries - Chengdu,OEM,OEM,6,China,East Asia,Server,0,Firm,Replaceable
OEM_0008,0.0,4.0,0.0,0.0001122065525757,1111.0,1533.0,1533.0,1111.0,,,,,,,,,,Verity Group - Malta,OEM,OEM,6,North America,Western,Industrial controller,0,Firm,Replaceable
OEM_0009,0.0,4.0,0.0,0.0001122065525757,1111.0,1533.0,1533.0,1111.0,,,,,,,,,,Ferrin Devices - Kitakyushu,OEM,OEM,6,Japan,East Asia,Laptop,0,Firm,Replaceable
OEM_0010,0.0,7.0,0.0,0.0001122065525757,1111.0,1533.0,1533.0,1111.0,,,,,,,,,,Palter Products - Batam,OEM,OEM,6,Southeast Asia,East Asia,Smartphone,0,Firm,Replaceable
OEM_0011,0.0,3.0,0.0,0.0001122065525757,1111.0,1533.0,1533.0,1111.0,,,,,,,,,,Isar Products - Wuxi,OEM,OEM,6,China,East Asia,Network equipment,0,Firm,Replaceable
OEM_0012,0.0,4.0,0.0,0.0001122065525757,1111.0,1533.0,1533.0,1111.0,,,,,,,,,,Granth Group - Crolles,OEM,OEM,6,Europe,Western,Industrial controller,0,Firm,Replaceable
OEM_0013,0.0,6.0,0.0,0.0001122065525757,1111.0,1533.0,1533.0,1111.0,,,,,,,,,,Cortex Group - Sendai,OEM,OEM,6,Japan,East Asia,Smartphone,0,Firm,Replaceable
OEM_0014,0.0,4.0,0.0,0.0001122065525757,1111.0,1533.0,1533.0,1111.0,,,,,,,,,,Elstow Devices - Taoyuan,OEM,OEM,6,Taiwan,East Asia,Laptop,0,Firm,Replaceable
OEM_0015,0.0,9.0,0.0,0.0001122065525757,1111.0,1533.0,1533.0,1111.0,,,,,,,,,,Umber Devices - Hillsboro,OEM,OEM,6,North America,Western,Industrial controller,0,Firm,Replaceable
OEM_0016,0.0,5.0,0.0,0.0001122065525757,1111.0,1533.0,1533.0,1111.0,,,,,,,,,,Wexler Industries - Ottawa,OEM,OEM,6,North America,Western,Medical device,0,Firm,Replaceable
OEM_0017,0.0,2.0,0.0,0.0001122065525757,1111.0,1533.0,1533.0,1111.0,,,,,,,,,,Brant Products - Austin,OEM,OEM,6,North America,Western,Laptop,0,Firm,Replaceable
OEM_0018,0.0,5.0,0.0,0.0001122065525757,1111.0,1533.0,1533.0,1111.0,,,,,,,,,,Ader Industries - Hiroshima,OEM,OEM,6,Japan,East Asia,Laptop,0,Firm,Replaceable
OEM_0019,0.0,7.0,0.0,0.0001122065525757,1111.0,1533.0,1533.0,1111.0,,,,,,,,,,Doran Industries - Shanghai,OEM,OEM,6,China,East Asia,Automotive ECU,0,Firm,Replaceable
OEM_0020,0.0,3.0,0.0,0.0001122065525757,1111.0,1533.0,1533.0,1111.0,,,,,,,,,,Faryn Industries - Grenoble,OEM,OEM,6,Europe,Western,Network equipment,0,Firm,Replaceable
OEM_0021,0.0,4.0,0.0,0.0001122065525757,1111.0,1533.0,1533.0,1111.0,,,,,,,,,,Belan Products - Tainan,OEM,OEM,6,Taiwan,East Asia,Network equipment,0,Firm,Replaceable
OEM_0022,0.0,7.0,0.0,0.0001122065525757,1111.0,1533.0,1533.0,1111.0,,,,,,,,,,Ember Industries - Hiroshima,OEM,OEM,6,Japan,East Asia,Industrial controller,0,Firm,Replaceable
OEM_0023,0.0,4.0,0.0,0.0001122065525757,1111.0,1533.0,1533.0,1111.0,,,,,,,,,,Nevin Products - Chandler,OEM,OEM,6,North America,Western,Server,0,Firm,Replaceable
OEM_0024,0.0,4.0,0.0,0.0001122065525757,1111.0,1533.0,1533.0,1111.0,,,,,,,,,,Rivet Devices - Guadalajara,OEM,OEM,6,North America,Western,Smartphone,0,Firm,Replaceable
OEM_0025,0.0,2.0,0.0,0.0001122065525757,1111.0,1533.0,1533.0,1111.0,,,,,,,,,,Ember Products - Malta,OEM,OEM,6,North America,Western,Server,0,Firm,Replaceable
OEM_0026,0.0,4.0,0.0,0.0001122065525757,1111.0,1533.0,1533.0,1111.0,,,,,,,,,,Renbeck Products - Grenoble,OEM,OEM,6,Europe,Western,Smartphone,0,Firm,Replaceable
OEM_0027,0.0,8.0,0.0,0.0001122065525757,1111.0,1533.0,1533.0,1111.0,,,,,,,,,,Quill Products - Eindhoven,OEM,OEM,6,Europe,Western,Industrial controller,0,Firm,Replaceable
OEM_0028,0.0,4.0,0.0,0.0001122065525757,1111.0,1533.0,1533.0,1111.0,,,,,,,,,,Brant Products - Gumi,OEM,OEM,6,Korea,East Asia,Server,0,Firm,Replaceable
OEM_0029,0.0,3.0,0.0,0.0001122065525757,1111.0,1533.0,1533.0,1111.0,,,,,,,,,,Doran Industries - Austin,OEM,OEM,6,North America,Western,Network equipment,0,Firm,Replaceable
OEM_0030,0.0,4.0,0.0,0.0001122065525757,1111.0,1533.0,1533.0,1111.0,,,,,,,,,,Doran Products - Bangkok,OEM,OEM,6,Southeast Asia,East Asia,Industrial controller,0,Firm,Replaceable
OEM_0031,0.0,2.0,0.0,0.0001122065525757,1111.0,1533.0,1533.0,1111.0,,,,,,,,,,Belan Products - Austin,OEM,OEM,6,North America,Western,Industrial controller,0,Firm,Replaceable
OEM_0032,0.0,4.0,0.0,0.0001122065525757,1111.0,1533.0,1533.0,1111.0,,,,,,,,,,Stade Devices - Kaohsiung,OEM,OEM,6,Taiwan,East Asia,Network equipment,0,Firm,Replaceable
OEM_0033,0.0,7.0,0.0,0.0001122065525757,1111.0,1533.0,1533.0,1111.0,,,,,,,,,,Lethe Products - Hillsboro,OEM,OEM,6,North America,Western,Server,0,Firm,Replaceable
OEM_0034,0.0,5.0,0.0,0.0001122065525757,1111.0,1533.0,1533.0,1111.0,,,,,,,,,,Quarn Industries - Kaohsiung,OEM,OEM,6,Taiwan,East Asia,Laptop,0,Firm,Replaceable
OEM_0035,0.0,7.0,0.0,0.0001122065525757,1111.0,1533.0,1533.0,1111.0,,,,,,,,,,Elstow Group - Hwaseong,OEM,OEM,6,Korea,East Asia,Smartphone,0,Firm,Replaceable
OEM_0036,0.0,7.0,0.0,0.0001122065525757,1111.0,1533.0,1533.0,1111.0,,,,,,,,,,Umber Devices - Nagano,OEM,OEM,6,Japan,East Asia,Automotive ECU,0,Firm,Replaceable
OEM_0037,0.0,7.0,0.0,0.0001122065525757,1111.0,1533.0,1533.0,1111.0,,,,,,,,,,Solvex Group - Chandler,OEM,OEM,6,North America,Western,Server,0,Firm,Replaceable
OEM_0038,0.0,4.0,0.0,0.0001122065525757,1111.0,1533.0,1533.0,1111.0,,,,,,,,,,Oxbow Devices - Sanand,OEM,OEM,6,South Asia,Unaligned,Automotive ECU,0,Firm,Replaceable
OEM_0039,0.0,9.0,0.0,0.0001122065525757,1111.0,1533.0,1533.0,1111.0,,,,,,,,,,Kestrel Industries - Shenzhen,OEM,OEM,6,China,East Asia,Automotive ECU,0,Firm,Replaceable
OEM_0040,0.0,6.0,0.0,0.0001122065525757,1111.0,1533.0,1533.0,1111.0,,,,,,,,,,Alder Products - Leixlip,OEM,OEM,6,Europe,Western,Industrial controller,0,Firm,Replaceable
OEM_0041,0.0,9.0,0.0,0.0001122065525757,1111.0,1533.0,1533.0,1111.0,,,,,,,,,,Brant Group - Chandler,OEM,OEM,6,North America,Western,Industrial controller,0,Firm,Replaceable
OEM_0042,0.0,6.0,0.0,0.0001122065525757,1111.0,1533.0,1533.0,1111.0,,,,,,,,,,Elstow Group - Icheon,OEM,OEM,6,Korea,East Asia,Network equipment,0,Firm,Replaceable
OEM_0043,0.0,7.0,0.0,0.0001122065525757,1111.0,1533.0,1533.0,1111.0,,,,,,,,,,Orvid Devices - Hillsboro,OEM,OEM,6,North America,Western,Laptop,0,Firm,Replaceable
OEM_0044,0.0,8.0,0.0,0.0001122065525757,1111.0,1533.0,1533.0,1111.0,,,,,,,,,,Lethe Devices - Shanghai,OEM,OEM,6,China,East Asia,Industrial controller,0,Firm,Replaceable
OEM_0045,0.0,6.0,0.0,0.0001122065525757,1111.0,1533.0,1533.0,1111.0,,,,,,,,,,Zephyr Group - Hwaseong,OEM,OEM,6,Korea,East Asia,Industrial controller,0,Firm,Replaceable
OEM_0046,0.0,4.0,0.0,0.0001122065525757,1111.0,1533.0,1533.0,1111.0,,,,,,,,,,Gethin Industries - Sendai,OEM,OEM,6,Japan,East Asia,Network equipment,0,Firm,Replaceable
OEM_0047,0.0,8.0,0.0,0.0001122065525757,1111.0,1533.0,1533.0,1111.0,,,,,,,,,,Mervi Industries - Penang,OEM,OEM,6,Southeast Asia,East Asia,Automotive ECU,0,Firm,Replaceable
OEM_0048,0.0,6.0,0.0,0.0001122065525757,1111.0,1533.0,1533.0,1111.0,,,,,,,,,,Lumen Devices - Tainan,OEM,OEM,6,Taiwan,East Asia,Medical device,0,Firm,Replaceable
OEM_0049,0.0,2.0,0.0,0.0001122065525757,1111.0,1533.0,1533.0,1111.0,,,,,,,,,,Solvex Group - Kitakyushu,OEM,OEM,6,Japan,East Asia,Network equipment,0,Firm,Replaceable
OEM_0050,0.0,7.0,0.0,0.0001122065525757,1111.0,1533.0,1533.0,1111.0,,,,,,,,,,Lethe Devices - Wuxi,OEM,OEM,6,China,East Asia,Server,0,Firm,Replaceable
OEM_0051,0.0,1.0,0.0,0.0001122065525757,1111.0,1533.0,1533.0,1111.0,,,,,,,,,,Brant Products - Wuxi,OEM,OEM,6,China,East Asia,Medical device,0,Firm,Replaceable
OEM_0052,0.0,5.0,0.0,0.0001122065525757,1111.0,1533.0,1533.0,1111.0,,,,,,,,,,Noral Industries - Chandler,OEM,OEM,6,North America,Western,Medical device,0,Firm,Replaceable
OEM_0053,0.0,3.0,0.0,0.0001122065525757,1111.0,1533.0,1533.0,1111.0,,,,,,,,,,Rivet Products - Icheon,OEM,OEM,6,Korea,East Asia,Automotive ECU,0,Firm,Replaceable
OEM_0054,0.0,3.0,0.0,0.0001122065525757,1111.0,1533.0,1533.0,1111.0,,,,,,,,,,Noral Industries - Yokkaichi,OEM,OEM,6,Japan,East Asia,Automotive ECU,0,Firm,Replaceable
OEM_0055,0.0,6.0,0.0,0.0001122065525757,1111.0,1533.0,1533.0,1111.0,,,,,,,,,,Lumen Industries - Leixlip,OEM,OEM,6,Europe,Western,Medical device,0,Firm,Replaceable
OEM_0056,0.0,4.0,0.0,0.0001122065525757,1111.0,1533.0,1533.0,1111.0,,,,,,,,,,Jarn Products - Austin,OEM,OEM,6,North America,Western,Laptop,0,Firm,Replaceable
OEM_0057,0.0,8.0,0.0,0.0001122065525757,1111.0,1533.0,1533.0,1111.0,,,,,,,,,,Zephyr Devices - Taichung,OEM,OEM,6,Taiwan,East Asia,Smartphone,0,Firm,Replaceable
OEM_0058,0.0,6.0,0.0,0.0001122065525757,1111.0,1533.0,1533.0,1111.0,,,,,,,,,,Vantor Products - Eindhoven,OEM,OEM,6,Europe,Western,Laptop,0,Firm,Replaceable
OEM_0059,0.0,7.0,0.0,0.0001122065525757,1111.0,1533.0,1533.0,1111.0,,,,,,,,,,Ader Devices - Pyeongtaek,OEM,OEM,6,Korea,East Asia,Network equipment,0,Firm,Replaceable
OEM_0060,0.0,4.0,0.0,0.0001122065525757,1111.0,1533.0,1533.0,1111.0,,,,,,,,,,Zephyr Industries - Tianjin,OEM,OEM,6,China,East Asia,Server,0,Firm,Replaceable
OEM_0061,0.0,4.0,0.0,0.0001122065525757,1111.0,1533.0,1533.0,1111.0,,,,,,,,,,Ember Industries - Wuxi,OEM,OEM,6,China,East Asia,Industrial controller,0,Firm,Replaceable
OEM_0062,0.0,5.0,0.0,0.0001122065525757,1111.0,1533.0,1533.0,1111.0,,,,,,,,,,Umber Devices - Kitakyushu,OEM,OEM,6,Japan,East Asia,Automotive ECU,0,Firm,Replaceable
OEM_0063,0.0,6.0,0.0,0.0001122065525757,1111.0,1533.0,1533.0,1111.0,,,,,,,,,,Gethin Products - Kumamoto,OEM,OEM,6,Japan,East Asia,Industrial controller,0,Firm,Replaceable
OEM_0064,0.0,2.0,0.0,0.0001122065525757,1111.0,1533.0,1533.0,1111.0,,,,,,,,,,Ember Devices - Hillsboro,OEM,OEM,6,North America,Western,Network equipment,0,Firm,Replaceable
OEM_0065,0.0,6.0,0.0,0.0001122065525757,1111.0,1533.0,1533.0,1111.0,,,,,,,,,,Faryn Group - Xi'an,OEM,OEM,6,China,East Asia,Server,0,Firm,Replaceable
OEM_0066,0.0,5.0,0.0,0.0001122065525757,1111.0,1533.0,1533.0,1111.0,,,,,,,,,,Mervi Industries - Dalian,OEM,OEM,6,China,East Asia,Server,0,Firm,Replaceable
OEM_0067,0.0,8.0,0.0,0.0001122065525757,1111.0,1533.0,1533.0,1111.0,,,,,,,,,,Solvex Group - Nagano,OEM,OEM,6,Japan,East Asia,Automotive ECU,0,Firm,Replaceable
OEM_0068,0.0,8.0,0.0,0.0001122065525757,1111.0,1533.0,1533.0,1111.0,,,,,,,,,,Renbeck Products - Austin,OEM,OEM,6,North America,Western,Medical device,0,Firm,Replaceable
OEM_0069,0.0,2.0,0.0,0.0001122065525757,1111.0,1533.0,1533.0,1111.0,,,,,,,,,,Renbeck Products - Icheon,OEM,OEM,6,Korea,East Asia,Industrial controller,0,Firm,Replaceable
OEM_0070,0.0,5.0,0.0,0.0001122065525757,1111.0,1533.0,1533.0,1111.0,,,,,,,,,,Wexler Group - Leixlip,OEM,OEM,6,Europe,Western,Industrial controller,0,Firm,Replaceable
OEM_0071,0.0,5.0,0.0,0.0001122065525757,1111.0,1533.0,1533.0,1111.0,,,,,,,,,,Thorne Industries - Guadalajara,OEM,OEM,6,North America,Western,Laptop,0,Firm,Replaceable
OEM_0072,0.0,6.0,0.0,0.0001122065525757,1111.0,1533.0,1533.0,1111.0,,,,,,,,,,Belan Group - Hillsboro,OEM,OEM,6,North America,Western,Network equipment,0,Firm,Replaceable
OEM_0073,0.0,6.0,0.0,0.0001122065525757,1111.0,1533.0,1533.0,1111.0,,,,,,,,,,Mervi Group - Guadalajara,OEM,OEM,6,North America,Western,Medical device,0,Firm,Replaceable
OEM_0074,0.0,6.0,0.0,0.0001122065525757,1111.0,1533.0,1533.0,1111.0,,,,,,,,,,Alder Industries - Grenoble,OEM,OEM,6,Europe,Western,Automotive ECU,0,Firm,Replaceable
OEM_0075,0.0,4.0,0.0,0.0001122065525757,1111.0,1533.0,1533.0,1111.0,,,,,,,,,,Trellis Industries - Cheongju,OEM,OEM,6,Korea,East Asia,Network equipment,0,Firm,Replaceable
OEM_0076,0.0,2.0,0.0,0.0001122065525757,1111.0,1533.0,1533.0,1111.0,,,,,,,,,,Cortex Group - Sanand,OEM,OEM,6,South Asia,Unaligned,Network equipment,0,Firm,Replaceable
OEM_0077,0.0,7.0,0.0,0.0001122065525757,1111.0,1533.0,1533.0,1111.0,,,,,,,,,,Cortex Devices - Austin,OEM,OEM,6,North America,Western,Laptop,0,Firm,Replaceable
OEM_0078,0.0,5.0,0.0,0.0001122065525757,1111.0,1533.0,1533.0,1111.0,,,,,,,,,,Ember Devices - Guadalajara,OEM,OEM,6,North America,Western,Smartphone,0,Firm,Replaceable
OEM_0079,0.0,5.0,0.0,0.0001122065525757,1111.0,1533.0,1533.0,1111.0,,,,,,,,,,Mervi Industries - Leixlip,OEM,OEM,6,Europe,Western,Automotive ECU,0,Firm,Replaceable
OEM_0080,0.0,5.0,0.0,0.0001122065525757,1111.0,1533.0,1533.0,1111.0,,,,,,,,,,Prendel Industries - Kaohsiung,OEM,OEM,6,Taiwan,East Asia,Server,0,Firm,Replaceable
OEM_0081,0.0,7.0,0.0,0.0001122065525757,1111.0,1533.0,1533.0,1111.0,,,,,,,,,,Stade Industries - Austin,OEM,OEM,6,North America,Western,Medical device,0,Firm,Replaceable
OEM_0082,0.0,5.0,0.0,0.0001122065525757,1111.0,1533.0,1533.0,1111.0,,,,,,,,,,Lumen Industries - Ottawa,OEM,OEM,6,North America,Western,Network equipment,0,Firm,Replaceable
OEM_0083,0.0,7.0,0.0,0.0001122065525757,1111.0,1533.0,1533.0,1111.0,,,,,,,,,,Korrin Products - Dalian,OEM,OEM,6,China,East Asia,Smartphone,0,Firm,Replaceable
OEM_0084,0.0,4.0,0.0,0.0001122065525757,1111.0,1533.0,1533.0,1111.0,,,,,,,,,,Nevin Devices - Chandler,OEM,OEM,6,North America,Western,Medical device,0,Firm,Replaceable
OEM_0085,0.0,1.0,0.0,0.0001122065525757,1111.0,1533.0,1533.0,1111.0,,,,,,,,,,Brant Devices - Dalian,OEM,OEM,6,China,East Asia,Industrial controller,0,Firm,Replaceable
OEM_0086,0.0,8.0,0.0,0.0001122065525757,1111.0,1533.0,1533.0,1111.0,,,,,,,,,,Ember Devices - Wuxi,OEM,OEM,6,China,East Asia,Automotive ECU,0,Firm,Replaceable
OEM_0087,0.0,5.0,0.0,0.0001122065525757,1111.0,1533.0,1533.0,1111.0,,,,,,,,,,Verity Group - Kumamoto,OEM,OEM,6,Japan,East Asia,Industrial controller,0,Firm,Replaceable
OEM_0088,0.0,6.0,0.0,0.0001122065525757,1111.0,1533.0,1533.0,1111.0,,,,,,,,,,Wend Group - Hiroshima,OEM,OEM,6,Japan,East Asia,Industrial controller,0,Firm,Replaceable
OEM_0089,0.0,3.0,0.0,0.0001122065525757,1111.0,1533.0,1533.0,1111.0,,,,,,,,,,Verity Devices - Kumamoto,OEM,OEM,6,Japan,East Asia,Medical device,0,Firm,Replaceable
OEM_0090,0.0,4.0,0.0,0.0001122065525757,1111.0,1533.0,1533.0,1111.0,,,,,,,,,,Ivex Products - Grenoble,OEM,OEM,6,Europe,Western,Smartphone,0,Firm,Replaceable
OEM_0091,0.0,4.0,0.0,0.0001122065525757,1111.0,1533.0,1533.0,1111.0,,,,,,,,,,Belan Products - Dresden,OEM,OEM,6,Europe,Western,Medical device,0,Firm,Replaceable
OEM_0092,0.0,6.0,0.0,0.0001122065525757,1111.0,1533.0,1533.0,1111.0,,,,,,,,,,Vantor Group - Shanghai,OEM,OEM,6,China,East Asia,Laptop,0,Firm,Replaceable
OEM_0093,0.0,5.0,0.0,0.0001122065525757,1111.0,1533.0,1533.0,1111.0,,,,,,,,,,Quill Group - Dalian,OEM,OEM,6,China,East Asia,Laptop,0,Firm,Replaceable
OEM_0094,0.0,8.0,0.0,0.0001122065525757,1111.0,1533.0,1533.0,1111.0,,,,,,,,,,Umber Industries - Ottawa,OEM,OEM,6,North America,Western,Laptop,0,Firm,Replaceable
OEM_0095,0.0,7.0,0.0,0.0001122065525757,1111.0,1533.0,1533.0,1111.0,,,,,,,,,,Stade Products - Kitakyushu,OEM,OEM,6,Japan,East Asia,Laptop,0,Firm,Replaceable
OEM_0096,0.0,4.0,0.0,0.0001122065525757,1111.0,1533.0,1533.0,1111.0,,,,,,,,,,Quarn Products - Cheongju,OEM,OEM,6,Korea,East Asia,Server,0,Firm,Replaceable
OEM_0097,0.0,3.0,0.0,0.0001122065525757,1111.0,1533.0,1533.0,1111.0,,,,,,,,,,Jarn Group - Batam,OEM,OEM,6,Southeast Asia,East Asia,Smartphone,0,Firm,Replaceable
OEM_0098,0.0,3.0,0.0,0.0001122065525757,1111.0,1533.0,1533.0,1111.0,,,,,,,,,,Brant Products - Hwaseong,OEM,OEM,6,Korea,East Asia,Network equipment,0,Firm,Replaceable
OEM_0099,0.0,2.0,0.0,0.0001122065525757,1111.0,1533.0,1533.0,1111.0,,,,,,,,,,Elstow Devices - Xi'an,OEM,OEM,6,China,East Asia,Laptop,0,Firm,Replaceable
OEM_0100,0.0,2.0,0.0,0.0001122065525757,1111.0,1533.0,1533.0,1111.0,,,,,,,,,,Granth Products - Chengdu,OEM,OEM,6,China,East Asia,Smartphone,0,Firm,Replaceable
OEM_0101,0.0,3.0,0.0,0.0001122065525757,1111.0,1533.0,1533.0,1111.0,,,,,,,,,,Ivex Industries - Hillsboro,OEM,OEM,6,North America,Western,Network equipment,0,Firm,Replaceable
OEM_0102,0.0,1.0,0.0,0.0001122065525757,1111.0,1533.0,1533.0,1111.0,,,,,,,,,,Nevin Products - Malta,OEM,OEM,6,North America,Western,Network equipment,0,Firm,Replaceable
OEM_0103,0.0,5.0,0.0,0.0001122065525757,1111.0,1533.0,1533.0,1111.0,,,,,,,,,,Mervi Group - Dalian,OEM,OEM,6,China,East Asia,Network equipment,0,Firm,Replaceable
OEM_0104,0.0,5.0,0.0,0.0001122065525757,1111.0,1533.0,1533.0,1111.0,,,,,,,,,,Doran Devices - Ottawa,OEM,OEM,6,North America,Western,Network equipment,0,Firm,Replaceable
OEM_0105,0.0,4.0,0.0,0.0001122065525757,1111.0,1533.0,1533.0,1111.0,,,,,,,,,,Noral Products - Dalian,OEM,OEM,6,China,East Asia,Network equipment,0,Firm,Replaceable
OEM_0106,0.0,1.0,0.0,0.0001122065525757,1111.0,1533.0,1533.0,1111.0,,,,,,,,,,Holt Products - Austin,OEM,OEM,6,North America,Western,Industrial controller,0,Firm,Replaceable
OEM_0107,0.0,4.0,0.0,0.0001122065525757,1111.0,1533.0,1533.0,1111.0,,,,,,,,,,Faryn Group - Grenoble,OEM,OEM,6,Europe,Western,Medical device,0,Firm,Replaceable
OEM_0108,0.0,4.0,0.0,0.0001122065525757,1111.0,1533.0,1533.0,1111.0,,,,,,,,,,Renbeck Products - Kumamoto,OEM,OEM,6,Japan,East Asia,Network equipment,0,Firm,Replaceable
OEM_0109,0.0,5.0,0.0,0.0001122065525757,1111.0,1533.0,1533.0,1111.0,,,,,,,,,,Ulvid Devices - Crolles,OEM,OEM,6,Europe,Western,Industrial controller,0,Firm,Replaceable
OEM_0110,0.0,5.0,0.0,0.0001122065525757,1111.0,1533.0,1533.0,1111.0,,,,,,,,,,Korrin Industries - Leixlip,OEM,OEM,6,Europe,Western,Automotive ECU,0,Firm,Replaceable
OEM_0111,0.0,2.0,0.0,0.0001122065525757,1111.0,1533.0,1533.0,1111.0,,,,,,,,,,Isar Industries - Bangkok,OEM,OEM,6,Southeast Asia,East Asia,Server,0,Firm,Replaceable
OEM_0112,0.0,4.0,0.0,0.0001122065525757,1111.0,1533.0,1533.0,1111.0,,,,,,,,,,Trellis Industries - Pyeongtaek,OEM,OEM,6,Korea,East Asia,Medical device,0,Firm,Replaceable
OEM_0113,0.0,1.0,0.0,0.0001122065525757,1111.0,1533.0,1533.0,1111.0,,,,,,,,,,Holt Products - Shenzhen,OEM,OEM,6,China,East Asia,Network equipment,0,Firm,Replaceable
OEM_0114,0.0,5.0,0.0,0.0001122065525757,1111.0,1533.0,1533.0,1111.0,,,,,,,,,,Alder Products - Xi'an,OEM,OEM,6,China,East Asia,Automotive ECU,0,Firm,Replaceable
OEM_0115,0.0,3.0,0.0,0.0001122065525757,1111.0,1533.0,1533.0,1111.0,,,,,,,,,,Cortex Products - Yokkaichi,OEM,OEM,6,Japan,East Asia,Industrial controller,0,Firm,Replaceable
OEM_0116,0.0,2.0,0.0,0.0001122065525757,1111.0,1533.0,1533.0,1111.0,,,,,,,,,,Korrin Devices - Shanghai,OEM,OEM,6,China,East Asia,Network equipment,0,Firm,Replaceable
OEM_0117,0.0,5.0,0.0,0.0001122065525757,1111.0,1533.0,1533.0,1111.0,,,,,,,,,,Yarrow Industries - Hillsboro,OEM,OEM,6,North America,Western,Laptop,0,Firm,Replaceable
OEM_0118,0.0,7.0,0.0,0.0001122065525757,1111.0,1533.0,1533.0,1111.0,,,,,,,,,,Jarn Products - Penang,OEM,OEM,6,Southeast Asia,East Asia,Medical device,0,Firm,Replaceable
OEM_0119,0.0,6.0,0.0,0.0001122065525757,1111.0,1533.0,1533.0,1111.0,,,,,,,,,,Dyne Group - Eindhoven,OEM,OEM,6,Europe,Western,Server,0,Firm,Replaceable
OEM_0120,0.0,6.0,0.0,0.0001122065525757,1111.0,1533.0,1533.0,1111.0,,,,,,,,,,Wexler Industries - Hwaseong,OEM,OEM,6,Korea,East Asia,Industrial controller,0,Firm,Replaceable
OEM_0121,0.0,5.0,0.0,0.0001122065525757,1111.0,1533.0,1533.0,1111.0,,,,,,,,,,Jorel Industries - Shenzhen,OEM,OEM,6,China,East Asia,Smartphone,0,Firm,Replaceable
OEM_0122,0.0,6.0,0.0,0.0001122065525757,1111.0,1533.0,1533.0,1111.0,,,,,,,,,,Prendel Industries - Austin,OEM,OEM,6,North America,Western,Automotive ECU,0,Firm,Replaceable
OEM_0123,0.0,5.0,0.0,0.0001122065525757,1111.0,1533.0,1533.0,1111.0,,,,,,,,,,Brant Products - Shanghai,OEM,OEM,6,China,East Asia,Automotive ECU,0,Firm,Replaceable
OEM_0124,0.0,7.0,0.0,0.0001122065525757,1111.0,1533.0,1533.0,1111.0,,,,,,,,,,Palter Devices - Batam,OEM,OEM,6,Southeast Asia,East Asia,Laptop,0,Firm,Replaceable
OEM_0125,0.0,7.0,0.0,0.0001122065525757,1111.0,1533.0,1533.0,1111.0,,,,,,,,,,Ferrin Group - Malta,OEM,OEM,6,North America,Western,Smartphone,0,Firm,Replaceable
OEM_0126,0.0,5.0,0.0,0.0001122065525757,1111.0,1533.0,1533.0,1111.0,,,,,,,,,,Kestrel Industries - Hyderabad,OEM,OEM,6,South Asia,Unaligned,Laptop,0,Firm,Replaceable
OEM_0127,0.0,4.0,0.0,0.0001122065525757,1111.0,1533.0,1533.0,1111.0,,,,,,,,,,Ivex Industries - Villach,OEM,OEM,6,Europe,Western,Laptop,0,Firm,Replaceable
OEM_0128,0.0,11.0,0.0,0.0001122065525757,1111.0,1533.0,1533.0,1111.0,,,,,,,,,,Palter Group - Guadalajara,OEM,OEM,6,North America,Western,Automotive ECU,0,Firm,Replaceable
OEM_0129,0.0,3.0,0.0,0.0001122065525757,1111.0,1533.0,1533.0,1111.0,,,,,,,,,,Korrin Products - Chandler,OEM,OEM,6,North America,Western,Server,0,Firm,Replaceable
OEM_0130,0.0,7.0,0.0,0.0001122065525757,1111.0,1533.0,1533.0,1111.0,,,,,,,,,,Vantor Group - Ottawa,OEM,OEM,6,North America,Western,Smartphone,0,Firm,Replaceable
OEM_0131,0.0,4.0,0.0,0.0001122065525757,1111.0,1533.0,1533.0,1111.0,,,,,,,,,,Dyne Industries - Austin,OEM,OEM,6,North America,Western,Network equipment,0,Firm,Replaceable
OEM_0132,0.0,4.0,0.0,0.0001122065525757,1111.0,1533.0,1533.0,1111.0,,,,,,,,,,Prendel Group - Eindhoven,OEM,OEM,6,Europe,Western,Smartphone,0,Firm,Replaceable
OEM_0133,0.0,6.0,0.0,0.0001122065525757,1111.0,1533.0,1533.0,1111.0,,,,,,,,,,Doran Products - Nagano,OEM,OEM,6,Japan,East Asia,Medical device,0,Firm,Replaceable
OEM_0134,0.0,4.0,0.0,0.0001122065525757,1111.0,1533.0,1533.0,1111.0,,,,,,,,,,Granth Industries - Ottawa,OEM,OEM,6,North America,Western,Laptop,0,Firm,Replaceable
OEM_0135,0.0,1.0,0.0,0.0001122065525757,1111.0,1533.0,1533.0,1111.0,,,,,,,,,,Umber Industries - Leixlip,OEM,OEM,6,Europe,Western,Network equipment,0,Firm,Replaceable
OEM_0136,0.0,6.0,0.0,0.0001122065525757,1111.0,1533.0,1533.0,1111.0,,,,,,,,,,Noral Devices - Dalian,OEM,OEM,6,China,East Asia,Industrial controller,0,Firm,Replaceable
OEM_0137,0.0,9.0,0.0,0.0001122065525757,1111.0,1533.0,1533.0,1111.0,,,,,,,,,,Quill Devices - Villach,OEM,OEM,6,Europe,Western,Smartphone,0,Firm,Replaceable
OEM_0138,0.0,7.0,0.0,0.0001122065525757,1111.0,1533.0,1533.0,1111.0,,,,,,,,,,Ystad Products - Icheon,OEM,OEM,6,Korea,East Asia,Automotive ECU,0,Firm,Replaceable
OEM_0139,0.0,9.0,0.0,0.0001122065525757,1111.0,1533.0,1533.0,1111.0,,,,,,,,,,Thorne Industries - Shenzhen,OEM,OEM,6,China,East Asia,Smartphone,0,Firm,Replaceable
OEM_0140,0.0,2.0,0.0,0.0001122065525757,1111.0,1533.0,1533.0,1111.0,,,,,,,,,,Quill Group - Nagano,OEM,OEM,6,Japan,East Asia,Network equipment,0,Firm,Replaceable
OEM_0141,0.0,4.0,0.0,0.0001122065525757,1111.0,1533.0,1533.0,1111.0,,,,,,,,,,Xanthe Products - Malta,OEM,OEM,6,North America,Western,Smartphone,0,Firm,Replaceable
OEM_0142,0.0,5.0,0.0,0.0001122065525757,1111.0,1533.0,1533.0,1111.0,,,,,,,,,,Renbeck Devices - Chengdu,OEM,OEM,6,China,East Asia,Medical device,0,Firm,Replaceable
OEM_0143,0.0,10.0,0.0,0.0001122065525757,1111.0,1533.0,1533.0,1111.0,,,,,,,,,,Solvex Products - Kumamoto,OEM,OEM,6,Japan,East Asia,Smartphone,0,Firm,Replaceable
OEM_0144,0.0,8.0,0.0,0.0001122065525757,1111.0,1533.0,1533.0,1111.0,,,,,,,,,,Oxbow Industries - Hillsboro,OEM,OEM,6,North America,Western,Smartphone,0,Firm,Replaceable
OEM_0145,0.0,2.0,0.0,0.0001122065525757,1111.0,1533.0,1533.0,1111.0,,,,,,,,,,Verity Products - Grenoble,OEM,OEM,6,Europe,Western,Laptop,0,Firm,Replaceable
OEM_0146,0.0,4.0,0.0,0.0001122065525757,1111.0,1533.0,1533.0,1111.0,,,,,,,,,,Thorne Products - Leixlip,OEM,OEM,6,Europe,Western,Server,0,Firm,Replaceable
OEM_0147,0.0,4.0,0.0,0.0001122065525757,1111.0,1533.0,1533.0,1111.0,,,,,,,,,,Ader Devices - Malta,OEM,OEM,6,North America,Western,Medical device,0,Firm,Replaceable
OEM_0148,0.0,5.0,0.0,0.0001122065525757,1111.0,1533.0,1533.0,1111.0,,,,,,,,,,Doran Group - Pyeongtaek,OEM,OEM,6,Korea,East Asia,Industrial controller,0,Firm,Replaceable
OEM_0149,0.0,5.0,0.0,0.0001122065525757,1111.0,1533.0,1533.0,1111.0,,,,,,,,,,Halcy Devices - Dresden,OEM,OEM,6,Europe,Western,Server,0,Firm,Replaceable
OEM_0150,0.0,7.0,0.0,0.0001122065525757,1111.0,1533.0,1533.0,1111.0,,,,,,,,,,Kestrel Products - Gumi,OEM,OEM,6,Korea,East Asia,Smartphone,0,Firm,Replaceable
OEM_0151,0.0,7.0,0.0,0.0001122065525757,1111.0,1533.0,1533.0,1111.0,,,,,,,,,,Granth Devices - Shenzhen,OEM,OEM,6,China,East Asia,Automotive ECU,0,Firm,Replaceable
OEM_0152,0.0,8.0,0.0,0.0001122065525757,1111.0,1533.0,1533.0,1111.0,,,,,,,,,,Verity Industries - Grenoble,OEM,OEM,6,Europe,Western,Medical device,0,Firm,Replaceable
OEM_0153,0.0,8.0,0.0,0.0001122065525757,1111.0,1533.0,1533.0,1111.0,,,,,,,,,,Trellis Industries - Sanand,OEM,OEM,6,South Asia,Unaligned,Smartphone,0,Firm,Replaceable
OEM_0154,0.0,7.0,0.0,0.0001122065525757,1111.0,1533.0,1533.0,1111.0,,,,,,,,,,Calder Industries - Hwaseong,OEM,OEM,6,Korea,East Asia,Industrial controller,0,Firm,Replaceable
OEM_0155,0.0,7.0,0.0,0.0001122065525757,1111.0,1533.0,1533.0,1111.0,,,,,,,,,,Kestrel Group - Ottawa,OEM,OEM,6,North America,Western,Smartphone,0,Firm,Replaceable
OEM_0156,0.0,6.0,0.0,0.0001122065525757,1111.0,1533.0,1533.0,1111.0,,,,,,,,,,Alder Industries - Pyeongtaek,OEM,OEM,6,Korea,East Asia,Laptop,0,Firm,Replaceable
OEM_0157,0.0,5.0,0.0,0.0001122065525757,1111.0,1533.0,1533.0,1111.0,,,,,,,,,,Granth Industries - Guadalajara,OEM,OEM,6,North America,Western,Network equipment,0,Firm,Replaceable
OEM_0158,0.0,5.0,0.0,0.0001122065525757,1111.0,1533.0,1533.0,1111.0,,,,,,,,,,Brant Group - Hillsboro,OEM,OEM,6,North America,Western,Laptop,0,Firm,Replaceable
OEM_0159,0.0,1.0,0.0,0.0001122065525757,1111.0,1533.0,1533.0,1111.0,,,,,,,,,,Alder Products - Sendai,OEM,OEM,6,Japan,East Asia,Network equipment,0,Firm,Replaceable
OEM_0160,0.0,4.0,0.0,0.0001122065525757,1111.0,1533.0,1533.0,1111.0,,,,,,,,,,Stade Group - Austin,OEM,OEM,6,North America,Western,Network equipment,0,Firm,Replaceable
OEM_0161,0.0,2.0,0.0,0.0001122065525757,1111.0,1533.0,1533.0,1111.0,,,,,,,,,,Zephyr Products - Bangkok,OEM,OEM,6,Southeast Asia,East Asia,Network equipment,0,Firm,Replaceable
OEM_0162,0.0,3.0,0.0,0.0001122065525757,1111.0,1533.0,1533.0,1111.0,,,,,,,,,,Gethin Industries - Ottawa,OEM,OEM,6,North America,Western,Automotive ECU,0,Firm,Replaceable
OEM_0163,0.0,2.0,0.0,0.0001122065525757,1111.0,1533.0,1533.0,1111.0,,,,,,,,,,Ulvid Devices - Yokkaichi,OEM,OEM,6,Japan,East Asia,Industrial controller,0,Firm,Replaceable
OEM_0164,0.0,7.0,0.0,0.0001122065525757,1111.0,1533.0,1533.0,1111.0,,,,,,,,,,Korrin Industries - Kumamoto,OEM,OEM,6,Japan,East Asia,Industrial controller,0,Firm,Replaceable
OEM_0165,0.0,7.0,0.0,0.0001122065525757,1111.0,1533.0,1533.0,1111.0,,,,,,,,,,Prendel Industries - Shanghai,OEM,OEM,6,China,East Asia,Medical device,0,Firm,Replaceable
OEM_0166,0.0,5.0,0.0,0.0001122065525757,1111.0,1533.0,1533.0,1111.0,,,,,,,,,,Faryn Products - Chandler,OEM,OEM,6,North America,Western,Industrial controller,0,Firm,Replaceable
OEM_0167,0.0,6.0,0.0,0.0001122065525757,1111.0,1533.0,1533.0,1111.0,,,,,,,,,,Verity Products - Ottawa,OEM,OEM,6,North America,Western,Automotive ECU,0,Firm,Replaceable
OEM_0168,0.0,6.0,0.0,0.0001122065525757,1111.0,1533.0,1533.0,1111.0,,,,,,,,,,Quarn Group - Leixlip,OEM,OEM,6,Europe,Western,Smartphone,0,Firm,Replaceable
OEM_0169,0.0,5.0,0.0,0.0001122065525757,1111.0,1533.0,1533.0,1111.0,,,,,,,,,,Elstow Products - Chengdu,OEM,OEM,6,China,East Asia,Automotive ECU,0,Firm,Replaceable
OEM_0170,0.0,3.0,0.0,0.0001122065525757,1111.0,1533.0,1533.0,1111.0,,,,,,,,,,Halcy Products - Icheon,OEM,OEM,6,Korea,East Asia,Smartphone,0,Firm,Replaceable
OEM_0171,0.0,4.0,0.0,0.0001122065525757,1111.0,1533.0,1533.0,1111.0,,,,,,,,,,Rivet Industries - Dresden,OEM,OEM,6,Europe,Western,Automotive ECU,0,Firm,Replaceable
OEM_0172,0.0,5.0,0.0,0.0001122065525757,1111.0,1533.0,1533.0,1111.0,,,,,,,,,,Ystad Industries - Shanghai,OEM,OEM,6,China,East Asia,Industrial controller,0,Firm,Replaceable
OEM_0173,0.0,7.0,0.0,0.0001122065525757,1111.0,1533.0,1533.0,1111.0,,,,,,,,,,Quarn Group - Guadalajara,OEM,OEM,6,North America,Western,Industrial controller,0,Firm,Replaceable
OEM_0174,0.0,5.0,0.0,0.0001122065525757,1111.0,1533.0,1533.0,1111.0,,,,,,,,,,Faryn Industries - Nagano,OEM,OEM,6,Japan,East Asia,Automotive ECU,0,Firm,Replaceable
OEM_0175,0.0,3.0,0.0,0.0001122065525757,1111.0,1533.0,1533.0,1111.0,,,,,,,,,,Oxbow Group - Icheon,OEM,OEM,6,Korea,East Asia,Industrial controller,0,Firm,Replaceable
OEM_0176,0.0,8.0,0.0,0.0001122065525757,1111.0,1533.0,1533.0,1111.0,,,,,,,,,,Belan Products - Ottawa,OEM,OEM,6,North America,Western,Industrial controller,0,Firm,Replaceable
OEM_0177,0.0,6.0,0.0,0.0001122065525757,1111.0,1533.0,1533.0,1111.0,,,,,,,,,,Wexler Products - Malta,OEM,OEM,6,North America,Western,Automotive ECU,0,Firm,Replaceable
OEM_0178,0.0,4.0,0.0,0.0001122065525757,1111.0,1533.0,1533.0,1111.0,,,,,,,,,,Palter Group - Kumamoto,OEM,OEM,6,Japan,East Asia,Network equipment,0,Firm,Replaceable
OEM_0179,0.0,5.0,0.0,0.0001122065525757,1111.0,1533.0,1533.0,1111.0,,,,,,,,,,Holt Devices - Guadalajara,OEM,OEM,6,North America,Western,Industrial controller,0,Firm,Replaceable
OEM_0180,0.0,6.0,0.0,0.0001122065525757,1111.0,1533.0,1533.0,1111.0,,,,,,,,,,Nevin Devices - Kumamoto,OEM,OEM,6,Japan,East Asia,Industrial controller,0,Firm,Replaceable
OEM_0181,0.0,4.0,0.0,0.0001122065525757,1111.0,1533.0,1533.0,1111.0,,,,,,,,,,Holt Industries - Yokkaichi,OEM,OEM,6,Japan,East Asia,Automotive ECU,0,Firm,Replaceable
OEM_0182,0.0,6.0,0.0,0.0001122065525757,1111.0,1533.0,1533.0,1111.0,,,,,,,,,,Holt Products - Cheongju,OEM,OEM,6,Korea,East Asia,Industrial controller,0,Firm,Replaceable
OEM_0183,0.0,4.0,0.0,0.0001122065525757,1111.0,1533.0,1533.0,1111.0,,,,,,,,,,Lethe Group - Austin,OEM,OEM,6,North America,Western,Medical device,0,Firm,Replaceable
OEM_0184,0.0,2.0,0.0,0.0001122065525757,1111.0,1533.0,1533.0,1111.0,,,,,,,,,,Mervi Group - Hyderabad,OEM,OEM,6,South Asia,Unaligned,Medical device,0,Firm,Replaceable
OEM_0185,0.0,6.0,0.0,0.0001122065525757,1111.0,1533.0,1533.0,1111.0,,,,,,,,,,Holt Industries - Hillsboro,OEM,OEM,6,North America,Western,Industrial controller,0,Firm,Replaceable
OEM_0186,0.0,8.0,0.0,0.0001122065525757,1111.0,1533.0,1533.0,1111.0,,,,,,,,,,Vantor Products - Malta,OEM,OEM,6,North America,Western,Smartphone,0,Firm,Replaceable
OEM_0187,0.0,4.0,0.0,0.0001122065525757,1111.0,1533.0,1533.0,1111.0,,,,,,,,,,Thorne Products - Eindhoven,OEM,OEM,6,Europe,Western,Industrial controller,0,Firm,Replaceable
OEM_0188,0.0,9.0,0.0,0.0001122065525757,1111.0,1533.0,1533.0,1111.0,,,,,,,,,,Oxbow Products - Hillsboro,OEM,OEM,6,North America,Western,Smartphone,0,Firm,Replaceable
OEM_0189,0.0,8.0,0.0,0.0001122065525757,1111.0,1533.0,1533.0,1111.0,,,,,,,,,,Ystad Devices - Chengdu,OEM,OEM,6,China,East Asia,Medical device,0,Firm,Replaceable
OEM_0190,0.0,1.0,0.0,0.0001122065525757,1111.0,1533.0,1533.0,1111.0,,,,,,,,,,Thorne Devices - Malta,OEM,OEM,6,North America,Western,Industrial controller,0,Firm,Replaceable
OEM_0191,0.0,5.0,0.0,0.0001122065525757,1111.0,1533.0,1533.0,1111.0,,,,,,,,,,Lumen Devices - Cheongju,OEM,OEM,6,Korea,East Asia,Smartphone,0,Firm,Replaceable
OEM_0192,0.0,5.0,0.0,0.0001122065525757,1111.0,1533.0,1533.0,1111.0,,,,,,,,,,Palter Industries - Cheongju,OEM,OEM,6,Korea,East Asia,Industrial controller,0,Firm,Replaceable
OEM_0193,0.0,4.0,0.0,0.0001122065525757,1111.0,1533.0,1533.0,1111.0,,,,,,,,,,Jorel Products - Xi'an,OEM,OEM,6,China,East Asia,Server,0,Firm,Replaceable
OEM_0194,0.0,3.0,0.0,0.0001122065525757,1111.0,1533.0,1533.0,1111.0,,,,,,,,,,Isar Devices - Leixlip,OEM,OEM,6,Europe,Western,Smartphone,0,Firm,Replaceable
OEM_0195,0.0,7.0,0.0,0.0001122065525757,1111.0,1533.0,1533.0,1111.0,,,,,,,,,,Yarrow Group - Hwaseong,OEM,OEM,6,Korea,East Asia,Smartphone,0,Firm,Replaceable
OEM_0196,0.0,8.0,0.0,0.0001122065525757,1111.0,1533.0,1533.0,1111.0,,,,,,,,,,Quill Industries - Villach,OEM,OEM,6,Europe,Western,Medical device,0,Firm,Replaceable
OEM_0197,0.0,2.0,0.0,0.0001122065525757,1111.0,1533.0,1533.0,1111.0,,,,,,,,,,Dyne Devices - Villach,OEM,OEM,6,Europe,Western,Server,0,Firm,Replaceable
OEM_0198,0.0,1.0,0.0,0.0001122065525757,1111.0,1533.0,1533.0,1111.0,,,,,,,,,,Oxbow Industries - Guadalajara,OEM,OEM,6,North America,Western,Laptop,0,Firm,Replaceable
OEM_0199,0.0,6.0,0.0,0.0001122065525757,1111.0,1533.0,1533.0,1111.0,,,,,,,,,,Umber Group - Dresden,OEM,OEM,6,Europe,Western,Network equipment,0,Firm,Replaceable
OEM_0200,0.0,7.0,0.0,0.0001122065525757,1111.0,1533.0,1533.0,1111.0,,,,,,,,,,Rivet Products - Gumi,OEM,OEM,6,Korea,East Asia,Smartphone,0,Firm,Replaceable
OEM_0201,0.0,6.0,0.0,0.0001122065525757,1111.0,1533.0,1533.0,1111.0,,,,,,,,,,Zephyr Group - Shanghai,OEM,OEM,6,China,East Asia,Laptop,0,Firm,Replaceable
OEM_0202,0.0,3.0,0.0,0.0001122065525757,1111.0,1533.0,1533.0,1111.0,,,,,,,,,,Belan Products - Shanghai,OEM,OEM,6,China,East Asia,Network equipment,0,Firm,Replaceable
OEM_0203,0.0,3.0,0.0,0.0001122065525757,1111.0,1533.0,1533.0,1111.0,,,,,,,,,,Elstow Group - Cheongju,OEM,OEM,6,Korea,East Asia,Automotive ECU,0,Firm,Replaceable
OEM_0204,0.0,5.0,0.0,0.0001122065525757,1111.0,1533.0,1533.0,1111.0,,,,,,,,,,Wexler Products - Chandler,OEM,OEM,6,North America,Western,Automotive ECU,0,Firm,Replaceable
OEM_0205,0.0,10.0,0.0,0.0001122065525757,1111.0,1533.0,1533.0,1111.0,,,,,,,,,,Wexler Devices - Crolles,OEM,OEM,6,Europe,Western,Automotive ECU,0,Firm,Replaceable
OEM_0206,0.0,5.0,0.0,0.0001122065525757,1111.0,1533.0,1533.0,1111.0,,,,,,,,,,Renbeck Industries - Shenzhen,OEM,OEM,6,China,East Asia,Server,0,Firm,Replaceable
OEM_0207,0.0,4.0,0.0,0.0001122065525757,1111.0,1533.0,1533.0,1111.0,,,,,,,,,,Elstow Industries - Leixlip,OEM,OEM,6,Europe,Western,Medical device,0,Firm,Replaceable
OEM_0208,0.0,3.0,0.0,0.0001122065525757,1111.0,1533.0,1533.0,1111.0,,,,,,,,,,Renbeck Industries - Yokkaichi,OEM,OEM,6,Japan,East Asia,Laptop,0,Firm,Replaceable
OEM_0209,0.0,7.0,0.0,0.0001122065525757,1111.0,1533.0,1533.0,1111.0,,,,,,,,,,Quarn Industries - Hsinchu,OEM,OEM,6,Taiwan,East Asia,Automotive ECU,0,Firm,Replaceable
OEM_0210,0.0,3.0,0.0,0.0001122065525757,1111.0,1533.0,1533.0,1111.0,,,,,,,,,,Vantor Devices - Hillsboro,OEM,OEM,6,North America,Western,Smartphone,0,Firm,Replaceable
OEM_0211,0.0,7.0,0.0,0.0001122065525757,1111.0,1533.0,1533.0,1111.0,,,,,,,,,,Quill Industries - Guadalajara,OEM,OEM,6,North America,Western,Industrial controller,0,Firm,Replaceable
OEM_0212,0.0,3.0,0.0,0.0001122065525757,1111.0,1533.0,1533.0,1111.0,,,,,,,,,,Halcy Group - Ottawa,OEM,OEM,6,North America,Western,Laptop,0,Firm,Replaceable
OEM_0213,0.0,4.0,0.0,0.0001122065525757,1111.0,1533.0,1533.0,1111.0,,,,,,,,,,Halcy Devices - Sanand,OEM,OEM,6,South Asia,Unaligned,Industrial controller,0,Firm,Replaceable
OEM_0214,0.0,1.0,0.0,0.0001122065525757,1111.0,1533.0,1533.0,1111.0,,,,,,,,,,Orvid Devices - Yokkaichi,OEM,OEM,6,Japan,East Asia,Medical device,0,Firm,Replaceable
OEM_0215,0.0,5.0,0.0,0.0001122065525757,1111.0,1533.0,1533.0,1111.0,,,,,,,,,,Calder Industries - Dresden,OEM,OEM,6,Europe,Western,Medical device,0,Firm,Replaceable
OEM_0216,0.0,2.0,0.0,0.0001122065525757,1111.0,1533.0,1533.0,1111.0,,,,,,,,,,Belan Group - Bengaluru,OEM,OEM,6,South Asia,Unaligned,Smartphone,0,Firm,Replaceable
OEM_0217,0.0,2.0,0.0,0.0001122065525757,1111.0,1533.0,1533.0,1111.0,,,,,,,,,,Noral Devices - Cheongju,OEM,OEM,6,Korea,East Asia,Network equipment,0,Firm,Replaceable
OEM_0218,0.0,6.0,0.0,0.0001122065525757,1111.0,1533.0,1533.0,1111.0,,,,,,,,,,Oxbow Group - Chandler,OEM,OEM,6,North America,Western,Laptop,0,Firm,Replaceable
OEM_0219,0.0,6.0,0.0,0.0001122065525757,1111.0,1533.0,1533.0,1111.0,,,,,,,,,,Korrin Group - Malta,OEM,OEM,6,North America,Western,Network equipment,0,Firm,Replaceable
OEM_0220,0.0,2.0,0.0,0.0001122065525757,1111.0,1533.0,1533.0,1111.0,,,,,,,,,,Halcy Products - Shenzhen,OEM,OEM,6,China,East Asia,Laptop,0,Firm,Replaceable
OEM_0221,0.0,7.0,0.0,0.0001122065525757,1111.0,1533.0,1533.0,1111.0,,,,,,,,,,Lumen Industries - Chandler,OEM,OEM,6,North America,Western,Medical device,0,Firm,Replaceable
OEM_0222,0.0,6.0,0.0,0.0001122065525757,1111.0,1533.0,1533.0,1111.0,,,,,,,,,,Wend Industries - Kitakyushu,OEM,OEM,6,Japan,East Asia,Smartphone,0,Firm,Replaceable
OEM_0223,0.0,5.0,0.0,0.0001122065525757,1111.0,1533.0,1533.0,1111.0,,,,,,,,,,Mervi Products - Austin,OEM,OEM,6,North America,Western,Network equipment,0,Firm,Replaceable
OEM_0224,0.0,2.0,0.0,0.0001122065525757,1111.0,1533.0,1533.0,1111.0,,,,,,,,,,Trellis Products - Shenzhen,OEM,OEM,6,China,East Asia,Smartphone,0,Firm,Replaceable
OEM_0225,0.0,5.0,0.0,0.0001122065525757,1111.0,1533.0,1533.0,1111.0,,,,,,,,,,Jorel Group - Grenoble,OEM,OEM,6,Europe,Western,Medical device,0,Firm,Replaceable
OEM_0226,0.0,3.0,0.0,0.0001122065525757,1111.0,1533.0,1533.0,1111.0,,,,,,,,,,Granth Devices - Guadalajara,OEM,OEM,6,North America,Western,Server,0,Firm,Replaceable
OEM_0227,0.0,7.0,0.0,0.0001122065525757,1111.0,1533.0,1533.0,1111.0,,,,,,,,,,Brant Group - Guadalajara,OEM,OEM,6,North America,Western,Medical device,0,Firm,Replaceable
OEM_0228,0.0,5.0,0.0,0.0001122065525757,1111.0,1533.0,1533.0,1111.0,,,,,,,,,,Orvid Group - Nagano,OEM,OEM,6,Japan,East Asia,Automotive ECU,0,Firm,Replaceable
OEM_0229,0.0,5.0,0.0,0.0001122065525757,1111.0,1533.0,1533.0,1111.0,,,,,,,,,,Cortex Industries - Kitakyushu,OEM,OEM,6,Japan,East Asia,Automotive ECU,0,Firm,Replaceable
OEM_0230,0.0,7.0,0.0,0.0001122065525757,1111.0,1533.0,1533.0,1111.0,,,,,,,,,,Quill Group - Crolles,OEM,OEM,6,Europe,Western,Medical device,0,Firm,Replaceable
OEM_0231,0.0,7.0,0.0,0.0001122065525757,1111.0,1533.0,1533.0,1111.0,,,,,,,,,,Doran Industries - Taichung,OEM,OEM,6,Taiwan,East Asia,Smartphone,0,Firm,Replaceable
OEM_0232,0.0,7.0,0.0,0.0001122065525757,1111.0,1533.0,1533.0,1111.0,,,,,,,,,,Holt Devices - Hillsboro,OEM,OEM,6,North America,Western,Smartphone,0,Firm,Replaceable
OEM_0233,0.0,9.0,0.0,0.0001122065525757,1111.0,1533.0,1533.0,1111.0,,,,,,,,,,Noral Products - Villach,OEM,OEM,6,Europe,Western,Automotive ECU,0,Firm,Replaceable
OEM_0234,0.0,5.0,0.0,0.0001122065525757,1111.0,1533.0,1533.0,1111.0,,,,,,,,,,Doran Devices - Cheongju,OEM,OEM,6,Korea,East Asia,Smartphone,0,Firm,Replaceable
OEM_0235,0.0,6.0,0.0,0.0001122065525757,1111.0,1533.0,1533.0,1111.0,,,,,,,,,,Mervi Devices - Ottawa,OEM,OEM,6,North America,Western,Laptop,0,Firm,Replaceable
OEM_0236,0.0,4.0,0.0,0.0001122065525757,1111.0,1533.0,1533.0,1111.0,,,,,,,,,,Prendel Products - Hwaseong,OEM,OEM,6,Korea,East Asia,Industrial controller,0,Firm,Replaceable
OEM_0237,0.0,4.0,0.0,0.0001122065525757,1111.0,1533.0,1533.0,1111.0,,,,,,,,,,Umber Group - Pyeongtaek,OEM,OEM,6,Korea,East Asia,Network equipment,0,Firm,Replaceable
OEM_0238,0.0,4.0,0.0,0.0001122065525757,1111.0,1533.0,1533.0,1111.0,,,,,,,,,,Xanthe Products - Dresden,OEM,OEM,6,Europe,Western,Network equipment,0,Firm,Replaceable
OEM_0239,0.0,6.0,0.0,0.0001122065525757,1111.0,1533.0,1533.0,1111.0,,,,,,,,,,Palter Industries - Grenoble,OEM,OEM,6,Europe,Western,Laptop,0,Firm,Replaceable
OEM_0240,0.0,6.0,0.0,0.0001122065525757,1111.0,1533.0,1533.0,1111.0,,,,,,,,,,Ember Products - Kitakyushu,OEM,OEM,6,Japan,East Asia,Automotive ECU,0,Firm,Replaceable
OEM_0241,0.0,6.0,0.0,0.0001122065525757,1111.0,1533.0,1533.0,1111.0,,,,,,,,,,Jorel Products - Villach,OEM,OEM,6,Europe,Western,Network equipment,0,Firm,Replaceable
OEM_0242,0.0,4.0,0.0,0.0001122065525757,1111.0,1533.0,1533.0,1111.0,,,,,,,,,,Isar Group - Dresden,OEM,OEM,6,Europe,Western,Smartphone,0,Firm,Replaceable
OEM_0243,0.0,7.0,0.0,0.0001122065525757,1111.0,1533.0,1533.0,1111.0,,,,,,,,,,Quarn Group - Bac Ninh,OEM,OEM,6,Southeast Asia,East Asia,Laptop,0,Firm,Replaceable
OEM_0244,0.0,7.0,0.0,0.0001122065525757,1111.0,1533.0,1533.0,1111.0,,,,,,,,,,Yarrow Products - Austin,OEM,OEM,6,North America,Western,Automotive ECU,0,Firm,Replaceable
OEM_0245,0.0,6.0,0.0,0.0001122065525757,1111.0,1533.0,1533.0,1111.0,,,,,,,,,,Thorne Devices - Hillsboro,OEM,OEM,6,North America,Western,Automotive ECU,0,Firm,Replaceable
OEM_0246,0.0,7.0,0.0,0.0001122065525757,1111.0,1533.0,1533.0,1111.0,,,,,,,,,,Lethe Devices - Eindhoven,OEM,OEM,6,Europe,Western,Medical device,0,Firm,Replaceable
OEM_0247,0.0,3.0,0.0,0.0001122065525757,1111.0,1533.0,1533.0,1111.0,,,,,,,,,,Jarn Devices - Chengdu,OEM,OEM,6,China,East Asia,Laptop,0,Firm,Replaceable
OEM_0248,0.0,7.0,0.0,0.0001122065525757,1111.0,1533.0,1533.0,1111.0,,,,,,,,,,Lethe Group - Gumi,OEM,OEM,6,Korea,East Asia,Automotive ECU,0,Firm,Replaceable
OEM_0249,0.0,7.0,0.0,0.0001122065525757,1111.0,1533.0,1533.0,1111.0,,,,,,,,,,Renbeck Products - Tianjin,OEM,OEM,6,China,East Asia,Automotive ECU,0,Firm,Replaceable
OEM_0250,0.0,7.0,0.0,0.0001122065525757,1111.0,1533.0,1533.0,1111.0,,,,,,,,,,Solvex Devices - Ottawa,OEM,OEM,6,North America,Western,Automotive ECU,0,Firm,Replaceable
OEM_0251,0.0,7.0,0.0,0.0001122065525757,1111.0,1533.0,1533.0,1111.0,,,,,,,,,,Xanthe Products - Dresden 2,OEM,OEM,6,Europe,Western,Industrial controller,0,Firm,Replaceable
OEM_0252,0.0,4.0,0.0,0.0001122065525757,1111.0,1533.0,1533.0,1111.0,,,,,,,,,,Trellis Devices - Yokkaichi,OEM,OEM,6,Japan,East Asia,Smartphone,0,Firm,Replaceable
OEM_0253,0.0,4.0,0.0,0.0001122065525757,1111.0,1533.0,1533.0,1111.0,,,,,,,,,,Holt Group - Pyeongtaek,OEM,OEM,6,Korea,East Asia,Network equipment,0,Firm,Replaceable
OEM_0254,0.0,5.0,0.0,0.0001122065525757,1111.0,1533.0,1533.0,1111.0,,,,,,,,,,Doran Products - Tainan,OEM,OEM,6,Taiwan,East Asia,Smartphone,0,Firm,Replaceable
OEM_0255,0.0,3.0,0.0,0.0001122065525757,1111.0,1533.0,1533.0,1111.0,,,,,,,,,,Lumen Products - Tianjin,OEM,OEM,6,China,East Asia,Smartphone,0,Firm,Replaceable
OEM_0256,0.0,8.0,0.0,0.0001122065525757,1111.0,1533.0,1533.0,1111.0,,,,,,,,,,Gethin Industries - Hwaseong,OEM,OEM,6,Korea,East Asia,Laptop,0,Firm,Replaceable
OEM_0257,0.0,7.0,0.0,0.0001122065525757,1111.0,1533.0,1533.0,1111.0,,,,,,,,,,Ferrin Industries - Singapore,OEM,OEM,6,Southeast Asia,East Asia,Smartphone,0,Firm,Replaceable
OEM_0258,0.0,8.0,0.0,0.0001122065525757,1111.0,1533.0,1533.0,1111.0,,,,,,,,,,Faryn Devices - Crolles,OEM,OEM,6,Europe,Western,Industrial controller,0,Firm,Replaceable
OEM_0259,0.0,4.0,0.0,0.0001122065525757,1111.0,1533.0,1533.0,1111.0,,,,,,,,,,Wend Devices - Crolles,OEM,OEM,6,Europe,Western,Automotive ECU,0,Firm,Replaceable
OEM_0260,0.0,3.0,0.0,0.0001122065525757,1111.0,1533.0,1533.0,1111.0,,,,,,,,,,Kestrel Group - Leixlip,OEM,OEM,6,Europe,Western,Laptop,0,Firm,Replaceable
OEM_0261,0.0,6.0,0.0,0.0001122065525757,1111.0,1533.0,1533.0,1111.0,,,,,,,,,,Mordant Group - Gumi,OEM,OEM,6,Korea,East Asia,Automotive ECU,0,Firm,Replaceable
OEM_0262,0.0,3.0,0.0,0.0001122065525757,1111.0,1533.0,1533.0,1111.0,,,,,,,,,,Ader Products - Chengdu,OEM,OEM,6,China,East Asia,Industrial controller,0,Firm,Replaceable
OEM_0263,0.0,1.0,0.0,0.0001122065525757,1111.0,1533.0,1533.0,1111.0,,,,,,,,,,Cortex Group - Wuxi,OEM,OEM,6,China,East Asia,Industrial controller,0,Firm,Replaceable
OEM_0264,0.0,1.0,0.0,0.0001122065525757,1111.0,1533.0,1533.0,1111.0,,,,,,,,,,Jorel Devices - Wuxi,OEM,OEM,6,China,East Asia,Server,0,Firm,Replaceable
OEM_0265,0.0,9.0,0.0,0.0001122065525757,1111.0,1533.0,1533.0,1111.0,,,,,,,,,,Brant Devices - Wuxi,OEM,OEM,6,China,East Asia,Automotive ECU,0,Firm,Replaceable
OEM_0266,0.0,4.0,0.0,0.0001122065525757,1111.0,1533.0,1533.0,1111.0,,,,,,,,,,Vantor Group - Malta,OEM,OEM,6,North America,Western,Industrial controller,0,Firm,Replaceable
OEM_0267,0.0,3.0,0.0,0.0001122065525757,1111.0,1533.0,1533.0,1111.0,,,,,,,,,,Umber Group - Crolles,OEM,OEM,6,Europe,Western,Smartphone,0,Firm,Replaceable
OEM_0268,0.0,9.0,0.0,0.0001122065525757,1111.0,1533.0,1533.0,1111.0,,,,,,,,,,Holt Industries - Crolles,OEM,OEM,6,Europe,Western,Industrial controller,0,Firm,Replaceable
OEM_0269,0.0,4.0,0.0,0.0001122065525757,1111.0,1533.0,1533.0,1111.0,,,,,,,,,,Granth Industries - Chengdu,OEM,OEM,6,China,East Asia,Laptop,0,Firm,Replaceable
OEM_0270,0.0,8.0,0.0,0.0001122065525757,1111.0,1533.0,1533.0,1111.0,,,,,,,,,,Wexler Industries - Shanghai,OEM,OEM,6,China,East Asia,Smartphone,0,Firm,Replaceable
OEM_0271,0.0,3.0,0.0,0.0001122065525757,1111.0,1533.0,1533.0,1111.0,,,,,,,,,,Jorel Group - Tianjin,OEM,OEM,6,China,East Asia,Industrial controller,0,Firm,Replaceable
OEM_0272,0.0,8.0,0.0,0.0001122065525757,1111.0,1533.0,1533.0,1111.0,,,,,,,,,,Renbeck Products - Tainan,OEM,OEM,6,Taiwan,East Asia,Industrial controller,0,Firm,Replaceable
OEM_0273,0.0,5.0,0.0,0.0001122065525757,1111.0,1533.0,1533.0,1111.0,,,,,,,,,,Quarn Devices - Xi'an,OEM,OEM,6,China,East Asia,Network equipment,0,Firm,Replaceable
OEM_0274,0.0,3.0,0.0,0.0001122065525757,1111.0,1533.0,1533.0,1111.0,,,,,,,,,,Trellis Products - Eindhoven,OEM,OEM,6,Europe,Western,Server,0,Firm,Replaceable
OEM_0275,0.0,9.0,0.0,0.0001122065525757,1111.0,1533.0,1533.0,1111.0,,,,,,,,,,Orvid Industries - Crolles,OEM,OEM,6,Europe,Western,Automotive ECU,0,Firm,Replaceable
OEM_0276,0.0,12.0,0.0,0.0001122065525757,1111.0,1533.0,1533.0,1111.0,,,,,,,,,,Yarrow Industries - Xi'an,OEM,OEM,6,China,East Asia,Industrial controller,0,Firm,Replaceable
OEM_0277,0.0,1.0,0.0,0.0001122065525757,1111.0,1533.0,1533.0,1111.0,,,,,,,,,,Solvex Group - Wuxi,OEM,OEM,6,China,East Asia,Server,0,Firm,Replaceable
OEM_0278,0.0,11.0,0.0,0.0001122065525757,1111.0,1533.0,1533.0,1111.0,,,,,,,,,,Nevin Products - Singapore,OEM,OEM,6,Southeast Asia,East Asia,Automotive ECU,0,Firm,Replaceable
OEM_0279,0.0,6.0,0.0,0.0001122065525757,1111.0,1533.0,1533.0,1111.0,,,,,,,,,,Brant Products - Hillsboro,OEM,OEM,6,North America,Western,Automotive ECU,0,Firm,Replaceable
OEM_0280,0.0,6.0,0.0,0.0001122065525757,1111.0,1533.0,1533.0,1111.0,,,,,,,,,,Ulvid Devices - Shanghai,OEM,OEM,6,China,East Asia,Smartphone,0,Firm,Replaceable
OEM_0281,0.0,5.0,0.0,0.0001122065525757,1111.0,1533.0,1533.0,1111.0,,,,,,,,,,Wend Devices - Pune,OEM,OEM,6,South Asia,Unaligned,Industrial controller,0,Firm,Replaceable
OEM_0282,0.0,1.0,0.0,0.0001122065525757,1111.0,1533.0,1533.0,1111.0,,,,,,,,,,Jarn Devices - Xi'an,OEM,OEM,6,China,East Asia,Network equipment,0,Firm,Replaceable
OEM_0283,0.0,4.0,0.0,0.0001122065525757,1111.0,1533.0,1533.0,1111.0,,,,,,,,,,Zephyr Products - Chandler,OEM,OEM,6,North America,Western,Industrial controller,0,Firm,Replaceable
OEM_0284,0.0,5.0,0.0,0.0001122065525757,1111.0,1533.0,1533.0,1111.0,,,,,,,,,,Dyne Group - Wuxi,OEM,OEM,6,China,East Asia,Server,0,Firm,Replaceable
OEM_0285,0.0,5.0,0.0,0.0001122065525757,1111.0,1533.0,1533.0,1111.0,,,,,,,,,,Halcy Devices - Chandler,OEM,OEM,6,North America,Western,Laptop,0,Firm,Replaceable
OEM_0286,0.0,4.0,0.0,0.0001122065525757,1111.0,1533.0,1533.0,1111.0,,,,,,,,,,Ferrin Industries - Kitakyushu,OEM,OEM,6,Japan,East Asia,Laptop,0,Firm,Replaceable
OEM_0287,0.0,7.0,0.0,0.0001122065525757,1111.0,1533.0,1533.0,1111.0,,,,,,,,,,Granth Group - Yokkaichi,OEM,OEM,6,Japan,East Asia,Automotive ECU,0,Firm,Replaceable
OEM_0288,0.0,4.0,0.0,0.0001122065525757,1111.0,1533.0,1533.0,1111.0,,,,,,,,,,Calder Devices - Villach,OEM,OEM,6,Europe,Western,Automotive ECU,0,Firm,Replaceable
OEM_0289,0.0,4.0,0.0,0.0001122065525757,1111.0,1533.0,1533.0,1111.0,,,,,,,,,,Mervi Products - Hillsboro,OEM,OEM,6,North America,Western,Server,0,Firm,Replaceable
OEM_0290,0.0,2.0,0.0,0.0001122065525757,1111.0,1533.0,1533.0,1111.0,,,,,,,,,,Elstow Group - Leixlip,OEM,OEM,6,Europe,Western,Network equipment,0,Firm,Replaceable
OEM_0291,0.0,4.0,0.0,0.0001122065525757,1111.0,1533.0,1533.0,1111.0,,,,,,,,,,Wend Group - Dalian,OEM,OEM,6,China,East Asia,Laptop,0,Firm,Replaceable
OEM_0292,0.0,6.0,0.0,0.0001122065525757,1111.0,1533.0,1533.0,1111.0,,,,,,,,,,Halcy Devices - Dresden 2,OEM,OEM,6,Europe,Western,Medical device,0,Firm,Replaceable
OEM_0293,0.0,5.0,0.0,0.0001122065525757,1111.0,1533.0,1533.0,1111.0,,,,,,,,,,Noral Products - Malta,OEM,OEM,6,North America,Western,Automotive ECU,0,Firm,Replaceable
OEM_0294,0.0,6.0,0.0,0.0001122065525757,1111.0,1533.0,1533.0,1111.0,,,,,,,,,,Xanthe Industries - Tianjin,OEM,OEM,6,China,East Asia,Laptop,0,Firm,Replaceable
OEM_0295,0.0,5.0,0.0,0.0001122065525757,1111.0,1533.0,1533.0,1111.0,,,,,,,,,,Ivex Group - Hillsboro,OEM,OEM,6,North America,Western,Industrial controller,0,Firm,Replaceable
OEM_0296,0.0,6.0,0.0,0.0001122065525757,1111.0,1533.0,1533.0,1111.0,,,,,,,,,,Holt Industries - Guadalajara,OEM,OEM,6,North America,Western,Industrial controller,0,Firm,Replaceable
OEM_0297,0.0,9.0,0.0,0.0001122065525757,1111.0,1533.0,1533.0,1111.0,,,,,,,,,,Mervi Industries - Gumi,OEM,OEM,6,Korea,East Asia,Smartphone,0,Firm,Replaceable
OEM_0298,0.0,5.0,0.0,0.0001122065525757,1111.0,1533.0,1533.0,1111.0,,,,,,,,,,Holt Products - Gumi,OEM,OEM,6,Korea,East Asia,Medical device,0,Firm,Replaceable
OEM_0299,0.0,3.0,0.0,0.0001122065525757,1111.0,1533.0,1533.0,1111.0,,,,,,,,,,Rivet Devices - Gumi,OEM,OEM,6,Korea,East Asia,Automotive ECU,0,Firm,Replaceable
OEM_0300,0.0,10.0,0.0,0.0001122065525757,1111.0,1533.0,1533.0,1111.0,,,,,,,,,,Trellis Group - Sendai,OEM,OEM,6,Japan,East Asia,Smartphone,0,Firm,Replaceable
OEM_0301,0.0,5.0,0.0,0.0001122065525757,1111.0,1533.0,1533.0,1111.0,,,,,,,,,,Rivet Group - Cheongju,OEM,OEM,6,Korea,East Asia,Laptop,0,Firm,Replaceable
OEM_0302,0.0,6.0,0.0,0.0001122065525757,1111.0,1533.0,1533.0,1111.0,,,,,,,,,,Stade Industries - Kumamoto,OEM,OEM,6,Japan,East Asia,Automotive ECU,0,Firm,Replaceable
OEM_0303,0.0,3.0,0.0,0.0001122065525757,1111.0,1533.0,1533.0,1111.0,,,,,,,,,,Zephyr Products - Austin,OEM,OEM,6,North America,Western,Automotive ECU,0,Firm,Replaceable
OEM_0304,0.0,5.0,0.0,0.0001122065525757,1111.0,1533.0,1533.0,1111.0,,,,,,,,,,Quill Group - Kitakyushu,OEM,OEM,6,Japan,East Asia,Network equipment,0,Firm,Replaceable
OEM_0305,0.0,5.0,0.0,0.0001122065525757,1111.0,1533.0,1533.0,1111.0,,,,,,,,,,Halcy Group - Batangas,OEM,OEM,6,Southeast Asia,East Asia,Network equipment,0,Firm,Replaceable
OEM_0306,0.0,4.0,0.0,0.0001122065525757,1111.0,1533.0,1533.0,1111.0,,,,,,,,,,Xanthe Industries - Chengdu,OEM,OEM,6,China,East Asia,Industrial controller,0,Firm,Replaceable
OEM_0307,0.0,2.0,0.0,0.0001122065525757,1111.0,1533.0,1533.0,1111.0,,,,,,,,,,Isar Group - Dresden 2,OEM,OEM,6,Europe,Western,Network equipment,0,Firm,Replaceable
OEM_0308,0.0,7.0,0.0,0.0001122065525757,1111.0,1533.0,1533.0,1111.0,,,,,,,,,,Ulvid Products - Malta,OEM,OEM,6,North America,Western,Smartphone,0,Firm,Replaceable
OEM_0309,0.0,5.0,0.0,0.0001122065525757,1111.0,1533.0,1533.0,1111.0,,,,,,,,,,Ulvid Products - Crolles,OEM,OEM,6,Europe,Western,Automotive ECU,0,Firm,Replaceable
OEM_0310,0.0,8.0,0.0,0.0001122065525757,1111.0,1533.0,1533.0,1111.0,,,,,,,,,,Orvid Products - Ottawa,OEM,OEM,6,North America,Western,Industrial controller,0,Firm,Replaceable
OEM_0311,0.0,8.0,0.0,0.0001122065525757,1111.0,1533.0,1533.0,1111.0,,,,,,,,,,Holt Products - Malta,OEM,OEM,6,North America,Western,Industrial controller,0,Firm,Replaceable
OEM_0312,0.0,4.0,0.0,0.0001122065525757,1111.0,1533.0,1533.0,1111.0,,,,,,,,,,Calder Industries - Hsinchu,OEM,OEM,6,Taiwan,East Asia,Smartphone,0,Firm,Replaceable
OEM_0313,0.0,5.0,0.0,0.0001122065525757,1111.0,1533.0,1533.0,1111.0,,,,,,,,,,Lethe Products - Guadalajara,OEM,OEM,6,North America,Western,Industrial controller,0,Firm,Replaceable
OEM_0314,0.0,4.0,0.0,0.0001122065525757,1111.0,1533.0,1533.0,1111.0,,,,,,,,,,Quill Group - Austin,OEM,OEM,6,North America,Western,Server,0,Firm,Replaceable
OEM_0315,0.0,4.0,0.0,0.0001122065525757,1111.0,1533.0,1533.0,1111.0,,,,,,,,,,Isar Products - Cheongju,OEM,OEM,6,Korea,East Asia,Laptop,0,Firm,Replaceable
OEM_0316,0.0,4.0,0.0,0.0001122065525757,1111.0,1533.0,1533.0,1111.0,,,,,,,,,,Dyne Devices - Shanghai,OEM,OEM,6,China,East Asia,Network equipment,0,Firm,Replaceable
OEM_0317,0.0,5.0,0.0,0.0001122065525757,1111.0,1533.0,1533.0,1111.0,,,,,,,,,,Orvid Devices - Chengdu,OEM,OEM,6,China,East Asia,Medical device,0,Firm,Replaceable
OEM_0318,0.0,5.0,0.0,0.0001122065525757,1111.0,1533.0,1533.0,1111.0,,,,,,,,,,Lumen Devices - Wuxi,OEM,OEM,6,China,East Asia,Medical device,0,Firm,Replaceable
OEM_0319,0.0,5.0,0.0,0.0001122065525757,1111.0,1533.0,1533.0,1111.0,,,,,,,,,,Dyne Devices - Taoyuan,OEM,OEM,6,Taiwan,East Asia,Automotive ECU,0,Firm,Replaceable
OEM_0320,0.0,3.0,0.0,0.0001122065525757,1111.0,1533.0,1533.0,1111.0,,,,,,,,,,Lumen Group - Hyderabad,OEM,OEM,6,South Asia,Unaligned,Medical device,0,Firm,Replaceable
OEM_0321,0.0,5.0,0.0,0.0001122065525757,1111.0,1533.0,1533.0,1111.0,,,,,,,,,,Prendel Devices - Kumamoto,OEM,OEM,6,Japan,East Asia,Laptop,0,Firm,Replaceable
OEM_0322,0.0,1.0,0.0,0.0001122065525757,1111.0,1533.0,1533.0,1111.0,,,,,,,,,,Trellis Products - Shanghai,OEM,OEM,6,China,East Asia,Network equipment,0,Firm,Replaceable
OEM_0323,0.0,4.0,0.0,0.0001122065525757,1111.0,1533.0,1533.0,1111.0,,,,,,,,,,Belan Products - Guadalajara,OEM,OEM,6,North America,Western,Network equipment,0,Firm,Replaceable
OEM_0324,0.0,7.0,0.0,0.0001122065525757,1111.0,1533.0,1533.0,1111.0,,,,,,,,,,Jorel Group - Yokkaichi,OEM,OEM,6,Japan,East Asia,Industrial controller,0,Firm,Replaceable
OEM_0325,0.0,2.0,0.0,0.0001122065525757,1111.0,1533.0,1533.0,1111.0,,,,,,,,,,Lethe Group - Kaohsiung,OEM,OEM,6,Taiwan,East Asia,Server,0,Firm,Replaceable
OEM_0326,0.0,5.0,0.0,0.0001122065525757,1111.0,1533.0,1533.0,1111.0,,,,,,,,,,Doran Devices - Hillsboro,OEM,OEM,6,North America,Western,Automotive ECU,0,Firm,Replaceable
OEM_0327,0.0,7.0,0.0,0.0001122065525757,1111.0,1533.0,1533.0,1111.0,,,,,,,,,,Trellis Group - Wuxi,OEM,OEM,6,China,East Asia,Smartphone,0,Firm,Replaceable
OEM_0328,0.0,5.0,0.0,0.0001122065525757,1111.0,1533.0,1533.0,1111.0,,,,,,,,,,Noral Group - Austin,OEM,OEM,6,North America,Western,Smartphone,0,Firm,Replaceable
OEM_0329,0.0,6.0,0.0,0.0001122065525757,1111.0,1533.0,1533.0,1111.0,,,,,,,,,,Quarn Devices - Malta,OEM,OEM,6,North America,Western,Smartphone,0,Firm,Replaceable
OEM_0330,0.0,3.0,0.0,0.0001122065525757,1111.0,1533.0,1533.0,1111.0,,,,,,,,,,Halcy Products - Cheongju,OEM,OEM,6,Korea,East Asia,Automotive ECU,0,Firm,Replaceable
OEM_0331,0.0,5.0,0.0,0.0001122065525757,1111.0,1533.0,1533.0,1111.0,,,,,,,,,,Ystad Industries - Malta,OEM,OEM,6,North America,Western,Industrial controller,0,Firm,Replaceable
OEM_0332,0.0,7.0,0.0,0.0001122065525757,1111.0,1533.0,1533.0,1111.0,,,,,,,,,,Orvid Products - Taoyuan,OEM,OEM,6,Taiwan,East Asia,Automotive ECU,0,Firm,Replaceable
OEM_0333,0.0,3.0,0.0,0.0001122065525757,1111.0,1533.0,1533.0,1111.0,,,,,,,,,,Ferrin Products - Gumi,OEM,OEM,6,Korea,East Asia,Industrial controller,0,Firm,Replaceable
OEM_0334,0.0,4.0,0.0,0.0001122065525757,1111.0,1533.0,1533.0,1111.0,,,,,,,,,,Granth Industries - Taoyuan,OEM,OEM,6,Taiwan,East Asia,Industrial controller,0,Firm,Replaceable
OEM_0335,0.0,6.0,0.0,0.0001122065525757,1111.0,1533.0,1533.0,1111.0,,,,,,,,,,Ferrin Industries - Taichung,OEM,OEM,6,Taiwan,East Asia,Automotive ECU,0,Firm,Replaceable
OEM_0336,0.0,10.0,0.0,0.0001122065525757,1111.0,1533.0,1533.0,1111.0,,,,,,,,,,Holt Devices - Ottawa,OEM,OEM,6,North America,Western,Smartphone,0,Firm,Replaceable
OEM_0337,0.0,10.0,0.0,0.0001122065525757,1111.0,1533.0,1533.0,1111.0,,,,,,,,,,Ember Group - Austin,OEM,OEM,6,North America,Western,Smartphone,0,Firm,Replaceable
OEM_0338,0.0,9.0,0.0,0.0001122065525757,1111.0,1533.0,1533.0,1111.0,,,,,,,,,,Ulvid Products - Hillsboro,OEM,OEM,6,North America,Western,Laptop,0,Firm,Replaceable
OEM_0339,0.0,6.0,0.0,0.0001122065525757,1111.0,1533.0,1533.0,1111.0,,,,,,,,,,Mervi Industries - Dresden,OEM,OEM,6,Europe,Western,Network equipment,0,Firm,Replaceable
OEM_0340,0.0,5.0,0.0,0.0001122065525757,1111.0,1533.0,1533.0,1111.0,,,,,,,,,,Rivet Industries - Crolles,OEM,OEM,6,Europe,Western,Laptop,0,Firm,Replaceable
OEM_0341,0.0,5.0,0.0,0.0001122065525757,1111.0,1533.0,1533.0,1111.0,,,,,,,,,,Elstow Devices - Leixlip,OEM,OEM,6,Europe,Western,Server,0,Firm,Replaceable
OEM_0342,0.0,6.0,0.0,0.0001122065525757,1111.0,1533.0,1533.0,1111.0,,,,,,,,,,Cortex Group - Grenoble,OEM,OEM,6,Europe,Western,Industrial controller,0,Firm,Replaceable
OEM_0343,0.0,4.0,0.0,0.0001122065525757,1111.0,1533.0,1533.0,1111.0,,,,,,,,,,Cortex Devices - Ottawa,OEM,OEM,6,North America,Western,Laptop,0,Firm,Replaceable
OEM_0344,0.0,5.0,0.0,0.0001122065525757,1111.0,1533.0,1533.0,1111.0,,,,,,,,,,Gethin Products - Ottawa,OEM,OEM,6,North America,Western,Automotive ECU,0,Firm,Replaceable
OEM_0345,0.0,4.0,0.0,0.0001122065525757,1111.0,1533.0,1533.0,1111.0,,,,,,,,,,Ulvid Devices - Ottawa,OEM,OEM,6,North America,Western,Industrial controller,0,Firm,Replaceable
OEM_0346,0.0,9.0,0.0,0.0001122065525757,1111.0,1533.0,1533.0,1111.0,,,,,,,,,,Ulvid Industries - Gumi,OEM,OEM,6,Korea,East Asia,Industrial controller,0,Firm,Replaceable
OEM_0347,0.0,4.0,0.0,0.0001122065525757,1111.0,1533.0,1533.0,1111.0,,,,,,,,,,Solvex Products - Malta,OEM,OEM,6,North America,Western,Smartphone,0,Firm,Replaceable
OEM_0348,0.0,3.0,0.0,0.0001122065525757,1111.0,1533.0,1533.0,1111.0,,,,,,,,,,Lethe Products - Guadalajara 2,OEM,OEM,6,North America,Western,Network equipment,0,Firm,Replaceable
OEM_0349,0.0,4.0,0.0,0.0001122065525757,1111.0,1533.0,1533.0,1111.0,,,,,,,,,,Ferrin Industries - Hillsboro,OEM,OEM,6,North America,Western,Automotive ECU,0,Firm,Replaceable
OEM_0350,0.0,6.0,0.0,0.0001122065525757,1111.0,1533.0,1533.0,1111.0,,,,,,,,,,Noral Products - Austin,OEM,OEM,6,North America,Western,Network equipment,0,Firm,Replaceable
OEM_0351,0.0,4.0,0.0,0.0001122065525757,1111.0,1533.0,1533.0,1111.0,,,,,,,,,,Prendel Devices - Hwaseong,OEM,OEM,6,Korea,East Asia,Industrial controller,0,Firm,Replaceable
OEM_0352,0.0,6.0,0.0,0.0001122065525757,1111.0,1533.0,1533.0,1111.0,,,,,,,,,,Prendel Group - Eindhoven 2,OEM,OEM,6,Europe,Western,Industrial controller,0,Firm,Replaceable
OEM_0353,0.0,3.0,0.0,0.0001122065525757,1111.0,1533.0,1533.0,1111.0,,,,,,,,,,Solvex Industries - Kitakyushu,OEM,OEM,6,Japan,East Asia,Medical device,0,Firm,Replaceable
OEM_0354,0.0,9.0,0.0,0.0001122065525757,1111.0,1533.0,1533.0,1111.0,,,,,,,,,,Brant Group - Eindhoven,OEM,OEM,6,Europe,Western,Industrial controller,0,Firm,Replaceable
OEM_0355,0.0,2.0,0.0,0.0001122065525757,1111.0,1533.0,1533.0,1111.0,,,,,,,,,,Stade Industries - Singapore,OEM,OEM,6,Southeast Asia,East Asia,Medical device,0,Firm,Replaceable
OEM_0356,0.0,8.0,0.0,0.0001122065525757,1111.0,1533.0,1533.0,1111.0,,,,,,,,,,Palter Group - Tianjin,OEM,OEM,6,China,East Asia,Industrial controller,0,Firm,Replaceable
OEM_0357,0.0,5.0,0.0,0.0001122065525757,1111.0,1533.0,1533.0,1111.0,,,,,,,,,,Elstow Group - Hwaseong 2,OEM,OEM,6,Korea,East Asia,Medical device,0,Firm,Replaceable
OEM_0358,0.0,5.0,0.0,0.0001122065525757,1111.0,1533.0,1533.0,1111.0,,,,,,,,,,Lumen Group - Icheon,OEM,OEM,6,Korea,East Asia,Industrial controller,0,Firm,Replaceable
OEM_0359,0.0,5.0,0.0,0.0001122065525757,1111.0,1533.0,1533.0,1111.0,,,,,,,,,,Zephyr Products - Dalian,OEM,OEM,6,China,East Asia,Medical device,0,Firm,Replaceable
OEM_0360,0.0,7.0,0.0,0.0001122065525757,1111.0,1533.0,1533.0,1111.0,,,,,,,,,,Thorne Products - Hillsboro,OEM,OEM,6,North America,Western,Automotive ECU,0,Firm,Replaceable
OEM_0361,0.0,4.0,0.0,0.0001122065525757,1111.0,1533.0,1533.0,1111.0,,,,,,,,,,Korrin Devices - Tianjin,OEM,OEM,6,China,East Asia,Network equipment,0,Firm,Replaceable
OEM_0362,0.0,5.0,0.0,0.0001122065525757,1111.0,1533.0,1533.0,1111.0,,,,,,,,,,Noral Products - Pyeongtaek,OEM,OEM,6,Korea,East Asia,Smartphone,0,Firm,Replaceable
OEM_0363,0.0,5.0,0.0,0.0001122065525757,1111.0,1533.0,1533.0,1111.0,,,,,,,,,,Zephyr Industries - Guadalajara,OEM,OEM,6,North America,Western,Industrial controller,0,Firm,Replaceable
OEM_0364,0.0,5.0,0.0,0.0001122065525757,1111.0,1533.0,1533.0,1111.0,,,,,,,,,,Halcy Products - Bengaluru,OEM,OEM,6,South Asia,Unaligned,Smartphone,0,Firm,Replaceable
OEM_0365,0.0,4.0,0.0,0.0001122065525757,1111.0,1533.0,1533.0,1111.0,,,,,,,,,,Dyne Products - Ottawa,OEM,OEM,6,North America,Western,Server,0,Firm,Replaceable
OEM_0366,0.0,5.0,0.0,0.0001122065525757,1111.0,1533.0,1533.0,1111.0,,,,,,,,,,Trellis Devices - Kumamoto,OEM,OEM,6,Japan,East Asia,Laptop,0,Firm,Replaceable
OEM_0367,0.0,3.0,0.0,0.0001122065525757,1111.0,1533.0,1533.0,1111.0,,,,,,,,,,Noral Group - Kaohsiung,OEM,OEM,6,Taiwan,East Asia,Laptop,0,Firm,Replaceable
OEM_0368,0.0,3.0,0.0,0.0001122065525757,1111.0,1533.0,1533.0,1111.0,,,,,,,,,,Jorel Devices - Shenzhen,OEM,OEM,6,China,East Asia,Medical device,0,Firm,Replaceable
OEM_0369,0.0,1.0,0.0,0.0001122065525757,1111.0,1533.0,1533.0,1111.0,,,,,,,,,,Nevin Group - Chengdu,OEM,OEM,6,China,East Asia,Server,0,Firm,Replaceable
OEM_0370,0.0,4.0,0.0,0.0001122065525757,1111.0,1533.0,1533.0,1111.0,,,,,,,,,,Renbeck Group - Guadalajara,OEM,OEM,6,North America,Western,Smartphone,0,Firm,Replaceable
OEM_0371,0.0,7.0,0.0,0.0001122065525757,1111.0,1533.0,1533.0,1111.0,,,,,,,,,,Verity Products - Crolles,OEM,OEM,6,Europe,Western,Industrial controller,0,Firm,Replaceable
OEM_0372,0.0,5.0,0.0,0.0001122065525757,1111.0,1533.0,1533.0,1111.0,,,,,,,,,,Rivet Group - Malta,OEM,OEM,6,North America,Western,Laptop,0,Firm,Replaceable
OEM_0373,0.0,7.0,0.0,0.0001122065525757,1111.0,1533.0,1533.0,1111.0,,,,,,,,,,Doran Devices - Shenzhen,OEM,OEM,6,China,East Asia,Smartphone,0,Firm,Replaceable
OEM_0374,0.0,9.0,0.0,0.0001122065525757,1111.0,1533.0,1533.0,1111.0,,,,,,,,,,Noral Group - Eindhoven,OEM,OEM,6,Europe,Western,Automotive ECU,0,Firm,Replaceable
OEM_0375,0.0,1.0,0.0,0.0001122065525757,1111.0,1533.0,1533.0,1111.0,,,,,,,,,,Brant Group - Malta,OEM,OEM,6,North America,Western,Industrial controller,0,Firm,Replaceable
OEM_0376,0.0,5.0,0.0,0.0001122065525757,1111.0,1533.0,1533.0,1111.0,,,,,,,,,,Ystad Industries - Hyderabad,OEM,OEM,6,South Asia,Unaligned,Server,0,Firm,Replaceable
OEM_0377,0.0,6.0,0.0,0.0001122065525757,1111.0,1533.0,1533.0,1111.0,,,,,,,,,,Lumen Group - Xi'an,OEM,OEM,6,China,East Asia,Automotive ECU,0,Firm,Replaceable
OEM_0378,0.0,2.0,0.0,0.0001122065525757,1111.0,1533.0,1533.0,1111.0,,,,,,,,,,Thorne Products - Leixlip 2,OEM,OEM,6,Europe,Western,Automotive ECU,0,Firm,Replaceable
OEM_0379,0.0,5.0,0.0,0.0001122065525757,1111.0,1533.0,1533.0,1111.0,,,,,,,,,,Noral Industries - Malta,OEM,OEM,6,North America,Western,Server,0,Firm,Replaceable
OEM_0380,0.0,2.0,0.0,0.0001122065525757,1111.0,1533.0,1533.0,1111.0,,,,,,,,,,Gethin Group - Tianjin,OEM,OEM,6,China,East Asia,Industrial controller,0,Firm,Replaceable
OEM_0381,0.0,7.0,0.0,0.0001122065525757,1111.0,1533.0,1533.0,1111.0,,,,,,,,,,Verity Industries - Kumamoto,OEM,OEM,6,Japan,East Asia,Smartphone,0,Firm,Replaceable
OEM_0382,0.0,4.0,0.0,0.0001122065525757,1111.0,1533.0,1533.0,1111.0,,,,,,,,,,Lethe Products - Grenoble,OEM,OEM,6,Europe,Western,Laptop,0,Firm,Replaceable
OEM_0383,0.0,2.0,0.0,0.0001122065525757,1111.0,1533.0,1533.0,1111.0,,,,,,,,,,Noral Industries - Xi'an,OEM,OEM,6,China,East Asia,Laptop,0,Firm,Replaceable
OEM_0384,0.0,3.0,0.0,0.0001122065525757,1111.0,1533.0,1533.0,1111.0,,,,,,,,,,Ferrin Devices - Crolles,OEM,OEM,6,Europe,Western,Automotive ECU,0,Firm,Replaceable
OEM_0385,0.0,5.0,0.0,0.0001122065525757,1111.0,1533.0,1533.0,1111.0,,,,,,,,,,Gethin Devices - Guadalajara,OEM,OEM,6,North America,Western,Laptop,0,Firm,Replaceable
OEM_0386,0.0,5.0,0.0,0.0001122065525757,1111.0,1533.0,1533.0,1111.0,,,,,,,,,,Nevin Industries - Kumamoto,OEM,OEM,6,Japan,East Asia,Smartphone,0,Firm,Replaceable
OEM_0387,0.0,7.0,0.0,0.0001122065525757,1111.0,1533.0,1533.0,1111.0,,,,,,,,,,Zephyr Products - Hiroshima,OEM,OEM,6,Japan,East Asia,Industrial controller,0,Firm,Replaceable
OEM_0388,0.0,7.0,0.0,0.0001122065525757,1111.0,1533.0,1533.0,1111.0,,,,,,,,,,Holt Products - Kitakyushu,OEM,OEM,6,Japan,East Asia,Automotive ECU,0,Firm,Replaceable
OEM_0389,0.0,5.0,0.0,0.0001122065525757,1111.0,1533.0,1533.0,1111.0,,,,,,,,,,Prendel Group - Tainan,OEM,OEM,6,Taiwan,East Asia,Medical device,0,Firm,Replaceable
OEM_0390,0.0,6.0,0.0,0.0001122065525757,1111.0,1533.0,1533.0,1111.0,,,,,,,,,,Rivet Products - Villach,OEM,OEM,6,Europe,Western,Industrial controller,0,Firm,Replaceable
OEM_0391,0.0,4.0,0.0,0.0001122065525757,1111.0,1533.0,1533.0,1111.0,,,,,,,,,,Jorel Industries - Kitakyushu,OEM,OEM,6,Japan,East Asia,Automotive ECU,0,Firm,Replaceable
OEM_0392,0.0,7.0,0.0,0.0001122065525757,1111.0,1533.0,1533.0,1111.0,,,,,,,,,,Yarrow Industries - Hwaseong,OEM,OEM,6,Korea,East Asia,Smartphone,0,Firm,Replaceable
OEM_0393,0.0,4.0,0.0,0.0001122065525757,1111.0,1533.0,1533.0,1111.0,,,,,,,,,,Ferrin Group - Hwaseong,OEM,OEM,6,Korea,East Asia,Smartphone,0,Firm,Replaceable
OEM_0394,0.0,4.0,0.0,0.0001122065525757,1111.0,1533.0,1533.0,1111.0,,,,,,,,,,Quill Industries - Sendai,OEM,OEM,6,Japan,East Asia,Smartphone,0,Firm,Replaceable
OEM_0395,0.0,3.0,0.0,0.0001122065525757,1111.0,1533.0,1533.0,1111.0,,,,,,,,,,Korrin Industries - Ottawa,OEM,OEM,6,North America,Western,Automotive ECU,0,Firm,Replaceable
OEM_0396,0.0,3.0,0.0,0.0001122065525757,1111.0,1533.0,1533.0,1111.0,,,,,,,,,,Holt Group - Leixlip,OEM,OEM,6,Europe,Western,Automotive ECU,0,Firm,Replaceable
OEM_0397,0.0,4.0,0.0,0.0001122065525757,1111.0,1533.0,1533.0,1111.0,,,,,,,,,,Cortex Devices - Dresden,OEM,OEM,6,Europe,Western,Laptop,0,Firm,Replaceable
OEM_0398,0.0,5.0,0.0,0.0001122065525757,1111.0,1533.0,1533.0,1111.0,,,,,,,,,,Faryn Industries - Hillsboro,OEM,OEM,6,North America,Western,Industrial controller,0,Firm,Replaceable
OEM_0399,0.0,9.0,0.0,0.0001122065525757,1111.0,1533.0,1533.0,1111.0,,,,,,,,,,Palter Devices - Wuxi,OEM,OEM,6,China,East Asia,Industrial controller,0,Firm,Replaceable
OEM_0400,0.0,3.0,0.0,0.0001122065525757,1111.0,1533.0,1533.0,1111.0,,,,,,,,,,Korrin Products - Ottawa,OEM,OEM,6,North America,Western,Industrial controller,0,Firm,Replaceable
OEM_0401,0.0,6.0,0.0,0.0001122065525757,1111.0,1533.0,1533.0,1111.0,,,,,,,,,,Granth Industries - Eindhoven,OEM,OEM,6,Europe,Western,Laptop,0,Firm,Replaceable
OEM_0402,0.0,1.0,0.0,0.0001122065525757,1111.0,1533.0,1533.0,1111.0,,,,,,,,,,Verity Group - Hwaseong,OEM,OEM,6,Korea,East Asia,Laptop,0,Firm,Replaceable
OEM_0403,0.0,4.0,0.0,0.0001122065525757,1111.0,1533.0,1533.0,1111.0,,,,,,,,,,Stade Devices - Batangas,OEM,OEM,6,Southeast Asia,East Asia,Server,0,Firm,Replaceable
OEM_0404,0.0,3.0,0.0,0.0001122065525757,1111.0,1533.0,1533.0,1111.0,,,,,,,,,,Nevin Devices - Hillsboro,OEM,OEM,6,North America,Western,Network equipment,0,Firm,Replaceable
OEM_0405,0.0,6.0,0.0,0.0001122065525757,1111.0,1533.0,1533.0,1111.0,,,,,,,,,,Umber Industries - Crolles,OEM,OEM,6,Europe,Western,Smartphone,0,Firm,Replaceable
OEM_0406,0.0,11.0,0.0,0.0001122065525757,1111.0,1533.0,1533.0,1111.0,,,,,,,,,,Prendel Devices - Ottawa,OEM,OEM,6,North America,Western,Industrial controller,0,Firm,Replaceable
OEM_0407,0.0,3.0,0.0,0.0001122065525757,1111.0,1533.0,1533.0,1111.0,,,,,,,,,,Elstow Products - Dalian,OEM,OEM,6,China,East Asia,Network equipment,0,Firm,Replaceable
OEM_0408,0.0,6.0,0.0,0.0001122065525757,1111.0,1533.0,1533.0,1111.0,,,,,,,,,,Mervi Devices - Shenzhen,OEM,OEM,6,China,East Asia,Smartphone,0,Firm,Replaceable
OEM_0409,0.0,3.0,0.0,0.0001122065525757,1111.0,1533.0,1533.0,1111.0,,,,,,,,,,Xanthe Group - Grenoble,OEM,OEM,6,Europe,Western,Automotive ECU,0,Firm,Replaceable
OEM_0410,0.0,3.0,0.0,0.0001122065525757,1111.0,1533.0,1533.0,1111.0,,,,,,,,,,Quill Devices - Guadalajara,OEM,OEM,6,North America,Western,Server,0,Firm,Replaceable
OEM_0411,0.0,3.0,0.0,0.0001122065525757,1111.0,1533.0,1533.0,1111.0,,,,,,,,,,Ferrin Devices - Leixlip,OEM,OEM,6,Europe,Western,Server,0,Firm,Replaceable
OEM_0412,0.0,6.0,0.0,0.0001122065525757,1111.0,1533.0,1533.0,1111.0,,,,,,,,,,Trellis Products - Eindhoven 2,OEM,OEM,6,Europe,Western,Smartphone,0,Firm,Replaceable
OEM_0413,0.0,9.0,0.0,0.0001122065525757,1111.0,1533.0,1533.0,1111.0,,,,,,,,,,Yarrow Group - Bac Ninh,OEM,OEM,6,Southeast Asia,East Asia,Laptop,0,Firm,Replaceable
OEM_0414,0.0,1.0,0.0,0.0001122065525757,1111.0,1533.0,1533.0,1111.0,,,,,,,,,,Rivet Products - Hsinchu,OEM,OEM,6,Taiwan,East Asia,Server,0,Firm,Replaceable
OEM_0415,0.0,2.0,0.0,0.0001122065525757,1111.0,1533.0,1533.0,1111.0,,,,,,,,,,Ystad Industries - Dresden,OEM,OEM,6,Europe,Western,Industrial controller,0,Firm,Replaceable
OEM_0416,0.0,4.0,0.0,0.0001122065525757,1111.0,1533.0,1533.0,1111.0,,,,,,,,,,Trellis Devices - Malta,OEM,OEM,6,North America,Western,Server,0,Firm,Replaceable
OEM_0417,0.0,6.0,0.0,0.0001122065525757,1111.0,1533.0,1533.0,1111.0,,,,,,,,,,Ulvid Group - Cheongju,OEM,OEM,6,Korea,East Asia,Automotive ECU,0,Firm,Replaceable
OEM_0418,0.0,7.0,0.0,0.0001122065525757,1111.0,1533.0,1533.0,1111.0,,,,,,,,,,Cortex Industries - Shenzhen,OEM,OEM,6,China,East Asia,Smartphone,0,Firm,Replaceable
OEM_0419,0.0,8.0,0.0,0.0001122065525757,1111.0,1533.0,1533.0,1111.0,,,,,,,,,,Faryn Group - Pune,OEM,OEM,6,South Asia,Unaligned,Industrial controller,0,Firm,Replaceable
OEM_0420,0.0,5.0,0.0,0.0001122065525757,1111.0,1533.0,1533.0,1111.0,,,,,,,,,,Vantor Group - Bac Ninh,OEM,OEM,6,Southeast Asia,East Asia,Smartphone,0,Firm,Replaceable
OEM_0421,0.0,4.0,0.0,0.0001122065525757,1111.0,1533.0,1533.0,1111.0,,,,,,,,,,Ember Devices - Guadalajara 2,OEM,OEM,6,North America,Western,Medical device,0,Firm,Replaceable
OEM_0422,0.0,8.0,0.0,0.0001122065525757,1111.0,1533.0,1533.0,1111.0,,,,,,,,,,Stade Group - Bangkok,OEM,OEM,6,Southeast Asia,East Asia,Industrial controller,0,Firm,Replaceable
OEM_0423,0.0,7.0,0.0,0.0001122065525757,1111.0,1533.0,1533.0,1111.0,,,,,,,,,,Quill Industries - Villach 2,OEM,OEM,6,Europe,Western,Automotive ECU,0,Firm,Replaceable
OEM_0424,0.0,2.0,0.0,0.0001122065525757,1111.0,1533.0,1533.0,1111.0,,,,,,,,,,Korrin Group - Leixlip,OEM,OEM,6,Europe,Western,Network equipment,0,Firm,Replaceable
OEM_0425,0.0,7.0,0.0,0.0001122065525757,1111.0,1533.0,1533.0,1111.0,,,,,,,,,,Brant Group - Yokkaichi,OEM,OEM,6,Japan,East Asia,Industrial controller,0,Firm,Replaceable
OEM_0426,0.0,3.0,0.0,0.0001122065525757,1111.0,1533.0,1533.0,1111.0,,,,,,,,,,Solvex Industries - Crolles,OEM,OEM,6,Europe,Western,Laptop,0,Firm,Replaceable
OEM_0427,0.0,3.0,0.0,0.0001122065525757,1111.0,1533.0,1533.0,1111.0,,,,,,,,,,Thorne Industries - Shenzhen 2,OEM,OEM,6,China,East Asia,Industrial controller,0,Firm,Replaceable
OEM_0428,0.0,7.0,0.0,0.0001122065525757,1111.0,1533.0,1533.0,1111.0,,,,,,,,,,Wexler Devices - Leixlip,OEM,OEM,6,Europe,Western,Laptop,0,Firm,Replaceable
OEM_0429,0.0,4.0,0.0,0.0001122065525757,1111.0,1533.0,1533.0,1111.0,,,,,,,,,,Oxbow Products - Austin,OEM,OEM,6,North America,Western,Automotive ECU,0,Firm,Replaceable
OEM_0430,0.0,2.0,0.0,0.0001122065525757,1111.0,1533.0,1533.0,1111.0,,,,,,,,,,Calder Devices - Shenzhen,OEM,OEM,6,China,East Asia,Network equipment,0,Firm,Replaceable
OEM_0431,0.0,4.0,0.0,0.0001122065525757,1111.0,1533.0,1533.0,1111.0,,,,,,,,,,Holt Products - Kumamoto,OEM,OEM,6,Japan,East Asia,Smartphone,0,Firm,Replaceable
OEM_0432,0.0,3.0,0.0,0.0001122065525757,1111.0,1533.0,1533.0,1111.0,,,,,,,,,,Zephyr Industries - Bac Ninh,OEM,OEM,6,Southeast Asia,East Asia,Laptop,0,Firm,Replaceable
OEM_0433,0.0,4.0,0.0,0.0001122065525757,1111.0,1533.0,1533.0,1111.0,,,,,,,,,,Jorel Products - Taoyuan,OEM,OEM,6,Taiwan,East Asia,Smartphone,0,Firm,Replaceable
OEM_0434,0.0,6.0,0.0,0.0001122065525757,1111.0,1533.0,1533.0,1111.0,,,,,,,,,,Lumen Group - Shenzhen,OEM,OEM,6,China,East Asia,Industrial controller,0,Firm,Replaceable
OEM_0435,0.0,6.0,0.0,0.0001122065525757,1111.0,1533.0,1533.0,1111.0,,,,,,,,,,Calder Products - Ottawa,OEM,OEM,6,North America,Western,Industrial controller,0,Firm,Replaceable
OEM_0436,0.0,1.0,0.0,0.0001122065525757,1111.0,1533.0,1533.0,1111.0,,,,,,,,,,Nevin Industries - Dalian,OEM,OEM,6,China,East Asia,Industrial controller,0,Firm,Replaceable
OEM_0437,0.0,7.0,0.0,0.0001122065525757,1111.0,1533.0,1533.0,1111.0,,,,,,,,,,Mervi Industries - Villach,OEM,OEM,6,Europe,Western,Smartphone,0,Firm,Replaceable
OEM_0438,0.0,7.0,0.0,0.0001122065525757,1111.0,1533.0,1533.0,1111.0,,,,,,,,,,Granth Devices - Eindhoven,OEM,OEM,6,Europe,Western,Laptop,0,Firm,Replaceable
OEM_0439,0.0,2.0,0.0,0.0001122065525757,1111.0,1533.0,1533.0,1111.0,,,,,,,,,,Verity Industries - Icheon,OEM,OEM,6,Korea,East Asia,Network equipment,0,Firm,Replaceable
OEM_0440,0.0,5.0,0.0,0.0001122065525757,1111.0,1533.0,1533.0,1111.0,,,,,,,,,,Faryn Industries - Sanand,OEM,OEM,6,South Asia,Unaligned,Automotive ECU,0,Firm,Replaceable
OEM_0441,0.0,6.0,0.0,0.0001122065525757,1111.0,1533.0,1533.0,1111.0,,,,,,,,,,Yarrow Products - Tianjin,OEM,OEM,6,China,East Asia,Industrial controller,0,Firm,Replaceable
OEM_0442,0.0,7.0,0.0,0.0001122065525757,1111.0,1533.0,1533.0,1111.0,,,,,,,,,,Solvex Devices - Tianjin,OEM,OEM,6,China,East Asia,Automotive ECU,0,Firm,Replaceable
OEM_0443,0.0,7.0,0.0,0.0001122065525757,1111.0,1533.0,1533.0,1111.0,,,,,,,,,,Ulvid Industries - Dresden,OEM,OEM,6,Europe,Western,Industrial controller,0,Firm,Replaceable
OEM_0444,0.0,4.0,0.0,0.0001122065525757,1111.0,1533.0,1533.0,1111.0,,,,,,,,,,Faryn Group - Pyeongtaek,OEM,OEM,6,Korea,East Asia,Laptop,0,Firm,Replaceable
OEM_0445,0.0,4.0,0.0,0.0001122065525757,1111.0,1533.0,1533.0,1111.0,,,,,,,,,,Thorne Group - Batam,OEM,OEM,6,Southeast Asia,East Asia,Industrial controller,0,Firm,Replaceable
OEM_0446,0.0,6.0,0.0,0.0001122065525757,1111.0,1533.0,1533.0,1111.0,,,,,,,,,,Faryn Products - Kitakyushu,OEM,OEM,6,Japan,East Asia,Medical device,0,Firm,Replaceable
OEM_0447,0.0,2.0,0.0,0.0001122065525757,1111.0,1533.0,1533.0,1111.0,,,,,,,,,,Ferrin Group - Chandler,OEM,OEM,6,North America,Western,Server,0,Firm,Replaceable
OEM_0448,0.0,5.0,0.0,0.0001122065525757,1111.0,1533.0,1533.0,1111.0,,,,,,,,,,Rivet Devices - Dalian,OEM,OEM,6,China,East Asia,Server,0,Firm,Replaceable
OEM_0449,0.0,5.0,0.0,0.0001122065525757,1111.0,1533.0,1533.0,1111.0,,,,,,,,,,Holt Group - Penang,OEM,OEM,6,Southeast Asia,East Asia,Server,0,Firm,Replaceable
OEM_0450,0.0,6.0,0.0,0.0001122065525757,1111.0,1533.0,1533.0,1111.0,,,,,,,,,,Wexler Devices - Gumi,OEM,OEM,6,Korea,East Asia,Medical device,0,Firm,Replaceable
OEM_0451,0.0,10.0,0.0,0.0001122065525757,1111.0,1533.0,1533.0,1111.0,,,,,,,,,,Doran Industries - Eindhoven,OEM,OEM,6,Europe,Western,Industrial controller,0,Firm,Replaceable
OEM_0452,0.0,1.0,0.0,0.0001122065525757,1111.0,1533.0,1533.0,1111.0,,,,,,,,,,Dyne Products - Leixlip,OEM,OEM,6,Europe,Western,Network equipment,0,Firm,Replaceable
OEM_0453,0.0,6.0,0.0,0.0001122065525757,1111.0,1533.0,1533.0,1111.0,,,,,,,,,,Faryn Industries - Kaohsiung,OEM,OEM,6,Taiwan,East Asia,Server,0,Firm,Replaceable
OEM_0454,0.0,4.0,0.0,0.0001122065525757,1111.0,1533.0,1533.0,1111.0,,,,,,,,,,Dyne Industries - Hillsboro,OEM,OEM,6,North America,Western,Industrial controller,0,Firm,Replaceable
OEM_0455,0.0,5.0,0.0,0.0001122065525757,1111.0,1533.0,1533.0,1111.0,,,,,,,,,,Nevin Products - Crolles,OEM,OEM,6,Europe,Western,Laptop,0,Firm,Replaceable
OEM_0456,0.0,2.0,0.0,0.0001122065525757,1111.0,1533.0,1533.0,1111.0,,,,,,,,,,Doran Products - Icheon,OEM,OEM,6,Korea,East Asia,Network equipment,0,Firm,Replaceable
OEM_0457,0.0,4.0,0.0,0.0001122065525757,1111.0,1533.0,1533.0,1111.0,,,,,,,,,,Wend Industries - Chengdu,OEM,OEM,6,China,East Asia,Smartphone,0,Firm,Replaceable
OEM_0458,0.0,2.0,0.0,0.0001122065525757,1111.0,1533.0,1533.0,1111.0,,,,,,,,,,Quill Group - Leixlip,OEM,OEM,6,Europe,Western,Server,0,Firm,Replaceable
OEM_0459,0.0,3.0,0.0,0.0001122065525757,1111.0,1533.0,1533.0,1111.0,,,,,,,,,,Ader Products - Wuxi,OEM,OEM,6,China,East Asia,Laptop,0,Firm,Replaceable
OEM_0460,0.0,7.0,0.0,0.0001122065525757,1111.0,1533.0,1533.0,1111.0,,,,,,,,,,Noral Industries - Guadalajara,OEM,OEM,6,North America,Western,Industrial controller,0,Firm,Replaceable
OEM_0461,0.0,6.0,0.0,0.0001122065525757,1111.0,1533.0,1533.0,1111.0,,,,,,,,,,Zephyr Group - Guadalajara,OEM,OEM,6,North America,Western,Industrial controller,0,Firm,Replaceable
OEM_0462,0.0,1.0,0.0,0.0001122065525757,1111.0,1533.0,1533.0,1111.0,,,,,,,,,,Oxbow Group - Crolles,OEM,OEM,6,Europe,Western,Network equipment,0,Firm,Replaceable
OEM_0463,0.0,3.0,0.0,0.0001122065525757,1111.0,1533.0,1533.0,1111.0,,,,,,,,,,Oxbow Industries - Cheongju,OEM,OEM,6,Korea,East Asia,Server,0,Firm,Replaceable
OEM_0464,0.0,8.0,0.0,0.0001122065525757,1111.0,1533.0,1533.0,1111.0,,,,,,,,,,Ader Group - Dalian,OEM,OEM,6,China,East Asia,Server,0,Firm,Replaceable
OEM_0465,0.0,9.0,0.0,0.0001122065525757,1111.0,1533.0,1533.0,1111.0,,,,,,,,,,Alder Group - Guadalajara,OEM,OEM,6,North America,Western,Laptop,0,Firm,Replaceable
OEM_0466,0.0,10.0,0.0,0.0001122065525757,1111.0,1533.0,1533.0,1111.0,,,,,,,,,,Calder Industries - Taichung,OEM,OEM,6,Taiwan,East Asia,Smartphone,0,Firm,Replaceable
OEM_0467,0.0,6.0,0.0,0.0001122065525757,1111.0,1533.0,1533.0,1111.0,,,,,,,,,,Wend Group - Chengdu 2,OEM,OEM,6,China,East Asia,Industrial controller,0,Firm,Replaceable
OEM_0468,0.0,10.0,0.0,0.0001122065525757,1111.0,1533.0,1533.0,1111.0,,,,,,,,,,Wexler Industries - Icheon,OEM,OEM,6,Korea,East Asia,Industrial controller,0,Firm,Replaceable
OEM_0469,0.0,2.0,0.0,0.0001122065525757,1111.0,1533.0,1533.0,1111.0,,,,,,,,,,Mordant Products - Austin,OEM,OEM,6,North America,Western,Laptop,0,Firm,Replaceable
OEM_0470,0.0,9.0,0.0,0.0001122065525757,1111.0,1533.0,1533.0,1111.0,,,,,,,,,,Faryn Products - Kitakyushu 2,OEM,OEM,6,Japan,East Asia,Medical device,0,Firm,Replaceable
OEM_0471,0.0,7.0,0.0,0.0001122065525757,1111.0,1533.0,1533.0,1111.0,,,,,,,,,,Ferrin Devices - Shenzhen,OEM,OEM,6,China,East Asia,Automotive ECU,0,Firm,Replaceable
OEM_0472,0.0,6.0,0.0,0.0001122065525757,1111.0,1533.0,1533.0,1111.0,,,,,,,,,,Zephyr Industries - Hsinchu,OEM,OEM,6,Taiwan,East Asia,Medical device,0,Firm,Replaceable
OEM_0473,0.0,7.0,0.0,0.0001122065525757,1111.0,1533.0,1533.0,1111.0,,,,,,,,,,Ulvid Group - Bac Ninh,OEM,OEM,6,Southeast Asia,East Asia,Smartphone,0,Firm,Replaceable
OEM_0474,0.0,5.0,0.0,0.0001122065525757,1111.0,1533.0,1533.0,1111.0,,,,,,,,,,Granth Products - Dresden,OEM,OEM,6,Europe,Western,Laptop,0,Firm,Replaceable
OEM_0475,0.0,5.0,0.0,0.0001122065525757,1111.0,1533.0,1533.0,1111.0,,,,,,,,,,Jarn Industries - Nagano,OEM,OEM,6,Japan,East Asia,Network equipment,0,Firm,Replaceable
OEM_0476,0.0,5.0,0.0,0.0001122065525757,1111.0,1533.0,1533.0,1111.0,,,,,,,,,,Elstow Industries - Pyeongtaek,OEM,OEM,6,Korea,East Asia,Medical device,0,Firm,Replaceable
OEM_0477,0.0,5.0,0.0,0.0001122065525757,1111.0,1533.0,1533.0,1111.0,,,,,,,,,,Isar Devices - Bangkok,OEM,OEM,6,Southeast Asia,East Asia,Smartphone,0,Firm,Replaceable
OEM_0478,0.0,3.0,0.0,0.0001122065525757,1111.0,1533.0,1533.0,1111.0,,,,,,,,,,Quill Industries - Grenoble,OEM,OEM,6,Europe,Western,Server,0,Firm,Replaceable
OEM_0479,0.0,5.0,0.0,0.0001122065525757,1111.0,1533.0,1533.0,1111.0,,,,,,,,,,Jarn Group - Chengdu,OEM,OEM,6,China,East Asia,Smartphone,0,Firm,Replaceable
OEM_0480,0.0,6.0,0.0,0.0001122065525757,1111.0,1533.0,1533.0,1111.0,,,,,,,,,,Stade Products - Malta,OEM,OEM,6,North America,Western,Automotive ECU,0,Firm,Replaceable
OEM_0481,0.0,3.0,0.0,0.0001122065525757,1111.0,1533.0,1533.0,1111.0,,,,,,,,,,Cortex Devices - Kitakyushu,OEM,OEM,6,Japan,East Asia,Server,0,Firm,Replaceable
OEM_0482,0.0,8.0,0.0,0.0001122065525757,1111.0,1533.0,1533.0,1111.0,,,,,,,,,,Nevin Devices - Villach,OEM,OEM,6,Europe,Western,Automotive ECU,0,Firm,Replaceable
OEM_0483,0.0,4.0,0.0,0.0001122065525757,1111.0,1533.0,1533.0,1111.0,,,,,,,,,,Oxbow Products - Nagano,OEM,OEM,6,Japan,East Asia,Laptop,0,Firm,Replaceable
OEM_0484,0.0,7.0,0.0,0.0001122065525757,1111.0,1533.0,1533.0,1111.0,,,,,,,,,,Dyne Industries - Leixlip,OEM,OEM,6,Europe,Western,Network equipment,0,Firm,Replaceable
OEM_0485,0.0,6.0,0.0,0.0001122065525757,1111.0,1533.0,1533.0,1111.0,,,,,,,,,,Belan Group - Gumi,OEM,OEM,6,Korea,East Asia,Laptop,0,Firm,Replaceable
OEM_0486,0.0,4.0,0.0,0.0001122065525757,1111.0,1533.0,1533.0,1111.0,,,,,,,,,,Belan Group - Pyeongtaek,OEM,OEM,6,Korea,East Asia,Smartphone,0,Firm,Replaceable
OEM_0487,0.0,7.0,0.0,0.0001122065525757,1111.0,1533.0,1533.0,1111.0,,,,,,,,,,Palter Products - Ottawa,OEM,OEM,6,North America,Western,Smartphone,0,Firm,Replaceable
OEM_0488,0.0,4.0,0.0,0.0001122065525757,1111.0,1533.0,1533.0,1111.0,,,,,,,,,,Xanthe Devices - Austin,OEM,OEM,6,North America,Western,Server,0,Firm,Replaceable
OEM_0489,0.0,5.0,0.0,0.0001122065525757,1111.0,1533.0,1533.0,1111.0,,,,,,,,,,Ivex Products - Tianjin,OEM,OEM,6,China,East Asia,Smartphone,0,Firm,Replaceable
OEM_0490,0.0,4.0,0.0,0.0001122065525757,1111.0,1533.0,1533.0,1111.0,,,,,,,,,,Ferrin Group - Bangkok,OEM,OEM,6,Southeast Asia,East Asia,Network equipment,0,Firm,Replaceable
OEM_0491,0.0,2.0,0.0,0.0001122065525757,1111.0,1533.0,1533.0,1111.0,,,,,,,,,,Gethin Industries - Chandler,OEM,OEM,6,North America,Western,Network equipment,0,Firm,Replaceable
OEM_0492,0.0,2.0,0.0,0.0001122065525757,1111.0,1533.0,1533.0,1111.0,,,,,,,,,,Faryn Group - Chandler,OEM,OEM,6,North America,Western,Industrial controller,0,Firm,Replaceable
OEM_0493,0.0,8.0,0.0,0.0001122065525757,1111.0,1533.0,1533.0,1111.0,,,,,,,,,,Thorne Industries - Ottawa,OEM,OEM,6,North America,Western,Laptop,0,Firm,Replaceable
OEM_0494,0.0,6.0,0.0,0.0001122065525757,1111.0,1533.0,1533.0,1111.0,,,,,,,,,,Zephyr Devices - Villach,OEM,OEM,6,Europe,Western,Automotive ECU,0,Firm,Replaceable
OEM_0495,0.0,4.0,0.0,0.0001122065525757,1111.0,1533.0,1533.0,1111.0,,,,,,,,,,Renbeck Products - Hillsboro,OEM,OEM,6,North America,Western,Automotive ECU,0,Firm,Replaceable
OEM_0496,0.0,7.0,0.0,0.0001122065525757,1111.0,1533.0,1533.0,1111.0,,,,,,,,,,Yarrow Devices - Taichung,OEM,OEM,6,Taiwan,East Asia,Smartphone,0,Firm,Replaceable
OEM_0497,0.0,10.0,0.0,0.0001122065525757,1111.0,1533.0,1533.0,1111.0,,,,,,,,,,Solvex Industries - Ottawa,OEM,OEM,6,North America,Western,Automotive ECU,0,Firm,Replaceable
OEM_0498,0.0,4.0,0.0,0.0001122065525757,1111.0,1533.0,1533.0,1111.0,,,,,,,,,,Korrin Group - Hillsboro,OEM,OEM,6,North America,Western,Laptop,0,Firm,Replaceable
OEM_0499,0.0,7.0,0.0,0.0001122065525757,1111.0,1533.0,1533.0,1111.0,,,,,,,,,,Stade Group - Bengaluru,OEM,OEM,6,South Asia,Unaligned,Automotive ECU,0,Firm,Replaceable
OEM_0500,0.0,4.0,0.0,0.0001122065525757,1111.0,1533.0,1533.0,1111.0,,,,,,,,,,Noral Products - Dalian 2,OEM,OEM,6,China,East Asia,Smartphone,0,Firm,Replaceable
OEM_0501,0.0,7.0,0.0,0.0001122065525757,1111.0,1533.0,1533.0,1111.0,,,,,,,,,,Lumen Products - Chengdu,OEM,OEM,6,China,East Asia,Smartphone,0,Firm,Replaceable
OEM_0502,0.0,5.0,0.0,0.0001122065525757,1111.0,1533.0,1533.0,1111.0,,,,,,,,,,Ader Group - Malta,OEM,OEM,6,North America,Western,Automotive ECU,0,Firm,Replaceable
OEM_0503,0.0,6.0,0.0,0.0001122065525757,1111.0,1533.0,1533.0,1111.0,,,,,,,,,,Halcy Devices - Crolles,OEM,OEM,6,Europe,Western,Smartphone,0,Firm,Replaceable
OEM_0504,0.0,5.0,0.0,0.0001122065525757,1111.0,1533.0,1533.0,1111.0,,,,,,,,,,Mordant Group - Xi'an,OEM,OEM,6,China,East Asia,Automotive ECU,0,Firm,Replaceable
OEM_0505,0.0,3.0,0.0,0.0001122065525757,1111.0,1533.0,1533.0,1111.0,,,,,,,,,,Nevin Products - Tianjin,OEM,OEM,6,China,East Asia,Network equipment,0,Firm,Replaceable
OEM_0506,0.0,7.0,0.0,0.0001122065525757,1111.0,1533.0,1533.0,1111.0,,,,,,,,,,Alder Group - Shenzhen,OEM,OEM,6,China,East Asia,Industrial controller,0,Firm,Replaceable
OEM_0507,0.0,3.0,0.0,0.0001122065525757,1111.0,1533.0,1533.0,1111.0,,,,,,,,,,Gethin Products - Taichung,OEM,OEM,6,Taiwan,East Asia,Medical device,0,Firm,Replaceable
OEM_0508,0.0,4.0,0.0,0.0001122065525757,1111.0,1533.0,1533.0,1111.0,,,,,,,,,,Solvex Group - Chandler 2,OEM,OEM,6,North America,Western,Network equipment,0,Firm,Replaceable
OEM_0509,0.0,4.0,0.0,0.0001122065525757,1111.0,1533.0,1533.0,1111.0,,,,,,,,,,Oxbow Devices - Hillsboro,OEM,OEM,6,North America,Western,Laptop,0,Firm,Replaceable
OEM_0510,0.0,8.0,0.0,0.0001122065525757,1111.0,1533.0,1533.0,1111.0,,,,,,,,,,Quill Products - Chandler,OEM,OEM,6,North America,Western,Medical device,0,Firm,Replaceable
OEM_0511,0.0,5.0,0.0,0.0001122065525757,1111.0,1533.0,1533.0,1111.0,,,,,,,,,,Quarn Devices - Chengdu,OEM,OEM,6,China,East Asia,Network equipment,0,Firm,Replaceable
OEM_0512,0.0,10.0,0.0,0.0001122065525757,1111.0,1533.0,1533.0,1111.0,,,,,,,,,,Faryn Industries - Crolles,OEM,OEM,6,Europe,Western,Medical device,0,Firm,Replaceable
OEM_0513,0.0,7.0,0.0,0.0001122065525757,1111.0,1533.0,1533.0,1111.0,,,,,,,,,,Jarn Products - Villach,OEM,OEM,6,Europe,Western,Smartphone,0,Firm,Replaceable
OEM_0514,0.0,9.0,0.0,0.0001122065525757,1111.0,1533.0,1533.0,1111.0,,,,,,,,,,Elstow Devices - Ottawa,OEM,OEM,6,North America,Western,Laptop,0,Firm,Replaceable
OEM_0515,0.0,4.0,0.0,0.0001122065525757,1111.0,1533.0,1533.0,1111.0,,,,,,,,,,Lethe Products - Villach,OEM,OEM,6,Europe,Western,Automotive ECU,0,Firm,Replaceable
OEM_0516,0.0,10.0,0.0,0.0001122065525757,1111.0,1533.0,1533.0,1111.0,,,,,,,,,,Mervi Industries - Icheon,OEM,OEM,6,Korea,East Asia,Automotive ECU,0,Firm,Replaceable
OEM_0517,0.0,2.0,0.0,0.0001122065525757,1111.0,1533.0,1533.0,1111.0,,,,,,,,,,Halcy Group - Grenoble,OEM,OEM,6,Europe,Western,Server,0,Firm,Replaceable
OEM_0518,0.0,6.0,0.0,0.0001122065525757,1111.0,1533.0,1533.0,1111.0,,,,,,,,,,Ferrin Industries - Villach,OEM,OEM,6,Europe,Western,Automotive ECU,0,Firm,Replaceable
OEM_0519,0.0,6.0,0.0,0.0001122065525757,1111.0,1533.0,1533.0,1111.0,,,,,,,,,,Gethin Devices - Dalian,OEM,OEM,6,China,East Asia,Automotive ECU,0,Firm,Replaceable
OEM_0520,0.0,6.0,0.0,0.0001122065525757,1111.0,1533.0,1533.0,1111.0,,,,,,,,,,Lumen Devices - Tianjin,OEM,OEM,6,China,East Asia,Smartphone,0,Firm,Replaceable
OEM_0521,0.0,9.0,0.0,0.0001122065525757,1111.0,1533.0,1533.0,1111.0,,,,,,,,,,Ystad Group - Shenzhen,OEM,OEM,6,China,East Asia,Automotive ECU,0,Firm,Replaceable
OEM_0522,0.0,8.0,0.0,0.0001122065525757,1111.0,1533.0,1533.0,1111.0,,,,,,,,,,Dyne Products - Austin,OEM,OEM,6,North America,Western,Industrial controller,0,Firm,Replaceable
OEM_0523,0.0,5.0,0.0,0.0001122065525757,1111.0,1533.0,1533.0,1111.0,,,,,,,,,,Brant Devices - Chandler,OEM,OEM,6,North America,Western,Server,0,Firm,Replaceable
OEM_0524,0.0,3.0,0.0,0.0001122065525757,1111.0,1533.0,1533.0,1111.0,,,,,,,,,,Solvex Industries - Bengaluru,OEM,OEM,6,South Asia,Unaligned,Server,0,Firm,Replaceable
OEM_0525,0.0,6.0,0.0,0.0001122065525757,1111.0,1533.0,1533.0,1111.0,,,,,,,,,,Wexler Group - Crolles,OEM,OEM,6,Europe,Western,Smartphone,0,Firm,Replaceable
OEM_0526,0.0,5.0,0.0,0.0001122065525757,1111.0,1533.0,1533.0,1111.0,,,,,,,,,,Ferrin Group - Ottawa,OEM,OEM,6,North America,Western,Industrial controller,0,Firm,Replaceable
OEM_0527,0.0,2.0,0.0,0.0001122065525757,1111.0,1533.0,1533.0,1111.0,,,,,,,,,,Rivet Group - Dalian,OEM,OEM,6,China,East Asia,Network equipment,0,Firm,Replaceable
OEM_0528,0.0,5.0,0.0,0.0001122065525757,1111.0,1533.0,1533.0,1111.0,,,,,,,,,,Dyne Products - Xi'an,OEM,OEM,6,China,East Asia,Automotive ECU,0,Firm,Replaceable
OEM_0529,0.0,3.0,0.0,0.0001122065525757,1111.0,1533.0,1533.0,1111.0,,,,,,,,,,Orvid Group - Bangkok,OEM,OEM,6,Southeast Asia,East Asia,Medical device,0,Firm,Replaceable
OEM_0530,0.0,2.0,0.0,0.0001122065525757,1111.0,1533.0,1533.0,1111.0,,,,,,,,,,Zephyr Industries - Ottawa,OEM,OEM,6,North America,Western,Network equipment,0,Firm,Replaceable
OEM_0531,0.0,4.0,0.0,0.0001122065525757,1111.0,1533.0,1533.0,1111.0,,,,,,,,,,Lethe Products - Dresden,OEM,OEM,6,Europe,Western,Server,0,Firm,Replaceable
OEM_0532,0.0,4.0,0.0,0.0001122065525757,1111.0,1533.0,1533.0,1111.0,,,,,,,,,,Trellis Industries - Chengdu,OEM,OEM,6,China,East Asia,Network equipment,0,Firm,Replaceable
OEM_0533,0.0,6.0,0.0,0.0001122065525757,1111.0,1533.0,1533.0,1111.0,,,,,,,,,,Prendel Group - Eindhoven 3,OEM,OEM,6,Europe,Western,Industrial controller,0,Firm,Replaceable
OEM_0534,0.0,8.0,0.0,0.0001122065525757,1111.0,1533.0,1533.0,1111.0,,,,,,,,,,Doran Devices - Crolles,OEM,OEM,6,Europe,Western,Automotive ECU,0,Firm,Replaceable
OEM_0535,0.0,7.0,0.0,0.0001122065525757,1111.0,1533.0,1533.0,1111.0,,,,,,,,,,Wexler Group - Leixlip 2,OEM,OEM,6,Europe,Western,Laptop,0,Firm,Replaceable
OEM_0536,0.0,6.0,0.0,0.0001122065525757,1111.0,1533.0,1533.0,1111.0,,,,,,,,,,Noral Products - Tianjin,OEM,OEM,6,China,East Asia,Automotive ECU,0,Firm,Replaceable
OEM_0537,0.0,4.0,0.0,0.0001122065525757,1111.0,1533.0,1533.0,1111.0,,,,,,,,,,Quarn Products - Hillsboro,OEM,OEM,6,North America,Western,Laptop,0,Firm,Replaceable
OEM_0538,0.0,4.0,0.0,0.0001122065525757,1111.0,1533.0,1533.0,1111.0,,,,,,,,,,Granth Products - Sendai,OEM,OEM,6,Japan,East Asia,Laptop,0,Firm,Replaceable
OEM_0539,0.0,5.0,0.0,0.0001122065525757,1111.0,1533.0,1533.0,1111.0,,,,,,,,,,Quarn Industries - Guadalajara,OEM,OEM,6,North America,Western,Server,0,Firm,Replaceable
OEM_0540,0.0,6.0,0.0,0.0001122065525757,1111.0,1533.0,1533.0,1111.0,,,,,,,,,,Xanthe Devices - Shanghai,OEM,OEM,6,China,East Asia,Medical device,0,Firm,Replaceable
OEM_0541,0.0,6.0,0.0,0.0001122065525757,1111.0,1533.0,1533.0,1111.0,,,,,,,,,,Quill Products - Tainan,OEM,OEM,6,Taiwan,East Asia,Smartphone,0,Firm,Replaceable
OEM_0542,0.0,7.0,0.0,0.0001122065525757,1111.0,1533.0,1533.0,1111.0,,,,,,,,,,Halcy Devices - Eindhoven,OEM,OEM,6,Europe,Western,Server,0,Firm,Replaceable
OEM_0543,0.0,4.0,0.0,0.0001122065525757,1111.0,1533.0,1533.0,1111.0,,,,,,,,,,Halcy Industries - Batam,OEM,OEM,6,Southeast Asia,East Asia,Industrial controller,0,Firm,Replaceable
OEM_0544,0.0,6.0,0.0,0.0001122065525757,1111.0,1533.0,1533.0,1111.0,,,,,,,,,,Wexler Group - Dalian,OEM,OEM,6,China,East Asia,Smartphone,0,Firm,Replaceable
OEM_0545,0.0,1.0,0.0,0.0001122065525757,1111.0,1533.0,1533.0,1111.0,,,,,,,,,,Trellis Group - Chengdu,OEM,OEM,6,China,East Asia,Network equipment,0,Firm,Replaceable
OEM_0546,0.0,3.0,0.0,0.0001122065525757,1111.0,1533.0,1533.0,1111.0,,,,,,,,,,Ivex Industries - Guadalajara,OEM,OEM,6,North America,Western,Smartphone,0,Firm,Replaceable
OEM_0547,0.0,8.0,0.0,0.0001122065525757,1111.0,1533.0,1533.0,1111.0,,,,,,,,,,Ader Devices - Villach,OEM,OEM,6,Europe,Western,Medical device,0,Firm,Replaceable
OEM_0548,0.0,3.0,0.0,0.0001122065525757,1111.0,1533.0,1533.0,1111.0,,,,,,,,,,Ulvid Industries - Singapore,OEM,OEM,6,Southeast Asia,East Asia,Server,0,Firm,Replaceable
OEM_0549,0.0,2.0,0.0,0.0001122065525757,1111.0,1533.0,1533.0,1111.0,,,,,,,,,,Wexler Industries - Sendai,OEM,OEM,6,Japan,East Asia,Laptop,0,Firm,Replaceable
OEM_0550,0.0,2.0,0.0,0.0001122065525757,1111.0,1533.0,1533.0,1111.0,,,,,,,,,,Isar Products - Sanand,OEM,OEM,6,South Asia,Unaligned,Network equipment,0,Firm,Replaceable
OEM_0551,0.0,4.0,0.0,0.0001122065525757,1111.0,1533.0,1533.0,1111.0,,,,,,,,,,Quill Group - Chengdu,OEM,OEM,6,China,East Asia,Smartphone,0,Firm,Replaceable
OEM_0552,0.0,6.0,0.0,0.0001122065525757,1111.0,1533.0,1533.0,1111.0,,,,,,,,,,Palter Products - Austin,OEM,OEM,6,North America,Western,Smartphone,0,Firm,Replaceable
OEM_0553,0.0,3.0,0.0,0.0001122065525757,1111.0,1533.0,1533.0,1111.0,,,,,,,,,,Ader Devices - Kaohsiung,OEM,OEM,6,Taiwan,East Asia,Automotive ECU,0,Firm,Replaceable
OEM_0554,0.0,6.0,0.0,0.0001122065525757,1111.0,1533.0,1533.0,1111.0,,,,,,,,,,Rivet Products - Yokkaichi,OEM,OEM,6,Japan,East Asia,Industrial controller,0,Firm,Replaceable
OEM_0555,0.0,5.0,0.0,0.0001122065525757,1111.0,1533.0,1533.0,1111.0,,,,,,,,,,Xanthe Industries - Cheongju,OEM,OEM,6,Korea,East Asia,Laptop,0,Firm,Replaceable
OEM_0556,0.0,4.0,0.0,0.0001122065525757,1111.0,1533.0,1533.0,1111.0,,,,,,,,,,Palter Industries - Kitakyushu,OEM,OEM,6,Japan,East Asia,Industrial controller,0,Firm,Replaceable
OEM_0557,0.0,2.0,0.0,0.0001122065525757,1111.0,1533.0,1533.0,1111.0,,,,,,,,,,Ember Devices - Chandler,OEM,OEM,6,North America,Western,Laptop,0,Firm,Replaceable
OEM_0558,0.0,9.0,0.0,0.0001122065525757,1111.0,1533.0,1533.0,1111.0,,,,,,,,,,Elstow Devices - Kaohsiung,OEM,OEM,6,Taiwan,East Asia,Smartphone,0,Firm,Replaceable
OEM_0559,0.0,6.0,0.0,0.0001122065525757,1111.0,1533.0,1533.0,1111.0,,,,,,,,,,Doran Devices - Malta,OEM,OEM,6,North America,Western,Smartphone,0,Firm,Replaceable
OEM_0560,0.0,3.0,0.0,0.0001122065525757,1111.0,1533.0,1533.0,1111.0,,,,,,,,,,Verity Devices - Taoyuan,OEM,OEM,6,Taiwan,East Asia,Network equipment,0,Firm,Replaceable
OEM_0561,0.0,3.0,0.0,0.0001122065525757,1111.0,1533.0,1533.0,1111.0,,,,,,,,,,Xanthe Group - Ottawa,OEM,OEM,6,North America,Western,Automotive ECU,0,Firm,Replaceable
OEM_0562,0.0,8.0,0.0,0.0001122065525757,1111.0,1533.0,1533.0,1111.0,,,,,,,,,,Cortex Devices - Eindhoven,OEM,OEM,6,Europe,Western,Smartphone,0,Firm,Replaceable
OEM_0563,0.0,5.0,0.0,0.0001122065525757,1111.0,1533.0,1533.0,1111.0,,,,,,,,,,Alder Group - Ottawa,OEM,OEM,6,North America,Western,Automotive ECU,0,Firm,Replaceable
OEM_0564,0.0,6.0,0.0,0.0001122065525757,1111.0,1533.0,1533.0,1111.0,,,,,,,,,,Orvid Devices - Guadalajara,OEM,OEM,6,North America,Western,Smartphone,0,Firm,Replaceable
OEM_0565,0.0,8.0,0.0,0.0001122065525757,1111.0,1533.0,1533.0,1111.0,,,,,,,,,,Mordant Products - Dalian,OEM,OEM,6,China,East Asia,Medical device,0,Firm,Replaceable
OEM_0566,0.0,4.0,0.0,0.0001122065525757,1111.0,1533.0,1533.0,1111.0,,,,,,,,,,Verity Products - Austin,OEM,OEM,6,North America,Western,Industrial controller,0,Firm,Replaceable
OEM_0567,0.0,2.0,0.0,0.0001122065525757,1111.0,1533.0,1533.0,1111.0,,,,,,,,,,Gethin Products - Hyderabad,OEM,OEM,6,South Asia,Unaligned,Smartphone,0,Firm,Replaceable
OEM_0568,0.0,2.0,0.0,0.0001122065525757,1111.0,1533.0,1533.0,1111.0,,,,,,,,,,Palter Devices - Shanghai,OEM,OEM,6,China,East Asia,Server,0,Firm,Replaceable
OEM_0569,0.0,6.0,0.0,0.0001122065525757,1111.0,1533.0,1533.0,1111.0,,,,,,,,,,Halcy Industries - Guadalajara,OEM,OEM,6,North America,Western,Server,0,Firm,Replaceable
OEM_0570,0.0,2.0,0.0,0.0001122065525757,1111.0,1533.0,1533.0,1111.0,,,,,,,,,,Isar Products - Ottawa,OEM,OEM,6,North America,Western,Smartphone,0,Firm,Replaceable
OEM_0571,0.0,9.0,0.0,0.0001122065525757,1111.0,1533.0,1533.0,1111.0,,,,,,,,,,Brant Group - Ottawa,OEM,OEM,6,North America,Western,Server,0,Firm,Replaceable
OEM_0572,0.0,4.0,0.0,0.0001122065525757,1111.0,1533.0,1533.0,1111.0,,,,,,,,,,Quarn Industries - Shenzhen,OEM,OEM,6,China,East Asia,Network equipment,0,Firm,Replaceable
OEM_0573,0.0,9.0,0.0,0.0001122065525757,1111.0,1533.0,1533.0,1111.0,,,,,,,,,,Palter Group - Chandler,OEM,OEM,6,North America,Western,Automotive ECU,0,Firm,Replaceable
OEM_0574,0.0,3.0,0.0,0.0001122065525757,1111.0,1533.0,1533.0,1111.0,,,,,,,,,,Palter Products - Taichung,OEM,OEM,6,Taiwan,East Asia,Automotive ECU,0,Firm,Replaceable
OEM_0575,0.0,4.0,0.0,0.0001122065525757,1111.0,1533.0,1533.0,1111.0,,,,,,,,,,Thorne Group - Taichung,OEM,OEM,6,Taiwan,East Asia,Laptop,0,Firm,Replaceable
OEM_0576,0.0,4.0,0.0,0.0001122065525757,1111.0,1533.0,1533.0,1111.0,,,,,,,,,,Granth Group - Malta,OEM,OEM,6,North America,Western,Smartphone,0,Firm,Replaceable
OEM_0577,0.0,7.0,0.0,0.0001122065525757,1111.0,1533.0,1533.0,1111.0,,,,,,,,,,Stade Group - Wuxi,OEM,OEM,6,China,East Asia,Industrial controller,0,Firm,Replaceable
OEM_0578,0.0,3.0,0.0,0.0001122065525757,1111.0,1533.0,1533.0,1111.0,,,,,,,,,,Doran Devices - Malta 2,OEM,OEM,6,North America,Western,Industrial controller,0,Firm,Replaceable
OEM_0579,0.0,5.0,0.0,0.0001122065525757,1111.0,1533.0,1533.0,1111.0,,,,,,,,,,Vantor Group - Hillsboro,OEM,OEM,6,North America,Western,Network equipment,0,Firm,Replaceable
OEM_0580,0.0,4.0,0.0,0.0001122065525757,1111.0,1533.0,1533.0,1111.0,,,,,,,,,,Dyne Products - Hwaseong,OEM,OEM,6,Korea,East Asia,Medical device,0,Firm,Replaceable
OEM_0581,0.0,3.0,0.0,0.0001122065525757,1111.0,1533.0,1533.0,1111.0,,,,,,,,,,Vantor Products - Pyeongtaek,OEM,OEM,6,Korea,East Asia,Medical device,0,Firm,Replaceable
OEM_0582,0.0,7.0,0.0,0.0001122065525757,1111.0,1533.0,1533.0,1111.0,,,,,,,,,,Jorel Group - Chandler,OEM,OEM,6,North America,Western,Industrial controller,0,Firm,Replaceable
OEM_0583,0.0,5.0,0.0,0.0001122065525757,1111.0,1533.0,1533.0,1111.0,,,,,,,,,,Quarn Industries - Shenzhen 2,OEM,OEM,6,China,East Asia,Laptop,0,Firm,Replaceable
OEM_0584,0.0,2.0,0.0,0.0001122065525757,1111.0,1533.0,1533.0,1111.0,,,,,,,,,,Verity Industries - Taichung,OEM,OEM,6,Taiwan,East Asia,Server,0,Firm,Replaceable
OEM_0585,0.0,3.0,0.0,0.0001122065525757,1111.0,1533.0,1533.0,1111.0,,,,,,,,,,Dyne Group - Austin,OEM,OEM,6,North America,Western,Smartphone,0,Firm,Replaceable
OEM_0586,0.0,5.0,0.0,0.0001122065525757,1111.0,1533.0,1533.0,1111.0,,,,,,,,,,Wexler Products - Tainan,OEM,OEM,6,Taiwan,East Asia,Medical device,0,Firm,Replaceable
OEM_0587,0.0,4.0,0.0,0.0001122065525757,1111.0,1533.0,1533.0,1111.0,,,,,,,,,,Ivex Industries - Singapore,OEM,OEM,6,Southeast Asia,East Asia,Laptop,0,Firm,Replaceable
OEM_0588,0.0,6.0,0.0,0.0001122065525757,1111.0,1533.0,1533.0,1111.0,,,,,,,,,,Rivet Products - Kumamoto,OEM,OEM,6,Japan,East Asia,Automotive ECU,0,Firm,Replaceable
OEM_0589,0.0,1.0,0.0,0.0001122065525757,1111.0,1533.0,1533.0,1111.0,,,,,,,,,,Quill Group - Malta,OEM,OEM,6,North America,Western,Network equipment,0,Firm,Replaceable
OEM_0590,0.0,7.0,0.0,0.0001122065525757,1111.0,1533.0,1533.0,1111.0,,,,,,,,,,Nevin Group - Chengdu 2,OEM,OEM,6,China,East Asia,Automotive ECU,0,Firm,Replaceable
OEM_0591,0.0,7.0,0.0,0.0001122065525757,1111.0,1533.0,1533.0,1111.0,,,,,,,,,,Ferrin Group - Leixlip,OEM,OEM,6,Europe,Western,Industrial controller,0,Firm,Replaceable
OEM_0592,0.0,9.0,0.0,0.0001122065525757,1111.0,1533.0,1533.0,1111.0,,,,,,,,,,Doran Products - Hillsboro,OEM,OEM,6,North America,Western,Smartphone,0,Firm,Replaceable
OEM_0593,0.0,4.0,0.0,0.0001122065525757,1111.0,1533.0,1533.0,1111.0,,,,,,,,,,Noral Products - Chengdu,OEM,OEM,6,China,East Asia,Medical device,0,Firm,Replaceable
OEM_0594,0.0,1.0,0.0,0.0001122065525757,1111.0,1533.0,1533.0,1111.0,,,,,,,,,,Dyne Group - Taichung,OEM,OEM,6,Taiwan,East Asia,Industrial controller,0,Firm,Replaceable
OEM_0595,0.0,7.0,0.0,0.0001122065525757,1111.0,1533.0,1533.0,1111.0,,,,,,,,,,Wexler Products - Chandler 2,OEM,OEM,6,North America,Western,Smartphone,0,Firm,Replaceable
OEM_0596,0.0,5.0,0.0,0.0001122065525757,1111.0,1533.0,1533.0,1111.0,,,,,,,,,,Trellis Devices - Chandler,OEM,OEM,6,North America,Western,Network equipment,0,Firm,Replaceable
OEM_0597,0.0,4.0,0.0,0.0001122065525757,1111.0,1533.0,1533.0,1111.0,,,,,,,,,,Yarrow Products - Chengdu,OEM,OEM,6,China,East Asia,Server,0,Firm,Replaceable
OEM_0598,0.0,11.0,0.0,0.0001122065525757,1111.0,1533.0,1533.0,1111.0,,,,,,,,,,Trellis Industries - Guadalajara,OEM,OEM,6,North America,Western,Automotive ECU,0,Firm,Replaceable
OEM_0599,0.0,6.0,0.0,0.0001122065525757,1111.0,1533.0,1533.0,1111.0,,,,,,,,,,Orvid Industries - Grenoble,OEM,OEM,6,Europe,Western,Smartphone,0,Firm,Replaceable
OEM_0600,0.0,4.0,0.0,0.0001122065525757,1111.0,1533.0,1533.0,1111.0,,,,,,,,,,Quill Group - Chengdu 2,OEM,OEM,6,China,East Asia,Industrial controller,0,Firm,Replaceable
OEM_0601,0.0,2.0,0.0,0.0001122065525757,1111.0,1533.0,1533.0,1111.0,,,,,,,,,,Ader Products - Guadalajara,OEM,OEM,6,North America,Western,Industrial controller,0,Firm,Replaceable
OEM_0602,0.0,1.0,0.0,0.0001122065525757,1111.0,1533.0,1533.0,1111.0,,,,,,,,,,Mordant Group - Guadalajara,OEM,OEM,6,North America,Western,Automotive ECU,0,Firm,Replaceable
OEM_0603,0.0,3.0,0.0,0.0001122065525757,1111.0,1533.0,1533.0,1111.0,,,,,,,,,,Ystad Group - Chengdu,OEM,OEM,6,China,East Asia,Server,0,Firm,Replaceable
OEM_0604,0.0,7.0,0.0,0.0001122065525757,1111.0,1533.0,1533.0,1111.0,,,,,,,,,,Ystad Products - Guadalajara,OEM,OEM,6,North America,Western,Smartphone,0,Firm,Replaceable
OEM_0605,0.0,7.0,0.0,0.0001122065525757,1111.0,1533.0,1533.0,1111.0,,,,,,,,,,Mervi Devices - Yokkaichi,OEM,OEM,6,Japan,East Asia,Network equipment,0,Firm,Replaceable
OEM_0606,0.0,6.0,0.0,0.0001122065525757,1111.0,1533.0,1533.0,1111.0,,,,,,,,,,Noral Industries - Tianjin,OEM,OEM,6,China,East Asia,Automotive ECU,0,Firm,Replaceable
OEM_0607,0.0,5.0,0.0,0.0001122065525757,1111.0,1533.0,1533.0,1111.0,,,,,,,,,,Ystad Group - Austin,OEM,OEM,6,North America,Western,Network equipment,0,Firm,Replaceable
OEM_0608,0.0,11.0,0.0,0.0001122065525757,1111.0,1533.0,1533.0,1111.0,,,,,,,,,,Ader Industries - Hwaseong,OEM,OEM,6,Korea,East Asia,Industrial controller,0,Firm,Replaceable
OEM_0609,0.0,2.0,0.0,0.0001122065525757,1111.0,1533.0,1533.0,1111.0,,,,,,,,,,Jorel Industries - Xi'an,OEM,OEM,6,China,East Asia,Laptop,0,Firm,Replaceable
OEM_0610,0.0,11.0,0.0,0.0001122065525757,1111.0,1533.0,1533.0,1111.0,,,,,,,,,,Halcy Group - Hillsboro,OEM,OEM,6,North America,Western,Laptop,0,Firm,Replaceable
OEM_0611,0.0,6.0,0.0,0.0001122065525757,1111.0,1533.0,1533.0,1111.0,,,,,,,,,,Noral Group - Nagano,OEM,OEM,6,Japan,East Asia,Automotive ECU,0,Firm,Replaceable
OEM_0612,0.0,3.0,0.0,0.0001122065525757,1111.0,1533.0,1533.0,1111.0,,,,,,,,,,Dyne Industries - Tianjin,OEM,OEM,6,China,East Asia,Server,0,Firm,Replaceable
OEM_0613,0.0,4.0,0.0,0.0001122065525757,1111.0,1533.0,1533.0,1111.0,,,,,,,,,,Verity Group - Dresden,OEM,OEM,6,Europe,Western,Server,0,Firm,Replaceable
OEM_0614,0.0,5.0,0.0,0.0001122065525757,1111.0,1533.0,1533.0,1111.0,,,,,,,,,,Granth Group - Gumi,OEM,OEM,6,Korea,East Asia,Smartphone,0,Firm,Replaceable
OEM_0615,0.0,3.0,0.0,0.0001122065525757,1111.0,1533.0,1533.0,1111.0,,,,,,,,,,Lumen Devices - Pune,OEM,OEM,6,South Asia,Unaligned,Automotive ECU,0,Firm,Replaceable
OEM_0616,0.0,7.0,0.0,0.0001122065525757,1111.0,1533.0,1533.0,1111.0,,,,,,,,,,Trellis Devices - Hiroshima,OEM,OEM,6,Japan,East Asia,Automotive ECU,0,Firm,Replaceable
OEM_0617,0.0,5.0,0.0,0.0001122065525757,1111.0,1533.0,1533.0,1111.0,,,,,,,,,,Mordant Group - Taoyuan,OEM,OEM,6,Taiwan,East Asia,Laptop,0,Firm,Replaceable
OEM_0618,0.0,4.0,0.0,0.0001122065525757,1111.0,1533.0,1533.0,1111.0,,,,,,,,,,Ferrin Devices - Singapore,OEM,OEM,6,Southeast Asia,East Asia,Server,0,Firm,Replaceable
OEM_0619,0.0,7.0,0.0,0.0001122065525757,1111.0,1533.0,1533.0,1111.0,,,,,,,,,,Korrin Products - Crolles,OEM,OEM,6,Europe,Western,Medical device,0,Firm,Replaceable
OEM_0620,0.0,1.0,0.0,0.0001122065525757,1111.0,1533.0,1533.0,1111.0,,,,,,,,,,Mervi Industries - Gumi 2,OEM,OEM,6,Korea,East Asia,Industrial controller,0,Firm,Replaceable
OEM_0621,0.0,4.0,0.0,0.0001122065525757,1111.0,1533.0,1533.0,1111.0,,,,,,,,,,Dyne Devices - Sanand,OEM,OEM,6,South Asia,Unaligned,Laptop,0,Firm,Replaceable
OEM_0622,0.0,7.0,0.0,0.0001122065525757,1111.0,1533.0,1533.0,1111.0,,,,,,,,,,Nevin Devices - Gumi,OEM,OEM,6,Korea,East Asia,Laptop,0,Firm,Replaceable
OEM_0623,0.0,4.0,0.0,0.0001122065525757,1111.0,1533.0,1533.0,1111.0,,,,,,,,,,Cortex Devices - Pyeongtaek,OEM,OEM,6,Korea,East Asia,Medical device,0,Firm,Replaceable
OEM_0624,0.0,1.0,0.0,0.0001122065525757,1111.0,1533.0,1533.0,1111.0,,,,,,,,,,Trellis Group - Ottawa,OEM,OEM,6,North America,Western,Server,0,Firm,Replaceable
OEM_0625,0.0,4.0,0.0,0.0001122065525757,1111.0,1533.0,1533.0,1111.0,,,,,,,,,,Dyne Industries - Chandler,OEM,OEM,6,North America,Western,Industrial controller,0,Firm,Replaceable
OEM_0626,0.0,5.0,0.0,0.0001122065525757,1111.0,1533.0,1533.0,1111.0,,,,,,,,,,Lumen Devices - Nagano,OEM,OEM,6,Japan,East Asia,Industrial controller,0,Firm,Replaceable
OEM_0627,0.0,4.0,0.0,0.0001122065525757,1111.0,1533.0,1533.0,1111.0,,,,,,,,,,Lethe Products - Austin,OEM,OEM,6,North America,Western,Laptop,0,Firm,Replaceable
OEM_0628,0.0,10.0,0.0,0.0001122065525757,1111.0,1533.0,1533.0,1111.0,,,,,,,,,,Solvex Devices - Nagano,OEM,OEM,6,Japan,East Asia,Medical device,0,Firm,Replaceable
OEM_0629,0.0,6.0,0.0,0.0001122065525757,1111.0,1533.0,1533.0,1111.0,,,,,,,,,,Ember Group - Cheongju,OEM,OEM,6,Korea,East Asia,Smartphone,0,Firm,Replaceable
OEM_0630,0.0,6.0,0.0,0.0001122065525757,1111.0,1533.0,1533.0,1111.0,,,,,,,,,,Quill Industries - Eindhoven,OEM,OEM,6,Europe,Western,Smartphone,0,Firm,Replaceable
OEM_0631,0.0,5.0,0.0,0.0001122065525757,1111.0,1533.0,1533.0,1111.0,,,,,,,,,,Quarn Devices - Sanand,OEM,OEM,6,South Asia,Unaligned,Industrial controller,0,Firm,Replaceable
OEM_0632,0.0,1.0,0.0,0.0001122065525757,1111.0,1533.0,1533.0,1111.0,,,,,,,,,,Nevin Devices - Hwaseong,OEM,OEM,6,Korea,East Asia,Medical device,0,Firm,Replaceable
OEM_0633,0.0,2.0,0.0,0.0001122065525757,1111.0,1533.0,1533.0,1111.0,,,,,,,,,,Lumen Products - Kitakyushu,OEM,OEM,6,Japan,East Asia,Server,0,Firm,Replaceable
OEM_0634,0.0,5.0,0.0,0.0001122065525757,1111.0,1533.0,1533.0,1111.0,,,,,,,,,,Gethin Industries - Hillsboro,OEM,OEM,6,North America,Western,Smartphone,0,Firm,Replaceable
OEM_0635,0.0,1.0,0.0,0.0001122065525757,1111.0,1533.0,1533.0,1111.0,,,,,,,,,,Alder Products - Malta,OEM,OEM,6,North America,Western,Server,0,Firm,Replaceable
OEM_0636,0.0,3.0,0.0,0.0001122065525757,1111.0,1533.0,1533.0,1111.0,,,,,,,,,,Prendel Industries - Hillsboro,OEM,OEM,6,North America,Western,Medical device,0,Firm,Replaceable
OEM_0637,0.0,3.0,0.0,0.0001122065525757,1111.0,1533.0,1533.0,1111.0,,,,,,,,,,Doran Devices - Tianjin,OEM,OEM,6,China,East Asia,Medical device,0,Firm,Replaceable
OEM_0638,0.0,5.0,0.0,0.0001122065525757,1111.0,1533.0,1533.0,1111.0,,,,,,,,,,Wend Industries - Chandler,OEM,OEM,6,North America,Western,Industrial controller,0,Firm,Replaceable
OEM_0639,0.0,3.0,0.0,0.0001122065525757,1111.0,1533.0,1533.0,1111.0,,,,,,,,,,Faryn Products - Yokkaichi,OEM,OEM,6,Japan,East Asia,Smartphone,0,Firm,Replaceable
OEM_0640,0.0,2.0,0.0,0.0001122065525757,1111.0,1533.0,1533.0,1111.0,,,,,,,,,,Nevin Group - Chandler,OEM,OEM,6,North America,Western,Industrial controller,0,Firm,Replaceable
OEM_0641,0.0,4.0,0.0,0.0001122065525757,1111.0,1533.0,1533.0,1111.0,,,,,,,,,,Mordant Products - Dresden,OEM,OEM,6,Europe,Western,Smartphone,0,Firm,Replaceable
OEM_0642,0.0,7.0,0.0,0.0001122065525757,1111.0,1533.0,1533.0,1111.0,,,,,,,,,,Dyne Devices - Hwaseong,OEM,OEM,6,Korea,East Asia,Laptop,0,Firm,Replaceable
OEM_0643,0.0,3.0,0.0,0.0001122065525757,1111.0,1533.0,1533.0,1111.0,,,,,,,,,,Isar Products - Hyderabad,OEM,OEM,6,South Asia,Unaligned,Server,0,Firm,Replaceable
OEM_0644,0.0,10.0,0.0,0.0001122065525757,1111.0,1533.0,1533.0,1111.0,,,,,,,,,,Halcy Products - Malta,OEM,OEM,6,North America,Western,Industrial controller,0,Firm,Replaceable
OEM_0645,0.0,3.0,0.0,0.0001122065525757,1111.0,1533.0,1533.0,1111.0,,,,,,,,,,Elstow Products - Hillsboro,OEM,OEM,6,North America,Western,Server,0,Firm,Replaceable
OEM_0646,0.0,4.0,0.0,0.0001122065525757,1111.0,1533.0,1533.0,1111.0,,,,,,,,,,Ulvid Devices - Chengdu,OEM,OEM,6,China,East Asia,Network equipment,0,Firm,Replaceable
OEM_0647,0.0,5.0,0.0,0.0001122065525757,1111.0,1533.0,1533.0,1111.0,,,,,,,,,,Umber Group - Hwaseong,OEM,OEM,6,Korea,East Asia,Automotive ECU,0,Firm,Replaceable
OEM_0648,0.0,5.0,0.0,0.0001122065525757,1111.0,1533.0,1533.0,1111.0,,,,,,,,,,Jorel Products - Eindhoven,OEM,OEM,6,Europe,Western,Smartphone,0,Firm,Replaceable
OEM_0649,0.0,8.0,0.0,0.0001122065525757,1111.0,1533.0,1533.0,1111.0,,,,,,,,,,Prendel Products - Hwaseong 2,OEM,OEM,6,Korea,East Asia,Medical device,0,Firm,Replaceable
OEM_0650,0.0,7.0,0.0,0.0001122065525757,1111.0,1533.0,1533.0,1111.0,,,,,,,,,,Nevin Products - Villach,OEM,OEM,6,Europe,Western,Smartphone,0,Firm,Replaceable
OEM_0651,0.0,9.0,0.0,0.0001122065525757,1111.0,1533.0,1533.0,1111.0,,,,,,,,,,Cortex Products - Leixlip,OEM,OEM,6,Europe,Western,Industrial controller,0,Firm,Replaceable
OEM_0652,0.0,8.0,0.0,0.0001122065525757,1111.0,1533.0,1533.0,1111.0,,,,,,,,,,Ivex Industries - Wuxi,OEM,OEM,6,China,East Asia,Medical device,0,Firm,Replaceable
OEM_0653,0.0,5.0,0.0,0.0001122065525757,1111.0,1533.0,1533.0,1111.0,,,,,,,,,,Orvid Products - Chandler,OEM,OEM,6,North America,Western,Medical device,0,Firm,Replaceable
OEM_0654,0.0,4.0,0.0,0.0001122065525757,1111.0,1533.0,1533.0,1111.0,,,,,,,,,,Lumen Group - Grenoble,OEM,OEM,6,Europe,Western,Industrial controller,0,Firm,Replaceable
OEM_0655,0.0,5.0,0.0,0.0001122065525757,1111.0,1533.0,1533.0,1111.0,,,,,,,,,,Quarn Group - Leixlip 2,OEM,OEM,6,Europe,Western,Industrial controller,0,Firm,Replaceable
OEM_0656,0.0,6.0,0.0,0.0001122065525757,1111.0,1533.0,1533.0,1111.0,,,,,,,,,,Lumen Group - Dresden,OEM,OEM,6,Europe,Western,Automotive ECU,0,Firm,Replaceable
OEM_0657,0.0,2.0,0.0,0.0001122065525757,1111.0,1533.0,1533.0,1111.0,,,,,,,,,,Lumen Products - Kitakyushu 2,OEM,OEM,6,Japan,East Asia,Industrial controller,0,Firm,Replaceable
OEM_0658,0.0,7.0,0.0,0.0001122065525757,1111.0,1533.0,1533.0,1111.0,,,,,,,,,,Isar Group - Kitakyushu,OEM,OEM,6,Japan,East Asia,Server,0,Firm,Replaceable
OEM_0659,0.0,11.0,0.0,0.0001122065525757,1111.0,1533.0,1533.0,1111.0,,,,,,,,,,Verity Devices - Hwaseong,OEM,OEM,6,Korea,East Asia,Medical device,0,Firm,Replaceable
OEM_0660,0.0,4.0,0.0,0.0001122065525757,1111.0,1533.0,1533.0,1111.0,,,,,,,,,,Zephyr Group - Chengdu,OEM,OEM,6,China,East Asia,Industrial controller,0,Firm,Replaceable
OEM_0661,0.0,5.0,0.0,0.0001122065525757,1111.0,1533.0,1533.0,1111.0,,,,,,,,,,Korrin Group - Ottawa,OEM,OEM,6,North America,Western,Automotive ECU,0,Firm,Replaceable
OEM_0662,0.0,3.0,0.0,0.0001122065525757,1111.0,1533.0,1533.0,1111.0,,,,,,,,,,Prendel Group - Guadalajara,OEM,OEM,6,North America,Western,Industrial controller,0,Firm,Replaceable
OEM_0663,0.0,4.0,0.0,0.0001122065525757,1111.0,1533.0,1533.0,1111.0,,,,,,,,,,Halcy Products - Singapore,OEM,OEM,6,Southeast Asia,East Asia,Server,0,Firm,Replaceable
OEM_0664,0.0,2.0,0.0,0.0001122065525757,1111.0,1533.0,1533.0,1111.0,,,,,,,,,,Noral Group - Grenoble,OEM,OEM,6,Europe,Western,Industrial controller,0,Firm,Replaceable
OEM_0665,0.0,3.0,0.0,0.0001122065525757,1111.0,1533.0,1533.0,1111.0,,,,,,,,,,Korrin Devices - Chandler,OEM,OEM,6,North America,Western,Medical device,0,Firm,Replaceable
OEM_0666,0.0,6.0,0.0,0.0001122065525757,1111.0,1533.0,1533.0,1111.0,,,,,,,,,,Oxbow Products - Dresden,OEM,OEM,6,Europe,Western,Automotive ECU,0,Firm,Replaceable
OEM_0667,0.0,7.0,0.0,0.0001122065525757,1111.0,1533.0,1533.0,1111.0,,,,,,,,,,Nevin Products - Dalian,OEM,OEM,6,China,East Asia,Smartphone,0,Firm,Replaceable
OEM_0668,0.0,6.0,0.0,0.0001122065525757,1111.0,1533.0,1533.0,1111.0,,,,,,,,,,Belan Products - Dresden 2,OEM,OEM,6,Europe,Western,Industrial controller,0,Firm,Replaceable
OEM_0669,0.0,7.0,0.0,0.0001122065525757,1111.0,1533.0,1533.0,1111.0,,,,,,,,,,Quill Products - Villach,OEM,OEM,6,Europe,Western,Automotive ECU,0,Firm,Replaceable
OEM_0670,0.0,5.0,0.0,0.0001122065525757,1111.0,1533.0,1533.0,1111.0,,,,,,,,,,Xanthe Devices - Dresden,OEM,OEM,6,Europe,Western,Laptop,0,Firm,Replaceable
OEM_0671,0.0,5.0,0.0,0.0001122065525757,1111.0,1533.0,1533.0,1111.0,,,,,,,,,,Zephyr Group - Austin,OEM,OEM,6,North America,Western,Server,0,Firm,Replaceable
OEM_0672,0.0,9.0,0.0,0.0001122065525757,1111.0,1533.0,1533.0,1111.0,,,,,,,,,,Gethin Group - Guadalajara,OEM,OEM,6,North America,Western,Industrial controller,0,Firm,Replaceable
OEM_0673,0.0,6.0,0.0,0.0001122065525757,1111.0,1533.0,1533.0,1111.0,,,,,,,,,,Xanthe Devices - Shenzhen,OEM,OEM,6,China,East Asia,Smartphone,0,Firm,Replaceable
OEM_0674,0.0,3.0,0.0,0.0001122065525757,1111.0,1533.0,1533.0,1111.0,,,,,,,,,,Granth Devices - Batangas,OEM,OEM,6,Southeast Asia,East Asia,Laptop,0,Firm,Replaceable
OEM_0675,0.0,3.0,0.0,0.0001122065525757,1111.0,1533.0,1533.0,1111.0,,,,,,,,,,Wexler Devices - Shanghai,OEM,OEM,6,China,East Asia,Industrial controller,0,Firm,Replaceable
OEM_0676,0.0,6.0,0.0,0.0001122065525757,1111.0,1533.0,1533.0,1111.0,,,,,,,,,,Brant Products - Leixlip,OEM,OEM,6,Europe,Western,Automotive ECU,0,Firm,Replaceable
OEM_0677,0.0,5.0,0.0,0.0001122065525757,1111.0,1533.0,1533.0,1111.0,,,,,,,,,,Belan Industries - Malta,OEM,OEM,6,North America,Western,Automotive ECU,0,Firm,Replaceable
OEM_0678,0.0,5.0,0.0,0.0001122065525757,1111.0,1533.0,1533.0,1111.0,,,,,,,,,,Lumen Devices - Pune 2,OEM,OEM,6,South Asia,Unaligned,Smartphone,0,Firm,Replaceable
OEM_0679,0.0,3.0,0.0,0.0001122065525757,1111.0,1533.0,1533.0,1111.0,,,,,,,,,,Orvid Group - Pyeongtaek,OEM,OEM,6,Korea,East Asia,Automotive ECU,0,Firm,Replaceable
OEM_0680,0.0,1.0,0.0,0.0001122065525757,1111.0,1533.0,1533.0,1111.0,,,,,,,,,,Wexler Products - Austin,OEM,OEM,6,North America,Western,Network equipment,0,Firm,Replaceable
OEM_0681,0.0,5.0,0.0,0.0001122065525757,1111.0,1533.0,1533.0,1111.0,,,,,,,,,,Ulvid Products - Austin,OEM,OEM,6,North America,Western,Industrial controller,0,Firm,Replaceable
OEM_0682,0.0,5.0,0.0,0.0001122065525757,1111.0,1533.0,1533.0,1111.0,,,,,,,,,,Wexler Devices - Nagano,OEM,OEM,6,Japan,East Asia,Automotive ECU,0,Firm,Replaceable
OEM_0683,0.0,2.0,0.0,0.0001122065525757,1111.0,1533.0,1533.0,1111.0,,,,,,,,,,Rivet Devices - Ottawa,OEM,OEM,6,North America,Western,Network equipment,0,Firm,Replaceable
OEM_0684,0.0,6.0,0.0,0.0001122065525757,1111.0,1533.0,1533.0,1111.0,,,,,,,,,,Ember Devices - Nagano,OEM,OEM,6,Japan,East Asia,Network equipment,0,Firm,Replaceable
OEM_0685,0.0,3.0,0.0,0.0001122065525757,1111.0,1533.0,1533.0,1111.0,,,,,,,,,,Brant Products - Chengdu,OEM,OEM,6,China,East Asia,Industrial controller,0,Firm,Replaceable
OEM_0686,0.0,7.0,0.0,0.0001122065525757,1111.0,1533.0,1533.0,1111.0,,,,,,,,,,Ystad Products - Hillsboro,OEM,OEM,6,North America,Western,Network equipment,0,Firm,Replaceable
OEM_0687,0.0,7.0,0.0,0.0001122065525757,1111.0,1533.0,1533.0,1111.0,,,,,,,,,,Mervi Group - Kaohsiung,OEM,OEM,6,Taiwan,East Asia,Industrial controller,0,Firm,Replaceable
OEM_0688,0.0,7.0,0.0,0.0001122065525757,1111.0,1533.0,1533.0,1111.0,,,,,,,,,,Nevin Products - Xi'an,OEM,OEM,6,China,East Asia,Smartphone,0,Firm,Replaceable
OEM_0689,0.0,5.0,0.0,0.0001122065525757,1111.0,1533.0,1533.0,1111.0,,,,,,,,,,Zephyr Group - Xi'an,OEM,OEM,6,China,East Asia,Industrial controller,0,Firm,Replaceable
OEM_0690,0.0,5.0,0.0,0.0001122065525757,1111.0,1533.0,1533.0,1111.0,,,,,,,,,,Orvid Group - Cheongju,OEM,OEM,6,Korea,East Asia,Laptop,0,Firm,Replaceable
OEM_0691,0.0,8.0,0.0,0.0001122065525757,1111.0,1533.0,1533.0,1111.0,,,,,,,,,,Xanthe Industries - Kaohsiung,OEM,OEM,6,Taiwan,East Asia,Industrial controller,0,Firm,Replaceable
OEM_0692,0.0,4.0,0.0,0.0001122065525757,1111.0,1533.0,1533.0,1111.0,,,,,,,,,,Kestrel Group - Shenzhen,OEM,OEM,6,China,East Asia,Server,0,Firm,Replaceable
OEM_0693,0.0,6.0,0.0,0.0001122065525757,1111.0,1533.0,1533.0,1111.0,,,,,,,,,,Rivet Industries - Hiroshima,OEM,OEM,6,Japan,East Asia,Server,0,Firm,Replaceable
OEM_0694,0.0,5.0,0.0,0.0001122065525757,1111.0,1533.0,1533.0,1111.0,,,,,,,,,,Trellis Devices - Shenzhen,OEM,OEM,6,China,East Asia,Network equipment,0,Firm,Replaceable
OEM_0695,0.0,5.0,0.0,0.0001122065525757,1111.0,1533.0,1533.0,1111.0,,,,,,,,,,Solvex Industries - Sendai,OEM,OEM,6,Japan,East Asia,Network equipment,0,Firm,Replaceable
OEM_0696,0.0,5.0,0.0,0.0001122065525757,1111.0,1533.0,1533.0,1111.0,,,,,,,,,,Orvid Industries - Guadalajara,OEM,OEM,6,North America,Western,Laptop,0,Firm,Replaceable
OEM_0697,0.0,4.0,0.0,0.0001122065525757,1111.0,1533.0,1533.0,1111.0,,,,,,,,,,Korrin Group - Shenzhen,OEM,OEM,6,China,East Asia,Laptop,0,Firm,Replaceable
OEM_0698,0.0,6.0,0.0,0.0001122065525757,1111.0,1533.0,1533.0,1111.0,,,,,,,,,,Calder Group - Icheon,OEM,OEM,6,Korea,East Asia,Laptop,0,Firm,Replaceable
OEM_0699,0.0,8.0,0.0,0.0001122065525757,1111.0,1533.0,1533.0,1111.0,,,,,,,,,,Xanthe Products - Penang,OEM,OEM,6,Southeast Asia,East Asia,Medical device,0,Firm,Replaceable
OEM_0700,0.0,5.0,0.0,0.0001122065525757,1111.0,1533.0,1533.0,1111.0,,,,,,,,,,Cortex Devices - Hsinchu,OEM,OEM,6,Taiwan,East Asia,Smartphone,0,Firm,Replaceable
OEM_0701,0.0,2.0,0.0,0.0001122065525757,1111.0,1533.0,1533.0,1111.0,,,,,,,,,,Orvid Products - Grenoble,OEM,OEM,6,Europe,Western,Industrial controller,0,Firm,Replaceable
OEM_0702,0.0,4.0,0.0,0.0001122065525757,1111.0,1533.0,1533.0,1111.0,,,,,,,,,,Halcy Group - Eindhoven,OEM,OEM,6,Europe,Western,Server,0,Firm,Replaceable
OEM_0703,0.0,2.0,0.0,0.0001122065525757,1111.0,1533.0,1533.0,1111.0,,,,,,,,,,Isar Industries - Ottawa,OEM,OEM,6,North America,Western,Laptop,0,Firm,Replaceable
OEM_0704,0.0,6.0,0.0,0.0001122065525757,1111.0,1533.0,1533.0,1111.0,,,,,,,,,,Ember Industries - Chandler,OEM,OEM,6,North America,Western,Smartphone,0,Firm,Replaceable
OEM_0705,0.0,6.0,0.0,0.0001122065525757,1111.0,1533.0,1533.0,1111.0,,,,,,,,,,Solvex Devices - Xi'an,OEM,OEM,6,China,East Asia,Industrial controller,0,Firm,Replaceable
OEM_0706,0.0,1.0,0.0,0.0001122065525757,1111.0,1533.0,1533.0,1111.0,,,,,,,,,,Korrin Industries - Nagano,OEM,OEM,6,Japan,East Asia,Server,0,Firm,Replaceable
OEM_0707,0.0,8.0,0.0,0.0001122065525757,1111.0,1533.0,1533.0,1111.0,,,,,,,,,,Solvex Products - Ottawa,OEM,OEM,6,North America,Western,Smartphone,0,Firm,Replaceable
OEM_0708,0.0,7.0,0.0,0.0001122065525757,1111.0,1533.0,1533.0,1111.0,,,,,,,,,,Halcy Products - Wuxi,OEM,OEM,6,China,East Asia,Medical device,0,Firm,Replaceable
OEM_0709,0.0,2.0,0.0,0.0001122065525757,1111.0,1533.0,1533.0,1111.0,,,,,,,,,,Rivet Devices - Shanghai,OEM,OEM,6,China,East Asia,Server,0,Firm,Replaceable
OEM_0710,0.0,2.0,0.0,0.0001122065525757,1111.0,1533.0,1533.0,1111.0,,,,,,,,,,Holt Group - Xi'an,OEM,OEM,6,China,East Asia,Laptop,0,Firm,Replaceable
OEM_0711,0.0,6.0,0.0,0.0001122065525757,1111.0,1533.0,1533.0,1111.0,,,,,,,,,,Stade Products - Taichung,OEM,OEM,6,Taiwan,East Asia,Server,0,Firm,Replaceable
OEM_0712,0.0,3.0,0.0,0.0001122065525757,1111.0,1533.0,1533.0,1111.0,,,,,,,,,,Prendel Devices - Batam,OEM,OEM,6,Southeast Asia,East Asia,Industrial controller,0,Firm,Replaceable
OEM_0713,0.0,2.0,0.0,0.0001122065525757,1111.0,1533.0,1533.0,1111.0,,,,,,,,,,Doran Group - Tianjin,OEM,OEM,6,China,East Asia,Server,0,Firm,Replaceable
OEM_0714,0.0,4.0,0.0,0.0001122065525757,1111.0,1533.0,1533.0,1111.0,,,,,,,,,,Ulvid Industries - Xi'an,OEM,OEM,6,China,East Asia,Smartphone,0,Firm,Replaceable
OEM_0715,0.0,5.0,0.0,0.0001122065525757,1111.0,1533.0,1533.0,1111.0,,,,,,,,,,Zephyr Industries - Shenzhen,OEM,OEM,6,China,East Asia,Automotive ECU,0,Firm,Replaceable
OEM_0716,0.0,8.0,0.0,0.0001122065525757,1111.0,1533.0,1533.0,1111.0,,,,,,,,,,Halcy Group - Villach,OEM,OEM,6,Europe,Western,Automotive ECU,0,Firm,Replaceable
OEM_0717,0.0,6.0,0.0,0.0001122065525757,1111.0,1533.0,1533.0,1111.0,,,,,,,,,,Nevin Devices - Shanghai,OEM,OEM,6,China,East Asia,Automotive ECU,0,Firm,Replaceable
OEM_0718,0.0,5.0,0.0,0.0001122065525757,1111.0,1533.0,1533.0,1111.0,,,,,,,,,,Umber Devices - Guadalajara,OEM,OEM,6,North America,Western,Server,0,Firm,Replaceable
OEM_0719,0.0,5.0,0.0,0.0001122065525757,1111.0,1533.0,1533.0,1111.0,,,,,,,,,,Jorel Products - Kumamoto,OEM,OEM,6,Japan,East Asia,Laptop,0,Firm,Replaceable
OEM_0720,0.0,1.0,0.0,0.0001122065525757,1111.0,1533.0,1533.0,1111.0,,,,,,,,,,Thorne Products - Yokkaichi,OEM,OEM,6,Japan,East Asia,Laptop,0,Firm,Replaceable
OEM_0721,0.0,7.0,0.0,0.0001122065525757,1111.0,1533.0,1533.0,1111.0,,,,,,,,,,Faryn Devices - Chandler,OEM,OEM,6,North America,Western,Laptop,0,Firm,Replaceable
OEM_0722,0.0,6.0,0.0,0.0001122065525757,1111.0,1533.0,1533.0,1111.0,,,,,,,,,,Holt Group - Shenzhen,OEM,OEM,6,China,East Asia,Industrial controller,0,Firm,Replaceable
OEM_0723,0.0,4.0,0.0,0.0001122065525757,1111.0,1533.0,1533.0,1111.0,,,,,,,,,,Granth Group - Leixlip,OEM,OEM,6,Europe,Western,Industrial controller,0,Firm,Replaceable
OEM_0724,0.0,5.0,0.0,0.0001122065525757,1111.0,1533.0,1533.0,1111.0,,,,,,,,,,Halcy Products - Dresden,OEM,OEM,6,Europe,Western,Industrial controller,0,Firm,Replaceable
OEM_0725,0.0,4.0,0.0,0.0001122065525757,1111.0,1533.0,1533.0,1111.0,,,,,,,,,,Cortex Products - Eindhoven,OEM,OEM,6,Europe,Western,Laptop,0,Firm,Replaceable
OEM_0726,0.0,8.0,0.0,0.0001122065525757,1111.0,1533.0,1533.0,1111.0,,,,,,,,,,Ader Products - Shanghai,OEM,OEM,6,China,East Asia,Automotive ECU,0,Firm,Replaceable
OEM_0727,0.0,6.0,0.0,0.0001122065525757,1111.0,1533.0,1533.0,1111.0,,,,,,,,,,Faryn Group - Chengdu,OEM,OEM,6,China,East Asia,Smartphone,0,Firm,Replaceable
OEM_0728,0.0,5.0,0.0,0.0001122065525757,1111.0,1533.0,1533.0,1111.0,,,,,,,,,,Thorne Products - Malta,OEM,OEM,6,North America,Western,Automotive ECU,0,Firm,Replaceable
OEM_0729,0.0,4.0,0.0,0.0001122065525757,1111.0,1533.0,1533.0,1111.0,,,,,,,,,,Mervi Industries - Malta,OEM,OEM,6,North America,Western,Laptop,0,Firm,Replaceable
OEM_0730,0.0,5.0,0.0,0.0001122065525757,1111.0,1533.0,1533.0,1111.0,,,,,,,,,,Alder Industries - Taichung,OEM,OEM,6,Taiwan,East Asia,Network equipment,0,Firm,Replaceable
OEM_0731,0.0,5.0,0.0,0.0001122065525757,1111.0,1533.0,1533.0,1111.0,,,,,,,,,,Ferrin Industries - Austin,OEM,OEM,6,North America,Western,Automotive ECU,0,Firm,Replaceable
OEM_0732,0.0,4.0,0.0,0.0001122065525757,1111.0,1533.0,1533.0,1111.0,,,,,,,,,,Quill Industries - Hsinchu,OEM,OEM,6,Taiwan,East Asia,Network equipment,0,Firm,Replaceable
OEM_0733,0.0,10.0,0.0,0.0001122065525757,1111.0,1533.0,1533.0,1111.0,,,,,,,,,,Faryn Group - Austin,OEM,OEM,6,North America,Western,Automotive ECU,0,Firm,Replaceable
OEM_0734,0.0,4.0,0.0,0.0001122065525757,1111.0,1533.0,1533.0,1111.0,,,,,,,,,,Ember Devices - Shanghai,OEM,OEM,6,China,East Asia,Industrial controller,0,Firm,Replaceable
OEM_0735,0.0,2.0,0.0,0.0001122065525757,1111.0,1533.0,1533.0,1111.0,,,,,,,,,,Rivet Industries - Dalian,OEM,OEM,6,China,East Asia,Network equipment,0,Firm,Replaceable
OEM_0736,0.0,3.0,0.0,0.0001122065525757,1111.0,1533.0,1533.0,1111.0,,,,,,,,,,Calder Products - Villach,OEM,OEM,6,Europe,Western,Network equipment,0,Firm,Replaceable
OEM_0737,0.0,6.0,0.0,0.0001122065525757,1111.0,1533.0,1533.0,1111.0,,,,,,,,,,Korrin Industries - Shanghai,OEM,OEM,6,China,East Asia,Industrial controller,0,Firm,Replaceable
OEM_0738,0.0,5.0,0.0,0.0001122065525757,1111.0,1533.0,1533.0,1111.0,,,,,,,,,,Quarn Group - Hwaseong,OEM,OEM,6,Korea,East Asia,Laptop,0,Firm,Replaceable
OEM_0739,0.0,3.0,0.0,0.0001122065525757,1111.0,1533.0,1533.0,1111.0,,,,,,,,,,Quill Products - Sendai,OEM,OEM,6,Japan,East Asia,Industrial controller,0,Firm,Replaceable
OEM_0740,0.0,4.0,0.0,0.0001122065525757,1111.0,1533.0,1533.0,1111.0,,,,,,,,,,Alder Group - Singapore,OEM,OEM,6,Southeast Asia,East Asia,Smartphone,0,Firm,Replaceable
OEM_0741,0.0,6.0,0.0,0.0001122065525757,1111.0,1533.0,1533.0,1111.0,,,,,,,,,,Wexler Products - Malta 2,OEM,OEM,6,North America,Western,Automotive ECU,0,Firm,Replaceable
OEM_0742,0.0,4.0,0.0,0.0001122065525757,1111.0,1533.0,1533.0,1111.0,,,,,,,,,,Nevin Industries - Chengdu,OEM,OEM,6,China,East Asia,Automotive ECU,0,Firm,Replaceable
OEM_0743,0.0,7.0,0.0,0.0001122065525757,1111.0,1533.0,1533.0,1111.0,,,,,,,,,,Quill Devices - Eindhoven,OEM,OEM,6,Europe,Western,Smartphone,0,Firm,Replaceable
OEM_0744,0.0,6.0,0.0,0.0001122065525757,1111.0,1533.0,1533.0,1111.0,,,,,,,,,,Umber Industries - Tainan,OEM,OEM,6,Taiwan,East Asia,Smartphone,0,Firm,Replaceable
OEM_0745,0.0,4.0,0.0,0.0001122065525757,1111.0,1533.0,1533.0,1111.0,,,,,,,,,,Lumen Devices - Shenzhen,OEM,OEM,6,China,East Asia,Smartphone,0,Firm,Replaceable
OEM_0746,0.0,4.0,0.0,0.0001122065525757,1111.0,1533.0,1533.0,1111.0,,,,,,,,,,Thorne Group - Cheongju,OEM,OEM,6,Korea,East Asia,Server,0,Firm,Replaceable
OEM_0747,0.0,5.0,0.0,0.0001122065525757,1111.0,1533.0,1533.0,1111.0,,,,,,,,,,Ulvid Group - Tianjin,OEM,OEM,6,China,East Asia,Server,0,Firm,Replaceable
OEM_0748,0.0,6.0,0.0,0.0001122065525757,1111.0,1533.0,1533.0,1111.0,,,,,,,,,,Prendel Devices - Hillsboro,OEM,OEM,6,North America,Western,Industrial controller,0,Firm,Replaceable
OEM_0749,0.0,8.0,0.0,0.0001122065525757,1111.0,1533.0,1533.0,1111.0,,,,,,,,,,Jorel Industries - Hillsboro,OEM,OEM,6,North America,Western,Industrial controller,0,Firm,Replaceable
OEM_0750,0.0,6.0,0.0,0.0001122065525757,1111.0,1533.0,1533.0,1111.0,,,,,,,,,,Halcy Devices - Chengdu,OEM,OEM,6,China,East Asia,Smartphone,0,Firm,Replaceable
OEM_0751,0.0,7.0,0.0,0.0001122065525757,1111.0,1533.0,1533.0,1111.0,,,,,,,,,,Lumen Devices - Chandler,OEM,OEM,6,North America,Western,Automotive ECU,0,Firm,Replaceable
OEM_0752,0.0,7.0,0.0,0.0001122065525757,1111.0,1533.0,1533.0,1111.0,,,,,,,,,,Kestrel Industries - Wuxi,OEM,OEM,6,China,East Asia,Smartphone,0,Firm,Replaceable
OEM_0753,0.0,3.0,0.0,0.0001122065525757,1111.0,1533.0,1533.0,1111.0,,,,,,,,,,Cortex Group - Tianjin,OEM,OEM,6,China,East Asia,Industrial controller,0,Firm,Replaceable
OEM_0754,0.0,2.0,0.0,0.0001122065525757,1111.0,1533.0,1533.0,1111.0,,,,,,,,,,Zephyr Industries - Austin,OEM,OEM,6,North America,Western,Network equipment,0,Firm,Replaceable
OEM_0755,0.0,10.0,0.0,0.0001122065525757,1111.0,1533.0,1533.0,1111.0,,,,,,,,,,Brant Devices - Leixlip,OEM,OEM,6,Europe,Western,Automotive ECU,0,Firm,Replaceable
OEM_0756,0.0,7.0,0.0,0.0001122065525757,1111.0,1533.0,1533.0,1111.0,,,,,,,,,,Korrin Devices - Villach,OEM,OEM,6,Europe,Western,Laptop,0,Firm,Replaceable
OEM_0757,0.0,1.0,0.0,0.0001122065525757,1111.0,1533.0,1533.0,1111.0,,,,,,,,,,Oxbow Devices - Pune,OEM,OEM,6,South Asia,Unaligned,Network equipment,0,Firm,Replaceable
OEM_0758,0.0,5.0,0.0,0.0001122065525757,1111.0,1533.0,1533.0,1111.0,,,,,,,,,,Quarn Industries - Tianjin,OEM,OEM,6,China,East Asia,Automotive ECU,0,Firm,Replaceable
OEM_0759,0.0,4.0,0.0,0.0001122065525757,1111.0,1533.0,1533.0,1111.0,,,,,,,,,,Elstow Group - Leixlip 2,OEM,OEM,6,Europe,Western,Automotive ECU,0,Firm,Replaceable
OEM_0760,0.0,6.0,0.0,0.0001122065525757,1111.0,1533.0,1533.0,1111.0,,,,,,,,,,Elstow Products - Grenoble,OEM,OEM,6,Europe,Western,Server,0,Firm,Replaceable
OEM_0761,0.0,6.0,0.0,0.0001122065525757,1111.0,1533.0,1533.0,1111.0,,,,,,,,,,Korrin Devices - Taichung,OEM,OEM,6,Taiwan,East Asia,Industrial controller,0,Firm,Replaceable
OEM_0762,0.0,3.0,0.0,0.0001122065525757,1111.0,1533.0,1533.0,1111.0,,,,,,,,,,Ferrin Products - Chandler,OEM,OEM,6,North America,Western,Laptop,0,Firm,Replaceable
OEM_0763,0.0,7.0,0.0,0.0001122065525757,1111.0,1533.0,1533.0,1111.0,,,,,,,,,,Trellis Industries - Nagano,OEM,OEM,6,Japan,East Asia,Smartphone,0,Firm,Replaceable
OEM_0764,0.0,3.0,0.0,0.0001122065525757,1111.0,1533.0,1533.0,1111.0,,,,,,,,,,Lumen Products - Tianjin 2,OEM,OEM,6,China,East Asia,Server,0,Firm,Replaceable
OEM_0765,0.0,3.0,0.0,0.0001122065525757,1111.0,1533.0,1533.0,1111.0,,,,,,,,,,Palter Devices - Shanghai 2,OEM,OEM,6,China,East Asia,Laptop,0,Firm,Replaceable
OEM_0766,0.0,3.0,0.0,0.0001122065525757,1111.0,1533.0,1533.0,1111.0,,,,,,,,,,Granth Products - Ottawa,OEM,OEM,6,North America,Western,Network equipment,0,Firm,Replaceable
OEM_0767,0.0,7.0,0.0,0.0001122065525757,1111.0,1533.0,1533.0,1111.0,,,,,,,,,,Ivex Devices - Guadalajara,OEM,OEM,6,North America,Western,Network equipment,0,Firm,Replaceable
OEM_0768,0.0,3.0,0.0,0.0001122065525757,1111.0,1533.0,1533.0,1111.0,,,,,,,,,,Zephyr Industries - Chengdu,OEM,OEM,6,China,East Asia,Server,0,Firm,Replaceable
OEM_0769,0.0,4.0,0.0,0.0001122065525757,1111.0,1533.0,1533.0,1111.0,,,,,,,,,,Korrin Group - Eindhoven,OEM,OEM,6,Europe,Western,Server,0,Firm,Replaceable
OEM_0770,0.0,5.0,0.0,0.0001122065525757,1111.0,1533.0,1533.0,1111.0,,,,,,,,,,Dyne Devices - Hiroshima,OEM,OEM,6,Japan,East Asia,Laptop,0,Firm,Replaceable
OEM_0771,0.0,11.0,0.0,0.0001122065525757,1111.0,1533.0,1533.0,1111.0,,,,,,,,,,Ystad Devices - Chandler,OEM,OEM,6,North America,Western,Smartphone,0,Firm,Replaceable
OEM_0772,0.0,3.0,0.0,0.0001122065525757,1111.0,1533.0,1533.0,1111.0,,,,,,,,,,Alder Group - Grenoble,OEM,OEM,6,Europe,Western,Industrial controller,0,Firm,Replaceable
OEM_0773,0.0,2.0,0.0,0.0001122065525757,1111.0,1533.0,1533.0,1111.0,,,,,,,,,,Trellis Devices - Xi'an,OEM,OEM,6,China,East Asia,Server,0,Firm,Replaceable
OEM_0774,0.0,3.0,0.0,0.0001122065525757,1111.0,1533.0,1533.0,1111.0,,,,,,,,,,Vantor Group - Malta 2,OEM,OEM,6,North America,Western,Server,0,Firm,Replaceable
OEM_0775,0.0,3.0,0.0,0.0001122065525757,1111.0,1533.0,1533.0,1111.0,,,,,,,,,,Doran Devices - Shenzhen 2,OEM,OEM,6,China,East Asia,Medical device,0,Firm,Replaceable
OEM_0776,0.0,7.0,0.0,0.0001122065525757,1111.0,1533.0,1533.0,1111.0,,,,,,,,,,Ivex Products - Leixlip,OEM,OEM,6,Europe,Western,Automotive ECU,0,Firm,Replaceable
OEM_0777,0.0,3.0,0.0,0.0001122065525757,1111.0,1533.0,1533.0,1111.0,,,,,,,,,,Halcy Industries - Crolles,OEM,OEM,6,Europe,Western,Automotive ECU,0,Firm,Replaceable
OEM_0778,0.0,6.0,0.0,0.0001122065525757,1111.0,1533.0,1533.0,1111.0,,,,,,,,,,Ystad Industries - Pyeongtaek,OEM,OEM,6,Korea,East Asia,Smartphone,0,Firm,Replaceable
OEM_0779,0.0,8.0,0.0,0.0001122065525757,1111.0,1533.0,1533.0,1111.0,,,,,,,,,,Prendel Devices - Ottawa 2,OEM,OEM,6,North America,Western,Industrial controller,0,Firm,Replaceable
OEM_0780,0.0,4.0,0.0,0.0001122065525757,1111.0,1533.0,1533.0,1111.0,,,,,,,,,,Quarn Group - Xi'an,OEM,OEM,6,China,East Asia,Industrial controller,0,Firm,Replaceable
OEM_0781,0.0,3.0,0.0,0.0001122065525757,1111.0,1533.0,1533.0,1111.0,,,,,,,,,,Brant Products - Kumamoto,OEM,OEM,6,Japan,East Asia,Network equipment,0,Firm,Replaceable
OEM_0782,0.0,2.0,0.0,0.0001122065525757,1111.0,1533.0,1533.0,1111.0,,,,,,,,,,Zephyr Group - Malta,OEM,OEM,6,North America,Western,Network equipment,0,Firm,Replaceable
OEM_0783,0.0,7.0,0.0,0.0001122065525757,1111.0,1533.0,1533.0,1111.0,,,,,,,,,,Mordant Products - Tainan,OEM,OEM,6,Taiwan,East Asia,Automotive ECU,0,Firm,Replaceable
OEM_0784,0.0,4.0,0.0,0.0001122065525757,1111.0,1533.0,1533.0,1111.0,,,,,,,,,,Halcy Devices - Nagano,OEM,OEM,6,Japan,East Asia,Network equipment,0,Firm,Replaceable
OEM_0785,0.0,6.0,0.0,0.0001122065525757,1111.0,1533.0,1533.0,1111.0,,,,,,,,,,Kestrel Devices - Crolles,OEM,OEM,6,Europe,Western,Server,0,Firm,Replaceable
OEM_0786,0.0,9.0,0.0,0.0001122065525757,1111.0,1533.0,1533.0,1111.0,,,,,,,,,,Korrin Products - Kumamoto,OEM,OEM,6,Japan,East Asia,Industrial controller,0,Firm,Replaceable
OEM_0787,0.0,6.0,0.0,0.0001122065525757,1111.0,1533.0,1533.0,1111.0,,,,,,,,,,Ferrin Products - Cheongju,OEM,OEM,6,Korea,East Asia,Industrial controller,0,Firm,Replaceable
OEM_0788,0.0,9.0,0.0,0.0001122065525757,1111.0,1533.0,1533.0,1111.0,,,,,,,,,,Brant Industries - Shenzhen,OEM,OEM,6,China,East Asia,Automotive ECU,0,Firm,Replaceable
OEM_0789,0.0,4.0,0.0,0.0001122065525757,1111.0,1533.0,1533.0,1111.0,,,,,,,,,,Ulvid Group - Shanghai,OEM,OEM,6,China,East Asia,Smartphone,0,Firm,Replaceable
OEM_0790,0.0,2.0,0.0,0.0001122065525757,1111.0,1533.0,1533.0,1111.0,,,,,,,,,,Vantor Industries - Bengaluru,OEM,OEM,6,South Asia,Unaligned,Server,0,Firm,Replaceable
OEM_0791,0.0,3.0,0.0,0.0001122065525757,1111.0,1533.0,1533.0,1111.0,,,,,,,,,,Trellis Industries - Crolles,OEM,OEM,6,Europe,Western,Network equipment,0,Firm,Replaceable
OEM_0792,0.0,5.0,0.0,0.0001122065525757,1111.0,1533.0,1533.0,1111.0,,,,,,,,,,Nevin Group - Tianjin,OEM,OEM,6,China,East Asia,Network equipment,0,Firm,Replaceable
OEM_0793,0.0,5.0,0.0,0.0001122065525757,1111.0,1533.0,1533.0,1111.0,,,,,,,,,,Holt Products - Tianjin,OEM,OEM,6,China,East Asia,Automotive ECU,0,Firm,Replaceable
OEM_0794,0.0,5.0,0.0,0.0001122065525757,1111.0,1533.0,1533.0,1111.0,,,,,,,,,,Halcy Industries - Chengdu,OEM,OEM,6,China,East Asia,Automotive ECU,0,Firm,Replaceable
OEM_0795,0.0,7.0,0.0,0.0001122065525757,1111.0,1533.0,1533.0,1111.0,,,,,,,,,,Doran Products - Xi'an,OEM,OEM,6,China,East Asia,Smartphone,0,Firm,Replaceable
OEM_0796,0.0,6.0,0.0,0.0001122065525757,1111.0,1533.0,1533.0,1111.0,,,,,,,,,,Faryn Industries - Shanghai,OEM,OEM,6,China,East Asia,Network equipment,0,Firm,Replaceable
OEM_0797,0.0,7.0,0.0,0.0001122065525757,1111.0,1533.0,1533.0,1111.0,,,,,,,,,,Xanthe Industries - Kaohsiung 2,OEM,OEM,6,Taiwan,East Asia,Industrial controller,0,Firm,Replaceable
OEM_0798,0.0,5.0,0.0,0.0001122065525757,1111.0,1533.0,1533.0,1111.0,,,,,,,,,,Belan Industries - Guadalajara,OEM,OEM,6,North America,Western,Laptop,0,Firm,Replaceable
OEM_0799,0.0,3.0,0.0,0.0001122065525757,1111.0,1533.0,1533.0,1111.0,,,,,,,,,,Ferrin Devices - Cheongju,OEM,OEM,6,Korea,East Asia,Medical device,0,Firm,Replaceable
OEM_0800,0.0,5.0,0.0,0.0001122065525757,1111.0,1533.0,1533.0,1111.0,,,,,,,,,,Ulvid Industries - Taoyuan,OEM,OEM,6,Taiwan,East Asia,Network equipment,0,Firm,Replaceable
OEM_0801,0.0,5.0,0.0,0.0001122065525757,1111.0,1533.0,1533.0,1111.0,,,,,,,,,,Mordant Industries - Yokkaichi,OEM,OEM,6,Japan,East Asia,Network equipment,0,Firm,Replaceable
OEM_0802,0.0,9.0,0.0,0.0001122065525757,1111.0,1533.0,1533.0,1111.0,,,,,,,,,,Wexler Industries - Kaohsiung,OEM,OEM,6,Taiwan,East Asia,Industrial controller,0,Firm,Replaceable
OEM_0803,0.0,3.0,0.0,0.0001122065525757,1111.0,1533.0,1533.0,1111.0,,,,,,,,,,Belan Products - Dresden 3,OEM,OEM,6,Europe,Western,Server,0,Firm,Replaceable
OEM_0804,0.0,3.0,0.0,0.0001122065525757,1111.0,1533.0,1533.0,1111.0,,,,,,,,,,Orvid Group - Crolles,OEM,OEM,6,Europe,Western,Industrial controller,0,Firm,Replaceable
OEM_0805,0.0,4.0,0.0,0.0001122065525757,1111.0,1533.0,1533.0,1111.0,,,,,,,,,,Halcy Industries - Hsinchu,OEM,OEM,6,Taiwan,East Asia,Automotive ECU,0,Firm,Replaceable
OEM_0806,0.0,7.0,0.0,0.0001122065525757,1111.0,1533.0,1533.0,1111.0,,,,,,,,,,Jorel Group - Tianjin 2,OEM,OEM,6,China,East Asia,Smartphone,0,Firm,Replaceable
OEM_0807,0.0,4.0,0.0,0.0001122065525757,1111.0,1533.0,1533.0,1111.0,,,,,,,,,,Calder Industries - Cheongju,OEM,OEM,6,Korea,East Asia,Industrial controller,0,Firm,Replaceable
OEM_0808,0.0,3.0,0.0,0.0001122065525757,1111.0,1533.0,1533.0,1111.0,,,,,,,,,,Vantor Products - Hiroshima,OEM,OEM,6,Japan,East Asia,Industrial controller,0,Firm,Replaceable
OEM_0809,0.0,5.0,0.0,0.0001122065525757,1111.0,1533.0,1533.0,1111.0,,,,,,,,,,Oxbow Industries - Batangas,OEM,OEM,6,Southeast Asia,East Asia,Laptop,0,Firm,Replaceable
OEM_0810,0.0,4.0,0.0,0.0001122065525757,1111.0,1533.0,1533.0,1111.0,,,,,,,,,,Ferrin Industries - Kitakyushu 2,OEM,OEM,6,Japan,East Asia,Medical device,0,Firm,Replaceable
OEM_0811,0.0,6.0,0.0,0.0001122065525757,1111.0,1533.0,1533.0,1111.0,,,,,,,,,,Xanthe Products - Austin,OEM,OEM,6,North America,Western,Network equipment,0,Firm,Replaceable
OEM_0812,0.0,7.0,0.0,0.0001122065525757,1111.0,1533.0,1533.0,1111.0,,,,,,,,,,Nevin Group - Shenzhen,OEM,OEM,6,China,East Asia,Automotive ECU,0,Firm,Replaceable
OEM_0813,0.0,4.0,0.0,0.0001122065525757,1111.0,1533.0,1533.0,1111.0,,,,,,,,,,Gethin Devices - Crolles,OEM,OEM,6,Europe,Western,Medical device,0,Firm,Replaceable
OEM_0814,0.0,6.0,0.0,0.0001122065525757,1111.0,1533.0,1533.0,1111.0,,,,,,,,,,Alder Industries - Malta,OEM,OEM,6,North America,Western,Smartphone,0,Firm,Replaceable
OEM_0815,0.0,6.0,0.0,0.0001122065525757,1111.0,1533.0,1533.0,1111.0,,,,,,,,,,Brant Group - Gumi,OEM,OEM,6,Korea,East Asia,Smartphone,0,Firm,Replaceable
OEM_0816,0.0,2.0,0.0,0.0001122065525757,1111.0,1533.0,1533.0,1111.0,,,,,,,,,,Isar Devices - Tianjin,OEM,OEM,6,China,East Asia,Laptop,0,Firm,Replaceable
OEM_0817,0.0,7.0,0.0,0.0001122065525757,1111.0,1533.0,1533.0,1111.0,,,,,,,,,,Doran Industries - Malta,OEM,OEM,6,North America,Western,Industrial controller,0,Firm,Replaceable
OEM_0818,0.0,4.0,0.0,0.0001122065525757,1111.0,1533.0,1533.0,1111.0,,,,,,,,,,Korrin Devices - Guadalajara,OEM,OEM,6,North America,Western,Server,0,Firm,Replaceable
OEM_0819,0.0,7.0,0.0,0.0001122065525757,1111.0,1533.0,1533.0,1111.0,,,,,,,,,,Renbeck Group - Tianjin,OEM,OEM,6,China,East Asia,Industrial controller,0,Firm,Replaceable
HUB_000,430.0,243.0,0.012282094953958,0.0165169563346139,7.0,7.0,6.0,6.0,0.0,0.0,0.0,0.0,0.0,326.0,67695934607.18594,0.0530682978641199,-320.0,Yokohama Port,LOGISTICS,Logistics,99,Japan,East Asia,Freight,1,Port or air hub,Replaceable
HUB_001,,,,,,,,,0.0,0.0,0.0,0.0,0.0,326.0,0.0,0.0,,Kaohsiung Port,LOGISTICS,Logistics,99,Taiwan,East Asia,Freight,1,Port or air hub,Replaceable
HUB_002,26.0,23.0,0.0001923950267328,0.0022684503203177,570.0,25.0,76.0,25.0,0.0,0.0,0.0,0.0,0.0,326.0,422829004.49074125,0.0003314647428402,-301.0,Tianjin Port,LOGISTICS,Logistics,99,China,East Asia,Freight,1,Port or air hub,Replaceable
HUB_003,,,,,,,,,0.0,0.0,0.0,0.0,0.0,326.0,0.0,0.0,,Laem Chabang Port,LOGISTICS,Logistics,99,Southeast Asia,East Asia,Freight,1,Port or air hub,Replaceable
HUB_004,1.0,1.0,1.1935837710801813e-07,0.0001310590002572,1110.0,1439.0,1211.0,1110.0,0.0,0.0,0.0,0.0,0.0,326.0,0.0,0.0,784.0,Chicago Air Cargo Hub,LOGISTICS,Logistics,99,North America,Western,Freight,1,Port or air hub,Replaceable
HUB_005,,,,,,,,,0.0,0.0,0.0,0.0,0.0,326.0,0.0,0.0,,Liege Air Cargo Hub,LOGISTICS,Logistics,99,Europe,Western,Freight,1,Port or air hub,Replaceable
HUB_006,31.0,25.0,0.0004011134275804,0.0022266646031278,313.0,26.0,60.0,26.0,0.0,0.0,0.0,0.0,0.0,326.0,557020049.606253,0.0004366599867527,-300.0,Vancouver Port,LOGISTICS,Logistics,99,North America,Western,Freight,1,Port or air hub,Replaceable
HUB_007,28.0,25.0,0.0001775404842905,0.0012339540364217,592.0,75.0,70.0,70.0,0.0,0.0,0.0,0.0,0.0,326.0,885789940.8280182,0.0006943897694546,-256.0,Kuala Lumpur Air Cargo Hub,LOGISTICS,Logistics,99,Southeast Asia,East Asia,Freight,1,Port or air hub,Replaceable
HUB_008,9.0,9.0,0.0003660714891228,0.0010492774042813,336.0,100.0,304.0,100.0,0.0,0.0,0.0,0.0,0.0,326.0,4878308444.652898,0.0038242108202818,-226.0,Memphis Air Cargo Hub,LOGISTICS,Logistics,99,North America,Western,Freight,1,Port or air hub,Replaceable
HUB_009,20.0,19.0,0.0001327008603351,0.0015929896628264,675.0,52.0,101.0,52.0,0.0,0.0,0.0,0.0,0.0,326.0,1381684336.7587614,0.0010831320427551,-274.0,Hong Kong Air Cargo Hub,LOGISTICS,Logistics,99,China,East Asia,Freight,1,Port or air hub,Replaceable
HUB_010,477.0,202.0,0.01439478289229,0.0214100957350706,6.0,5.0,4.0,4.0,0.0,0.0,0.0,0.0,0.0,326.0,33061994207.756386,0.0259180077323694,-322.0,Ningbo Port,LOGISTICS,Logistics,99,China,East Asia,Freight,1,Port or air hub,Replaceable
HUB_011,840.0,366.0,0.0332345924079538,0.0267128305559776,2.0,4.0,2.0,2.0,0.0,0.0,0.0,0.0,0.0,326.0,824486770286.8173,0.6463328967167044,-324.0,Incheon Air Cargo Hub,LOGISTICS,Logistics,99,Korea,East Asia,Freight,1,Port or air hub,Replaceable
HUB_012,322.0,112.0,0.0062977450792074,0.0079073398847976,11.0,14.0,9.0,9.0,0.0,0.0,0.0,0.0,0.0,326.0,42810997587.82295,0.0335604609794329,-317.0,Clark Air Cargo Hub,LOGISTICS,Logistics,99,Southeast Asia,East Asia,Freight,1,Port or air hub,Replaceable
HUB_013,283.0,158.0,0.0054559505466284,0.0106045490941464,12.0,10.0,11.0,10.0,0.0,0.0,0.0,0.0,0.0,326.0,12736932055.45275,0.0099847547436338,-316.0,Nagoya Port,LOGISTICS,Logistics,99,Japan,East Asia,Freight,1,Port or air hub,Replaceable
HUB_014,,,,,,,,,0.0,0.0,0.0,0.0,0.0,326.0,0.0,0.0,,Antwerp Port,LOGISTICS,Logistics,99,Europe,Western,Freight,1,Port or air hub,Replaceable
HUB_015,454.0,232.0,0.0289239274781867,0.0279719696608327,3.0,3.0,5.0,3.0,67.0,14.0,11563300663.16194,0.0090647198749201,5.0,31.0,88987696088.79994,0.0697593672306125,-28.0,Fremantle Port,LOGISTICS,Logistics,99,Rest of World,Unaligned,Freight,1,Port or air hub,Causes failure
HUB_016,27.0,24.0,0.0003061933543292,0.0016372770495135,392.0,50.0,73.0,50.0,0.0,0.0,0.0,0.0,0.0,326.0,5675855738.416064,0.0044494252824462,-276.0,Keelung Port,LOGISTICS,Logistics,99,Taiwan,East Asia,Freight,1,Port or air hub,Replaceable
HUB_017,2.0,2.0,3.951247748657444e-06,0.0004768902924622,1093.0,362.0,975.0,362.0,0.0,0.0,0.0,0.0,0.0,326.0,0.0,0.0,36.0,Savannah Port,LOGISTICS,Logistics,99,North America,Western,Freight,1,Port or air hub,Replaceable
HUB_018,5.0,5.0,1.659947588915789e-06,0.0005552068986456,1102.0,282.0,549.0,282.0,0.0,0.0,0.0,0.0,0.0,326.0,0.0,0.0,-44.0,Port Klang Port,LOGISTICS,Logistics,99,Southeast Asia,East Asia,Freight,1,Port or air hub,Replaceable
HUB_019,211.0,127.0,0.0053632212200856,0.0097202465196631,13.0,11.0,14.0,11.0,0.0,0.0,0.0,0.0,0.0,326.0,26986346486.991623,0.0211551769237853,-315.0,Guangzhou Air Cargo Hub,LOGISTICS,Logistics,99,China,East Asia,Freight,1,Port or air hub,Replaceable
HUB_020,1.0,1.0,2.6831621942258582e-06,0.0002583876164999,1099.0,825.0,1211.0,825.0,0.0,0.0,0.0,0.0,0.0,326.0,0.0,0.0,499.0,Hai Phong Port,LOGISTICS,Logistics,99,Southeast Asia,East Asia,Freight,1,Port or air hub,Replaceable
HUB_021,7.0,6.0,0.000244225600672,0.00064578474992,462.0,224.0,407.0,224.0,0.0,0.0,0.0,0.0,0.0,326.0,0.0,0.0,-102.0,Nhava Sheva Port,LOGISTICS,Logistics,99,South Asia,Unaligned,Freight,1,Port or air hub,Replaceable
HUB_022,2.0,1.0,4.5933078253787606e-06,0.0002937396114613,1087.0,699.0,975.0,699.0,0.0,0.0,0.0,0.0,0.0,326.0,0.0,0.0,373.0,Incheon Port,LOGISTICS,Logistics,99,Korea,East Asia,Freight,1,Port or air hub,Replaceable
HUB_023,342.0,168.0,0.0101601575149059,0.0181051258396724,8.0,6.0,8.0,6.0,0.0,0.0,0.0,0.0,0.0,326.0,63184829331.80539,0.0495319454991009,-320.0,Qingdao Port,LOGISTICS,Logistics,99,China,East Asia,Freight,1,Port or air hub,Replaceable
HUB_024,292.0,106.0,0.0071801846459933,0.0081898095714817,10.0,13.0,10.0,10.0,0.0,0.0,0.0,0.0,0.0,326.0,49457532397.7278,0.0387708224450509,-316.0,Taoyuan Air Cargo Hub,LOGISTICS,Logistics,99,Taiwan,East Asia,Freight,1,Port or air hub,Replaceable
HUB_025,228.0,82.0,0.0046250068780258,0.008720968248091,16.0,12.0,13.0,12.0,0.0,0.0,0.0,0.0,0.0,326.0,43565532735.648,0.0341519572961036,-314.0,Hamburg Port,LOGISTICS,Logistics,99,Europe,Western,Freight,1,Port or air hub,Replaceable
HUB_026,1059.0,326.0,0.0562198690745148,0.0428974225315531,1.0,1.0,1.0,1.0,0.0,0.0,0.0,0.0,0.0,326.0,350186216367.2612,0.2745185002012559,-325.0,Manila Port,LOGISTICS,Logistics,99,Southeast Asia,East Asia,Freight,1,Port or air hub,Replaceable
HUB_027,107.0,74.0,0.0015045704871323,0.0055874302566986,47.0,16.0,17.0,16.0,0.0,0.0,0.0,0.0,0.0,326.0,3127483279.217651,0.0024517013494183,-310.0,Taichung Port,LOGISTICS,Logistics,99,Taiwan,East Asia,Freight,1,Port or air hub,Replaceable
HUB_028,69.0,56.0,0.0010478825799333,0.0020058606645307,91.0,31.0,26.0,26.0,0.0,0.0,0.0,0.0,0.0,326.0,5355882861.823219,0.0041985916685519,-300.0,Changi Air Cargo Hub,LOGISTICS,Logistics,99,Southeast Asia,East Asia,Freight,1,Port or air hub,Replaceable
HUB_029,,,,,,,,,0.0,0.0,0.0,0.0,0.0,326.0,0.0,0.0,,Houston Port,LOGISTICS,Logistics,99,North America,Western,Freight,1,Port or air hub,Replaceable
HUB_030,72.0,48.0,0.0024685656283796,0.0055546271885263,25.0,17.0,23.0,17.0,0.0,0.0,0.0,0.0,0.0,326.0,24314003193.316856,0.0190602695895882,-309.0,Rotterdam Port,LOGISTICS,Logistics,99,Europe,Western,Freight,1,Port or air hub,Replaceable
HUB_031,690.0,209.0,0.0269168476964239,0.0306544598765041,4.0,2.0,3.0,2.0,0.0,0.0,0.0,0.0,0.0,326.0,75178255810.59616,0.0589338502439145,-324.0,Busan Port,LOGISTICS,Logistics,99,Korea,East Asia,Freight,1,Port or air hub,Replaceable
HUB_032,2.0,2.0,3.1993800309139384e-05,0.0003760863098914,940.0,501.0,975.0,501.0,0.0,0.0,0.0,0.0,0.0,326.0,0.0,0.0,175.0,Frankfurt Air Cargo Hub,LOGISTICS,Logistics,99,Europe,Western,Freight,1,Port or air hub,Replaceable
HUB_033,20.0,19.0,0.0001881487016658,0.0018274367455507,576.0,40.0,101.0,40.0,0.0,0.0,0.0,0.0,0.0,326.0,0.0,0.0,-286.0,Shenzhen Port,LOGISTICS,Logistics,99,China,East Asia,Freight,1,Port or air hub,Replaceable
HUB_034,283.0,190.0,0.0082434910989291,0.0115434044033593,9.0,9.0,11.0,9.0,0.0,0.0,0.0,0.0,0.0,326.0,12559010832.211536,0.0098452784733658,-317.0,Shanghai Port,LOGISTICS,Logistics,99,China,East Asia,Freight,1,Port or air hub,Replaceable
HUB_035,5.0,5.0,7.309540475298727e-06,0.0004942402091575,1070.0,340.0,549.0,340.0,0.0,0.0,0.0,0.0,0.0,326.0,0.0,0.0,14.0,Long Beach Port,LOGISTICS,Logistics,99,North America,Western,Freight,1,Port or air hub,Replaceable
HUB_036,397.0,202.0,0.0168306734134507,0.0153457369389932,5.0,8.0,7.0,5.0,0.0,0.0,0.0,0.0,0.0,326.0,52781848878.35193,0.0413768255708226,-321.0,Leipzig Air Cargo Hub,LOGISTICS,Logistics,99,Europe,Western,Freight,1,Port or air hub,Replaceable
HUB_037,6.0,6.0,3.590374124742964e-05,0.0004767978438702,927.0,363.0,457.0,363.0,0.0,0.0,0.0,0.0,0.0,326.0,928452453.807436,0.0007278338301587,37.0,Singapore Port,LOGISTICS,Logistics,99,Southeast Asia,East Asia,Freight,1,Port or air hub,Replaceable
HUB_038,6.0,6.0,6.783898627983932e-06,0.0003335858639877,1075.0,591.0,457.0,457.0,0.0,0.0,0.0,0.0,0.0,326.0,0.0,0.0,131.0,Shanghai Pudong Air Cargo Hub,LOGISTICS,Logistics,99,China,East Asia,Freight,1,Port or air hub,Replaceable
HUB_039,25.0,22.0,0.0002609623478875,0.0015760245772498,438.0,53.0,78.0,53.0,0.0,0.0,0.0,0.0,0.0,326.0,7221432565.683163,0.005661036170415,-273.0,Kobe Port,LOGISTICS,Logistics,99,Japan,East Asia,Freight,1,Port or air hub,Replaceable
HUB_040,81.0,63.0,0.001773706832298,0.0041839748602567,37.0,18.0,20.0,18.0,0.0,0.0,0.0,0.0,0.0,326.0,0.0,0.0,-308.0,Valencia Port,LOGISTICS,Logistics,99,Europe,Western,Freight,1,Port or air hub,Replaceable
HUB_041,2.0,2.0,2.164478010770133e-05,0.0003015046501088,1001.0,676.0,975.0,676.0,0.0,0.0,0.0,0.0,0.0,326.0,0.0,0.0,350.0,Los Angeles Port,LOGISTICS,Logistics,99,North America,Western,Freight,1,Port or air hub,Replaceable
HUB_042,6.0,6.0,0.0002713538171293,0.001111445918869,435.0,88.0,457.0,88.0,0.0,0.0,0.0,0.0,0.0,326.0,0.0,0.0,-238.0,Tanjung Pelepas Port,LOGISTICS,Logistics,99,Southeast Asia,East Asia,Freight,1,Port or air hub,Replaceable
HUB_043,2.0,2.0,1.643894362378998e-06,0.0002244791411201,1104.0,987.0,975.0,975.0,0.0,0.0,0.0,0.0,0.0,326.0,0.0,0.0,649.0,Amsterdam Air Cargo Hub,LOGISTICS,Logistics,99,Europe,Western,Freight,1,Port or air hub,Replaceable
HUB_044,,,,,,,,,0.0,0.0,0.0,0.0,0.0,326.0,0.0,0.0,,Miami Air Cargo Hub,LOGISTICS,Logistics,99,North America,Western,Freight,1,Port or air hub,Replaceable
