node_id,name,tier,region,category,failed_firms,failed_oems,production_value_at_risk,share_of_oem_value,deepest_cascade,rank_impact,rank_customers,rank_betweenness,rank_pagerank,betweenness,pagerank,customers,best_centrality_rank,rank_gap
EMS_0453,Kestrel Electronics - Batangas,EMS,Southeast Asia,Power module,26,26,43626955663.28365,0.03420010804900141,1,1,25.0,32.0,81.0,0.0019395569969347982,0.0011622488814459898,70.0,25.0,24.0
EMS_0316,Jarn Manufacturing - Xi'an,EMS,China,Sensor module,28,28,40275069602.96116,0.03157249253725834,1,2,16.0,14.0,28.0,0.004777059522569535,0.0021518673694071178,135.0,14.0,12.0
OSAT_0039,Ember Assembly - Xi'an,OSAT,China,Analog IC,38,27,35970436128.12747,0.028197997853583692,2,3,19.0,18.0,32.0,0.003558255079397842,0.0019879079461599452,86.0,18.0,15.0
REFINED_MATERIAL_0326,Thorne Chemical - Nagano 2,REFINED_MATERIAL,Japan,Packaging substrate,25,17,30595920167.06472,0.02398479929812909,3,4,348.0,284.0,389.0,0.0004434586394477938,0.00046102650567539973,8.0,284.0,280.0
RAW_MATERIAL_0228,Noral Extraction - Dalian,RAW_MATERIAL,China,Substrate resin,42,18,24914865489.535973,0.019531298455591862,3,5,101.0,1111.0,34.0,0.0,0.0019278182031938948,20.0,34.0,29.0
REFINED_MATERIAL_0077,Granth Specialty - Bangkok,REFINED_MATERIAL,Southeast Asia,Bonding wire,19,14,23374487601.381557,0.018323763127714058,3,6,175.0,358.0,415.0,0.00033724525480905516,0.0004410346368065344,14.0,175.0,169.0
OSAT_0116,Quarn Assembly - Penang,OSAT,Southeast Asia,Power IC,16,14,23374487601.381557,0.018323763127714058,2,6,193.0,54.0,226.0,0.0014081465204146145,0.0006409982987717794,13.0,54.0,48.0
EMS_0360,Ader Assemblies - Penang,EMS,Southeast Asia,Power module,14,14,23374487601.381557,0.018323763127714058,1,6,30.0,63.0,85.0,0.0012944768139348964,0.0011354158483879633,55.0,30.0,24.0
RAW_MATERIAL_0494,Quill Feedstock - Tianjin,RAW_MATERIAL,China,Gold,25,15,18072951512.328262,0.014167775062200337,4,9,157.0,1111.0,69.0,0.0,0.0013281643972708574,15.0,69.0,60.0
OSAT_0002,Yarrow Packaging - Taichung,OSAT,Taiwan,Power IC,23,15,18072951512.328262,0.014167775062200337,2,9,39.0,21.0,60.0,0.0032557523719078107,0.0014611355096228484,49.0,21.0,12.0
REFINED_MATERIAL_0166,Isar Materials - Icheon,REFINED_MATERIAL,Korea,Bonding wire,24,15,18072951512.328262,0.014167775062200337,3,9,549.0,981.0,494.0,2.5168327940026263e-05,0.00038250475541485186,5.0,494.0,485.0
REFINED_MATERIAL_0255,Cortex Materials - Leixlip,REFINED_MATERIAL,Europe,Packaging substrate,29,17,17253605393.53459,0.013525472032657148,3,12,774.0,475.0,845.0,0.00023894837054545888,0.0002532490537615503,3.0,475.0,463.0
OSAT_0040,Doran Assembly - Batam,OSAT,Southeast Asia,Memory IC,28,17,17253605393.53459,0.013525472032657148,2,12,46.0,35.0,118.0,0.0018359065590644258,0.0009308063544180923,43.0,35.0,23.0
REFINED_MATERIAL_0294,Korrin Chemical - Hiroshima,REFINED_MATERIAL,Japan,Bonding wire,17,13,16845114631.532717,0.013205247346219985,3,14,304.0,698.0,517.0,0.00011645608104087754,0.00036615033086561023,9.0,304.0,290.0
REFINED_MATERIAL_0309,Halcy Specialty - Sendai,REFINED_MATERIAL,Japan,Packaging substrate,17,13,16845114631.532717,0.013205247346219985,3,14,638.0,811.0,972.0,7.373545154077467e-05,0.0002256874270854806,4.0,638.0,624.0
EMS_0511,Wexler Electronics - Taoyuan,EMS,Taiwan,Power module,13,13,16845114631.532717,0.013205247346219985,1,14,40.0,51.0,87.0,0.0014583735308262773,0.0011192809837490309,48.0,40.0,26.0
OSAT_0017,Prendel Packaging - Chengdu,OSAT,China,Analog IC,16,13,16845114631.532717,0.013205247346219985,2,14,52.0,52.0,92.0,0.0014232804749609524,0.0010940756758950072,38.0,52.0,38.0
EQUIPMENT_0068,Holt Precision - Austin,EQUIPMENT,North America,Test handler,54,22,16742388769.802158,0.013124718335721814,3,18,549.0,317.0,76.0,0.0003878141627527589,0.0012294025011693657,5.0,76.0,58.0
OSAT_0089,Prendel Assembly - Shenzhen,OSAT,China,Logic IC,52,22,16742388769.802158,0.013124718335721814,2,18,15.0,24.0,22.0,0.0025708953209378185,0.0024243889306313215,136.0,15.0,-3.0
RAW_MATERIAL_0255,Elstow Minerals - Shenzhen,RAW_MATERIAL,China,Bulk chemical,121,20,15356341365.281252,0.012038165990389425,5,20,304.0,1111.0,111.0,0.0,0.0009730763828267403,9.0,111.0,91.0
EQUIPMENT_0118,Vantor Systems - Shenzhen,EQUIPMENT,China,Lithography system,119,20,15356341365.281252,0.012038165990389425,4,20,57.0,561.0,49.0,0.00019806401429779593,0.001661720074344359,33.0,49.0,29.0
REFINED_MATERIAL_0367,Ember Materials - Kaohsiung,REFINED_MATERIAL,Taiwan,Packaging substrate,18,12,14014758015.225212,0.010986469972845109,3,22,175.0,420.0,375.0,0.00027959472351339853,0.0004706414642504534,14.0,175.0,153.0
REFINED_MATERIAL_0116,Isar Specialty - Gumi,REFINED_MATERIAL,Korea,PCB laminate,22,8,13389927813.56653,0.010496652150718442,2,23,48.0,17.0,48.0,0.0036579017768644437,0.0016700143628008083,40.0,17.0,-6.0
REFINED_MATERIAL_0339,Brant Chemical - Nagano,REFINED_MATERIAL,Japan,Process gas,13,12,13130365162.865345,0.01029317541106281,2,24,975.0,174.0,623.0,0.0006257708988536184,0.00032251921283648043,2.0,174.0,150.0
RAW_MATERIAL_0221,Doran Resources - Wuxi,RAW_MATERIAL,China,Crude industrial gas,14,12,13130365162.865345,0.01029317541106281,3,24,774.0,1111.0,628.0,0.0,0.00032074188500153255,3.0,628.0,604.0
EMS_0326,Lumen Assemblies - Chengdu,EMS,China,PCB assembly,12,12,13130365162.865345,0.01029317541106281,1,24,21.0,23.0,54.0,0.002829049920417812,0.001548278722342597,75.0,21.0,-3.0
OSAT_0119,Gethin Microassembly - Taichung,OSAT,Taiwan,Analog IC,14,11,12651927509.270094,0.009918117853208985,2,27,193.0,258.0,318.0,0.00047515676116793637,0.0005121900533305597,13.0,193.0,166.0
EMS_0401,Prendel Manufacturing - Villach,EMS,Europe,PCB assembly,10,10,11866054732.80361,0.009302055296028493,1,28,32.0,20.0,95.0,0.003283518202348023,0.0010714083841800088,53.0,20.0,-8.0
REFINED_MATERIAL_0153,Lethe Advanced Materials - Singapore,REFINED_MATERIAL,Southeast Asia,PCB laminate,11,8,11765414517.809845,0.00922316126882599,2,29,65.0,111.0,80.0,0.000886886109099752,0.0011722726830265652,29.0,65.0,36.0
RAW_MATERIAL_0162,Korrin Extraction - Crolles,RAW_MATERIAL,Europe,Substrate resin,12,8,11765414517.809845,0.00922316126882599,3,29,304.0,1111.0,234.0,0.0,0.0006287178320439852,9.0,234.0,205.0
HUB_015,Fremantle Port,LOGISTICS,Rest of World,Freight,67,14,11563300663.16194,0.00906471987492016,5,31,5.0,3.0,3.0,0.028923927478186715,0.027971969660832756,454.0,3.0,-28.0
RAW_MATERIAL_0391,Halcy Minerals - Taoyuan,RAW_MATERIAL,Taiwan,Gold,23,8,10564438710.280216,0.008281690525399413,4,32,549.0,1111.0,395.0,0.0,0.00045651921877504535,5.0,395.0,363.0
REFINED_MATERIAL_0067,Zephyr Specialty - Leixlip,REFINED_MATERIAL,Europe,Bonding wire,22,8,10564438710.280216,0.008281690525399413,3,32,157.0,751.0,211.0,9.699381573181484e-05,0.0006606175322906141,15.0,157.0,125.0
OSAT_0064,Renbeck Microassembly - Xi'an,OSAT,China,Power IC,20,10,10489262546.323719,0.008222758315004878,2,34,59.0,81.0,102.0,0.0011304028690029301,0.0010386568657929827,32.0,59.0,25.0
EQUIPMENT_0137,Kestrel Technologies - Yokkaichi,EQUIPMENT,Japan,Test handler,40,13,9641639938.858702,0.007558288738355577,3,35,56.0,48.0,19.0,0.0014940060736034434,0.0034454622959877333,34.0,19.0,-16.0
EMS_0489,Ystad Manufacturing - Dresden,EMS,Europe,Power module,7,7,9379693771.895054,0.007352943509082152,1,36,29.0,50.0,103.0,0.0014707869147554562,0.001012711206007772,60.0,29.0,-7.0
EMS_0134,Umber Manufacturing - Grenoble,EMS,Europe,Sensor module,5,5,9002473904.552967,0.007057232748952567,1,37,101.0,230.0,386.0,0.0005166994188747015,0.00046209527088187074,20.0,101.0,64.0
OSAT_0133,Holt Test Services - Kumamoto,OSAT,Japan,Power IC,14,6,8418974294.373929,0.006599814865644518,2,38,94.0,120.0,136.0,0.0008611622200701841,0.0008531310535714739,21.0,94.0,56.0
EMS_0283,Holt Manufacturing - Penang,EMS,Southeast Asia,PCB assembly,6,6,8342429536.678016,0.006539809785207791,1,39,146.0,236.0,369.0,0.0005075858461591518,0.00047353276261269346,16.0,146.0,107.0
EMS_0169,Solvex Electronics - Dresden,EMS,Europe,PCB assembly,9,9,8085988627.185598,0.00633878024556916,1,40,55.0,94.0,154.0,0.0010060917024270742,0.000795006444104548,37.0,55.0,15.0
REFINED_MATERIAL_0213,Palter Specialty - Xi'an,REFINED_MATERIAL,China,Process gas,21,6,7955873090.223727,0.006236779880077353,3,41,47.0,65.0,71.0,0.0012732616745932198,0.0012773882886375734,41.0,47.0,6.0
OSAT_0061,Wexler Packaging - Taichung,OSAT,Taiwan,Analog IC,10,7,7952818323.64323,0.006234385182910678,2,42,113.0,125.0,174.0,0.0008412093329337654,0.0007581210843346656,19.0,113.0,71.0
REFINED_MATERIAL_0092,Kestrel Advanced Materials - Kaohsiung,REFINED_MATERIAL,Taiwan,Packaging substrate,42,10,7853229285.465719,0.006156315195803294,3,43,34.0,84.0,58.0,0.0011109669157881859,0.0014791964173938815,51.0,34.0,-9.0
REFINED_MATERIAL_0235,Elstow Chemical - Dalian,REFINED_MATERIAL,China,Process gas,17,8,7469181592.3149,0.005855251956298327,3,44,60.0,166.0,104.0,0.0006389310413824707,0.0010093802073242377,31.0,60.0,16.0
EMS_0203,Renbeck Circuits - Taoyuan,EMS,Taiwan,Power module,6,6,7302592220.504328,0.005724658967878285,1,45,132.0,271.0,325.0,0.00045821888518321236,0.0005079451491020359,17.0,132.0,87.0
REFINED_MATERIAL_0288,Mervi Materials - Eindhoven,REFINED_MATERIAL,Europe,PCB laminate,9,6,7302592220.504328,0.005724658967878285,2,45,94.0,234.0,148.0,0.0005094474836328193,0.0008187124069440029,21.0,94.0,49.0
EMS_0194,Jarn Electronics - Hsinchu,EMS,Taiwan,Sensor module,3,3,7221432565.683163,0.0056610361704150305,1,47,304.0,505.0,597.0,0.00022038580081818008,0.00033079589537876326,9.0,304.0,257.0
OSAT_0051,Ulvid Assembly - Tainan 2,OSAT,Taiwan,Analog IC,5,3,7221432565.683163,0.0056610361704150305,2,47,83.0,41.0,147.0,0.001663101260355667,0.0008198769838283288,24.0,41.0,-6.0
OSAT_0011,Oxbow Microassembly - Dalian,OSAT,China,MEMS sensor,5,3,7221432565.683163,0.0056610361704150305,2,47,83.0,77.0,153.0,0.0011702727094051553,0.0007950934659968162,24.0,77.0,30.0
EMS_0334,Mervi Manufacturing - Malta,EMS,North America,Power module,1,1,6777758459.137218,0.005313230504130926,1,50,1211.0,1014.0,1505.0,1.934693337038723e-05,0.00012149731926915295,1.0,1014.0,964.0
EMS_0461,Jorel Assemblies - Hsinchu,EMS,Taiwan,Power module,3,3,6417705721.522727,0.005030977425901182,1,51,213.0,186.0,405.0,0.0006007402011743976,0.00044833095289766587,12.0,186.0,135.0
REFINED_MATERIAL_0183,Isar Chemical - Hiroshima,REFINED_MATERIAL,Japan,Packaging substrate,11,5,6006956002.158895,0.0047089818942449915,3,52,457.0,439.0,541.0,0.0002598878717688539,0.0003542517025884747,6.0,439.0,387.0
OSAT_0056,Wexler Test Services - Penang,OSAT,Southeast Asia,MEMS sensor,10,5,6006956002.158895,0.0047089818942449915,2,52,78.0,39.0,101.0,0.0017249070859866225,0.0010447346032885186,25.0,39.0,-13.0
EMS_0278,Mordant Electronics - Wuxi,EMS,China,Power module,1,1,5961276305.774185,0.004673172598632889,1,54,213.0,423.0,534.0,0.00027627189458793517,0.0003583432431173564,12.0,213.0,159.0
OSAT_0071,Kestrel Assembly - Xi'an,OSAT,China,Analog IC,11,6,5913269195.568264,0.00463553879331228,2,55,78.0,160.0,188.0,0.000666987923187702,0.0007243682756626496,25.0,78.0,23.0
EQUIPMENT_0127,Oxbow Instruments - Nagano,EQUIPMENT,Japan,Test handler,15,5,5621337650.2366705,0.0044066873815770576,3,56,348.0,539.0,64.0,0.0002058302780728577,0.0014263176589197231,8.0,64.0,8.0
OSAT_0068,Kestrel Packaging - Tianjin,OSAT,China,Memory IC,12,5,5621337650.2366705,0.0044066873815770576,2,56,24.0,27.0,61.0,0.0023179491384030387,0.00146041756114322,71.0,24.0,-32.0
EMS_0301,Faryn Assemblies - Dalian,EMS,China,Sensor module,4,4,5370252791.745387,0.0042098565654149975,1,58,175.0,194.0,382.0,0.0005810990664750275,0.0004654648938373201,14.0,175.0,117.0
EMS_0393,Korrin Manufacturing - Hiroshima,EMS,Japan,Power module,3,3,5354467961.4287815,0.004197482497727817,1,59,267.0,481.0,520.0,0.00023441462150009695,0.0003649363349532003,10.0,267.0,208.0
EMS_0217,Verity Electronics - Tianjin,EMS,China,Sensor module,3,3,5251990825.89176,0.004117148469037664,1,60,88.0,130.0,301.0,0.0007963891859148372,0.0005268496769040476,23.0,88.0,28.0
REFINED_MATERIAL_0028,Alder Materials - Yokkaichi,REFINED_MATERIAL,Japan,PCB laminate,11,5,5214742261.816813,0.004087948519220733,2,61,44.0,15.0,38.0,0.004774388248338004,0.0018426388417985423,44.0,15.0,-46.0
REFINED_MATERIAL_0291,Dyne Materials - Bac Ninh,REFINED_MATERIAL,Southeast Asia,PCB laminate,9,4,4960290976.640127,0.003888478688838465,2,62,348.0,110.0,171.0,0.000888308357010799,0.000764669338335495,8.0,110.0,48.0
EQUIPMENT_0006,Noral Systems - Nagano,EQUIPMENT,Japan,Ion implantation system,25,6,4926955607.093277,0.0038623463763031865,4,63,113.0,794.0,175.0,8.019568529285511e-05,0.0007550496438601347,19.0,113.0,50.0
REFINED_MATERIAL_0351,Brant Advanced Materials - Yokkaichi,REFINED_MATERIAL,Japan,Packaging substrate,14,6,4926955607.093277,0.0038623463763031865,3,63,638.0,610.0,918.0,0.00016791326500789435,0.00023752654217854786,4.0,610.0,547.0
OSAT_0048,Yarrow Packaging - Malta,OSAT,North America,Logic IC,13,6,4926955607.093277,0.0038623463763031865,2,63,48.0,44.0,122.0,0.0015432495181391499,0.0009021438948606897,40.0,44.0,-19.0
EMS_0418,Palter Circuits - Villach,EMS,Europe,Sensor module,3,3,4922983990.117338,0.0038592329404092242,1,66,146.0,275.0,328.0,0.000455399599755993,0.0005061768369025998,16.0,146.0,80.0
REFINED_MATERIAL_0232,Isar Advanced Materials - Leixlip,REFINED_MATERIAL,Europe,Process gas,4,3,4922983990.117338,0.0038592329404092242,2,66,121.0,672.0,162.0,0.000133992444041796,0.0007826176647554805,18.0,121.0,55.0
REFINED_MATERIAL_0189,Ember Specialty - Malta,REFINED_MATERIAL,North America,Bonding wire,8,4,4891696570.8438835,0.003834706060101894,3,68,1211.0,1024.0,1267.0,1.7483537308704506e-05,0.00016316280429153328,1.0,1024.0,956.0
OSAT_0003,Nevin Test Services - Icheon,OSAT,Korea,MEMS sensor,7,4,4891696570.8438835,0.003834706060101894,2,68,304.0,107.0,285.0,0.0009119053258074767,0.0005507617929038797,9.0,107.0,39.0
REFINED_MATERIAL_0139,Elstow Materials - Crolles,REFINED_MATERIAL,Europe,Process gas,17,5,4878308444.652898,0.0038242108202818322,4,70,267.0,837.0,398.0,6.481658412859338e-05,0.00045436657398310003,10.0,267.0,197.0
RAW_MATERIAL_0223,Yarrow Feedstock - Malta,RAW_MATERIAL,North America,Crude industrial gas,18,5,4878308444.652898,0.0038242108202818322,5,70,304.0,1111.0,114.0,0.0,0.0009545977491052436,9.0,114.0,44.0
OSAT_0093,Belan Packaging - Batam,OSAT,Southeast Asia,Power IC,10,7,4834856926.348334,0.0037901482413483247,2,72,267.0,86.0,366.0,0.0010752837070549305,0.00047517561546874334,10.0,86.0,14.0
EMS_0504,Wexler Electronics - Wuxi,EMS,China,PCB assembly,7,7,4834856926.348334,0.0037901482413483247,1,72,65.0,83.0,117.0,0.001115552699553427,0.0009329594212668874,29.0,65.0,-7.0
EMS_0276,Orvid Electronics - Ottawa,EMS,North America,Sensor module,3,3,4826129155.104418,0.0037833063539181614,1,74,42.0,62.0,166.0,0.0013049098804237943,0.0007715092676490273,45.0,42.0,-32.0
EMS_0392,Renbeck Assemblies - Wuxi,EMS,China,PCB assembly,4,4,4725985527.1071205,0.003704801611933403,1,75,88.0,96.0,176.0,0.0009863235495853047,0.000754869876100581,23.0,88.0,13.0
EQUIPMENT_0031,Nevin Systems - Crolles,EQUIPMENT,Europe,Test handler,14,4,4725985527.1071205,0.003704801611933403,3,75,175.0,220.0,41.0,0.0005252121429455706,0.0017918935790344102,14.0,41.0,-34.0
OSAT_0094,Elstow Test Services - Bangkok,OSAT,Southeast Asia,Logic IC,9,4,4725985527.1071205,0.003704801611933403,2,75,38.0,61.0,107.0,0.0013095019576915042,0.0009914453910585322,50.0,38.0,-37.0
EMS_0097,Gethin Manufacturing - Shenzhen,EMS,China,Sensor module,2,2,4359576919.33744,0.0034175660305069983,1,78,78.0,206.0,254.0,0.0005537635796510203,0.0006004314557747608,25.0,78.0,0.0
EMS_0448,Prendel Manufacturing - Austin,EMS,North America,Power module,2,2,4250169896.0775003,0.003331799513913713,1,79,94.0,208.0,472.0,0.0005472610117132169,0.0003979797644203817,21.0,94.0,15.0
EMS_0193,Dyne Assemblies - Xi'an,EMS,China,Sensor module,3,3,4070156620.3995733,0.0031906832387842738,1,80,52.0,281.0,158.0,0.00044707618464605113,0.0007907296775989135,38.0,52.0,-28.0
EMS_0156,Cortex Manufacturing - Dalian,EMS,China,Power module,4,4,4043797636.2906647,0.0031700198647101286,1,81,193.0,159.0,349.0,0.0006735718538872244,0.0004889765167537524,13.0,159.0,78.0
REFINED_MATERIAL_0128,Yarrow Materials - Kitakyushu,REFINED_MATERIAL,Japan,Bonding wire,3,1,4022933647.4632187,0.0031536641355196927,3,82,638.0,886.0,922.0,4.920544723334629e-05,0.00023648478820620912,4.0,638.0,556.0
OSAT_0099,Faryn Assembly - Kaohsiung,OSAT,Taiwan,Analog IC,2,1,4022933647.4632187,0.0031536641355196927,2,82,774.0,309.0,739.0,0.0004100270945995352,0.00028211277146556824,3.0,309.0,227.0
EMS_0488,Mordant Assemblies - Taoyuan,EMS,Taiwan,Sensor module,1,1,4022933647.4632187,0.0031536641355196927,1,82,774.0,405.0,887.0,0.0002896308684107552,0.00024365611582665472,3.0,405.0,323.0
EMS_0320,Quarn Circuits - Shanghai,EMS,China,PCB assembly,4,4,3982435741.426063,0.003121916956713112,1,85,157.0,101.0,309.0,0.0009464183467759602,0.0005192605074950105,15.0,101.0,16.0
EMS_0388,Lethe Electronics - Chengdu,EMS,China,Sensor module,3,3,3717341310.206281,0.0029141037354358996,1,86,234.0,827.0,508.0,6.914219638027056e-05,0.00037068793602302864,11.0,234.0,148.0
EQUIPMENT_0005,Vantor Instruments - Eindhoven,EQUIPMENT,Europe,Etch system,21,6,3709333912.094555,0.0029078265639842396,4,87,146.0,345.0,216.0,0.0003573679655249793,0.0006576708145644881,16.0,146.0,59.0
REFINED_MATERIAL_0026,Ystad Chemical - Taichung,REFINED_MATERIAL,Taiwan,Silicon wafer,17,6,3709333912.094555,0.0029078265639842396,4,87,157.0,386.0,1015.0,0.0003100603199231507,0.00021682278666280917,15.0,157.0,70.0
REFINED_MATERIAL_0025,Solvex Chemical - Hwaseong,REFINED_MATERIAL,Korea,Photoresist,22,6,3709333912.094555,0.0029078265639842396,4,87,348.0,770.0,725.0,8.996397358550741e-05,0.0002845053701403566,8.0,348.0,261.0
EQUIPMENT_0131,Solvex Precision - Austin,EQUIPMENT,North America,Lithography system,18,6,3709333912.094555,0.0029078265639842396,4,87,267.0,178.0,239.0,0.0006128373594211815,0.0006222986809550677,10.0,178.0,91.0
RAW_MATERIAL_0381,Noral Minerals - Kolwezi,RAW_MATERIAL,Rest of World,Rare earth elements,17,6,3709333912.094555,0.0029078265639842396,5,87,774.0,1111.0,531.0,0.0,0.00035885593720026877,3.0,531.0,444.0
FAB_0044,Isar Microelectronics - Kaohsiung,FAB,Taiwan,Analog die,15,6,3709333912.094555,0.0029078265639842396,3,87,234.0,55.0,253.0,0.0014015577824804375,0.0006063965691065631,11.0,55.0,-32.0
OSAT_0074,Calder Microassembly - Bac Ninh,OSAT,Southeast Asia,Analog IC,14,6,3709333912.094555,0.0029078265639842396,2,87,41.0,137.0,89.0,0.0007449796937460332,0.001102924566094238,47.0,41.0,-46.0
EQUIPMENT_0064,Umber Instruments - Penang,EQUIPMENT,Southeast Asia,Ion implantation system,19,6,3709333912.094555,0.0029078265639842396,4,87,267.0,839.0,193.0,6.468894108101016e-05,0.0007152945491520768,10.0,193.0,106.0
RAW_MATERIAL_0094,Thorne Minerals - Batangas,RAW_MATERIAL,Southeast Asia,Rare earth elements,21,6,3709333912.094555,0.0029078265639842396,5,87,407.0,1111.0,84.0,0.0,0.001148217552117505,7.0,84.0,-3.0
EQUIPMENT_0028,Renbeck Instruments - Ottawa,EQUIPMENT,North America,Metrology system,16,6,3709333912.094555,0.0029078265639842396,4,87,348.0,948.0,322.0,3.032890317748799e-05,0.0005092727428010791,8.0,322.0,235.0
EMS_0031,Oxbow Manufacturing - Malta,EMS,North America,Sensor module,2,2,3620472074.9385715,0.0028381658602756586,1,97,121.0,306.0,530.0,0.00041212018279298813,0.0003589547946667295,18.0,121.0,24.0
OSAT_0057,Orvid Assembly - Kaohsiung,OSAT,Taiwan,MEMS sensor,3,2,3620472074.9385715,0.0028381658602756586,2,97,348.0,173.0,354.0,0.0006269669614105672,0.000481232025307779,8.0,173.0,76.0
REFINED_MATERIAL_0282,Ferrin Specialty - Sendai,REFINED_MATERIAL,Japan,Process gas,3,2,3422984981.1318283,0.002683351483618199,2,99,457.0,636.0,390.0,0.00015403266030283012,0.0004609450770472605,6.0,390.0,291.0
EMS_0150,Wexler Electronics - Batangas,EMS,Southeast Asia,PCB assembly,2,2,3422984981.1318283,0.002683351483618199,1,99,549.0,327.0,661.0,0.00038206565434456444,0.0003062985233988728,5.0,327.0,228.0
OSAT_0092,Lumen Test Services - Xi'an,OSAT,China,RF IC,11,4,3410771383.792703,0.0026737769822046927,2,101,32.0,90.0,83.0,0.0010507546089649183,0.0011513406189391036,53.0,32.0,-69.0
REFINED_MATERIAL_0197,Rivet Specialty - Hiroshima,REFINED_MATERIAL,Japan,Packaging substrate,12,4,3410771383.792703,0.0026737769822046927,3,101,1211.0,995.0,1345.0,2.235572279154704e-05,0.0001482902526099998,1.0,995.0,894.0
FAB_0016,Doran Microelectronics - Shanghai,FAB,China,Power die,12,4,3348057165.0500746,0.002624613958459451,3,103,1211.0,224.0,1078.0,0.0005203512883890575,0.00020285877494065571,1.0,224.0,121.0
OSAT_0029,Palter Microassembly - Chengdu,OSAT,China,Power IC,11,4,3348057165.0500746,0.002624613958459451,2,103,31.0,33.0,68.0,0.0018720451238869438,0.0013577713620823448,54.0,31.0,-72.0
EQUIPMENT_0008,Mervi Systems - Ottawa,EQUIPMENT,North America,Metrology system,14,4,3348057165.0500746,0.002624613958459451,3,103,146.0,1111.0,97.0,0.0,0.0010667958531316284,16.0,97.0,-6.0
REFINED_MATERIAL_0127,Yarrow Materials - Taichung,REFINED_MATERIAL,Taiwan,PCB laminate,7,4,3323173763.8268137,0.0026051073255183316,2,106,44.0,57.0,36.0,0.0013625480434004851,0.0019123523747977037,44.0,36.0,-70.0
OSAT_0044,Orvid Microassembly - Dalian,OSAT,China,RF IC,16,5,3278924172.1701202,0.0025704191197342013,2,107,28.0,19.0,66.0,0.0034792444579380393,0.001368588805284354,61.0,19.0,-88.0
OSAT_0135,Stade Test Services - Batangas,OSAT,Southeast Asia,Logic IC,11,3,3274738206.5130153,0.00256713765130291,2,108,27.0,30.0,94.0,0.00195771108011326,0.001071778518003335,65.0,27.0,-81.0
EMS_0081,Quill Electronics - Bac Ninh,EMS,Southeast Asia,PCB assembly,2,2,3147910854.9645934,0.0024677149650168912,1,109,267.0,373.0,463.0,0.0003230341504526643,0.00040291588628209654,10.0,267.0,158.0
EMS_0460,Elstow Electronics - Taoyuan,EMS,Taiwan,PCB assembly,3,3,3128279026.6376114,0.002452325152920805,1,110,638.0,346.0,929.0,0.00035224613298992226,0.00023458113456936768,4.0,346.0,236.0
REFINED_MATERIAL_0372,Thorne Materials - Chengdu,REFINED_MATERIAL,China,PCB laminate,2,1,3107528815.9850397,0.002436058616886645,2,111,157.0,240.0,208.0,0.0005030937468903432,0.0006673165127576431,15.0,157.0,46.0
REFINED_MATERIAL_0241,Trellis Specialty - Yokkaichi,REFINED_MATERIAL,Japan,Photoresist,5,1,3107528815.9850397,0.002436058616886645,4,111,234.0,499.0,1110.0,0.00022424663905387318,0.00019748722499133518,11.0,234.0,123.0
OSAT_0152,Lethe Test Services - Tianjin,OSAT,China,Analog IC,2,1,3107528815.9850397,0.002436058616886645,2,111,132.0,161.0,240.0,0.0006669057791255846,0.0006222951894989592,17.0,132.0,21.0
EMS_0428,Halcy Electronics - Shanghai,EMS,China,Power module,1,1,3107528815.9850397,0.002436058616886645,1,111,638.0,645.0,1019.0,0.00015003851706043788,0.0002159401828673948,4.0,638.0,527.0
REFINED_MATERIAL_0119,Rivet Specialty - Penang,REFINED_MATERIAL,Southeast Asia,Process gas,5,1,3107528815.9850397,0.002436058616886645,2,111,48.0,74.0,77.0,0.0012008896571439607,0.001215109761298231,40.0,48.0,-63.0
FAB_0082,Calder Wafer Works - Chengdu,FAB,China,Analog die,3,1,3107528815.9850397,0.002436058616886645,3,111,549.0,485.0,481.0,0.00023103128949285274,0.000389300330790614,5.0,481.0,370.0
RAW_MATERIAL_0101,Prendel Resources - Wuxi,RAW_MATERIAL,China,Bulk chemical,6,1,3107528815.9850397,0.002436058616886645,3,111,175.0,1111.0,123.0,0.0,0.0009011620446466248,14.0,123.0,12.0
REFINED_MATERIAL_0220,Calder Chemical - Kumamoto,REFINED_MATERIAL,Japan,Bonding wire,6,2,3076741245.240122,0.002411923578582136,3,118,175.0,502.0,296.0,0.00022226989750386974,0.0005356259821835796,14.0,175.0,57.0
OSAT_0066,Alder Assembly - Hsinchu,OSAT,Taiwan,Power IC,4,2,3076741245.240122,0.002411923578582136,2,118,638.0,347.0,509.0,0.00035164399435996514,0.00037050412740792846,4.0,347.0,229.0
EMS_0027,Dyne Electronics - Dalian,EMS,China,Power module,2,2,3076741245.240122,0.002411923578582136,1,118,101.0,274.0,308.0,0.0004561900776474594,0.0005192651991232764,20.0,101.0,-17.0
EMS_0406,Brant Manufacturing - Tianjin,EMS,China,Power module,3,3,3075122755.795987,0.0024106548099269774,1,121,157.0,183.0,361.0,0.0006071545863294671,0.0004769908664154267,15.0,157.0,36.0
OSAT_0087,Ader Assembly - Crolles,OSAT,Europe,Analog IC,4,3,3075122755.795987,0.0024106548099269774,2,121,407.0,163.0,259.0,0.0006439480555884743,0.0005954046557383791,7.0,163.0,42.0
REFINED_MATERIAL_0161,Ulvid Advanced Materials - Nagano,REFINED_MATERIAL,Japan,Bonding wire,5,3,3075122755.795987,0.0024106548099269774,3,121,638.0,758.0,952.0,9.599290280880606e-05,0.00022948247009501409,4.0,638.0,517.0
EMS_0127,Zephyr Electronics - Dalian,EMS,China,PCB assembly,3,3,2969639650.691503,0.0023279643370972716,1,124,175.0,95.0,379.0,0.0009884954406912726,0.00046730975554624515,14.0,95.0,-29.0
OSAT_0125,Umber Test Services - Dalian,OSAT,China,Power IC,7,3,2874555410.277499,0.002253425757760806,2,125,348.0,214.0,445.0,0.00053966406465664,0.00041568207059319043,8.0,214.0,89.0
EMS_0126,Zephyr Assemblies - Penang,EMS,Southeast Asia,PCB assembly,1,1,2873629886.10784,0.002252700219475517,1,126,774.0,659.0,824.0,0.00014376671302326451,0.0002584823496628227,3.0,659.0,533.0
EMS_0115,Isar Circuits - Wuxi,EMS,China,PCB assembly,3,3,2780441380.027813,0.0021796477470211032,1,127,175.0,141.0,280.0,0.0007267907374148249,0.00055582457524588,14.0,141.0,14.0
EMS_0147,Ember Circuits - Ottawa,EMS,North America,PCB assembly,3,3,2724520157.3728943,0.002135809898884474,1,128,348.0,384.0,570.0,0.0003113759910239157,0.00034279009203483824,8.0,348.0,220.0
EMS_0307,Noral Electronics - Xi'an,EMS,China,Power module,2,2,2670780869.5984163,0.002093682516388466,1,129,348.0,311.0,653.0,0.000405775029367922,0.0003113490393130154,8.0,311.0,182.0
EMS_0308,Jarn Manufacturing - Bac Ninh,EMS,Southeast Asia,Sensor module,2,2,2625973103.287482,0.0020585567454981988,1,130,101.0,97.0,350.0,0.0009771378553599934,0.0004847171034008762,20.0,97.0,-33.0
EMS_0407,Korrin Manufacturing - Shenzhen,EMS,China,Sensor module,2,2,2571582351.928417,0.002015918666698859,1,131,175.0,344.0,412.0,0.0003581073000831216,0.0004415152635332948,14.0,175.0,44.0
EMS_0430,Jorel Assemblies - Batam,EMS,Southeast Asia,Power module,1,1,2562730742.100949,0.002008979699541868,1,132,457.0,389.0,652.0,0.00030733032509317035,0.0003115596399375805,6.0,389.0,257.0
EMS_0325,Isar Electronics - Singapore,EMS,Southeast Asia,Power module,2,2,2510440056.1766496,0.0019679879071653836,1,133,193.0,238.0,380.0,0.0005064205183955449,0.0004665997678735613,13.0,193.0,60.0
EMS_0199,Thorne Manufacturing - Taoyuan,EMS,Taiwan,Power module,2,2,2410163404.1967816,0.0018893788848221209,1,134,304.0,360.0,602.0,0.00033428529149695735,0.00032906238726396875,9.0,304.0,170.0
EMS_0289,Ader Assemblies - Dalian,EMS,China,PCB assembly,1,1,2276244911.7380824,0.0017843973007942114,1,135,267.0,491.0,442.0,0.0002287719495262419,0.00041634600373267617,10.0,267.0,132.0
EMS_0055,Mordant Assemblies - Ottawa,EMS,North America,PCB assembly,3,3,2270072426.976085,0.001779558557348063,1,136,88.0,147.0,305.0,0.0007098041822814637,0.0005215726404909817,23.0,88.0,-48.0
EMS_0433,Elstow Manufacturing - Tainan,EMS,Taiwan,PCB assembly,1,1,2262585042.49147,0.0017736890357533265,1,137,774.0,778.0,1221.0,8.606206902971242e-05,0.00017381238668887734,3.0,774.0,637.0
REFINED_MATERIAL_0087,Prendel Materials - Icheon,REFINED_MATERIAL,Korea,Process gas,4,1,2262585042.49147,0.0017736890357533265,2,137,407.0,518.0,230.0,0.0002146943748556559,0.0006339769961759439,7.0,230.0,93.0
RAW_MATERIAL_0204,Zephyr Feedstock - Villach,RAW_MATERIAL,Europe,Crude industrial gas,5,1,2262585042.49147,0.0017736890357533265,3,137,1211.0,1111.0,797.0,0.0,0.00026500914410507436,1.0,797.0,660.0
EMS_0245,Calder Circuits - Sanand,EMS,South Asia,Sensor module,2,2,2141637236.175437,0.0016788754513211853,1,140,304.0,643.0,533.0,0.0001514249710973151,0.00035842027657526245,9.0,304.0,164.0
EMS_0023,Oxbow Assemblies - Chengdu,EMS,China,Power module,2,2,2140579661.4460971,0.0016780463957645137,1,141,121.0,546.0,331.0,0.00020347295486892753,0.0005015290347218244,18.0,121.0,-20.0
EQUIPMENT_0055,Korrin Systems - Hillsboro,EQUIPMENT,North America,Test handler,14,5,2121795380.7159994,0.0016633209944426704,3,142,304.0,1111.0,121.0,0.0,0.000909494588480378,9.0,121.0,-21.0
OSAT_0128,Stade Microassembly - Chengdu,OSAT,China,Memory IC,12,5,2121795380.7159994,0.0016633209944426704,2,142,34.0,59.0,86.0,0.0013363742661704398,0.0011254951461041893,51.0,34.0,-108.0
EMS_0413,Calder Circuits - Wuxi,EMS,China,Power module,2,2,1996310626.932372,0.001564950799395708,1,144,638.0,893.0,882.0,4.7856634187151616e-05,0.0002448236321851048,4.0,638.0,494.0
EMS_0135,Gethin Circuits - Tianjin,EMS,China,PCB assembly,2,2,1985599000.6883874,0.0015565537253997082,1,145,348.0,739.0,726.0,0.00010108514279929722,0.0002843859194370779,8.0,348.0,203.0
EMS_0457,Jorel Assemblies - Wuxi,EMS,China,PCB assembly,2,2,1957441888.5185077,0.0015344807600983915,1,146,267.0,335.0,567.0,0.00036900567350114705,0.0003441591334528481,10.0,267.0,121.0
OSAT_0021,Quill Packaging - Wuxi,OSAT,China,MEMS sensor,4,2,1946438954.7733831,0.0015258553238923086,2,147,267.0,167.0,381.0,0.0006385195187000554,0.0004662286572103471,10.0,167.0,20.0
EMS_0204,Lumen Circuits - Dresden,EMS,Europe,Sensor module,2,2,1815248743.0475903,0.0014230124977592557,1,148,975.0,668.0,1048.0,0.00013862305006763246,0.00020873220850266334,2.0,668.0,520.0
EMS_0495,Thorne Electronics - Tianjin,EMS,China,PCB assembly,2,2,1812380121.6755333,0.0014207637238215732,1,149,213.0,215.0,374.0,0.0005384069413888868,0.00047174230025517997,12.0,213.0,64.0
OSAT_0036,Kestrel Assembly - Kaohsiung,OSAT,Taiwan,Power IC,7,2,1756109722.7484698,0.0013766521489017216,2,150,101.0,190.0,215.0,0.0005893087258370568,0.0006579412791599551,20.0,101.0,-49.0
EMS_0058,Korrin Assemblies - Dresden,EMS,Europe,PCB assembly,2,2,1749556027.199604,0.0013715145661278654,1,151,83.0,72.0,203.0,0.0012096153073560647,0.0006887716774054689,24.0,72.0,-79.0
EMS_0221,Ulvid Manufacturing - Grenoble,EMS,Europe,Power module,2,2,1739433536.1019354,0.001363579327833054,1,152,193.0,442.0,462.0,0.00025832733362028085,0.0004041157496913121,13.0,193.0,41.0
EMS_0065,Xanthe Manufacturing - Tainan,EMS,Taiwan,PCB assembly,2,2,1733605928.9181764,0.0013590109413315998,1,153,234.0,93.0,440.0,0.0010074660698070877,0.0004175904626035684,11.0,93.0,-60.0
EMS_0045,Umber Circuits - Xi'an,EMS,China,Sensor module,1,1,1694473005.3543084,0.001328333801618091,1,154,975.0,812.0,1238.0,7.344889709411208e-05,0.00017092536737655043,2.0,812.0,658.0
REFINED_MATERIAL_0331,Ferrin Advanced Materials - Tianjin,REFINED_MATERIAL,China,PCB laminate,2,1,1694473005.3543084,0.001328333801618091,2,154,64.0,649.0,62.0,0.0001471700129925033,0.0014371555852015219,30.0,62.0,-92.0
EMS_0089,Vantor Electronics - Xi'an,EMS,China,PCB assembly,1,1,1656963803.0689301,0.0012989295319071196,1,156,774.0,406.0,1046.0,0.0002896269841168348,0.00020902719574031103,3.0,406.0,250.0
FAB_0003,Korrin Microelectronics - Taoyuan,FAB,Taiwan,Power die,8,2,1606580416.5709853,0.0012594329125371257,3,157,157.0,43.0,115.0,0.0016160262264949413,0.0009510399043963314,15.0,43.0,-114.0
OSAT_0053,Granth Packaging - Xi'an,OSAT,China,Power IC,7,2,1606580416.5709853,0.0012594329125371257,2,157,42.0,82.0,74.0,0.0011242588933402086,0.0012353873638647336,45.0,42.0,-115.0
FAB_0093,Belan Wafer Works - Gumi,FAB,Korea,Analog die,4,1,1547303114.967901,0.0012129641619938718,3,159,193.0,75.0,212.0,0.0011984287383380349,0.0006597213874943438,13.0,75.0,-84.0
REFINED_MATERIAL_0104,Ystad Advanced Materials - Hillsboro,REFINED_MATERIAL,North America,Silicon wafer,6,1,1547303114.967901,0.0012129641619938718,4,159,638.0,934.0,1303.0,3.412848287228128e-05,0.00015608575620253482,4.0,638.0,479.0
OSAT_0118,Prendel Test Services - Bac Ninh,OSAT,Southeast Asia,Analog IC,2,1,1547303114.967901,0.0012129641619938718,2,159,267.0,320.0,465.0,0.0003873528318379841,0.00040119578770693535,10.0,267.0,108.0
EMS_0346,Kestrel Circuits - Hyderabad,EMS,South Asia,PCB assembly,1,1,1547303114.967901,0.0012129641619938718,1,159,774.0,620.0,850.0,0.00016320604428160315,0.0002523636354637672,3.0,620.0,461.0
EMS_0141,Dyne Assemblies - Wuxi,EMS,China,PCB assembly,2,2,1541736152.3257866,0.0012086001003496325,1,163,407.0,279.0,647.0,0.0004517441374324479,0.0003131519997611321,7.0,279.0,116.0
REFINED_MATERIAL_0333,Rivet Materials - Kitakyushu,REFINED_MATERIAL,Japan,PCB laminate,2,1,1530251279.602823,0.0011995968618223806,2,164,304.0,189.0,181.0,0.0005944601699737672,0.0007401939332025211,9.0,181.0,17.0
EMS_0044,Cortex Assemblies - Pune,EMS,South Asia,PCB assembly,1,1,1530251279.602823,0.0011995968618223806,1,164,975.0,676.0,1289.0,0.00013214251406081643,0.00015846026816674852,2.0,676.0,512.0
EMS_0513,Lumen Electronics - Penang,EMS,Southeast Asia,PCB assembly,2,2,1497400951.610532,0.0011738447837848335,1,166,146.0,259.0,432.0,0.00047507077111247044,0.00042559517943301876,16.0,146.0,-20.0
EMS_0186,Doran Manufacturing - Shenzhen,EMS,China,Power module,2,2,1476437469.4723425,0.0011574110596500832,1,167,83.0,102.0,258.0,0.0009427020164722407,0.0005959970106805397,24.0,83.0,-84.0
EMS_0491,Isar Assemblies - Bengaluru,EMS,South Asia,Power module,1,1,1425233631.438878,0.0011172712706906203,1,168,774.0,448.0,1033.0,0.00025448378190178275,0.00021184853688830331,3.0,448.0,280.0
EMS_0189,Trellis Circuits - Malta,EMS,North America,PCB assembly,2,2,1417736003.6105757,0.001111393719118647,1,169,113.0,127.0,367.0,0.0008112035490034726,0.0004748283252501227,19.0,113.0,-56.0
EMS_0138,Ember Electronics - Guadalajara,EMS,North America,PCB assembly,1,1,1386928074.2651062,0.0010872427212696772,1,170,146.0,154.0,452.0,0.0006818031532518886,0.00040979277102382706,16.0,146.0,-24.0
EMS_0306,Renbeck Electronics - Shanghai,EMS,China,Power module,2,2,1373180656.1229336,0.0010764658247682146,1,171,83.0,299.0,221.0,0.0004214541078660491,0.0006501955167997044,24.0,83.0,-88.0
OSAT_0076,Isar Microassembly - Xi'an,OSAT,China,Analog IC,5,2,1373180656.1229336,0.0010764658247682146,2,171,146.0,245.0,241.0,0.000494199219987112,0.0006205342779250808,16.0,146.0,-25.0
EQUIPMENT_0102,Belan Instruments - Crolles,EQUIPMENT,Europe,Test handler,6,2,1373180656.1229336,0.0010764658247682146,3,171,774.0,1088.0,343.0,4.570962417607568e-06,0.00049283542398879,3.0,343.0,172.0
RAW_MATERIAL_0490,Granth Minerals - Eindhoven,RAW_MATERIAL,Europe,Copper,7,2,1373180656.1229336,0.0010764658247682146,4,171,92.0,1111.0,23.0,0.0,0.0024176193906207846,22.0,23.0,-148.0
OSAT_0082,Mordant Microassembly - Shenzhen,OSAT,China,Power IC,2,1,1362830505.9551194,0.001068352119636125,2,175,146.0,192.0,244.0,0.0005871063920317844,0.0006153432385434433,16.0,146.0,-29.0
FAB_0028,Mervi Microelectronics - Taoyuan,FAB,Taiwan,Power die,5,1,1362830505.9551194,0.001068352119636125,3,175,213.0,46.0,312.0,0.0015083646634697955,0.0005177413796326847,12.0,46.0,-129.0
EMS_0071,Brant Assemblies - Tianjin,EMS,China,PCB assembly,1,1,1362830505.9551194,0.001068352119636125,1,175,457.0,268.0,593.0,0.0004597488199404504,0.00033226706751569163,6.0,268.0,93.0
EQUIPMENT_0116,Orvid Precision - Kumamoto,EQUIPMENT,Japan,Deposition system,11,1,1362830505.9551194,0.001068352119636125,4,175,94.0,724.0,124.0,0.00010781292946098512,0.0009009255328608759,21.0,94.0,-81.0
REFINED_MATERIAL_0047,Faryn Specialty - Hwaseong,REFINED_MATERIAL,Korea,PCB laminate,8,3,1360176517.174989,0.0010662716007995175,2,179,88.0,36.0,105.0,0.0018006164509499168,0.0010077436203094188,23.0,36.0,-143.0
EMS_0435,Quarn Electronics - Xi'an,EMS,China,PCB assembly,1,1,1340267019.0426133,0.0010506641173761053,1,180,549.0,513.0,938.0,0.00021830042863399654,0.00023197723634193728,5.0,513.0,333.0
EMS_0332,Zephyr Manufacturing - Sanand,EMS,South Asia,Power module,1,1,1331084782.4922695,0.0010434659648261776,1,181,234.0,671.0,527.0,0.00013596219167461674,0.000359325084266706,11.0,234.0,53.0
OSAT_0084,Halcy Test Services - Singapore,OSAT,Southeast Asia,Power IC,3,1,1331084782.4922695,0.0010434659648261776,2,181,457.0,522.0,535.0,0.00021323991849261285,0.00035660180134390753,6.0,457.0,276.0
OSAT_0132,Belan Assembly - Taoyuan,OSAT,Taiwan,RF IC,7,2,1321634360.6493363,0.0010360575760623252,2,183,65.0,28.0,179.0,0.0021008403926156775,0.0007426372813106048,29.0,28.0,-155.0
OSAT_0166,Xanthe Packaging - Kaohsiung,OSAT,Taiwan,Memory IC,8,3,1298141752.2834852,0.001017641215529033,2,184,121.0,151.0,229.0,0.0006915518930060852,0.0006345513228289753,18.0,121.0,-63.0
EMS_0001,Noral Manufacturing - Chengdu,EMS,China,Power module,1,1,1295196660.1021428,0.001015332494480662,1,185,70.0,136.0,187.0,0.0007467844348216383,0.0007248705744778992,28.0,70.0,-115.0
REFINED_MATERIAL_0223,Mordant Specialty - Icheon,REFINED_MATERIAL,Korea,Process gas,4,2,1287122541.0539942,0.0010090030190531667,2,186,267.0,328.0,264.0,0.0003813581918961256,0.0005806948769387369,10.0,264.0,78.0
EMS_0246,Lethe Manufacturing - Austin,EMS,North America,Sensor module,2,2,1287122541.0539942,0.0010090030190531667,1,186,73.0,191.0,360.0,0.0005880261115161023,0.00047729625722177284,27.0,73.0,-113.0
EMS_0462,Mordant Circuits - Batangas 2,EMS,Southeast Asia,PCB assembly,2,2,1263183353.9143631,0.0009902365758225268,1,188,348.0,142.0,518.0,0.0007207682391263964,0.0003661497108132808,8.0,142.0,-46.0
EMS_0062,Alder Assemblies - Kaohsiung,EMS,Taiwan,Power module,1,1,1247506770.056026,0.000977947364860104,1,189,549.0,495.0,784.0,0.00022619996398492003,0.00026832154484861823,5.0,495.0,306.0
EMS_0197,Ader Manufacturing - Batam,EMS,Southeast Asia,PCB assembly,1,1,1211994981.3456123,0.0009501089105731921,1,190,638.0,232.0,740.0,0.0005148550829524749,0.00028194235973364823,4.0,232.0,42.0
EMS_0456,Rivet Circuits - Pune,EMS,South Asia,PCB assembly,1,1,1183751412.080244,0.0009279681696968357,1,191,267.0,337.0,422.0,0.00036412756812353254,0.0004320152854282514,10.0,267.0,76.0
EMS_0216,Ferrin Manufacturing - Wuxi,EMS,China,Sensor module,1,1,1174355260.6376023,0.0009206023246659946,1,192,638.0,723.0,885.0,0.00010810670626231791,0.0002441288423664046,4.0,638.0,446.0
OSAT_0126,Quarn Packaging - Hiroshima,OSAT,Japan,Analog IC,5,2,1167269372.1713142,0.0009150475444278177,2,193,213.0,307.0,281.0,0.00041101948148795957,0.0005554700738795643,12.0,213.0,20.0
EMS_0517,Solvex Assemblies - Shanghai,EMS,China,PCB assembly,2,2,1167269372.1713142,0.0009150475444278177,1,193,638.0,654.0,1065.0,0.00014611726518750826,0.00020516435824094494,4.0,638.0,445.0
EMS_0268,Vantor Assemblies - Shenzhen,EMS,China,Sensor module,1,1,1160566178.3068995,0.0009097927667118167,1,195,407.0,667.0,557.0,0.00013863808930369284,0.0003461126808966882,7.0,407.0,212.0
EQUIPMENT_0095,Lumen Systems - Crolles,EQUIPMENT,Europe,Test handler,4,1,1140655290.344575,0.0008941841937708413,3,196,638.0,951.0,232.0,3.0069913437679953e-05,0.0006304752261073452,4.0,232.0,36.0
OSAT_0114,Lethe Packaging - Tainan,OSAT,Taiwan,Power IC,2,1,1140655290.344575,0.0008941841937708413,2,196,407.0,571.0,688.0,0.00019199293219247467,0.0002969543339239495,7.0,407.0,211.0
EMS_0163,Wend Manufacturing - Chengdu,EMS,China,Sensor module,1,1,1140655290.344575,0.0008941841937708413,1,196,234.0,464.0,507.0,0.00024384634396746625,0.0003724019119629596,11.0,234.0,38.0
EMS_0486,Rivet Circuits - Penang,EMS,Southeast Asia,PCB assembly,1,1,1140655290.344575,0.0008941841937708413,1,196,457.0,371.0,706.0,0.00032595566428028085,0.00029119893692679483,6.0,371.0,175.0
EQUIPMENT_0107,Holt Systems - Eindhoven,EQUIPMENT,Europe,Metrology system,5,1,1140655290.344575,0.0008941841937708413,3,196,146.0,210.0,127.0,0.0005460156387379792,0.0008866006301003294,16.0,127.0,-69.0
EMS_0394,Ader Circuits - Singapore,EMS,Southeast Asia,PCB assembly,2,2,1131718480.0378,0.0008871784361272394,1,201,348.0,205.0,522.0,0.000556917218074822,0.00036253088132925373,8.0,205.0,4.0
EMS_0205,Granth Manufacturing - Chengdu 2,EMS,China,Power module,1,1,1130234775.0769916,0.000886015327924959,1,202,234.0,600.0,471.0,0.0001725733747311221,0.00039815757408139256,11.0,234.0,32.0
EMS_0478,Gethin Circuits - Shenzhen,EMS,China,PCB assembly,1,1,1124999383.0778952,0.0008819111916329403,1,203,193.0,201.0,449.0,0.00056517546642699,0.00041283422755519783,13.0,193.0,-10.0
EMS_0106,Ystad Circuits - Bac Ninh,EMS,Southeast Asia,Sensor module,1,1,1053101336.8507284,0.0008255487681702684,1,204,774.0,935.0,1262.0,3.3725984818139134e-05,0.00016558701739075615,3.0,774.0,570.0
EMS_0057,Renbeck Circuits - Bangkok,EMS,Southeast Asia,Sensor module,1,1,1036825702.2099543,0.0008127899484264236,1,205,457.0,614.0,672.0,0.00016544790919700383,0.00030270321115716714,6.0,457.0,252.0
EMS_0409,Kestrel Electronics - Shanghai,EMS,China,PCB assembly,1,1,1024909069.3372045,0.000803448243839612,1,206,549.0,486.0,902.0,0.00022986392945999908,0.00023945308419116339,5.0,486.0,280.0
EMS_0024,Ferrin Circuits - Penang,EMS,Southeast Asia,PCB assembly,1,1,1001077907.3795078,0.000784766483870456,1,207,457.0,312.0,581.0,0.00040562894276251443,0.00033971973458117865,6.0,312.0,105.0
EQUIPMENT_0105,Solvex Technologies - Pyeongtaek,EQUIPMENT,Korea,Metrology system,7,1,1001077907.3795078,0.000784766483870456,3,207,60.0,342.0,33.0,0.00035961094850928653,0.001968027371090963,31.0,33.0,-174.0
OSAT_0143,Zephyr Packaging - Kaohsiung,OSAT,Taiwan,Memory IC,2,1,1001077907.3795078,0.000784766483870456,2,207,234.0,146.0,334.0,0.0007137654502737147,0.0004976514162492694,11.0,146.0,-61.0
EMS_0244,Doran Assemblies - Batangas,EMS,Southeast Asia,PCB assembly,1,1,998151640.9767307,0.0007824725207544514,1,210,457.0,324.0,524.0,0.0003845514966152059,0.000360104102050625,6.0,324.0,114.0
EMS_0305,Alder Manufacturing - Bangkok,EMS,Southeast Asia,Power module,1,1,975911061.1134627,0.0007650376522693154,1,211,638.0,823.0,662.0,7.053227099646516e-05,0.00030606094446465317,4.0,638.0,427.0
EMS_0425,Cortex Electronics - Shanghai,EMS,China,PCB assembly,1,1,970236946.2819864,0.0007605895917212297,1,212,234.0,387.0,505.0,0.00030898595399734457,0.00037465884240620376,11.0,234.0,22.0
OSAT_0117,Ember Test Services - Ottawa,OSAT,North America,MEMS sensor,2,1,961764140.2758588,0.0007539475770199459,2,213,267.0,204.0,246.0,0.0005609042310388075,0.0006130306950700912,10.0,204.0,-9.0
EMS_0200,Rivet Assemblies - Penang,EMS,Southeast Asia,Sensor module,1,1,961764140.2758588,0.0007539475770199459,1,213,774.0,580.0,574.0,0.00018514986201454572,0.00034145532809314266,3.0,574.0,361.0
REFINED_MATERIAL_0010,Ulvid Chemical - Gumi,REFINED_MATERIAL,Korea,Photoresist,20,4,951576907.9572312,0.0007459615866907934,4,215,407.0,247.0,1269.0,0.000493707096242905,0.00016231486667422855,7.0,247.0,32.0
EMS_0440,Halcy Electronics - Batangas,EMS,Southeast Asia,Power module,1,1,940538059.483315,0.0007373079961570351,1,216,638.0,650.0,1009.0,0.00014694896664849464,0.00021801010649905665,4.0,638.0,422.0
EMS_0010,Holt Assemblies - Malta,EMS,North America,Sensor module,1,1,928452453.807436,0.0007278338301587749,1,217,549.0,463.0,1032.0,0.00024396963394053824,0.00021190572298755158,5.0,463.0,246.0
EMS_0060,Calder Circuits - Batangas,EMS,Southeast Asia,PCB assembly,2,2,889781566.7850478,0.0006975188908188875,1,218,457.0,251.0,510.0,0.0004829328373630022,0.00036987655932010173,6.0,251.0,33.0
EMS_0166,Isar Manufacturing - Chengdu,EMS,China,PCB assembly,1,1,885789940.8280182,0.0006943897694546732,1,219,638.0,1032.0,1061.0,1.5506747274599578e-05,0.00020644306392922842,4.0,638.0,419.0
EMS_0361,Alder Electronics - Dalian,EMS,China,Sensor module,1,1,882569329.7632034,0.0006918650632328917,1,220,101.0,187.0,291.0,0.0006005137273710577,0.0005428195050178474,20.0,101.0,-119.0
EMS_0187,Dyne Electronics - Bangkok,EMS,Southeast Asia,PCB assembly,1,1,882569329.7632034,0.0006918650632328917,1,220,638.0,429.0,788.0,0.00027392841952774576,0.0002664637068191721,4.0,429.0,209.0
EMS_0213,Ivex Assemblies - Tianjin,EMS,China,PCB assembly,1,1,870080746.8925602,0.0006820749947520337,1,222,975.0,875.0,1348.0,5.2504362358812455e-05,0.0001479985187386951,2.0,875.0,653.0
REFINED_MATERIAL_0313,Dyne Advanced Materials - Pyeongtaek,REFINED_MATERIAL,Korea,Packaging substrate,9,2,867633180.5808948,0.0006801562949242916,3,223,774.0,674.0,1038.0,0.00013278518358350035,0.00021045390594143213,3.0,674.0,451.0
OSAT_0016,Wexler Test Services - Taichung,OSAT,Taiwan,Analog IC,6,2,867633180.5808948,0.0006801562949242916,2,223,193.0,116.0,304.0,0.0008716555721755936,0.000522763232013762,13.0,116.0,-107.0
EMS_0201,Jarn Manufacturing - Icheon,EMS,Korea,PCB assembly,1,1,865302095.2843716,0.0006783289070673932,1,225,549.0,497.0,880.0,0.000224699096037042,0.000244901221815318,5.0,497.0,272.0
EMS_0414,Ader Electronics - Penang,EMS,Southeast Asia,PCB assembly,2,2,847383058.7940831,0.000664281789298467,1,226,348.0,316.0,457.0,0.0003897019398538095,0.0004062877936703139,8.0,316.0,90.0
REFINED_MATERIAL_0320,Jarn Specialty - Nagano,REFINED_MATERIAL,Japan,PCB laminate,5,2,847383058.7940831,0.000664281789298467,2,226,57.0,53.0,56.0,0.0014155887878456116,0.0015012375715354105,33.0,53.0,-173.0
EMS_0321,Korrin Manufacturing - Batam,EMS,Southeast Asia,Power module,1,1,829267938.0151922,0.0006500809568420281,1,228,638.0,652.0,1006.0,0.00014666701446365338,0.0002192339498459751,4.0,638.0,410.0
EMS_0327,Zephyr Assemblies - Xi'an,EMS,China,PCB assembly,1,1,806055604.4919138,0.0006318843097806863,1,229,132.0,135.0,404.0,0.0007534987589760337,0.0004490322491222329,17.0,132.0,-97.0
EMS_0492,Oxbow Circuits - Dalian,EMS,China,PCB assembly,1,1,802421931.9057858,0.000629035795756022,1,230,774.0,761.0,1142.0,9.470932278622206e-05,0.00019230944126197668,3.0,761.0,531.0
EMS_0037,Holt Circuits - Xi'an,EMS,China,PCB assembly,2,2,793443589.171208,0.0006219974799497704,1,231,304.0,469.0,663.0,0.00024139126953595308,0.0003059060393648147,9.0,304.0,73.0
EMS_0417,Verity Assemblies - Batam,EMS,Southeast Asia,Power module,1,1,788804791.8315951,0.0006183610270316105,1,232,549.0,782.0,851.0,8.447789802604163e-05,0.00025227241992332896,5.0,549.0,317.0
EMS_0452,Trellis Manufacturing - Singapore,EMS,Southeast Asia,PCB assembly,2,2,788106338.376531,0.0006178134943590409,1,233,348.0,198.0,525.0,0.0005688496443663106,0.00035965682180231367,8.0,198.0,-35.0
REFINED_MATERIAL_0151,Thorne Chemical - Singapore,REFINED_MATERIAL,Southeast Asia,Packaging substrate,10,2,788106338.376531,0.0006178134943590409,3,233,348.0,653.0,333.0,0.00014617682473715021,0.0004995136854127891,8.0,333.0,100.0
OSAT_0134,Palter Assembly - Nagano,OSAT,Japan,Analog IC,6,2,788106338.376531,0.0006178134943590409,2,233,213.0,119.0,314.0,0.0008630404730844709,0.0005150176378863334,12.0,119.0,-114.0
EMS_0040,Ivex Electronics - Shenzhen,EMS,China,Sensor module,1,1,785872776.4664835,0.0006160625571804918,1,236,457.0,656.0,811.0,0.00014490024365207405,0.0002618314735903431,6.0,457.0,221.0
EMS_0005,Trellis Electronics - Batangas,EMS,Southeast Asia,PCB assembly,1,1,785872776.4664835,0.0006160625571804918,1,236,407.0,184.0,651.0,0.000603575124092736,0.00031167891382664176,7.0,184.0,-52.0
OSAT_0109,Trellis Microassembly - Bangkok,OSAT,Southeast Asia,Analog IC,3,1,773220892.1406728,0.0006061444731797245,2,238,132.0,89.0,257.0,0.0010522541655172302,0.0005966653774137694,17.0,89.0,-149.0
EMS_0170,Elstow Manufacturing - Leixlip,EMS,Europe,PCB assembly,1,1,773220892.1406728,0.0006061444731797245,1,238,457.0,416.0,495.0,0.0002821973473925003,0.000381557235966337,6.0,416.0,178.0
EMS_0287,Vantor Assemblies - Wuxi,EMS,China,Sensor module,1,1,744367465.2998021,0.0005835256518446339,1,240,234.0,243.0,603.0,0.0004980991541481208,0.0003287717493965222,11.0,234.0,-6.0
EMS_0497,Stade Assemblies - Dalian,EMS,China,Power module,1,1,720881816.9548103,0.000565114747421258,1,241,457.0,452.0,746.0,0.00025114678131881005,0.0002795396883235903,6.0,452.0,211.0
OSAT_0059,Isar Assembly - Wuxi,OSAT,China,Memory IC,14,3,678058031.8477409,0.0005315442620306953,2,242,18.0,22.0,47.0,0.003196467857083007,0.0016818669809784013,87.0,18.0,-224.0
EMS_0223,Noral Electronics - Wuxi,EMS,China,PCB assembly,1,1,668782000.9847984,0.000524272582103565,1,243,975.0,591.0,1264.0,0.00017977874222594605,0.00016450998406372327,2.0,591.0,348.0
OSAT_0018,Ferrin Microassembly - Icheon,OSAT,Korea,RF IC,3,1,668782000.9847984,0.000524272582103565,2,243,304.0,103.0,454.0,0.0009316423929205253,0.00040865646951443766,9.0,103.0,-140.0
EMS_0468,Jarn Circuits - Wuxi,EMS,China,Sensor module,1,1,652617343.9492644,0.0005116007600892782,1,245,121.0,197.0,294.0,0.0005748942755777735,0.0005383434051848863,18.0,121.0,-124.0
EMS_0264,Zephyr Assemblies - Bangkok,EMS,Southeast Asia,Power module,1,1,652617343.9492644,0.0005116007600892782,1,245,457.0,445.0,596.0,0.00025622807302806493,0.0003315289753565304,6.0,445.0,200.0
EMS_0343,Zephyr Electronics - Hillsboro,EMS,North America,PCB assembly,1,1,650226103.1389028,0.0005097262150323932,1,247,407.0,319.0,679.0,0.0003875168099862904,0.00029986048602118114,7.0,319.0,72.0
EMS_0444,Lethe Assemblies - Leixlip,EMS,Europe,Sensor module,1,1,650226103.1389028,0.0005097262150323932,1,247,457.0,805.0,705.0,7.524669011077585e-05,0.00029137425716894907,6.0,457.0,210.0
EMS_0117,Faryn Manufacturing - Hillsboro,EMS,North America,Sensor module,1,1,636580028.7122159,0.0004990287640472864,1,249,304.0,440.0,785.0,0.0002598269340318317,0.00026803729576840315,9.0,304.0,55.0
EMS_0260,Dyne Assemblies - Austin,EMS,North America,PCB assembly,2,2,608610275.325713,0.0004771026733224328,1,250,407.0,218.0,504.0,0.0005316478214194324,0.0003749978532341813,7.0,218.0,-32.0
EMS_0359,Vantor Electronics - Shenzhen,EMS,China,PCB assembly,1,1,580713424.3754289,0.0004552337323839398,1,251,457.0,365.0,721.0,0.000330357962773221,0.0002860370310012066,6.0,365.0,114.0
EMS_0442,Trellis Circuits - Chengdu,EMS,China,Sensor module,1,1,579251891.1917467,0.00045408800511420047,1,252,132.0,339.0,344.0,0.0003618087279163,0.0004927121898680788,17.0,132.0,-120.0
EMS_0002,Mordant Manufacturing - Shanghai,EMS,China,PCB assembly,1,1,577610777.6566405,0.0004528015009479575,1,253,304.0,227.0,569.0,0.000518214341808303,0.0003431199183289022,9.0,227.0,-26.0
OSAT_0038,Yarrow Microassembly - Bangkok,OSAT,Southeast Asia,Analog IC,2,1,577610777.6566405,0.0004528015009479575,2,253,457.0,170.0,650.0,0.0006324134187428832,0.00031182778552617414,6.0,170.0,-83.0
EMS_0118,Noral Electronics - Shanghai,EMS,China,Power module,1,1,577610777.6566405,0.0004528015009479575,1,253,348.0,458.0,733.0,0.0002477618520115013,0.0002827378546832993,8.0,348.0,95.0
EMS_0408,Xanthe Assemblies - Penang,EMS,Southeast Asia,PCB assembly,1,1,573636110.6967232,0.0004496856741060133,1,256,638.0,597.0,703.0,0.00017525922559751307,0.00029245312697682356,4.0,597.0,341.0
OSAT_0065,Quill Test Services - Wuxi,OSAT,China,Memory IC,2,1,573636110.6967232,0.0004496856741060133,2,256,348.0,538.0,330.0,0.00020595214839348215,0.0005020662520915875,8.0,330.0,74.0
REFINED_MATERIAL_0328,Granth Specialty - Chengdu,REFINED_MATERIAL,China,PCB laminate,2,1,573636110.6967232,0.0004496856741060133,2,256,975.0,527.0,727.0,0.0002100764914557701,0.00028394480955883024,2.0,527.0,271.0
EMS_0438,Rivet Manufacturing - Chengdu,EMS,China,PCB assembly,1,1,560735514.8299481,0.0004395726197836938,1,259,549.0,381.0,745.0,0.0003157688417898027,0.00028041936755566766,5.0,381.0,122.0
REFINED_MATERIAL_0206,Quarn Chemical - Hwaseong,REFINED_MATERIAL,Korea,Packaging substrate,11,2,558598577.1815538,0.0004378974284402243,3,260,304.0,619.0,563.0,0.00016365236567441907,0.00034492647809368,9.0,304.0,44.0
RAW_MATERIAL_0510,Calder Feedstock - Wuxi,RAW_MATERIAL,China,Rare earth elements,17,2,543016403.8228772,0.00042568222789728317,5,261,407.0,1111.0,184.0,0.0,0.0007350265963804477,7.0,184.0,-77.0
OSAT_0157,Lumen Assembly - Kaohsiung,OSAT,Taiwan,RF IC,3,2,543016403.8228772,0.00042568222789728317,2,261,549.0,179.0,559.0,0.0006120915789488647,0.0003453676023163829,5.0,179.0,-82.0
FAB_0056,Calder Microelectronics - Dalian,FAB,China,RF die,4,2,543016403.8228772,0.00042568222789728317,3,261,457.0,76.0,585.0,0.0011970479492006225,0.0003374620015520451,6.0,76.0,-185.0
EQUIPMENT_0060,Thorne Systems - Taichung,EQUIPMENT,Taiwan,Metrology system,14,2,543016403.8228772,0.00042568222789728317,4,261,52.0,265.0,24.0,0.000466009615213746,0.002317527270545776,38.0,24.0,-237.0
REFINED_MATERIAL_0090,Trellis Chemical - Chengdu,REFINED_MATERIAL,China,CMP slurry,7,2,543016403.8228772,0.00042568222789728317,4,261,304.0,493.0,1075.0,0.0002275749754047917,0.00020341439241463016,9.0,304.0,43.0
EQUIPMENT_0056,Ivex Systems - Ottawa,EQUIPMENT,North America,Etch system,7,2,543016403.8228772,0.00042568222789728317,4,261,407.0,1111.0,499.0,0.0,0.00037923752069968957,7.0,407.0,146.0
EMS_0390,Zephyr Electronics - Crolles,EMS,Europe,PCB assembly,2,2,543016403.8228772,0.00042568222789728317,1,261,94.0,203.0,218.0,0.0005620013978386405,0.0006531682861119971,21.0,94.0,-167.0
OSAT_0105,Ystad Packaging - Batangas,OSAT,Southeast Asia,Logic IC,3,2,523447598.1581596,0.00041034182062044686,2,268,457.0,276.0,669.0,0.00045386146565905636,0.00030323575494311037,6.0,276.0,8.0
EMS_0090,Trellis Manufacturing - Bangkok 2,EMS,Southeast Asia,PCB assembly,2,2,523447598.1581596,0.00041034182062044686,1,268,457.0,290.0,685.0,0.00043246893343045503,0.0002979790395445222,6.0,290.0,22.0
EMS_0158,Holt Electronics - Batam,EMS,Southeast Asia,PCB assembly,1,1,522168058.9678054,0.0004093387623529667,1,270,348.0,219.0,598.0,0.0005274684245304232,0.00033032265060176514,8.0,219.0,-51.0
OSAT_0162,Solvex Assembly - Kaohsiung,OSAT,Taiwan,Analog IC,3,1,522168058.9678054,0.0004093387623529667,2,270,34.0,26.0,78.0,0.002396569254621921,0.0011900344173751815,51.0,26.0,-244.0
EMS_0137,Solvex Assemblies - Austin,EMS,North America,PCB assembly,1,1,509037926.42927635,0.00039904576930112,1,272,549.0,542.0,878.0,0.0002053312237347021,0.0002456203549540294,5.0,542.0,270.0
OSAT_0024,Quill Assembly - Guadalajara,OSAT,North America,Analog IC,3,1,504698163.11227715,0.0003956437355792627,2,273,121.0,78.0,167.0,0.0011395761033988784,0.0007704799427895507,18.0,78.0,-195.0
EMS_0479,Doran Circuits - Hillsboro,EMS,North America,PCB assembly,1,1,504698163.11227715,0.0003956437355792627,1,273,638.0,548.0,907.0,0.00020258561025325236,0.0002391482955674558,4.0,548.0,275.0
REFINED_MATERIAL_0360,Wexler Advanced Materials - Nagano,REFINED_MATERIAL,Japan,PCB laminate,2,1,504698163.11227715,0.0003956437355792627,2,273,457.0,145.0,219.0,0.000717059780238084,0.0006527952680459936,6.0,145.0,-128.0
EMS_0445,Brant Manufacturing - Wuxi,EMS,China,PCB assembly,1,1,493355941.3238608,0.0003867523241850444,1,276,267.0,266.0,556.0,0.00046315080954913244,0.0003470172857190385,10.0,266.0,-10.0
REFINED_MATERIAL_0244,Ulvid Chemical - Guadalajara,REFINED_MATERIAL,North America,PCB laminate,2,1,491300649.4609602,0.0003851411367273188,2,277,457.0,356.0,619.0,0.00033888647945090665,0.00032343679366023554,6.0,356.0,79.0
EMS_0011,Jorel Electronics - Eindhoven,EMS,Europe,Power module,1,1,491300649.4609602,0.0003851411367273188,1,277,457.0,602.0,816.0,0.00017108599677659553,0.00026088316372580755,6.0,457.0,180.0
EMS_0034,Holt Electronics - Dresden,EMS,Europe,PCB assembly,1,1,490429080.8997937,0.0003844578954029856,1,279,774.0,552.0,835.0,0.0002018190954884691,0.0002549509372018448,3.0,552.0,273.0
OSAT_0008,Cortex Packaging - Hsinchu,OSAT,Taiwan,Logic IC,3,1,490429080.8997937,0.0003844578954029856,2,279,304.0,92.0,385.0,0.0010135567814707836,0.0004623561051224275,9.0,92.0,-187.0
EMS_0434,Ferrin Circuits - Hillsboro,EMS,North America,PCB assembly,1,1,481066735.0003793,0.00037711855126393144,1,281,457.0,666.0,1136.0,0.00014136185571162288,0.0001935665018096101,6.0,457.0,176.0
EMS_0339,Mordant Circuits - Wuxi 2,EMS,China,PCB assembly,1,1,465079570.83750606,0.0003645858697266876,1,282,1211.0,900.0,1279.0,4.515910693239958e-05,0.00016006637887086407,1.0,900.0,618.0
EMS_0490,Jarn Manufacturing - Dalian,EMS,China,PCB assembly,1,1,451553613.75677615,0.0003539825813102916,1,283,234.0,213.0,437.0,0.0005417168705896219,0.00041893615444269275,11.0,213.0,-70.0
EMS_0046,Gethin Electronics - Shanghai,EMS,China,PCB assembly,1,1,447273669.5558079,0.00035062744107895066,1,284,157.0,449.0,384.0,0.00025327141877203165,0.00046306437284503085,15.0,157.0,-127.0
EMS_0403,Ferrin Assemblies - Tianjin,EMS,China,PCB assembly,1,1,443222596.6262907,0.00034745171795554065,1,285,638.0,608.0,821.0,0.00016831989547292316,0.00025981343297783866,4.0,608.0,323.0
EMS_0227,Wend Assemblies - Xi'an,EMS,China,PCB assembly,1,1,441131733.1012001,0.00034581264510742085,1,286,975.0,744.0,1295.0,9.897987403580187e-05,0.00015788568734993302,2.0,744.0,458.0
REFINED_MATERIAL_0292,Rivet Advanced Materials - Kitakyushu,REFINED_MATERIAL,Japan,Process gas,2,1,430159514.5514947,0.00033721128720306924,2,287,975.0,554.0,1183.0,0.00020116328869804317,0.000181341613323184,2.0,554.0,267.0
EMS_0028,Korrin Circuits - Pyeongtaek,EMS,Korea,PCB assembly,1,1,430159514.5514947,0.00033721128720306924,1,287,304.0,143.0,639.0,0.0007183099435007267,0.00031780923894297273,9.0,143.0,-144.0
EMS_0077,Kestrel Assemblies - Batam,EMS,Southeast Asia,PCB assembly,1,1,422829004.49074125,0.00033146474284029005,1,289,638.0,412.0,713.0,0.000285484820936199,0.00028969118300428806,4.0,412.0,123.0
OSAT_0079,Belan Packaging - Batangas,OSAT,Southeast Asia,Logic IC,6,2,408560504.13435405,0.0003202793587935104,2,290,101.0,209.0,271.0,0.0005464558221429268,0.0005716284537508031,20.0,101.0,-189.0
REFINED_MATERIAL_0156,Yarrow Advanced Materials - Hwaseong,REFINED_MATERIAL,Korea,CMP slurry,11,2,408560504.13435405,0.0003202793587935104,4,290,975.0,642.0,1457.0,0.00015158019596911234,0.0001285076198319331,2.0,642.0,352.0
REFINED_MATERIAL_0298,Wexler Specialty - Taoyuan,REFINED_MATERIAL,Taiwan,Process gas,23,2,408560504.13435405,0.0003202793587935104,4,290,34.0,134.0,73.0,0.0007563823203314658,0.001256961274267896,51.0,34.0,-256.0
REFINED_MATERIAL_0268,Ember Advanced Materials - Dalian,REFINED_MATERIAL,China,Silicon wafer,11,2,408560504.13435405,0.0003202793587935104,4,290,1211.0,1072.0,1527.0,7.265417407617815e-06,0.00011648590368894124,1.0,1072.0,782.0
REFINED_MATERIAL_0172,Alder Specialty - Kitakyushu,REFINED_MATERIAL,Japan,Process gas,4,2,408560504.13435405,0.0003202793587935104,2,290,193.0,402.0,236.0,0.0002940875782562482,0.0006267115358821308,13.0,193.0,-97.0
EQUIPMENT_0059,Thorne Systems - Nagano,EQUIPMENT,Japan,Deposition system,16,2,408560504.13435405,0.0003202793587935104,4,290,113.0,798.0,183.0,7.779312431577417e-05,0.0007372854069837317,19.0,113.0,-177.0
FAB_0064,Isar Semiconductor - Kaohsiung,FAB,Taiwan,Logic die,10,2,408560504.13435405,0.0003202793587935104,3,290,348.0,113.0,578.0,0.0008789967781674965,0.00034074312777037237,8.0,113.0,-177.0
EMS_0008,Halcy Circuits - Bac Ninh,EMS,Southeast Asia,PCB assembly,2,2,408560504.13435405,0.0003202793587935104,1,290,304.0,199.0,352.0,0.0005679306543590504,0.00048376534043467485,9.0,199.0,-91.0
EMS_0451,Gethin Electronics - Guadalajara 2,EMS,North America,PCB assembly,1,1,395958902.6536719,0.0003104006925955732,1,298,304.0,185.0,565.0,0.0006027351342900981,0.0003443283739832578,9.0,185.0,-113.0
EMS_0380,Oxbow Circuits - Xi'an,EMS,China,PCB assembly,1,1,382004158.4297153,0.0002994612687233466,1,299,304.0,241.0,500.0,0.0005030147376127466,0.00037813075759259246,9.0,241.0,-58.0
OSAT_0103,Gethin Packaging - Hsinchu,OSAT,Taiwan,Memory IC,4,1,382004158.4297153,0.0002994612687233466,2,299,348.0,99.0,364.0,0.0009657109313059608,0.0004762776638290525,8.0,99.0,-200.0
EMS_0335,Brant Electronics - Singapore,EMS,Southeast Asia,PCB assembly,1,1,375819228.7894043,0.00029461276946965865,1,301,1211.0,728.0,1054.0,0.00010535773750314352,0.0002080366044406682,1.0,728.0,427.0
EMS_0454,Kestrel Circuits - Wuxi,EMS,China,PCB assembly,1,1,374640492.3578615,0.0002936887326509726,1,302,70.0,64.0,196.0,0.0012760843800768394,0.0007123108202743535,28.0,64.0,-238.0
EMS_0183,Zephyr Circuits - Kaohsiung,EMS,Taiwan,PCB assembly,1,1,333937019.7322652,0.00026178040577826985,1,303,638.0,595.0,1079.0,0.00017559342465224749,0.00020280883938087203,4.0,595.0,292.0
EMS_0140,Dyne Assemblies - Penang,EMS,Southeast Asia,PCB assembly,1,1,327894896.82543844,0.0002570438557917502,1,304,975.0,678.0,1084.0,0.000130892933228566,0.0002021760805754527,2.0,678.0,374.0
EMS_0375,Nevin Assemblies - Pune,EMS,South Asia,PCB assembly,1,1,318827076.95375663,0.0002499353969349385,1,305,774.0,417.0,923.0,0.00028182763352413583,0.0002364307631236068,3.0,417.0,112.0
EMS_0154,Calder Assemblies - Ottawa,EMS,North America,Sensor module,1,1,318827076.95375663,0.0002499353969349385,1,305,304.0,361.0,997.0,0.0003327644011048009,0.00022140645809867477,9.0,304.0,-1.0
EMS_0094,Jorel Circuits - Wuxi,EMS,China,PCB assembly,1,1,317912705.8582108,0.0002492186017841169,1,307,774.0,535.0,913.0,0.00020696441170402771,0.00023860609397403053,3.0,535.0,228.0
REFINED_MATERIAL_0113,Renbeck Specialty - Yokkaichi,REFINED_MATERIAL,Japan,Process gas,3,1,286919756.2054659,0.00022492256254035188,2,308,132.0,139.0,126.0,0.0007340079739165291,0.0008868983120078968,17.0,126.0,-182.0
EMS_0212,Trellis Electronics - Hyderabad 2,EMS,South Asia,PCB assembly,1,1,286919756.2054659,0.00022492256254035188,1,308,975.0,292.0,1001.0,0.00043122430431017864,0.0002199254936022147,2.0,292.0,-16.0
EMS_0466,Dyne Circuits - Austin,EMS,North America,PCB assembly,1,1,281623938.4547054,0.0002207710572031079,1,310,549.0,484.0,735.0,0.00023203135626083095,0.00028250642678832644,5.0,484.0,174.0
EMS_0086,Wexler Manufacturing - Nagano,EMS,Japan,PCB assembly,1,1,246457019.0677009,0.00019320295338975203,1,311,549.0,578.0,771.0,0.00018736652078827647,0.00027218442497352796,5.0,549.0,238.0
EMS_0280,Mervi Assemblies - Dalian,EMS,China,Power module,1,1,219787207.64361843,0.00017229591510383878,1,312,175.0,425.0,311.0,0.0002750908904476844,0.0005181911344863046,14.0,175.0,-137.0
EMS_0397,Stade Manufacturing - Austin,EMS,North America,PCB assembly,1,1,219787207.64361843,0.00017229591510383878,1,312,267.0,286.0,551.0,0.00043922469632850744,0.0003493201336410104,10.0,267.0,-45.0
EMS_0383,Faryn Assemblies - Bangkok,EMS,Southeast Asia,PCB assembly,1,1,205031498.6290976,0.00016072859772026652,1,314,1211.0,451.0,1123.0,0.0002525481194656215,0.00019516391090656867,1.0,451.0,137.0
EMS_0108,Ember Assemblies - Shanghai,EMS,China,PCB assembly,1,1,201970562.30166814,0.00015832906395638982,1,315,774.0,572.0,792.0,0.0001909075955374692,0.0002658906914541706,3.0,572.0,257.0
EMS_0036,Prendel Assemblies - Tianjin,EMS,China,PCB assembly,1,1,199918280.45170736,0.00015672023611249024,1,316,975.0,692.0,1339.0,0.00011997644466567327,0.00014967138678845192,2.0,692.0,376.0
EMS_0422,Stade Circuits - Sanand,EMS,South Asia,PCB assembly,1,1,180082045.89055964,0.00014117018557693273,1,317,1211.0,803.0,1336.0,7.629818157569043e-05,0.00015027532018029597,1.0,803.0,486.0
EMS_0239,Yarrow Circuits - Chengdu,EMS,China,Power module,1,1,163414348.76586437,0.00012810401962686736,1,318,638.0,824.0,899.0,7.041659153335675e-05,0.00024038988974791597,4.0,638.0,320.0
EMS_0172,Wexler Electronics - Xi'an,EMS,China,PCB assembly,1,1,145610483.52049553,0.00011414718707176154,1,319,975.0,871.0,1376.0,5.3044041316974455e-05,0.00014354015542335658,2.0,871.0,552.0
EMS_0109,Calder Assemblies - Dalian,EMS,China,PCB assembly,1,1,135041628.02486372,0.00010586203413341221,1,320,234.0,273.0,464.0,0.00045777000278953084,0.0004026161810397679,11.0,234.0,-86.0
OSAT_0129,Holt Assembly - Bac Ninh,OSAT,Southeast Asia,RF IC,5,1,68169496.2817602,5.3439533037238786e-05,2,321,51.0,45.0,133.0,0.0015408195949348658,0.0008543865634580644,39.0,45.0,-276.0
EQUIPMENT_0057,Holt Systems - Hiroshima,EQUIPMENT,Japan,Test handler,10,1,68169496.2817602,5.3439533037238786e-05,3,321,132.0,289.0,21.0,0.0004327998885097244,0.0025403803119318055,17.0,21.0,-300.0
EMS_0145,Thorne Circuits - Dalian 3,EMS,China,PCB assembly,1,1,68169496.2817602,5.3439533037238786e-05,1,321,774.0,541.0,916.0,0.0002057123639640131,0.00023818182313000173,3.0,541.0,220.0
OSAT_0096,Trellis Packaging - Tainan,OSAT,Taiwan,Logic IC,2,1,68169496.2817602,5.3439533037238786e-05,2,321,175.0,104.0,286.0,0.0009313078394271882,0.0005506445167032762,14.0,104.0,-217.0
EMS_0006,Noral Assemblies - Batangas,EMS,Southeast Asia,PCB assembly,1,1,49498287.449598625,3.880277120600233e-05,1,325,975.0,391.0,890.0,0.00030661707098167656,0.00024225985022598961,2.0,391.0,66.0
RAW_MATERIAL_0261,Lethe Feedstock - Dalian,RAW_MATERIAL,China,Bulk chemical,0,0,0.0,0.0,0,326,774.0,1111.0,970.0,0.0,0.0002263181057254748,3.0,774.0,448.0
RAW_MATERIAL_0262,Ember Minerals - Bac Ninh,RAW_MATERIAL,Southeast Asia,Bulk chemical,0,0,0.0,0.0,0,326,1533.0,1111.0,1533.0,0.0,0.00011220655257570476,0.0,1111.0,785.0
RAW_MATERIAL_0263,Ferrin Minerals - Dalian,RAW_MATERIAL,China,Bulk chemical,0,0,0.0,0.0,0,326,457.0,1111.0,348.0,0.0,0.0004912986657050339,6.0,348.0,22.0
RAW_MATERIAL_0264,Lethe Resources - Belo Horizonte,RAW_MATERIAL,Rest of World,Copper,0,0,0.0,0.0,0,326,1533.0,1111.0,1533.0,0.0,0.00011220655257570476,0.0,1111.0,785.0
RAW_MATERIAL_0265,Gethin Feedstock - Tianjin,RAW_MATERIAL,China,Rare earth elements,0,0,0.0,0.0,0,326,1211.0,1111.0,427.0,0.0,0.0004275962703482073,1.0,427.0,101.0
RAW_MATERIAL_0266,Xanthe Extraction - Singapore,RAW_MATERIAL,Southeast Asia,Bulk chemical,0,0,0.0,0.0,0,326,774.0,1111.0,671.0,0.0,0.0003027084196501911,3.0,671.0,345.0
RAW_MATERIAL_0267,Gethin Feedstock - Wuxi,RAW_MATERIAL,China,Rare earth elements,1,0,0.0,0.0,1,326,774.0,1111.0,206.0,0.0,0.000672269931786908,3.0,206.0,-120.0
RAW_MATERIAL_0268,Lumen Minerals - Bangkok,RAW_MATERIAL,Southeast Asia,Crude industrial gas,0,0,0.0,0.0,0,326,975.0,1111.0,394.0,0.0,0.00045911861472578655,2.0,394.0,68.0
RAW_MATERIAL_0269,Quarn Extraction - Guadalajara,RAW_MATERIAL,North America,Crude industrial gas,0,0,0.0,0.0,0,326,1211.0,1111.0,1175.0,0.0,0.00018409033504221802,1.0,1111.0,785.0
RAW_MATERIAL_0270,Calder Extraction - Chengdu,RAW_MATERIAL,China,Bulk chemical,0,0,0.0,0.0,0,326,975.0,1111.0,702.0,0.0,0.000293030207832204,2.0,702.0,376.0
RAW_MATERIAL_0271,Dyne Minerals - Wuxi,RAW_MATERIAL,China,Rare earth elements,0,0,0.0,0.0,0,326,1211.0,1111.0,932.0,0.0,0.00023304226644949784,1.0,932.0,606.0
RAW_MATERIAL_0272,Wexler Feedstock - Bac Ninh,RAW_MATERIAL,Southeast Asia,Rare earth elements,0,0,0.0,0.0,0,326,1533.0,1111.0,1533.0,0.0,0.00011220655257570476,0.0,1111.0,785.0
RAW_MATERIAL_0273,Prendel Extraction - Crolles,RAW_MATERIAL,Europe,Crude industrial gas,0,0,0.0,0.0,0,326,1211.0,1111.0,1204.0,0.0,0.0001763668552935897,1.0,1111.0,785.0
RAW_MATERIAL_0274,Quarn Minerals - Singapore,RAW_MATERIAL,Southeast Asia,Bulk chemical,0,0,0.0,0.0,0,326,1211.0,1111.0,813.0,0.0,0.0002612296169637146,1.0,813.0,487.0
RAW_MATERIAL_0275,Wend Resources - Perth,RAW_MATERIAL,Rest of World,Bulk chemical,0,0,0.0,0.0,0,326,1533.0,1111.0,1533.0,0.0,0.00011220655257570476,0.0,1111.0,785.0
RAW_MATERIAL_0276,Trellis Feedstock - Perth,RAW_MATERIAL,Rest of World,Bulk chemical,0,0,0.0,0.0,0,326,975.0,1111.0,450.0,0.0,0.00041214334889224795,2.0,450.0,124.0
RAW_MATERIAL_0277,Stade Minerals - Belo Horizonte,RAW_MATERIAL,Rest of World,Silicon feedstock,0,0,0.0,0.0,0,326,1533.0,1111.0,1533.0,0.0,0.00011220655257570476,0.0,1111.0,785.0
RAW_MATERIAL_0278,Wend Minerals - Xi'an,RAW_MATERIAL,China,Crude industrial gas,0,0,0.0,0.0,0,326,975.0,1111.0,493.0,0.0,0.0003831886817555085,2.0,493.0,167.0
RAW_MATERIAL_0279,Belan Minerals - Dalian,RAW_MATERIAL,China,Bulk chemical,0,0,0.0,0.0,0,326,1211.0,1111.0,1418.0,0.0,0.00013434566472888835,1.0,1111.0,785.0
RAW_MATERIAL_0280,Kestrel Minerals - Batam,RAW_MATERIAL,Southeast Asia,Bulk chemical,0,0,0.0,0.0,0,326,1533.0,1111.0,1533.0,0.0,0.00011220655257570476,0.0,1111.0,785.0
RAW_MATERIAL_0281,Rivet Feedstock - Nagano,RAW_MATERIAL,Japan,Bulk chemical,0,0,0.0,0.0,0,326,1533.0,1111.0,1533.0,0.0,0.00011220655257570476,0.0,1111.0,785.0
RAW_MATERIAL_0282,Nevin Extraction - Kolwezi,RAW_MATERIAL,Rest of World,Copper,1,0,0.0,0.0,1,326,1211.0,1111.0,633.0,0.0,0.0003201250512309692,1.0,633.0,307.0
RAW_MATERIAL_0283,Ember Feedstock - Chengdu,RAW_MATERIAL,China,Copper,0,0,0.0,0.0,0,326,1533.0,1111.0,1533.0,0.0,0.00011220655257570476,0.0,1111.0,785.0
RAW_MATERIAL_0284,Oxbow Feedstock - Singapore,RAW_MATERIAL,Southeast Asia,Crude industrial gas,0,0,0.0,0.0,0,326,1533.0,1111.0,1533.0,0.0,0.00011220655257570476,0.0,1111.0,785.0
RAW_MATERIAL_0285,Stade Resources - Tianjin,RAW_MATERIAL,China,Copper,0,0,0.0,0.0,0,326,638.0,1111.0,435.0,0.0,0.0004239173291764236,4.0,435.0,109.0
RAW_MATERIAL_0286,Palter Minerals - Sanand,RAW_MATERIAL,South Asia,Gold,0,0,0.0,0.0,0,326,975.0,1111.0,971.0,0.0,0.00022572781655835782,2.0,971.0,645.0
RAW_MATERIAL_0287,Alder Extraction - Kumamoto,RAW_MATERIAL,Japan,Rare earth elements,1,0,0.0,0.0,1,326,774.0,1111.0,660.0,0.0,0.0003064268787750345,3.0,660.0,334.0
RAW_MATERIAL_0288,Jarn Feedstock - Yokkaichi,RAW_MATERIAL,Japan,Substrate resin,0,0,0.0,0.0,0,326,1533.0,1111.0,1533.0,0.0,0.00011220655257570476,0.0,1111.0,785.0
RAW_MATERIAL_0289,Granth Resources - Shenzhen,RAW_MATERIAL,China,Copper,6,0,0.0,0.0,2,326,22.0,1111.0,15.0,0.0,0.007041960201571587,73.0,15.0,-311.0
RAW_MATERIAL_0290,Noral Extraction - Icheon,RAW_MATERIAL,Korea,Bulk chemical,0,0,0.0,0.0,0,326,1533.0,1111.0,1533.0,0.0,0.00011220655257570476,0.0,1111.0,785.0
RAW_MATERIAL_0291,Verity Feedstock - Bangkok,RAW_MATERIAL,Southeast Asia,Rare earth elements,8,0,0.0,0.0,4,326,774.0,1111.0,327.0,0.0,0.0005062478139916079,3.0,327.0,1.0
RAW_MATERIAL_0292,Rivet Feedstock - Malta 2,RAW_MATERIAL,North America,Bulk chemical,0,0,0.0,0.0,0,326,975.0,1111.0,383.0,0.0,0.0004645281237349538,2.0,383.0,57.0
RAW_MATERIAL_0293,Vantor Extraction - Kolwezi,RAW_MATERIAL,Rest of World,Silicon feedstock,3,0,0.0,0.0,2,326,1211.0,1111.0,888.0,0.0,0.0002433433976823992,1.0,888.0,562.0
RAW_MATERIAL_0294,Ivex Minerals - Belo Horizonte,RAW_MATERIAL,Rest of World,Silicon feedstock,0,0,0.0,0.0,0,326,1211.0,1111.0,974.0,0.0,0.0002252074510187074,1.0,974.0,648.0
RAW_MATERIAL_0295,Jarn Feedstock - Belo Horizonte,RAW_MATERIAL,Rest of World,Copper,0,0,0.0,0.0,0,326,549.0,1111.0,249.0,0.0,0.0006099074230865532,5.0,249.0,-77.0
RAW_MATERIAL_0296,Belan Minerals - Villach,RAW_MATERIAL,Europe,Substrate resin,1,0,0.0,0.0,1,326,774.0,1111.0,609.0,0.0,0.00032687968163375055,3.0,609.0,283.0
RAW_MATERIAL_0297,Oxbow Extraction - Shenzhen,RAW_MATERIAL,China,Crude industrial gas,0,0,0.0,0.0,0,326,1533.0,1111.0,1533.0,0.0,0.00011220655257570476,0.0,1111.0,785.0
RAW_MATERIAL_0298,Granth Resources - Perth,RAW_MATERIAL,Rest of World,Copper,0,0,0.0,0.0,0,326,975.0,1111.0,526.0,0.0,0.0003593877649034304,2.0,526.0,200.0
RAW_MATERIAL_0299,Cortex Extraction - Chengdu,RAW_MATERIAL,China,Copper,0,0,0.0,0.0,0,326,975.0,1111.0,943.0,0.0,0.00023074109963382,2.0,943.0,617.0
RAW_MATERIAL_0300,Umber Resources - Chandler,RAW_MATERIAL,North America,Bulk chemical,0,0,0.0,0.0,0,326,1211.0,1111.0,1486.0,0.0,0.00012484799372381654,1.0,1111.0,785.0
RAW_MATERIAL_0301,Faryn Minerals - Johannesburg,RAW_MATERIAL,Rest of World,Substrate resin,0,0,0.0,0.0,0,326,638.0,1111.0,625.0,0.0,0.0003219664593919987,4.0,625.0,299.0
RAW_MATERIAL_0302,Doran Resources - Shenzhen,RAW_MATERIAL,China,Bulk chemical,0,0,0.0,0.0,0,326,1211.0,1111.0,956.0,0.0,0.0002290239301350573,1.0,956.0,630.0
RAW_MATERIAL_0303,Lumen Feedstock - Tianjin,RAW_MATERIAL,China,Bulk chemical,0,0,0.0,0.0,0,326,1533.0,1111.0,1533.0,0.0,0.00011220655257570476,0.0,1111.0,785.0
RAW_MATERIAL_0304,Quill Resources - Tianjin,RAW_MATERIAL,China,Bulk chemical,0,0,0.0,0.0,0,326,1533.0,1111.0,1533.0,0.0,0.00011220655257570476,0.0,1111.0,785.0
RAW_MATERIAL_0305,Umber Extraction - Shenzhen,RAW_MATERIAL,China,Copper,0,0,0.0,0.0,0,326,457.0,1111.0,164.0,0.0,0.000778179548013216,6.0,164.0,-162.0
RAW_MATERIAL_0306,Isar Feedstock - Cheongju,RAW_MATERIAL,Korea,Crude industrial gas,0,0,0.0,0.0,0,326,1211.0,1111.0,1056.0,0.0,0.00020715797012862324,1.0,1056.0,730.0
RAW_MATERIAL_0307,Ferrin Extraction - Chengdu,RAW_MATERIAL,China,Copper,0,0,0.0,0.0,0,326,549.0,1111.0,319.0,0.0,0.0005114842058885591,5.0,319.0,-7.0
RAW_MATERIAL_0308,Lethe Feedstock - Shanghai,RAW_MATERIAL,China,Rare earth elements,0,0,0.0,0.0,0,326,975.0,1111.0,290.0,0.0,0.0005462863415430213,2.0,290.0,-36.0
RAW_MATERIAL_0309,Cortex Minerals - Ottawa,RAW_MATERIAL,North America,Copper,0,0,0.0,0.0,0,326,1533.0,1111.0,1533.0,0.0,0.00011220655257570476,0.0,1111.0,785.0
RAW_MATERIAL_0310,Wend Extraction - Shanghai,RAW_MATERIAL,China,Copper,0,0,0.0,0.0,0,326,348.0,1111.0,72.0,0.0,0.0012772203709801695,8.0,72.0,-254.0
RAW_MATERIAL_0311,Brant Minerals - Wuxi,RAW_MATERIAL,China,Crude industrial gas,0,0,0.0,0.0,0,326,975.0,1111.0,986.0,0.0,0.00022471842585566329,2.0,975.0,649.0
RAW_MATERIAL_0312,Renbeck Feedstock - Antofagasta,RAW_MATERIAL,Rest of World,Copper,0,0,0.0,0.0,0,326,1211.0,1111.0,896.0,0.0,0.0002405532520418312,1.0,896.0,570.0
RAW_MATERIAL_0313,Quarn Extraction - Wuxi,RAW_MATERIAL,China,Bulk chemical,0,0,0.0,0.0,0,326,1211.0,1111.0,1402.0,0.0,0.00013815326435147625,1.0,1111.0,785.0
RAW_MATERIAL_0314,Ulvid Resources - Kolwezi,RAW_MATERIAL,Rest of World,Substrate resin,0,0,0.0,0.0,0,326,1211.0,1111.0,888.0,0.0,0.0002433433976823992,1.0,888.0,562.0
RAW_MATERIAL_0315,Yarrow Minerals - Wuxi,RAW_MATERIAL,China,Silicon feedstock,0,0,0.0,0.0,0,326,1533.0,1111.0,1533.0,0.0,0.00011220655257570476,0.0,1111.0,785.0
RAW_MATERIAL_0316,Ystad Extraction - Wuxi,RAW_MATERIAL,China,Copper,0,0,0.0,0.0,0,326,1211.0,1111.0,1166.0,0.0,0.0001854691818441394,1.0,1111.0,785.0
RAW_MATERIAL_0317,Quarn Extraction - Shanghai,RAW_MATERIAL,China,Bulk chemical,0,0,0.0,0.0,0,326,1533.0,1111.0,1533.0,0.0,0.00011220655257570476,0.0,1111.0,785.0
RAW_MATERIAL_0318,Ystad Extraction - Perth,RAW_MATERIAL,Rest of World,Silicon feedstock,0,0,0.0,0.0,0,326,1211.0,1111.0,863.0,0.0,0.0002489236889635351,1.0,863.0,537.0
RAW_MATERIAL_0319,Doran Minerals - Hiroshima,RAW_MATERIAL,Japan,Copper,1,0,0.0,0.0,1,326,267.0,1111.0,190.0,0.0,0.0007226934127849123,10.0,190.0,-136.0
RAW_MATERIAL_0320,Faryn Resources - Pune,RAW_MATERIAL,South Asia,Silicon feedstock,0,0,0.0,0.0,0,326,1211.0,1111.0,1265.0,0.0,0.00016390209151887695,1.0,1111.0,785.0
RAW_MATERIAL_0321,Calder Minerals - Bengaluru 2,RAW_MATERIAL,South Asia,Bulk chemical,0,0,0.0,0.0,0,326,774.0,1111.0,420.0,0.0,0.0004329354076549349,3.0,420.0,94.0
RAW_MATERIAL_0322,Vantor Minerals - Belo Horizonte,RAW_MATERIAL,Rest of World,Bulk chemical,0,0,0.0,0.0,0,326,1211.0,1111.0,1070.0,0.0,0.00020428135871444766,1.0,1070.0,744.0
RAW_MATERIAL_0323,Nevin Extraction - Grenoble,RAW_MATERIAL,Europe,Substrate resin,0,0,0.0,0.0,0,326,407.0,1111.0,155.0,0.0,0.0007930119850652542,7.0,155.0,-171.0
RAW_MATERIAL_0324,Prendel Resources - Johannesburg,RAW_MATERIAL,Rest of World,Crude industrial gas,0,0,0.0,0.0,0,326,1533.0,1111.0,1533.0,0.0,0.00011220655257570476,0.0,1111.0,785.0
RAW_MATERIAL_0325,Ivex Minerals - Hyderabad,RAW_MATERIAL,South Asia,Silicon feedstock,0,0,0.0,0.0,0,326,638.0,1111.0,387.0,0.0,0.0004620289800543956,4.0,387.0,61.0
RAW_MATERIAL_0326,Brant Feedstock - Dalian,RAW_MATERIAL,China,Copper,1,0,0.0,0.0,1,326,113.0,1111.0,30.0,0.0,0.002029315176204262,19.0,30.0,-296.0
RAW_MATERIAL_0327,Palter Resources - Shanghai,RAW_MATERIAL,China,Copper,0,0,0.0,0.0,0,326,549.0,1111.0,260.0,0.0,0.0005947301719981094,5.0,260.0,-66.0
RAW_MATERIAL_0328,Jarn Minerals - Leixlip,RAW_MATERIAL,Europe,Bulk chemical,1,0,0.0,0.0,1,326,774.0,1111.0,860.0,0.0,0.0002492129590662566,3.0,774.0,448.0
RAW_MATERIAL_0329,Verity Feedstock - Belo Horizonte,RAW_MATERIAL,Rest of World,Substrate resin,0,0,0.0,0.0,0,326,1211.0,1111.0,960.0,0.0,0.0002279975966592754,1.0,960.0,634.0
RAW_MATERIAL_0330,Vantor Resources - Guadalajara,RAW_MATERIAL,North America,Bulk chemical,1,0,0.0,0.0,1,326,774.0,1111.0,604.0,0.0,0.00032876763960918397,3.0,604.0,278.0
RAW_MATERIAL_0331,Wend Resources - Hillsboro,RAW_MATERIAL,North America,Bulk chemical,0,0,0.0,0.0,0,326,1533.0,1111.0,1533.0,0.0,0.00011220655257570476,0.0,1111.0,785.0
RAW_MATERIAL_0332,Thorne Extraction - Yokkaichi,RAW_MATERIAL,Japan,Substrate resin,0,0,0.0,0.0,0,326,407.0,1111.0,332.0,0.0,0.0005006306246831605,7.0,332.0,6.0
RAW_MATERIAL_0333,Isar Minerals - Belo Horizonte,RAW_MATERIAL,Rest of World,Silicon feedstock,0,0,0.0,0.0,0,326,1533.0,1111.0,1533.0,0.0,0.00011220655257570476,0.0,1111.0,785.0
RAW_MATERIAL_0334,Cortex Minerals - Chandler,RAW_MATERIAL,North America,Substrate resin,0,0,0.0,0.0,0,326,348.0,1111.0,406.0,0.0,0.0004459723957823456,8.0,348.0,22.0
RAW_MATERIAL_0335,Palter Extraction - Taichung,RAW_MATERIAL,Taiwan,Copper,0,0,0.0,0.0,0,326,1211.0,1111.0,921.0,0.0,0.0002369700483424107,1.0,921.0,595.0
RAW_MATERIAL_0336,Cortex Extraction - Hyderabad,RAW_MATERIAL,South Asia,Copper,1,0,0.0,0.0,1,326,132.0,1111.0,35.0,0.0,0.001914999289361877,17.0,35.0,-291.0
RAW_MATERIAL_0337,Yarrow Minerals - Guadalajara,RAW_MATERIAL,North America,Copper,0,0,0.0,0.0,0,326,774.0,1111.0,368.0,0.0,0.0004743454560283698,3.0,368.0,42.0
RAW_MATERIAL_0338,Holt Minerals - Guadalajara,RAW_MATERIAL,North America,Bulk chemical,0,0,0.0,0.0,0,326,1533.0,1111.0,1533.0,0.0,0.00011220655257570476,0.0,1111.0,785.0
RAW_MATERIAL_0339,Palter Resources - Austin,RAW_MATERIAL,North America,Bulk chemical,0,0,0.0,0.0,0,326,1211.0,1111.0,1456.0,0.0,0.0001285936175867798,1.0,1111.0,785.0
RAW_MATERIAL_0340,Renbeck Extraction - Antofagasta,RAW_MATERIAL,Rest of World,Crude industrial gas,0,0,0.0,0.0,0,326,975.0,1111.0,722.0,0.0,0.0002851072063827771,2.0,722.0,396.0
RAW_MATERIAL_0341,Noral Feedstock - Perth,RAW_MATERIAL,Rest of World,Substrate resin,0,0,0.0,0.0,0,326,1211.0,1111.0,896.0,0.0,0.0002405532520418312,1.0,896.0,570.0
RAW_MATERIAL_0342,Xanthe Minerals - Tianjin,RAW_MATERIAL,China,Substrate resin,0,0,0.0,0.0,0,326,774.0,1111.0,766.0,0.0,0.0002727220946580693,3.0,766.0,440.0
RAW_MATERIAL_0343,Ivex Extraction - Johannesburg,RAW_MATERIAL,Rest of World,Silicon feedstock,0,0,0.0,0.0,0,326,975.0,1111.0,760.0,0.0,0.00027467998345114426,2.0,760.0,434.0
RAW_MATERIAL_0344,Alder Feedstock - Austin,RAW_MATERIAL,North America,Copper,0,0,0.0,0.0,0,326,638.0,1111.0,764.0,0.0,0.0002733368642734798,4.0,638.0,312.0
RAW_MATERIAL_0345,Xanthe Resources - Belo Horizonte,RAW_MATERIAL,Rest of World,Gold,0,0,0.0,0.0,0,326,1211.0,1111.0,1014.0,0.0,0.00021683701409700354,1.0,1014.0,688.0
RAW_MATERIAL_0346,Prendel Minerals - Bac Ninh,RAW_MATERIAL,Southeast Asia,Crude industrial gas,0,0,0.0,0.0,0,326,774.0,1111.0,250.0,0.0,0.0006095286872130893,3.0,250.0,-76.0
RAW_MATERIAL_0347,Rivet Minerals - Sanand,RAW_MATERIAL,South Asia,Crude industrial gas,0,0,0.0,0.0,0,326,1533.0,1111.0,1533.0,0.0,0.00011220655257570476,0.0,1111.0,785.0
RAW_MATERIAL_0348,Ulvid Minerals - Antofagasta,RAW_MATERIAL,Rest of World,Copper,1,0,0.0,0.0,1,326,774.0,1111.0,424.0,0.0,0.00042987092310689025,3.0,424.0,98.0
RAW_MATERIAL_0349,Mervi Feedstock - Guadalajara,RAW_MATERIAL,North America,Copper,1,0,0.0,0.0,1,326,213.0,1111.0,67.0,0.0,0.0013625320584354362,12.0,67.0,-259.0
RAW_MATERIAL_0350,Trellis Minerals - Antofagasta,RAW_MATERIAL,Rest of World,Crude industrial gas,0,0,0.0,0.0,0,326,975.0,1111.0,491.0,0.0,0.0003845521746126562,2.0,491.0,165.0
RAW_MATERIAL_0351,Umber Minerals - Bengaluru,RAW_MATERIAL,South Asia,Bulk chemical,0,0,0.0,0.0,0,326,975.0,1111.0,600.0,0.0,0.0003298825049389841,2.0,600.0,274.0
RAW_MATERIAL_0352,Holt Resources - Xi'an,RAW_MATERIAL,China,Substrate resin,0,0,0.0,0.0,0,326,1533.0,1111.0,1533.0,0.0,0.00011220655257570476,0.0,1111.0,785.0
RAW_MATERIAL_0353,Kestrel Minerals - Grenoble,RAW_MATERIAL,Europe,Substrate resin,0,0,0.0,0.0,0,326,1533.0,1111.0,1533.0,0.0,0.00011220655257570476,0.0,1111.0,785.0
RAW_MATERIAL_0354,Korrin Minerals - Xi'an 2,RAW_MATERIAL,China,Copper,0,0,0.0,0.0,0,326,774.0,1111.0,701.0,0.0,0.0002936605897624237,3.0,701.0,375.0
RAW_MATERIAL_0355,Dyne Extraction - Antofagasta,RAW_MATERIAL,Rest of World,Bulk chemical,0,0,0.0,0.0,0,326,975.0,1111.0,486.0,0.0,0.00038637736558065654,2.0,486.0,160.0
RAW_MATERIAL_0356,Ystad Extraction - Kolwezi,RAW_MATERIAL,Rest of World,Copper,0,0,0.0,0.0,0,326,1533.0,1111.0,1533.0,0.0,0.00011220655257570476,0.0,1111.0,785.0
RAW_MATERIAL_0357,Quarn Minerals - Ottawa,RAW_MATERIAL,North America,Substrate resin,0,0,0.0,0.0,0,326,1211.0,1111.0,1049.0,0.0,0.0002084665771752996,1.0,1049.0,723.0
RAW_MATERIAL_0358,Rivet Feedstock - Dresden,RAW_MATERIAL,Europe,Copper,0,0,0.0,0.0,0,326,1211.0,1111.0,1408.0,0.0,0.00013713621859200915,1.0,1111.0,785.0
RAW_MATERIAL_0359,Wend Resources - Antofagasta,RAW_MATERIAL,Rest of World,Silicon feedstock,0,0,0.0,0.0,0,326,1533.0,1111.0,1533.0,0.0,0.00011220655257570476,0.0,1111.0,785.0
RAW_MATERIAL_0360,Quarn Resources - Kumamoto,RAW_MATERIAL,Japan,Bulk chemical,0,0,0.0,0.0,0,326,774.0,1111.0,502.0,0.0,0.0003760419861405705,3.0,502.0,176.0
RAW_MATERIAL_0361,Yarrow Minerals - Kumamoto 2,RAW_MATERIAL,Japan,Copper,0,0,0.0,0.0,0,326,1533.0,1111.0,1533.0,0.0,0.00011220655257570476,0.0,1111.0,785.0
RAW_MATERIAL_0362,Renbeck Feedstock - Antofagasta 2,RAW_MATERIAL,Rest of World,Rare earth elements,0,0,0.0,0.0,0,326,1211.0,1111.0,856.0,0.0,0.0002503187617838191,1.0,856.0,530.0
RAW_MATERIAL_0363,Kestrel Feedstock - Tainan,RAW_MATERIAL,Taiwan,Bulk chemical,0,0,0.0,0.0,0,326,1533.0,1111.0,1533.0,0.0,0.00011220655257570476,0.0,1111.0,785.0
RAW_MATERIAL_0364,Calder Feedstock - Hiroshima,RAW_MATERIAL,Japan,Bulk chemical,0,0,0.0,0.0,0,326,407.0,1111.0,278.0,0.0,0.0005569048256431217,7.0,278.0,-48.0
RAW_MATERIAL_0365,Palter Extraction - Taichung 2,RAW_MATERIAL,Taiwan,Bulk chemical,0,0,0.0,0.0,0,326,1533.0,1111.0,1533.0,0.0,0.00011220655257570476,0.0,1111.0,785.0
RAW_MATERIAL_0366,Dyne Resources - Hillsboro,RAW_MATERIAL,North America,Bulk chemical,0,0,0.0,0.0,0,326,1533.0,1111.0,1533.0,0.0,0.00011220655257570476,0.0,1111.0,785.0
RAW_MATERIAL_0367,Doran Extraction - Crolles,RAW_MATERIAL,Europe,Bulk chemical,0,0,0.0,0.0,0,326,1211.0,1111.0,1379.0,0.0,0.00014302886581594125,1.0,1111.0,785.0
RAW_MATERIAL_0368,Yarrow Minerals - Villach,RAW_MATERIAL,Europe,Substrate resin,0,0,0.0,0.0,0,326,457.0,1111.0,279.0,0.0,0.000555993938266639,6.0,279.0,-47.0
RAW_MATERIAL_0369,Korrin Resources - Hyderabad,RAW_MATERIAL,South Asia,Silicon feedstock,0,0,0.0,0.0,0,326,1211.0,1111.0,1103.0,0.0,0.00019884786908036165,1.0,1103.0,777.0
RAW_MATERIAL_0370,Palter Feedstock - Shenzhen,RAW_MATERIAL,China,Gold,0,0,0.0,0.0,0,326,407.0,1111.0,288.0,0.0,0.0005477937431594224,7.0,288.0,-38.0
RAW_MATERIAL_0371,Trellis Feedstock - Johannesburg,RAW_MATERIAL,Rest of World,Bulk chemical,0,0,0.0,0.0,0,326,1211.0,1111.0,1111.0,0.0,0.00019730599461302776,1.0,1111.0,785.0
RAW_MATERIAL_0372,Isar Extraction - Gumi,RAW_MATERIAL,Korea,Substrate resin,0,0,0.0,0.0,0,326,549.0,1111.0,438.0,0.0,0.00041784181556215005,5.0,438.0,112.0
RAW_MATERIAL_0373,Renbeck Feedstock - Dalian,RAW_MATERIAL,China,Crude industrial gas,0,0,0.0,0.0,0,326,1211.0,1111.0,750.0,0.0,0.0002777516158211877,1.0,750.0,424.0
RAW_MATERIAL_0374,Dyne Resources - Xi'an,RAW_MATERIAL,China,Crude industrial gas,0,0,0.0,0.0,0,326,774.0,1111.0,761.0,0.0,0.00027398784001576404,3.0,761.0,435.0
RAW_MATERIAL_0375,Stade Extraction - Kolwezi,RAW_MATERIAL,Rest of World,Silicon feedstock,0,0,0.0,0.0,0,326,1533.0,1111.0,1533.0,0.0,0.00011220655257570476,0.0,1111.0,785.0
RAW_MATERIAL_0376,Gethin Extraction - Johannesburg,RAW_MATERIAL,Rest of World,Crude industrial gas,0,0,0.0,0.0,0,326,1533.0,1111.0,1533.0,0.0,0.00011220655257570476,0.0,1111.0,785.0
RAW_MATERIAL_0377,Mervi Resources - Shenzhen,RAW_MATERIAL,China,Silicon feedstock,1,0,0.0,0.0,1,326,1211.0,1111.0,1388.0,0.0,0.0001418898938256309,1.0,1111.0,785.0
RAW_MATERIAL_0378,Ulvid Extraction - Crolles,RAW_MATERIAL,Europe,Crude industrial gas,0,0,0.0,0.0,0,326,774.0,1111.0,436.0,0.0,0.00041921977193015275,3.0,436.0,110.0
RAW_MATERIAL_0379,Korrin Minerals - Shanghai,RAW_MATERIAL,China,Copper,0,0,0.0,0.0,0,326,638.0,1111.0,446.0,0.0,0.0004145368556362255,4.0,446.0,120.0
RAW_MATERIAL_0380,Ivex Extraction - Chengdu,RAW_MATERIAL,China,Bulk chemical,0,0,0.0,0.0,0,326,267.0,1111.0,225.0,0.0,0.0006440838302294176,10.0,225.0,-101.0
RAW_MATERIAL_0382,Stade Minerals - Bangkok,RAW_MATERIAL,Southeast Asia,Crude industrial gas,0,0,0.0,0.0,0,326,1533.0,1111.0,1533.0,0.0,0.00011220655257570476,0.0,1111.0,785.0
RAW_MATERIAL_0383,Solvex Extraction - Xi'an 2,RAW_MATERIAL,China,Bulk chemical,0,0,0.0,0.0,0,326,1533.0,1111.0,1533.0,0.0,0.00011220655257570476,0.0,1111.0,785.0
RAW_MATERIAL_0384,Rivet Feedstock - Eindhoven,RAW_MATERIAL,Europe,Substrate resin,0,0,0.0,0.0,0,326,1211.0,1111.0,1412.0,0.0,0.0001365562320877665,1.0,1111.0,785.0
RAW_MATERIAL_0385,Vantor Feedstock - Perth,RAW_MATERIAL,Rest of World,Bulk chemical,0,0,0.0,0.0,0,326,1533.0,1111.0,1533.0,0.0,0.00011220655257570476,0.0,1111.0,785.0
RAW_MATERIAL_0386,Nevin Minerals - Austin,RAW_MATERIAL,North America,Gold,0,0,0.0,0.0,0,326,975.0,1111.0,840.0,0.0,0.00025423908617301985,2.0,840.0,514.0
RAW_MATERIAL_0387,Korrin Feedstock - Bengaluru,RAW_MATERIAL,South Asia,Bulk chemical,0,0,0.0,0.0,0,326,549.0,1111.0,409.0,0.0,0.0004443838441957938,5.0,409.0,83.0
RAW_MATERIAL_0388,Kestrel Extraction - Xi'an,RAW_MATERIAL,China,Bulk chemical,0,0,0.0,0.0,0,326,549.0,1111.0,157.0,0.0,0.0007915608079217799,5.0,157.0,-169.0
RAW_MATERIAL_0389,Lethe Resources - Yokkaichi,RAW_MATERIAL,Japan,Copper,0,0,0.0,0.0,0,326,1211.0,1111.0,1304.0,0.0,0.00015592685463578998,1.0,1111.0,785.0
RAW_MATERIAL_0390,Noral Minerals - Tianjin,RAW_MATERIAL,China,Crude industrial gas,1,0,0.0,0.0,1,326,1211.0,1111.0,894.0,0.0,0.00024151095732109583,1.0,894.0,568.0
RAW_MATERIAL_0392,Halcy Extraction - Belo Horizonte,RAW_MATERIAL,Rest of World,Bulk chemical,0,0,0.0,0.0,0,326,549.0,1111.0,335.0,0.0,0.0004962303853820294,5.0,335.0,9.0
RAW_MATERIAL_0393,Faryn Feedstock - Dalian,RAW_MATERIAL,China,Bulk chemical,0,0,0.0,0.0,0,326,975.0,1111.0,1021.0,0.0,0.00021584103652107955,2.0,975.0,649.0
RAW_MATERIAL_0394,Elstow Feedstock - Grenoble,RAW_MATERIAL,Europe,Bulk chemical,0,0,0.0,0.0,0,326,1211.0,1111.0,1132.0,0.0,0.00019402107637450273,1.0,1111.0,785.0
RAW_MATERIAL_0395,Oxbow Minerals - Shanghai,RAW_MATERIAL,China,Bulk chemical,0,0,0.0,0.0,0,326,1211.0,1111.0,1297.0,0.0,0.00015739089261091968,1.0,1111.0,785.0
RAW_MATERIAL_0396,Verity Minerals - Pune,RAW_MATERIAL,South Asia,Substrate resin,0,0,0.0,0.0,0,326,774.0,1111.0,439.0,0.0,0.0004176942805752938,3.0,439.0,113.0
RAW_MATERIAL_0397,Thorne Extraction - Sanand,RAW_MATERIAL,South Asia,Copper,0,0,0.0,0.0,0,326,1211.0,1111.0,827.0,0.0,0.00025776396430352835,1.0,827.0,501.0
RAW_MATERIAL_0398,Trellis Feedstock - Yokkaichi,RAW_MATERIAL,Japan,Bulk chemical,0,0,0.0,0.0,0,326,1211.0,1111.0,1429.0,0.0,0.00013203902423096232,1.0,1111.0,785.0
RAW_MATERIAL_0399,Wexler Feedstock - Dalian,RAW_MATERIAL,China,Silicon feedstock,0,0,0.0,0.0,0,326,975.0,1111.0,577.0,0.0,0.0003410634801038041,2.0,577.0,251.0
RAW_MATERIAL_0400,Holt Resources - Wuxi,RAW_MATERIAL,China,Copper,0,0,0.0,0.0,0,326,457.0,1111.0,90.0,0.0,0.0010994891079715507,6.0,90.0,-236.0
RAW_MATERIAL_0401,Orvid Resources - Belo Horizonte,RAW_MATERIAL,Rest of World,Crude industrial gas,0,0,0.0,0.0,0,326,1533.0,1111.0,1533.0,0.0,0.00011220655257570476,0.0,1111.0,785.0
RAW_MATERIAL_0402,Stade Feedstock - Belo Horizonte,RAW_MATERIAL,Rest of World,Bulk chemical,0,0,0.0,0.0,0,326,774.0,1111.0,716.0,0.0,0.0002881070194014277,3.0,716.0,390.0
RAW_MATERIAL_0403,Umber Resources - Chengdu,RAW_MATERIAL,China,Bulk chemical,0,0,0.0,0.0,0,326,457.0,1111.0,289.0,0.0,0.0005469760632736904,6.0,289.0,-37.0
RAW_MATERIAL_0404,Holt Minerals - Icheon,RAW_MATERIAL,Korea,Bulk chemical,0,0,0.0,0.0,0,326,457.0,1111.0,243.0,0.0,0.0006198081196956142,6.0,243.0,-83.0
RAW_MATERIAL_0405,Cortex Extraction - Kolwezi,RAW_MATERIAL,Rest of World,Copper,0,0,0.0,0.0,0,326,1211.0,1111.0,1479.0,0.0,0.00012551762036900545,1.0,1111.0,785.0
RAW_MATERIAL_0406,Lumen Feedstock - Chengdu,RAW_MATERIAL,China,Rare earth elements,6,0,0.0,0.0,2,326,132.0,1111.0,27.0,0.0,0.002205075342827038,17.0,27.0,-299.0
RAW_MATERIAL_0407,Lumen Minerals - Kolwezi,RAW_MATERIAL,Rest of World,Crude industrial gas,0,0,0.0,0.0,0,326,1211.0,1111.0,974.0,0.0,0.0002252074510187074,1.0,974.0,648.0
RAW_MATERIAL_0408,Verity Feedstock - Guadalajara,RAW_MATERIAL,North America,Bulk chemical,0,0,0.0,0.0,0,326,1211.0,1111.0,1433.0,0.0,0.00013141243649445296,1.0,1111.0,785.0
RAW_MATERIAL_0409,Thorne Resources - Kitakyushu,RAW_MATERIAL,Japan,Bulk chemical,1,0,0.0,0.0,1,326,234.0,1111.0,98.0,0.0,0.0010555752314669047,11.0,98.0,-228.0
RAW_MATERIAL_0410,Ystad Minerals - Hsinchu,RAW_MATERIAL,Taiwan,Substrate resin,3,0,0.0,0.0,2,326,121.0,1111.0,51.0,0.0,0.001607438315052382,18.0,51.0,-275.0
RAW_MATERIAL_0411,Korrin Resources - Chengdu,RAW_MATERIAL,China,Substrate resin,0,0,0.0,0.0,0,326,774.0,1111.0,356.0,0.0,0.0004804006071560064,3.0,356.0,30.0
RAW_MATERIAL_0412,Quarn Minerals - Cheongju,RAW_MATERIAL,Korea,Bulk chemical,0,0,0.0,0.0,0,326,638.0,1111.0,582.0,0.0,0.0003392711773770849,4.0,582.0,256.0
RAW_MATERIAL_0413,Mordant Extraction - Pune,RAW_MATERIAL,South Asia,Crude industrial gas,0,0,0.0,0.0,0,326,1533.0,1111.0,1533.0,0.0,0.00011220655257570476,0.0,1111.0,785.0
RAW_MATERIAL_0414,Thorne Minerals - Belo Horizonte,RAW_MATERIAL,Rest of World,Bulk chemical,0,0,0.0,0.0,0,326,1211.0,1111.0,924.0,0.0,0.00023636803358097926,1.0,924.0,598.0
RAW_MATERIAL_0415,Jarn Feedstock - Dalian,RAW_MATERIAL,China,Crude industrial gas,0,0,0.0,0.0,0,326,1211.0,1111.0,1205.0,0.0,0.0001761114783904482,1.0,1111.0,785.0
RAW_MATERIAL_0416,Wend Minerals - Belo Horizonte,RAW_MATERIAL,Rest of World,Bulk chemical,1,0,0.0,0.0,1,326,774.0,1111.0,326.0,0.0,0.0005079025645468683,3.0,326.0,0.0
RAW_MATERIAL_0417,Thorne Resources - Bengaluru,RAW_MATERIAL,South Asia,Crude industrial gas,0,0,0.0,0.0,0,326,1533.0,1111.0,1533.0,0.0,0.00011220655257570476,0.0,1111.0,785.0
RAW_MATERIAL_0418,Palter Resources - Wuxi,RAW_MATERIAL,China,Substrate resin,1,0,0.0,0.0,1,326,60.0,1111.0,29.0,0.0,0.0021428269890325664,31.0,29.0,-297.0
RAW_MATERIAL_0419,Halcy Resources - Bengaluru,RAW_MATERIAL,South Asia,Bulk chemical,0,0,0.0,0.0,0,326,638.0,1111.0,247.0,0.0,0.0006128055233127455,4.0,247.0,-79.0
RAW_MATERIAL_0420,Nevin Feedstock - Hyderabad,RAW_MATERIAL,South Asia,Rare earth elements,0,0,0.0,0.0,0,326,1211.0,1111.0,599.0,0.0,0.00033014125921005646,1.0,599.0,273.0
RAW_MATERIAL_0421,Ember Feedstock - Icheon,RAW_MATERIAL,Korea,Bulk chemical,0,0,0.0,0.0,0,326,1533.0,1111.0,1533.0,0.0,0.00011220655257570476,0.0,1111.0,785.0
RAW_MATERIAL_0422,Verity Extraction - Nagano,RAW_MATERIAL,Japan,Crude industrial gas,0,0,0.0,0.0,0,326,1211.0,1111.0,1163.0,0.0,0.000185948412687946,1.0,1111.0,785.0
RAW_MATERIAL_0423,Isar Feedstock - Wuxi,RAW_MATERIAL,China,Copper,0,0,0.0,0.0,0,326,638.0,1111.0,542.0,0.0,0.0003535969218920224,4.0,542.0,216.0
RAW_MATERIAL_0424,Ader Minerals - Sanand,RAW_MATERIAL,South Asia,Bulk chemical,3,0,0.0,0.0,3,326,1211.0,1111.0,877.0,0.0,0.00024563417999287634,1.0,877.0,551.0
RAW_MATERIAL_0425,Ivex Feedstock - Guadalajara,RAW_MATERIAL,North America,Silicon feedstock,0,0,0.0,0.0,0,326,1533.0,1111.0,1533.0,0.0,0.00011220655257570476,0.0,1111.0,785.0
RAW_MATERIAL_0426,Belan Extraction - Malta,RAW_MATERIAL,North America,Crude industrial gas,0,0,0.0,0.0,0,326,774.0,1111.0,730.0,0.0,0.0002835460619081834,3.0,730.0,404.0
RAW_MATERIAL_0427,Yarrow Extraction - Gumi,RAW_MATERIAL,Korea,Crude industrial gas,0,0,0.0,0.0,0,326,774.0,1111.0,237.0,0.0,0.0006263377127213412,3.0,237.0,-89.0
RAW_MATERIAL_0428,Belan Resources - Belo Horizonte 2,RAW_MATERIAL,Rest of World,Gold,0,0,0.0,0.0,0,326,1533.0,1111.0,1533.0,0.0,0.00011220655257570476,0.0,1111.0,785.0
RAW_MATERIAL_0429,Quill Resources - Perth,RAW_MATERIAL,Rest of World,Bulk chemical,0,0,0.0,0.0,0,326,1211.0,1111.0,1003.0,0.0,0.00021962715973757147,1.0,1003.0,677.0
RAW_MATERIAL_0430,Wend Feedstock - Kolwezi,RAW_MATERIAL,Rest of World,Bulk chemical,0,0,0.0,0.0,0,326,1211.0,1111.0,942.0,0.0,0.00023078774229984335,1.0,942.0,616.0
RAW_MATERIAL_0431,Nevin Feedstock - Shanghai,RAW_MATERIAL,China,Copper,0,0,0.0,0.0,0,326,774.0,1111.0,546.0,0.0,0.0003512040563606256,3.0,546.0,220.0
RAW_MATERIAL_0432,Renbeck Feedstock - Tianjin,RAW_MATERIAL,China,Rare earth elements,0,0,0.0,0.0,0,326,1211.0,1111.0,1446.0,0.0,0.0001300301667556705,1.0,1111.0,785.0
RAW_MATERIAL_0433,Holt Extraction - Belo Horizonte,RAW_MATERIAL,Rest of World,Copper,0,0,0.0,0.0,0,326,774.0,1111.0,57.0,0.0,0.001487004417635867,3.0,57.0,-269.0
RAW_MATERIAL_0434,Oxbow Feedstock - Bac Ninh,RAW_MATERIAL,Southeast Asia,Copper,0,0,0.0,0.0,0,326,549.0,1111.0,267.0,0.0,0.0005768066105938655,5.0,267.0,-59.0
RAW_MATERIAL_0435,Mervi Extraction - Xi'an,RAW_MATERIAL,China,Crude industrial gas,0,0,0.0,0.0,0,326,1211.0,1111.0,1392.0,0.0,0.00014008473247615843,1.0,1111.0,785.0
RAW_MATERIAL_0436,Mervi Minerals - Tianjin,RAW_MATERIAL,China,Crude industrial gas,0,0,0.0,0.0,0,326,1211.0,1111.0,1228.0,0.0,0.00017274806124230378,1.0,1111.0,785.0
RAW_MATERIAL_0437,Zephyr Minerals - Wuxi,RAW_MATERIAL,China,Rare earth elements,0,0,0.0,0.0,0,326,1533.0,1111.0,1533.0,0.0,0.00011220655257570476,0.0,1111.0,785.0
RAW_MATERIAL_0438,Verity Extraction - Belo Horizonte,RAW_MATERIAL,Rest of World,Bulk chemical,0,0,0.0,0.0,0,326,1533.0,1111.0,1533.0,0.0,0.00011220655257570476,0.0,1111.0,785.0
RAW_MATERIAL_0439,Granth Feedstock - Tainan,RAW_MATERIAL,Taiwan,Copper,2,0,0.0,0.0,2,326,175.0,1111.0,20.0,0.0,0.002609321074640641,14.0,20.0,-306.0
RAW_MATERIAL_0440,Ivex Extraction - Dresden,RAW_MATERIAL,Europe,Rare earth elements,0,0,0.0,0.0,0,326,1211.0,1111.0,1220.0,0.0,0.00017413047772022114,1.0,1111.0,785.0
RAW_MATERIAL_0441,Solvex Extraction - Penang,RAW_MATERIAL,Southeast Asia,Silicon feedstock,0,0,0.0,0.0,0,326,1211.0,1111.0,891.0,0.0,0.00024216852733269012,1.0,891.0,565.0
RAW_MATERIAL_0442,Korrin Feedstock - Johannesburg,RAW_MATERIAL,Rest of World,Silicon feedstock,8,0,0.0,0.0,3,326,638.0,1111.0,310.0,0.0,0.0005185179768706369,4.0,310.0,-16.0
RAW_MATERIAL_0443,Xanthe Extraction - Dalian,RAW_MATERIAL,China,Gold,1,0,0.0,0.0,1,326,267.0,1111.0,173.0,0.0,0.0007613617134687696,10.0,173.0,-153.0
RAW_MATERIAL_0444,Umber Resources - Pune,RAW_MATERIAL,South Asia,Copper,0,0,0.0,0.0,0,326,638.0,1111.0,178.0,0.0,0.0007440487943759121,4.0,178.0,-148.0
RAW_MATERIAL_0445,Faryn Resources - Belo Horizonte,RAW_MATERIAL,Rest of World,Bulk chemical,0,0,0.0,0.0,0,326,1211.0,1111.0,883.0,0.0,0.0002447384705026832,1.0,883.0,557.0
RAW_MATERIAL_0446,Lumen Resources - Kaohsiung,RAW_MATERIAL,Taiwan,Copper,0,0,0.0,0.0,0,326,1533.0,1111.0,1533.0,0.0,0.00011220655257570476,0.0,1111.0,785.0
RAW_MATERIAL_0447,Umber Extraction - Icheon,RAW_MATERIAL,Korea,Bulk chemical,0,0,0.0,0.0,0,326,774.0,1111.0,950.0,0.0,0.00022959324975179205,3.0,774.0,448.0
RAW_MATERIAL_0448,Wend Feedstock - Xi'an,RAW_MATERIAL,China,Substrate resin,0,0,0.0,0.0,0,326,975.0,1111.0,544.0,0.0,0.00035153315662934644,2.0,544.0,218.0
RAW_MATERIAL_0449,Ulvid Minerals - Yokkaichi,RAW_MATERIAL,Japan,Bulk chemical,1,0,0.0,0.0,1,326,774.0,1111.0,1089.0,0.0,0.00020098030293690464,3.0,774.0,448.0
RAW_MATERIAL_0450,Vantor Feedstock - Singapore,RAW_MATERIAL,Southeast Asia,Silicon feedstock,1,0,0.0,0.0,1,326,774.0,1111.0,372.0,0.0,0.0004724819195390878,3.0,372.0,46.0
RAW_MATERIAL_0451,Lethe Resources - Batangas,RAW_MATERIAL,Southeast Asia,Bulk chemical,0,0,0.0,0.0,0,326,774.0,1111.0,670.0,0.0,0.0003030561558940774,3.0,670.0,344.0
RAW_MATERIAL_0452,Lumen Resources - Chengdu,RAW_MATERIAL,China,Bulk chemical,0,0,0.0,0.0,0,326,1533.0,1111.0,1533.0,0.0,0.00011220655257570476,0.0,1111.0,785.0
RAW_MATERIAL_0453,Ulvid Minerals - Guadalajara,RAW_MATERIAL,North America,Bulk chemical,0,0,0.0,0.0,0,326,1211.0,1111.0,1428.0,0.0,0.00013251135851191295,1.0,1111.0,785.0
RAW_MATERIAL_0454,Noral Resources - Tianjin,RAW_MATERIAL,China,Substrate resin,0,0,0.0,0.0,0,326,1211.0,1111.0,838.0,0.0,0.0002547115841727169,1.0,838.0,512.0
RAW_MATERIAL_0455,Halcy Feedstock - Shenzhen,RAW_MATERIAL,China,Bulk chemical,2,0,0.0,0.0,2,326,638.0,1111.0,274.0,0.0,0.0005651108527378615,4.0,274.0,-52.0
RAW_MATERIAL_0456,Stade Minerals - Dalian,RAW_MATERIAL,China,Bulk chemical,0,0,0.0,0.0,0,326,975.0,1111.0,615.0,0.0,0.0003250789926646605,2.0,615.0,289.0
RAW_MATERIAL_0457,Oxbow Extraction - Malta,RAW_MATERIAL,North America,Rare earth elements,0,0,0.0,0.0,0,326,774.0,1111.0,793.0,0.0,0.0002657827755658443,3.0,774.0,448.0
RAW_MATERIAL_0458,Lumen Minerals - Cheongju,RAW_MATERIAL,Korea,Bulk chemical,0,0,0.0,0.0,0,326,774.0,1111.0,772.0,0.0,0.00027145127993170816,3.0,772.0,446.0
RAW_MATERIAL_0459,Halcy Minerals - Wuxi,RAW_MATERIAL,China,Crude industrial gas,0,0,0.0,0.0,0,326,1533.0,1111.0,1533.0,0.0,0.00011220655257570476,0.0,1111.0,785.0
RAW_MATERIAL_0460,Xanthe Feedstock - Tianjin,RAW_MATERIAL,China,Silicon feedstock,1,0,0.0,0.0,1,326,638.0,1111.0,475.0,0.0,0.00039335386607763196,4.0,475.0,149.0
RAW_MATERIAL_0461,Prendel Resources - Wuxi 2,RAW_MATERIAL,China,Copper,0,0,0.0,0.0,0,326,975.0,1111.0,622.0,0.0,0.0003225644850176635,2.0,622.0,296.0
RAW_MATERIAL_0462,Ader Minerals - Kitakyushu,RAW_MATERIAL,Japan,Bulk chemical,0,0,0.0,0.0,0,326,1533.0,1111.0,1533.0,0.0,0.00011220655257570476,0.0,1111.0,785.0
RAW_MATERIAL_0463,Kestrel Minerals - Cheongju,RAW_MATERIAL,Korea,Substrate resin,0,0,0.0,0.0,0,326,1211.0,1111.0,1115.0,0.0,0.00019706815322615483,1.0,1111.0,785.0
RAW_MATERIAL_0464,Ferrin Minerals - Bangkok,RAW_MATERIAL,Southeast Asia,Bulk chemical,1,0,0.0,0.0,1,326,457.0,1111.0,207.0,0.0,0.0006684058906831576,6.0,207.0,-119.0
RAW_MATERIAL_0465,Lethe Extraction - Johannesburg 2,RAW_MATERIAL,Rest of World,Copper,0,0,0.0,0.0,0,326,1533.0,1111.0,1533.0,0.0,0.00011220655257570476,0.0,1111.0,785.0
RAW_MATERIAL_0466,Ulvid Resources - Sanand,RAW_MATERIAL,South Asia,Bulk chemical,0,0,0.0,0.0,0,326,1533.0,1111.0,1533.0,0.0,0.00011220655257570476,0.0,1111.0,785.0
RAW_MATERIAL_0467,Zephyr Extraction - Batam,RAW_MATERIAL,Southeast Asia,Copper,0,0,0.0,0.0,0,326,1211.0,1111.0,1469.0,0.0,0.00012745654841091013,1.0,1111.0,785.0
RAW_MATERIAL_0468,Umber Extraction - Chandler,RAW_MATERIAL,North America,Gold,0,0,0.0,0.0,0,326,1533.0,1111.0,1533.0,0.0,0.00011220655257570476,0.0,1111.0,785.0
RAW_MATERIAL_0469,Gethin Extraction - Shenzhen,RAW_MATERIAL,China,Bulk chemical,0,0,0.0,0.0,0,326,774.0,1111.0,430.0,0.0,0.00042582006229258384,3.0,430.0,104.0
RAW_MATERIAL_0470,Nevin Extraction - Wuxi 2,RAW_MATERIAL,China,Bulk chemical,0,0,0.0,0.0,0,326,457.0,1111.0,266.0,0.0,0.0005800197580143769,6.0,266.0,-60.0
RAW_MATERIAL_0471,Lumen Resources - Tianjin,RAW_MATERIAL,China,Substrate resin,0,0,0.0,0.0,0,326,1533.0,1111.0,1533.0,0.0,0.00011220655257570476,0.0,1111.0,785.0
RAW_MATERIAL_0472,Palter Feedstock - Tianjin,RAW_MATERIAL,China,Substrate resin,0,0,0.0,0.0,0,326,638.0,1111.0,583.0,0.0,0.00033859838686023147,4.0,583.0,257.0
RAW_MATERIAL_0473,Quarn Resources - Johannesburg,RAW_MATERIAL,Rest of World,Bulk chemical,0,0,0.0,0.0,0,326,1211.0,1111.0,1111.0,0.0,0.00019730599461302776,1.0,1111.0,785.0
RAW_MATERIAL_0474,Doran Resources - Xi'an,RAW_MATERIAL,China,Silicon feedstock,0,0,0.0,0.0,0,326,407.0,1111.0,339.0,0.0,0.000494850142952737,7.0,339.0,13.0
RAW_MATERIAL_0475,Rivet Feedstock - Dalian,RAW_MATERIAL,China,Copper,2,0,0.0,0.0,1,326,348.0,1111.0,99.0,0.0,0.0010513930060785923,8.0,99.0,-227.0
RAW_MATERIAL_0476,Nevin Resources - Antofagasta 2,RAW_MATERIAL,Rest of World,Crude industrial gas,0,0,0.0,0.0,0,326,975.0,1111.0,601.0,0.0,0.00032960051887527314,2.0,601.0,275.0
RAW_MATERIAL_0477,Lumen Resources - Crolles,RAW_MATERIAL,Europe,Bulk chemical,0,0,0.0,0.0,0,326,1533.0,1111.0,1533.0,0.0,0.00011220655257570476,0.0,1111.0,785.0
RAW_MATERIAL_0478,Yarrow Resources - Antofagasta,RAW_MATERIAL,Rest of World,Gold,0,0,0.0,0.0,0,326,1211.0,1111.0,1022.0,0.0,0.00021544194127671955,1.0,1022.0,696.0
RAW_MATERIAL_0479,Kestrel Resources - Malta,RAW_MATERIAL,North America,Crude industrial gas,0,0,0.0,0.0,0,326,638.0,1111.0,580.0,0.0,0.0003398594071532589,4.0,580.0,254.0
RAW_MATERIAL_0480,Verity Resources - Wuxi,RAW_MATERIAL,China,Substrate resin,0,0,0.0,0.0,0,326,1533.0,1111.0,1533.0,0.0,0.00011220655257570476,0.0,1111.0,785.0
RAW_MATERIAL_0481,Granth Resources - Penang,RAW_MATERIAL,Southeast Asia,Substrate resin,1,0,0.0,0.0,1,326,638.0,1111.0,554.0,0.0,0.00034794000264534437,4.0,554.0,228.0
RAW_MATERIAL_0482,Rivet Minerals - Batangas,RAW_MATERIAL,Southeast Asia,Bulk chemical,0,0,0.0,0.0,0,326,1211.0,1111.0,1010.0,0.0,0.00021790895871138619,1.0,1010.0,684.0
RAW_MATERIAL_0483,Thorne Extraction - Penang,RAW_MATERIAL,Southeast Asia,Copper,0,0,0.0,0.0,0,326,975.0,1111.0,413.0,0.0,0.00044143430737654966,2.0,413.0,87.0
RAW_MATERIAL_0484,Ystad Extraction - Chengdu,RAW_MATERIAL,China,Bulk chemical,0,0,0.0,0.0,0,326,1211.0,1111.0,893.0,0.0,0.0002417271497347069,1.0,893.0,567.0
RAW_MATERIAL_0485,Wexler Feedstock - Sanand,RAW_MATERIAL,South Asia,Copper,0,0,0.0,0.0,0,326,457.0,1111.0,201.0,0.0,0.0006945820552883024,6.0,201.0,-125.0
RAW_MATERIAL_0486,Ivex Feedstock - Antofagasta,RAW_MATERIAL,Rest of World,Bulk chemical,0,0,0.0,0.0,0,326,1533.0,1111.0,1533.0,0.0,0.00011220655257570476,0.0,1111.0,785.0
RAW_MATERIAL_0487,Kestrel Minerals - Kolwezi,RAW_MATERIAL,Rest of World,Silicon feedstock,0,0,0.0,0.0,0,326,1533.0,1111.0,1533.0,0.0,0.00011220655257570476,0.0,1111.0,785.0
RAW_MATERIAL_0488,Trellis Feedstock - Dresden,RAW_MATERIAL,Europe,Bulk chemical,0,0,0.0,0.0,0,326,1533.0,1111.0,1533.0,0.0,0.00011220655257570476,0.0,1111.0,785.0
RAW_MATERIAL_0489,Doran Extraction - Batangas,RAW_MATERIAL,Southeast Asia,Silicon feedstock,0,0,0.0,0.0,0,326,774.0,1111.0,433.0,0.0,0.00042554804110551454,3.0,433.0,107.0
RAW_MATERIAL_0491,Calder Resources - Hillsboro,RAW_MATERIAL,North America,Copper,0,0,0.0,0.0,0,326,1533.0,1111.0,1533.0,0.0,0.00011220655257570476,0.0,1111.0,785.0
RAW_MATERIAL_0492,Cortex Resources - Dresden,RAW_MATERIAL,Europe,Bulk chemical,0,0,0.0,0.0,0,326,774.0,1111.0,876.0,0.0,0.0002463121572835072,3.0,774.0,448.0
RAW_MATERIAL_0493,Belan Minerals - Sanand,RAW_MATERIAL,South Asia,Crude industrial gas,0,0,0.0,0.0,0,326,1533.0,1111.0,1533.0,0.0,0.00011220655257570476,0.0,1111.0,785.0
RAW_MATERIAL_0495,Zephyr Feedstock - Austin,RAW_MATERIAL,North America,Bulk chemical,0,0,0.0,0.0,0,326,1211.0,1111.0,1042.0,0.0,0.0002098616499955836,1.0,1042.0,716.0
RAW_MATERIAL_0496,Umber Resources - Belo Horizonte,RAW_MATERIAL,Rest of World,Crude industrial gas,0,0,0.0,0.0,0,326,1533.0,1111.0,1533.0,0.0,0.00011220655257570476,0.0,1111.0,785.0
RAW_MATERIAL_0497,Wend Resources - Perth 2,RAW_MATERIAL,Rest of World,Silicon feedstock,0,0,0.0,0.0,0,326,1211.0,1111.0,1276.0,0.0,0.00016091489380120607,1.0,1111.0,785.0
RAW_MATERIAL_0498,Yarrow Extraction - Hwaseong,RAW_MATERIAL,Korea,Substrate resin,0,0,0.0,0.0,0,326,457.0,1111.0,473.0,0.0,0.00039674552138589127,6.0,457.0,131.0
RAW_MATERIAL_0499,Stade Minerals - Perth,RAW_MATERIAL,Rest of World,Bulk chemical,0,0,0.0,0.0,0,326,1211.0,1111.0,974.0,0.0,0.0002252074510187074,1.0,974.0,648.0
RAW_MATERIAL_0500,Xanthe Extraction - Sanand,RAW_MATERIAL,South Asia,Copper,0,0,0.0,0.0,0,326,1211.0,1111.0,869.0,0.0,0.0002473670063229695,1.0,869.0,543.0
RAW_MATERIAL_0501,Elstow Resources - Shanghai,RAW_MATERIAL,China,Bulk chemical,0,0,0.0,0.0,0,326,213.0,1111.0,79.0,0.0,0.0011849742763290086,12.0,79.0,-247.0
RAW_MATERIAL_0502,Halcy Minerals - Penang,RAW_MATERIAL,Southeast Asia,Rare earth elements,6,0,0.0,0.0,3,326,975.0,1111.0,584.0,0.0,0.00033764194645289264,2.0,584.0,258.0
RAW_MATERIAL_0503,Palter Resources - Hillsboro,RAW_MATERIAL,North America,Crude industrial gas,0,0,0.0,0.0,0,326,1533.0,1111.0,1533.0,0.0,0.00011220655257570476,0.0,1111.0,785.0
RAW_MATERIAL_0504,Noral Minerals - Tianjin 2,RAW_MATERIAL,China,Crude industrial gas,0,0,0.0,0.0,0,326,549.0,1111.0,302.0,0.0,0.0005255668511588228,5.0,302.0,-24.0
RAW_MATERIAL_0505,Mervi Feedstock - Kolwezi 2,RAW_MATERIAL,Rest of World,Bulk chemical,0,0,0.0,0.0,0,326,304.0,1111.0,145.0,0.0,0.0008329302630211421,9.0,145.0,-181.0
RAW_MATERIAL_0506,Brant Extraction - Penang,RAW_MATERIAL,Southeast Asia,Substrate resin,2,0,0.0,0.0,2,326,457.0,1111.0,140.0,0.0,0.0008460595416074221,6.0,140.0,-186.0
RAW_MATERIAL_0507,Kestrel Feedstock - Leixlip,RAW_MATERIAL,Europe,Silicon feedstock,0,0,0.0,0.0,0,326,1533.0,1111.0,1533.0,0.0,0.00011220655257570476,0.0,1111.0,785.0
RAW_MATERIAL_0508,Ader Minerals - Batam,RAW_MATERIAL,Southeast Asia,Copper,1,0,0.0,0.0,1,326,457.0,1111.0,129.0,0.0,0.000868494474996221,6.0,129.0,-197.0
RAW_MATERIAL_0509,Rivet Minerals - Hillsboro,RAW_MATERIAL,North America,Copper,0,0,0.0,0.0,0,326,1533.0,1111.0,1533.0,0.0,0.00011220655257570476,0.0,1111.0,785.0
RAW_MATERIAL_0511,Ader Minerals - Dalian 2,RAW_MATERIAL,China,Crude industrial gas,0,0,0.0,0.0,0,326,1533.0,1111.0,1533.0,0.0,0.00011220655257570476,0.0,1111.0,785.0
RAW_MATERIAL_0512,Quarn Extraction - Wuxi 2,RAW_MATERIAL,China,Rare earth elements,1,0,0.0,0.0,1,326,1211.0,1111.0,939.0,0.0,0.00023143112359784728,1.0,939.0,613.0
RAW_MATERIAL_0513,Verity Extraction - Grenoble,RAW_MATERIAL,Europe,Bulk chemical,0,0,0.0,0.0,0,326,975.0,1111.0,973.0,0.0,0.0002253295662378114,2.0,973.0,647.0
RAW_MATERIAL_0514,Noral Extraction - Taoyuan,RAW_MATERIAL,Taiwan,Copper,0,0,0.0,0.0,0,326,975.0,1111.0,610.0,0.0,0.0003267749569230983,2.0,610.0,284.0
RAW_MATERIAL_0515,Renbeck Extraction - Hsinchu,RAW_MATERIAL,Taiwan,Crude industrial gas,0,0,0.0,0.0,0,326,457.0,1111.0,116.0,0.0,0.0009382448197697934,6.0,116.0,-210.0
RAW_MATERIAL_0516,Ivex Feedstock - Perth,RAW_MATERIAL,Rest of World,Crude industrial gas,0,0,0.0,0.0,0,326,1211.0,1111.0,1035.0,0.0,0.0002112567228158676,1.0,1035.0,709.0
RAW_MATERIAL_0517,Korrin Feedstock - Johannesburg 2,RAW_MATERIAL,Rest of World,Bulk chemical,0,0,0.0,0.0,0,326,1211.0,1111.0,974.0,0.0,0.0002252074510187074,1.0,974.0,648.0
RAW_MATERIAL_0518,Trellis Extraction - Antofagasta,RAW_MATERIAL,Rest of World,Crude industrial gas,0,0,0.0,0.0,0,326,1533.0,1111.0,1533.0,0.0,0.00011220655257570476,0.0,1111.0,785.0
RAW_MATERIAL_0519,Ivex Extraction - Pune,RAW_MATERIAL,South Asia,Substrate resin,0,0,0.0,0.0,0,326,1211.0,1111.0,1481.0,0.0,0.0001254874693953109,1.0,1111.0,785.0
REFINED_MATERIAL_0000,Calder Specialty - Shanghai,REFINED_MATERIAL,China,Silicon wafer,0,0,0.0,0.0,0,326,1533.0,1111.0,1533.0,0.0,0.00011220655257570476,0.0,1111.0,785.0
REFINED_MATERIAL_0001,Oxbow Advanced Materials - Hsinchu,REFINED_MATERIAL,Taiwan,Photoresist,2,0,0.0,0.0,1,326,457.0,795.0,1243.0,7.957378942871153e-05,0.00016882426798675993,6.0,457.0,131.0
REFINED_MATERIAL_0002,Holt Advanced Materials - Yokkaichi,REFINED_MATERIAL,Japan,Packaging substrate,0,0,0.0,0.0,0,326,638.0,639.0,1011.0,0.00015336217734025748,0.0002177881967108301,4.0,638.0,312.0
REFINED_MATERIAL_0003,Lethe Chemical - Yokkaichi,REFINED_MATERIAL,Japan,Bonding wire,0,0,0.0,0.0,0,326,1533.0,1111.0,1533.0,0.0,0.00011220655257570476,0.0,1111.0,785.0
REFINED_MATERIAL_0004,Palter Advanced Materials - Bangkok,REFINED_MATERIAL,Southeast Asia,Process gas,0,0,0.0,0.0,0,326,1533.0,1111.0,1533.0,0.0,0.00011220655257570476,0.0,1111.0,785.0
REFINED_MATERIAL_0005,Alder Materials - Taichung,REFINED_MATERIAL,Taiwan,Silicon wafer,3,0,0.0,0.0,1,326,267.0,756.0,1199.0,9.646592120538021e-05,0.00017764388219402273,10.0,267.0,-59.0
REFINED_MATERIAL_0006,Belan Chemical - Tainan,REFINED_MATERIAL,Taiwan,Bonding wire,0,0,0.0,0.0,0,326,549.0,950.0,560.0,3.0125005168264102e-05,0.00034520725538295934,5.0,549.0,223.0
REFINED_MATERIAL_0007,Gethin Chemical - Dalian,REFINED_MATERIAL,China,Silicon wafer,1,0,0.0,0.0,1,326,638.0,937.0,1411.0,3.242549048577695e-05,0.00013659851080384799,4.0,638.0,312.0
REFINED_MATERIAL_0008,Prendel Materials - Kaohsiung,REFINED_MATERIAL,Taiwan,Bonding wire,0,0,0.0,0.0,0,326,975.0,918.0,1292.0,3.819620254954482e-05,0.00015813023516991913,2.0,918.0,592.0
REFINED_MATERIAL_0009,Stade Materials - Nagano,REFINED_MATERIAL,Japan,Packaging substrate,0,0,0.0,0.0,0,326,1533.0,1111.0,1533.0,0.0,0.00011220655257570476,0.0,1111.0,785.0
REFINED_MATERIAL_0011,Xanthe Materials - Nagano,REFINED_MATERIAL,Japan,Silicon wafer,0,0,0.0,0.0,0,326,1533.0,1111.0,1533.0,0.0,0.00011220655257570476,0.0,1111.0,785.0
REFINED_MATERIAL_0012,Ember Advanced Materials - Bangkok,REFINED_MATERIAL,Southeast Asia,Photoresist,0,0,0.0,0.0,0,326,638.0,1082.0,1135.0,5.543265661409022e-06,0.00019383957092902168,4.0,638.0,312.0
REFINED_MATERIAL_0013,Halcy Materials - Yokkaichi,REFINED_MATERIAL,Japan,PCB laminate,0,0,0.0,0.0,0,326,407.0,169.0,169.0,0.0006339295290686027,0.0007697397923256495,7.0,169.0,-157.0
REFINED_MATERIAL_0014,Solvex Specialty - Kaohsiung,REFINED_MATERIAL,Taiwan,Silicon wafer,0,0,0.0,0.0,0,326,774.0,528.0,1151.0,0.00020930444286886715,0.0001886825592262175,3.0,528.0,202.0
REFINED_MATERIAL_0015,Quarn Specialty - Kumamoto,REFINED_MATERIAL,Japan,Process gas,0,0,0.0,0.0,0,326,234.0,222.0,182.0,0.0005233107807508901,0.0007385033381161593,11.0,182.0,-144.0
REFINED_MATERIAL_0016,Wexler Advanced Materials - Grenoble,REFINED_MATERIAL,Europe,Photoresist,0,0,0.0,0.0,0,326,1211.0,543.0,1495.0,0.0002052412391466003,0.00012393348708472705,1.0,543.0,217.0
REFINED_MATERIAL_0017,Rivet Specialty - Wuxi,REFINED_MATERIAL,China,Packaging substrate,1,0,0.0,0.0,1,326,774.0,581.0,1147.0,0.00018486155298226938,0.0001906140251667657,3.0,581.0,255.0
REFINED_MATERIAL_0018,Ivex Materials - Batam,REFINED_MATERIAL,Southeast Asia,Packaging substrate,0,0,0.0,0.0,0,326,1533.0,1111.0,1533.0,0.0,0.00011220655257570476,0.0,1111.0,785.0
REFINED_MATERIAL_0019,Isar Advanced Materials - Hiroshima,REFINED_MATERIAL,Japan,Process gas,0,0,0.0,0.0,0,326,1533.0,1111.0,1533.0,0.0,0.00011220655257570476,0.0,1111.0,785.0
REFINED_MATERIAL_0020,Zephyr Specialty - Yokkaichi,REFINED_MATERIAL,Japan,PCB laminate,2,0,0.0,0.0,1,326,304.0,108.0,130.0,0.0009039817246443444,0.000867373299481414,9.0,108.0,-218.0
REFINED_MATERIAL_0021,Palter Materials - Hsinchu,REFINED_MATERIAL,Taiwan,Silicon wafer,0,0,0.0,0.0,0,326,638.0,978.0,1436.0,2.55617217423445e-05,0.0001311372837994779,4.0,638.0,312.0
REFINED_MATERIAL_0022,Cortex Chemical - Nagano,REFINED_MATERIAL,Japan,Packaging substrate,3,0,0.0,0.0,2,326,638.0,802.0,1099.0,7.657469449098457e-05,0.0001997643264307022,4.0,638.0,312.0
REFINED_MATERIAL_0023,Nevin Specialty - Kumamoto,REFINED_MATERIAL,Japan,CMP slurry,0,0,0.0,0.0,0,326,638.0,689.0,1307.0,0.00012327864133834384,0.00015534181943957105,4.0,638.0,312.0
REFINED_MATERIAL_0024,Doran Advanced Materials - Bangkok,REFINED_MATERIAL,Southeast Asia,Bonding wire,0,0,0.0,0.0,0,326,774.0,858.0,1144.0,5.794813002465567e-05,0.0001914370809435935,3.0,774.0,448.0
REFINED_MATERIAL_0027,Trellis Advanced Materials - Kumamoto,REFINED_MATERIAL,Japan,Packaging substrate,0,0,0.0,0.0,0,326,1533.0,1111.0,1533.0,0.0,0.00011220655257570476,0.0,1111.0,785.0
REFINED_MATERIAL_0029,Ader Specialty - Hwaseong,REFINED_MATERIAL,Korea,Silicon wafer,0,0,0.0,0.0,0,326,1211.0,821.0,1529.0,7.075806667945052e-05,0.00011597996255875384,1.0,821.0,495.0
REFINED_MATERIAL_0030,Holt Advanced Materials - Shenzhen,REFINED_MATERIAL,China,Bonding wire,0,0,0.0,0.0,0,326,73.0,399.0,144.0,0.00029792240967586804,0.0008358822459331116,27.0,73.0,-253.0
REFINED_MATERIAL_0031,Yarrow Materials - Ottawa,REFINED_MATERIAL,North America,Photoresist,0,0,0.0,0.0,0,326,1211.0,1068.0,1523.0,7.61251820513868e-06,0.00011816621387555925,1.0,1068.0,742.0
REFINED_MATERIAL_0032,Nevin Advanced Materials - Hillsboro,REFINED_MATERIAL,North America,Process gas,0,0,0.0,0.0,0,326,457.0,492.0,770.0,0.0002279648390907251,0.0002723971518937824,6.0,457.0,131.0
REFINED_MATERIAL_0033,Holt Advanced Materials - Bac Ninh,REFINED_MATERIAL,Southeast Asia,PCB laminate,0,0,0.0,0.0,0,326,1211.0,851.0,819.0,6.0645707594387034e-05,0.00026031504451198243,1.0,819.0,493.0
REFINED_MATERIAL_0034,Verity Chemical - Hillsboro,REFINED_MATERIAL,North America,Process gas,0,0,0.0,0.0,0,326,1533.0,1111.0,1533.0,0.0,0.00011220655257570476,0.0,1111.0,785.0
REFINED_MATERIAL_0035,Nevin Chemical - Tianjin,REFINED_MATERIAL,China,Process gas,1,0,0.0,0.0,1,326,304.0,444.0,468.0,0.0002578869393509728,0.0004001523829942798,9.0,304.0,-22.0
REFINED_MATERIAL_0036,Stade Chemical - Taichung,REFINED_MATERIAL,Taiwan,PCB laminate,1,0,0.0,0.0,1,326,213.0,66.0,128.0,0.0012682378287391589,0.0008781164672583307,12.0,66.0,-260.0
REFINED_MATERIAL_0037,Ystad Materials - Hiroshima,REFINED_MATERIAL,Japan,PCB laminate,1,0,0.0,0.0,1,326,638.0,332.0,275.0,0.0003714307257568197,0.0005622831489209266,4.0,275.0,-51.0
REFINED_MATERIAL_0038,Vantor Materials - Yokkaichi,REFINED_MATERIAL,Japan,PCB laminate,0,0,0.0,0.0,0,326,1533.0,1111.0,1533.0,0.0,0.00011220655257570476,0.0,1111.0,785.0
REFINED_MATERIAL_0039,Nevin Advanced Materials - Bac Ninh,REFINED_MATERIAL,Southeast Asia,PCB laminate,1,0,0.0,0.0,1,326,267.0,73.0,156.0,0.0012027080332263607,0.0007924735410689662,10.0,73.0,-253.0
REFINED_MATERIAL_0040,Alder Chemical - Grenoble,REFINED_MATERIAL,Europe,Photoresist,0,0,0.0,0.0,0,326,1211.0,1069.0,1361.0,7.484613054606972e-06,0.00014577493846942228,1.0,1069.0,743.0
REFINED_MATERIAL_0041,Granth Chemical - Austin,REFINED_MATERIAL,North America,Process gas,0,0,0.0,0.0,0,326,457.0,840.0,857.0,6.45718031335893e-05,0.00024994074114312634,6.0,457.0,131.0
REFINED_MATERIAL_0042,Rivet Materials - Dalian,REFINED_MATERIAL,China,PCB laminate,1,0,0.0,0.0,1,326,76.0,394.0,93.0,0.0003037150838912935,0.001092491365569935,26.0,76.0,-250.0
REFINED_MATERIAL_0043,Brant Advanced Materials - Chandler,REFINED_MATERIAL,North America,Packaging substrate,2,0,0.0,0.0,1,326,549.0,716.0,844.0,0.00010986931897635701,0.00025344198621834237,5.0,549.0,223.0
REFINED_MATERIAL_0044,Ader Materials - Shenzhen,REFINED_MATERIAL,China,Packaging substrate,0,0,0.0,0.0,0,326,1211.0,990.0,1308.0,2.299773641404198e-05,0.00015476699166299846,1.0,990.0,664.0
REFINED_MATERIAL_0045,Belan Advanced Materials - Pyeongtaek,REFINED_MATERIAL,Korea,Packaging substrate,0,0,0.0,0.0,0,326,975.0,605.0,1484.0,0.0001693334635095255,0.00012523553988204905,2.0,605.0,279.0
REFINED_MATERIAL_0046,Prendel Advanced Materials - Villach,REFINED_MATERIAL,Europe,Silicon wafer,0,0,0.0,0.0,0,326,1533.0,1111.0,1533.0,0.0,0.00011220655257570476,0.0,1111.0,785.0
REFINED_MATERIAL_0048,Ivex Advanced Materials - Shanghai,REFINED_MATERIAL,China,Silicon wafer,1,0,0.0,0.0,1,326,1211.0,1045.0,1530.0,1.188066762801431e-05,0.00011456119523770757,1.0,1045.0,719.0
REFINED_MATERIAL_0049,Ulvid Advanced Materials - Crolles,REFINED_MATERIAL,Europe,PCB laminate,0,0,0.0,0.0,0,326,267.0,537.0,269.0,0.00020680311187925402,0.0005737184675007351,10.0,267.0,-59.0
REFINED_MATERIAL_0050,Holt Chemical - Chengdu,REFINED_MATERIAL,China,Silicon wafer,0,0,0.0,0.0,0,326,549.0,735.0,1300.0,0.00010303943338629937,0.00015659206438125634,5.0,549.0,223.0
REFINED_MATERIAL_0051,Ferrin Chemical - Pyeongtaek,REFINED_MATERIAL,Korea,Packaging substrate,0,0,0.0,0.0,0,326,1533.0,1111.0,1533.0,0.0,0.00011220655257570476,0.0,1111.0,785.0
REFINED_MATERIAL_0052,Halcy Advanced Materials - Kitakyushu,REFINED_MATERIAL,Japan,Silicon wafer,0,0,0.0,0.0,0,326,975.0,567.0,1420.0,0.00019512487974838107,0.00013402507695000552,2.0,567.0,241.0
REFINED_MATERIAL_0053,Wexler Advanced Materials - Austin,REFINED_MATERIAL,North America,Silicon wafer,0,0,0.0,0.0,0,326,1533.0,1111.0,1533.0,0.0,0.00011220655257570476,0.0,1111.0,785.0
REFINED_MATERIAL_0054,Solvex Advanced Materials - Taichung,REFINED_MATERIAL,Taiwan,Packaging substrate,0,0,0.0,0.0,0,326,774.0,776.0,1194.0,8.658395387527428e-05,0.00017829530336966823,3.0,774.0,448.0
REFINED_MATERIAL_0055,Korrin Chemical - Batam,REFINED_MATERIAL,Southeast Asia,Packaging substrate,0,0,0.0,0.0,0,326,407.0,780.0,636.0,8.553277943636068e-05,0.000318376057320408,7.0,407.0,81.0
REFINED_MATERIAL_0056,Isar Specialty - Tainan,REFINED_MATERIAL,Taiwan,Process gas,0,0,0.0,0.0,0,326,234.0,228.0,696.0,0.0005177593563077826,0.00029453547681187943,11.0,228.0,-98.0
REFINED_MATERIAL_0057,Isar Advanced Materials - Kumamoto,REFINED_MATERIAL,Japan,Bonding wire,0,0,0.0,0.0,0,326,774.0,816.0,1202.0,7.12480264069107e-05,0.00017660865599449185,3.0,774.0,448.0
REFINED_MATERIAL_0058,Granth Advanced Materials - Kaohsiung,REFINED_MATERIAL,Taiwan,Photoresist,0,0,0.0,0.0,0,326,975.0,1036.0,1400.0,1.460015925622791e-05,0.00013844085512474565,2.0,975.0,649.0
REFINED_MATERIAL_0059,Jarn Chemical - Austin,REFINED_MATERIAL,North America,Packaging substrate,0,0,0.0,0.0,0,326,1211.0,1049.0,1512.0,1.1267455988105292e-05,0.00011931322774594237,1.0,1049.0,723.0
REFINED_MATERIAL_0060,Solvex Specialty - Shenzhen,REFINED_MATERIAL,China,Bonding wire,0,0,0.0,0.0,0,326,304.0,883.0,576.0,5.049428383951447e-05,0.00034108510930517546,9.0,304.0,-22.0
REFINED_MATERIAL_0061,Zephyr Advanced Materials - Kaohsiung,REFINED_MATERIAL,Taiwan,PCB laminate,0,0,0.0,0.0,0,326,348.0,343.0,151.0,0.0003589065357455049,0.0008090036036114636,8.0,151.0,-175.0
REFINED_MATERIAL_0062,Ulvid Specialty - Yokkaichi,REFINED_MATERIAL,Japan,CMP slurry,0,0,0.0,0.0,0,326,1211.0,1085.0,1510.0,4.791883399720052e-06,0.0001199333336187211,1.0,1085.0,759.0
REFINED_MATERIAL_0063,Cortex Specialty - Nagano,REFINED_MATERIAL,Japan,Photoresist,0,0,0.0,0.0,0,326,1533.0,1111.0,1533.0,0.0,0.00011220655257570476,0.0,1111.0,785.0
REFINED_MATERIAL_0064,Solvex Specialty - Kitakyushu,REFINED_MATERIAL,Japan,Packaging substrate,0,0,0.0,0.0,0,326,1211.0,427.0,1249.0,0.0002743402334526317,0.00016756959296383389,1.0,427.0,101.0
REFINED_MATERIAL_0065,Holt Chemical - Hwaseong,REFINED_MATERIAL,Korea,Packaging substrate,2,0,0.0,0.0,1,326,234.0,248.0,421.0,0.0004934224410356891,0.0004327525687751638,11.0,234.0,-92.0
REFINED_MATERIAL_0066,Orvid Chemical - Crolles,REFINED_MATERIAL,Europe,Process gas,0,0,0.0,0.0,0,326,774.0,859.0,1309.0,5.727001925251212e-05,0.00015464353391512553,3.0,774.0,448.0
REFINED_MATERIAL_0068,Ader Advanced Materials - Austin,REFINED_MATERIAL,North America,Photoresist,1,0,0.0,0.0,1,326,774.0,398.0,1480.0,0.0002979700782764942,0.0001254953314116545,3.0,398.0,72.0
REFINED_MATERIAL_0069,Cortex Specialty - Hsinchu,REFINED_MATERIAL,Taiwan,Photoresist,5,0,0.0,0.0,2,326,304.0,752.0,1026.0,9.697896413814271e-05,0.00021483078459510254,9.0,304.0,-22.0
REFINED_MATERIAL_0070,Ulvid Advanced Materials - Hwaseong,REFINED_MATERIAL,Korea,Silicon wafer,0,0,0.0,0.0,0,326,975.0,885.0,1465.0,4.972821942719368e-05,0.00012803023742971026,2.0,885.0,559.0
REFINED_MATERIAL_0071,Quill Materials - Taoyuan,REFINED_MATERIAL,Taiwan,Bonding wire,2,0,0.0,0.0,2,326,132.0,305.0,324.0,0.00041247849527329897,0.0005083933597498287,17.0,132.0,-194.0
REFINED_MATERIAL_0072,Elstow Materials - Hwaseong,REFINED_MATERIAL,Korea,CMP slurry,2,0,0.0,0.0,2,326,1211.0,1043.0,1504.0,1.2472923529042976e-05,0.00012151396574185507,1.0,1043.0,717.0
REFINED_MATERIAL_0073,Jorel Advanced Materials - Yokkaichi,REFINED_MATERIAL,Japan,Process gas,0,0,0.0,0.0,0,326,549.0,785.0,1060.0,8.370855014478931e-05,0.00020651057774186173,5.0,549.0,223.0
REFINED_MATERIAL_0074,Ader Specialty - Xi'an,REFINED_MATERIAL,China,Bonding wire,0,0,0.0,0.0,0,326,1533.0,1111.0,1533.0,0.0,0.00011220655257570476,0.0,1111.0,785.0
REFINED_MATERIAL_0075,Mordant Chemical - Yokkaichi,REFINED_MATERIAL,Japan,Photoresist,0,0,0.0,0.0,0,326,1533.0,1111.0,1533.0,0.0,0.00011220655257570476,0.0,1111.0,785.0
REFINED_MATERIAL_0076,Zephyr Specialty - Eindhoven,REFINED_MATERIAL,Europe,Silicon wafer,0,0,0.0,0.0,0,326,1533.0,1111.0,1533.0,0.0,0.00011220655257570476,0.0,1111.0,785.0
REFINED_MATERIAL_0078,Quill Advanced Materials - Sendai,REFINED_MATERIAL,Japan,Packaging substrate,3,0,0.0,0.0,1,326,407.0,364.0,762.0,0.0003306277360596427,0.00027398508115237673,7.0,364.0,38.0
REFINED_MATERIAL_0079,Kestrel Materials - Leixlip,REFINED_MATERIAL,Europe,Packaging substrate,3,0,0.0,0.0,2,326,549.0,302.0,674.0,0.0004198501751624074,0.0003016422748253491,5.0,302.0,-24.0
REFINED_MATERIAL_0080,Wend Materials - Tainan,REFINED_MATERIAL,Taiwan,Photoresist,7,0,0.0,0.0,2,326,157.0,1004.0,536.0,2.148907027613974e-05,0.00035653815335847907,15.0,157.0,-169.0
REFINED_MATERIAL_0081,Yarrow Materials - Tianjin,REFINED_MATERIAL,China,Bonding wire,0,0,0.0,0.0,0,326,407.0,754.0,810.0,9.669828373184497e-05,0.00026237633381336295,7.0,407.0,81.0
REFINED_MATERIAL_0082,Ferrin Materials - Dresden,REFINED_MATERIAL,Europe,CMP slurry,0,0,0.0,0.0,0,326,1211.0,1025.0,1466.0,1.7392067305885765e-05,0.0001279541503449633,1.0,1025.0,699.0
REFINED_MATERIAL_0083,Stade Specialty - Kumamoto,REFINED_MATERIAL,Japan,Packaging substrate,0,0,0.0,0.0,0,326,638.0,557.0,1031.0,0.00019978518940611908,0.00021197700048820493,4.0,557.0,231.0
REFINED_MATERIAL_0084,Halcy Advanced Materials - Pyeongtaek,REFINED_MATERIAL,Korea,Packaging substrate,2,0,0.0,0.0,2,326,774.0,456.0,1133.0,0.0002484978121693748,0.00019400288917742486,3.0,456.0,130.0
REFINED_MATERIAL_0085,Ystad Specialty - Kumamoto,REFINED_MATERIAL,Japan,Silicon wafer,0,0,0.0,0.0,0,326,1211.0,1015.0,1470.0,1.925419361377831e-05,0.00012701475527248775,1.0,1015.0,689.0
REFINED_MATERIAL_0086,Ember Advanced Materials - Kitakyushu,REFINED_MATERIAL,Japan,Packaging substrate,2,0,0.0,0.0,2,326,457.0,736.0,742.0,0.00010187312305906579,0.0002809939309998779,6.0,457.0,131.0
REFINED_MATERIAL_0088,Vantor Chemical - Shanghai,REFINED_MATERIAL,China,Process gas,0,0,0.0,0.0,0,326,1211.0,804.0,1326.0,7.627000297202363e-05,0.00015209954330197543,1.0,804.0,478.0
REFINED_MATERIAL_0089,Faryn Materials - Pyeongtaek,REFINED_MATERIAL,Korea,Packaging substrate,0,0,0.0,0.0,0,326,774.0,603.0,982.0,0.00017019857139456102,0.00022514531068015825,3.0,603.0,277.0
REFINED_MATERIAL_0091,Quill Advanced Materials - Xi'an,REFINED_MATERIAL,China,Packaging substrate,0,0,0.0,0.0,0,326,1533.0,1111.0,1533.0,0.0,0.00011220655257570476,0.0,1111.0,785.0
REFINED_MATERIAL_0093,Vantor Materials - Kaohsiung,REFINED_MATERIAL,Taiwan,Photoresist,0,0,0.0,0.0,0,326,1211.0,1091.0,1532.0,4.097118387538803e-06,0.00011338876195964977,1.0,1091.0,765.0
REFINED_MATERIAL_0094,Solvex Chemical - Shenzhen,REFINED_MATERIAL,China,Silicon wafer,0,0,0.0,0.0,0,326,774.0,1092.0,1390.0,4.064747219160979e-06,0.00014063556951899654,3.0,774.0,448.0
REFINED_MATERIAL_0095,Prendel Materials - Yokkaichi,REFINED_MATERIAL,Japan,Process gas,0,0,0.0,0.0,0,326,774.0,446.0,826.0,0.00025519072994193906,0.0002582612986190092,3.0,446.0,120.0
REFINED_MATERIAL_0096,Korrin Chemical - Kitakyushu,REFINED_MATERIAL,Japan,Bonding wire,0,0,0.0,0.0,0,326,1533.0,1111.0,1533.0,0.0,0.00011220655257570476,0.0,1111.0,785.0
REFINED_MATERIAL_0097,Jarn Materials - Shenzhen,REFINED_MATERIAL,China,Photoresist,0,0,0.0,0.0,0,326,549.0,517.0,1277.0,0.00021568593155799214,0.0001608933656982203,5.0,517.0,191.0
REFINED_MATERIAL_0098,Quill Chemical - Yokkaichi,REFINED_MATERIAL,Japan,Packaging substrate,0,0,0.0,0.0,0,326,1211.0,961.0,1522.0,2.8943331791852582e-05,0.00011836041034946903,1.0,961.0,635.0
REFINED_MATERIAL_0099,Prendel Advanced Materials - Sendai,REFINED_MATERIAL,Japan,Packaging substrate,0,0,0.0,0.0,0,326,1533.0,1111.0,1533.0,0.0,0.00011220655257570476,0.0,1111.0,785.0
REFINED_MATERIAL_0100,Doran Specialty - Icheon,REFINED_MATERIAL,Korea,PCB laminate,0,0,0.0,0.0,0,326,1533.0,1111.0,1533.0,0.0,0.00011220655257570476,0.0,1111.0,785.0
REFINED_MATERIAL_0101,Wend Specialty - Hsinchu,REFINED_MATERIAL,Taiwan,PCB laminate,0,0,0.0,0.0,0,326,549.0,489.0,300.0,0.00022948939914245375,0.0005275261792816738,5.0,300.0,-26.0
REFINED_MATERIAL_0102,Ystad Chemical - Nagano,REFINED_MATERIAL,Japan,Silicon wafer,1,0,0.0,0.0,1,326,975.0,430.0,1459.0,0.0002734771215982937,0.0001283789133063979,2.0,430.0,104.0
REFINED_MATERIAL_0103,Holt Materials - Wuxi,REFINED_MATERIAL,China,Packaging substrate,0,0,0.0,0.0,0,326,774.0,992.0,917.0,2.2700282087474164e-05,0.00023758504520949393,3.0,774.0,448.0
REFINED_MATERIAL_0105,Quarn Materials - Sendai,REFINED_MATERIAL,Japan,PCB laminate,0,0,0.0,0.0,0,326,638.0,162.0,287.0,0.0006482653836418349,0.0005484651886379335,4.0,162.0,-164.0
REFINED_MATERIAL_0106,Belan Advanced Materials - Dresden,REFINED_MATERIAL,Europe,Packaging substrate,0,0,0.0,0.0,0,326,1211.0,1065.0,1524.0,8.379341294323517e-06,0.00011812503876423616,1.0,1065.0,739.0
REFINED_MATERIAL_0107,Quill Advanced Materials - Chengdu,REFINED_MATERIAL,China,PCB laminate,0,0,0.0,0.0,0,326,1533.0,1111.0,1533.0,0.0,0.00011220655257570476,0.0,1111.0,785.0
REFINED_MATERIAL_0108,Faryn Chemical - Gumi,REFINED_MATERIAL,Korea,Silicon wafer,0,0,0.0,0.0,0,326,457.0,864.0,1328.0,5.545904027729277e-05,0.00015154913777659364,6.0,457.0,131.0
REFINED_MATERIAL_0109,Belan Specialty - Guadalajara,REFINED_MATERIAL,North America,PCB laminate,0,0,0.0,0.0,0,326,975.0,986.0,1437.0,2.436708775620953e-05,0.0001310866006260331,2.0,975.0,649.0
REFINED_MATERIAL_0110,Ader Chemical - Chengdu,REFINED_MATERIAL,China,Packaging substrate,0,0,0.0,0.0,0,326,975.0,783.0,1223.0,8.447506331508755e-05,0.00017321822864520316,2.0,783.0,457.0
REFINED_MATERIAL_0111,Belan Specialty - Shenzhen,REFINED_MATERIAL,China,Packaging substrate,0,0,0.0,0.0,0,326,638.0,632.0,523.0,0.0001563057658304458,0.00036076156058696516,4.0,523.0,197.0
REFINED_MATERIAL_0112,Vantor Specialty - Grenoble,REFINED_MATERIAL,Europe,Silicon wafer,0,0,0.0,0.0,0,326,1533.0,1111.0,1533.0,0.0,0.00011220655257570476,0.0,1111.0,785.0
REFINED_MATERIAL_0114,Yarrow Chemical - Grenoble,REFINED_MATERIAL,Europe,Silicon wafer,0,0,0.0,0.0,0,326,1211.0,607.0,1525.0,0.0001685966955182252,0.0001170523004921697,1.0,607.0,281.0
REFINED_MATERIAL_0115,Halcy Chemical - Tainan,REFINED_MATERIAL,Taiwan,Photoresist,11,0,0.0,0.0,2,326,101.0,817.0,511.0,7.116822281624742e-05,0.0003695985624052197,20.0,101.0,-225.0
REFINED_MATERIAL_0117,Gethin Materials - Chandler,REFINED_MATERIAL,North America,PCB laminate,2,0,0.0,0.0,1,326,157.0,303.0,233.0,0.00041882756767771336,0.0006302915395254949,15.0,157.0,-169.0
REFINED_MATERIAL_0118,Brant Chemical - Gumi,REFINED_MATERIAL,Korea,PCB laminate,0,0,0.0,0.0,0,326,457.0,109.0,210.0,0.0009028116878529001,0.0006626394136597514,6.0,109.0,-217.0
REFINED_MATERIAL_0120,Ulvid Materials - Sendai,REFINED_MATERIAL,Japan,CMP slurry,15,0,0.0,0.0,3,326,175.0,418.0,1076.0,0.00028012407670576693,0.00020315189673286312,14.0,175.0,-151.0
REFINED_MATERIAL_0121,Ulvid Specialty - Batam,REFINED_MATERIAL,Southeast Asia,Process gas,3,0,0.0,0.0,2,326,549.0,426.0,479.0,0.0002745474799753843,0.0003900025494699224,5.0,426.0,100.0
REFINED_MATERIAL_0122,Quarn Specialty - Yokkaichi,REFINED_MATERIAL,Japan,Silicon wafer,1,0,0.0,0.0,1,326,407.0,1022.0,1153.0,1.75470795532551e-05,0.00018834175852974516,7.0,407.0,81.0
REFINED_MATERIAL_0123,Elstow Specialty - Kumamoto,REFINED_MATERIAL,Japan,PCB laminate,0,0,0.0,0.0,0,326,1533.0,1111.0,1533.0,0.0,0.00011220655257570476,0.0,1111.0,785.0
REFINED_MATERIAL_0124,Ember Advanced Materials - Grenoble,REFINED_MATERIAL,Europe,Photoresist,5,0,0.0,0.0,2,326,457.0,717.0,646.0,0.00010943414605387598,0.0003135053246708795,6.0,457.0,131.0
REFINED_MATERIAL_0125,Palter Materials - Villach,REFINED_MATERIAL,Europe,PCB laminate,0,0,0.0,0.0,0,326,975.0,748.0,868.0,9.781259216155619e-05,0.00024799638403855606,2.0,748.0,422.0
REFINED_MATERIAL_0126,Palter Materials - Icheon,REFINED_MATERIAL,Korea,Bonding wire,0,0,0.0,0.0,0,326,1533.0,1111.0,1533.0,0.0,0.00011220655257570476,0.0,1111.0,785.0
REFINED_MATERIAL_0129,Faryn Chemical - Yokkaichi,REFINED_MATERIAL,Japan,Photoresist,0,0,0.0,0.0,0,326,1533.0,1111.0,1533.0,0.0,0.00011220655257570476,0.0,1111.0,785.0
REFINED_MATERIAL_0130,Granth Materials - Sendai,REFINED_MATERIAL,Japan,PCB laminate,0,0,0.0,0.0,0,326,304.0,237.0,146.0,0.0005068614914529576,0.0008279378316285488,9.0,146.0,-180.0
REFINED_MATERIAL_0131,Ystad Specialty - Singapore,REFINED_MATERIAL,Southeast Asia,Packaging substrate,0,0,0.0,0.0,0,326,774.0,601.0,1140.0,0.0001719503838625251,0.00019239652076809662,3.0,601.0,275.0
REFINED_MATERIAL_0132,Faryn Materials - Guadalajara,REFINED_MATERIAL,North America,Photoresist,0,0,0.0,0.0,0,326,1533.0,1111.0,1533.0,0.0,0.00011220655257570476,0.0,1111.0,785.0
REFINED_MATERIAL_0133,Oxbow Advanced Materials - Pune,REFINED_MATERIAL,South Asia,Silicon wafer,0,0,0.0,0.0,0,326,1533.0,1111.0,1533.0,0.0,0.00011220655257570476,0.0,1111.0,785.0
REFINED_MATERIAL_0134,Korrin Chemical - Austin,REFINED_MATERIAL,North America,Process gas,0,0,0.0,0.0,0,326,1211.0,1006.0,1259.0,2.1262212578980823e-05,0.00016598378961186266,1.0,1006.0,680.0
REFINED_MATERIAL_0135,Lethe Materials - Taoyuan,REFINED_MATERIAL,Taiwan,Packaging substrate,0,0,0.0,0.0,0,326,774.0,987.0,1002.0,2.400322646697693e-05,0.00021981163026150898,3.0,774.0,448.0
REFINED_MATERIAL_0136,Palter Materials - Yokkaichi,REFINED_MATERIAL,Japan,Bonding wire,0,0,0.0,0.0,0,326,1211.0,1017.0,1438.0,1.867845590507164e-05,0.0001310763435094211,1.0,1017.0,691.0
REFINED_MATERIAL_0137,Xanthe Specialty - Shenzhen,REFINED_MATERIAL,China,Bonding wire,0,0,0.0,0.0,0,326,774.0,869.0,981.0,5.3341102835401635e-05,0.0002251689115178476,3.0,774.0,448.0
REFINED_MATERIAL_0138,Vantor Materials - Bangkok,REFINED_MATERIAL,Southeast Asia,Photoresist,0,0,0.0,0.0,0,326,774.0,960.0,1378.0,2.8991410881633066e-05,0.0001433463700252417,3.0,774.0,448.0
REFINED_MATERIAL_0140,Lethe Materials - Sendai,REFINED_MATERIAL,Japan,Silicon wafer,0,0,0.0,0.0,0,326,1533.0,1111.0,1533.0,0.0,0.00011220655257570476,0.0,1111.0,785.0
REFINED_MATERIAL_0141,Mervi Chemical - Batangas,REFINED_MATERIAL,Southeast Asia,Bonding wire,0,0,0.0,0.0,0,326,975.0,964.0,1219.0,2.8632598814101606e-05,0.0001741478723947202,2.0,964.0,638.0
REFINED_MATERIAL_0142,Noral Materials - Kitakyushu,REFINED_MATERIAL,Japan,Silicon wafer,0,0,0.0,0.0,0,326,1533.0,1111.0,1533.0,0.0,0.00011220655257570476,0.0,1111.0,785.0
REFINED_MATERIAL_0143,Stade Chemical - Nagano,REFINED_MATERIAL,Japan,Silicon wafer,0,0,0.0,0.0,0,326,1533.0,1111.0,1533.0,0.0,0.00011220655257570476,0.0,1111.0,785.0
REFINED_MATERIAL_0144,Wend Advanced Materials - Icheon,REFINED_MATERIAL,Korea,Bonding wire,0,0,0.0,0.0,0,326,1211.0,980.0,1357.0,2.5339842109457452e-05,0.00014704308968410416,1.0,980.0,654.0
REFINED_MATERIAL_0145,Yarrow Materials - Cheongju,REFINED_MATERIAL,Korea,Packaging substrate,0,0,0.0,0.0,0,326,549.0,988.0,935.0,2.379217493166171e-05,0.00023253764811773044,5.0,549.0,223.0
REFINED_MATERIAL_0146,Alder Materials - Taoyuan,REFINED_MATERIAL,Taiwan,PCB laminate,0,0,0.0,0.0,0,326,1211.0,1040.0,1318.0,1.3126360070902027e-05,0.00015368600519633603,1.0,1040.0,714.0
REFINED_MATERIAL_0147,Belan Advanced Materials - Singapore,REFINED_MATERIAL,Southeast Asia,Silicon wafer,0,0,0.0,0.0,0,326,774.0,1084.0,1260.0,5.09602599583169e-06,0.0001657745414913214,3.0,774.0,448.0
REFINED_MATERIAL_0148,Mordant Specialty - Hiroshima,REFINED_MATERIAL,Japan,Silicon wafer,1,0,0.0,0.0,1,326,638.0,977.0,1375.0,2.5574645529843236e-05,0.00014387001319211923,4.0,638.0,312.0
REFINED_MATERIAL_0149,Wend Specialty - Taoyuan,REFINED_MATERIAL,Taiwan,PCB laminate,0,0,0.0,0.0,0,326,774.0,873.0,751.0,5.2641684437453124e-05,0.00027720145715693365,3.0,751.0,425.0
REFINED_MATERIAL_0150,Jarn Materials - Villach,REFINED_MATERIAL,Europe,Bonding wire,0,0,0.0,0.0,0,326,975.0,531.0,920.0,0.0002089496194025353,0.00023727902464414506,2.0,531.0,205.0
REFINED_MATERIAL_0152,Alder Advanced Materials - Nagano,REFINED_MATERIAL,Japan,Packaging substrate,0,0,0.0,0.0,0,326,1533.0,1111.0,1533.0,0.0,0.00011220655257570476,0.0,1111.0,785.0
REFINED_MATERIAL_0154,Isar Chemical - Chengdu,REFINED_MATERIAL,China,CMP slurry,0,0,0.0,0.0,0,326,975.0,1067.0,1426.0,7.86489916856808e-06,0.00013277963688342867,2.0,975.0,649.0
REFINED_MATERIAL_0155,Quarn Advanced Materials - Taoyuan,REFINED_MATERIAL,Taiwan,PCB laminate,3,0,0.0,0.0,1,326,157.0,330.0,170.0,0.00037799502841491783,0.0007664047089552102,15.0,157.0,-169.0
REFINED_MATERIAL_0157,Vantor Chemical - Wuxi,REFINED_MATERIAL,China,Process gas,5,0,0.0,0.0,2,326,65.0,254.0,159.0,0.0004806372216371229,0.000785833902095044,29.0,65.0,-261.0
REFINED_MATERIAL_0158,Kestrel Chemical - Hwaseong,REFINED_MATERIAL,Korea,Photoresist,0,0,0.0,0.0,0,326,1533.0,1111.0,1533.0,0.0,0.00011220655257570476,0.0,1111.0,785.0
REFINED_MATERIAL_0159,Brant Materials - Chandler,REFINED_MATERIAL,North America,Photoresist,0,0,0.0,0.0,0,326,975.0,1010.0,1441.0,2.0278149379534785e-05,0.00013059517970171752,2.0,975.0,649.0
REFINED_MATERIAL_0160,Wend Materials - Cheongju,REFINED_MATERIAL,Korea,CMP slurry,0,0,0.0,0.0,0,326,975.0,928.0,1455.0,3.5555007398382845e-05,0.00012862607661252284,2.0,928.0,602.0
REFINED_MATERIAL_0162,Ferrin Advanced Materials - Gumi,REFINED_MATERIAL,Korea,Photoresist,2,0,0.0,0.0,2,326,638.0,984.0,1380.0,2.4429895313533637e-05,0.0001426969019020619,4.0,638.0,312.0
REFINED_MATERIAL_0163,Alder Materials - Malta,REFINED_MATERIAL,North America,Bonding wire,0,0,0.0,0.0,0,326,1533.0,1111.0,1533.0,0.0,0.00011220655257570476,0.0,1111.0,785.0
REFINED_MATERIAL_0164,Umber Materials - Wuxi,REFINED_MATERIAL,China,Process gas,0,0,0.0,0.0,0,326,638.0,433.0,1281.0,0.0002720408718119985,0.0001595590810760585,4.0,433.0,107.0
REFINED_MATERIAL_0165,Vantor Specialty - Villach,REFINED_MATERIAL,Europe,Packaging substrate,0,0,0.0,0.0,0,326,774.0,436.0,689.0,0.0002667231855916984,0.0002969216940858668,3.0,436.0,110.0
REFINED_MATERIAL_0167,Vantor Advanced Materials - Kumamoto,REFINED_MATERIAL,Japan,PCB laminate,1,0,0.0,0.0,1,326,348.0,229.0,150.0,0.0005177507413412626,0.0008093428216093684,8.0,150.0,-176.0
REFINED_MATERIAL_0168,Ivex Materials - Kitakyushu,REFINED_MATERIAL,Japan,Process gas,1,0,0.0,0.0,1,326,774.0,1041.0,1180.0,1.281163029428745e-05,0.00018283137644124046,3.0,774.0,448.0
REFINED_MATERIAL_0169,Nevin Chemical - Hiroshima,REFINED_MATERIAL,Japan,Packaging substrate,0,0,0.0,0.0,0,326,1533.0,1111.0,1533.0,0.0,0.00011220655257570476,0.0,1111.0,785.0
REFINED_MATERIAL_0170,Palter Specialty - Cheongju,REFINED_MATERIAL,Korea,PCB laminate,1,0,0.0,0.0,1,326,234.0,157.0,186.0,0.0006782182321227132,0.0007316744898593363,11.0,157.0,-169.0
REFINED_MATERIAL_0171,Trellis Chemical - Ottawa,REFINED_MATERIAL,North America,Packaging substrate,0,0,0.0,0.0,0,326,1211.0,1012.0,1340.0,1.9349275912216208e-05,0.00014965651017043207,1.0,1012.0,686.0
REFINED_MATERIAL_0173,Calder Specialty - Hsinchu,REFINED_MATERIAL,Taiwan,Process gas,0,0,0.0,0.0,0,326,975.0,942.0,1462.0,3.1927929067187686e-05,0.0001282375182719359,2.0,942.0,616.0
REFINED_MATERIAL_0174,Vantor Materials - Cheongju,REFINED_MATERIAL,Korea,CMP slurry,0,0,0.0,0.0,0,326,774.0,831.0,1353.0,6.725458883044883e-05,0.00014738351869352073,3.0,774.0,448.0
REFINED_MATERIAL_0175,Renbeck Advanced Materials - Gumi,REFINED_MATERIAL,Korea,Bonding wire,0,0,0.0,0.0,0,326,1533.0,1111.0,1533.0,0.0,0.00011220655257570476,0.0,1111.0,785.0
REFINED_MATERIAL_0176,Dyne Advanced Materials - Shanghai,REFINED_MATERIAL,China,PCB laminate,1,0,0.0,0.0,1,326,121.0,212.0,108.0,0.0005420049585514364,0.0009898058973665926,18.0,108.0,-218.0
REFINED_MATERIAL_0177,Korrin Materials - Chandler,REFINED_MATERIAL,North America,Process gas,1,0,0.0,0.0,1,326,407.0,510.0,994.0,0.00021887735559943287,0.00022149761711101154,7.0,407.0,81.0
REFINED_MATERIAL_0178,Prendel Materials - Hwaseong,REFINED_MATERIAL,Korea,Process gas,1,0,0.0,0.0,1,326,175.0,152.0,192.0,0.0006843705783829047,0.0007170901246790648,14.0,152.0,-174.0
REFINED_MATERIAL_0179,Orvid Specialty - Kitakyushu,REFINED_MATERIAL,Japan,PCB laminate,2,0,0.0,0.0,1,326,175.0,293.0,106.0,0.00042966939221090485,0.0009996008799589005,14.0,106.0,-220.0
REFINED_MATERIAL_0180,Granth Materials - Hsinchu,REFINED_MATERIAL,Taiwan,CMP slurry,0,0,0.0,0.0,0,326,113.0,704.0,927.0,0.00011421494446478481,0.00023542317479872238,19.0,113.0,-213.0
REFINED_MATERIAL_0181,Kestrel Materials - Icheon,REFINED_MATERIAL,Korea,Silicon wafer,0,0,0.0,0.0,0,326,975.0,967.0,1449.0,2.7316786792378798e-05,0.00012982344320731432,2.0,967.0,641.0
REFINED_MATERIAL_0182,Ferrin Chemical - Hiroshima,REFINED_MATERIAL,Japan,Silicon wafer,0,0,0.0,0.0,0,326,1211.0,970.0,1496.0,2.685753981396241e-05,0.00012393147565514087,1.0,970.0,644.0
REFINED_MATERIAL_0184,Solvex Advanced Materials - Kaohsiung,REFINED_MATERIAL,Taiwan,CMP slurry,1,0,0.0,0.0,1,326,457.0,660.0,1224.0,0.00014323029849563996,0.0001730602601297874,6.0,457.0,131.0
REFINED_MATERIAL_0185,Ystad Materials - Chandler,REFINED_MATERIAL,North America,Process gas,1,0,0.0,0.0,1,326,304.0,680.0,592.0,0.0001291345103579554,0.0003323540395712651,9.0,304.0,-22.0
REFINED_MATERIAL_0186,Faryn Specialty - Dresden,REFINED_MATERIAL,Europe,Packaging substrate,0,0,0.0,0.0,0,326,1533.0,1111.0,1533.0,0.0,0.00011220655257570476,0.0,1111.0,785.0
REFINED_MATERIAL_0187,Rivet Advanced Materials - Chengdu,REFINED_MATERIAL,China,Silicon wafer,0,0,0.0,0.0,0,326,1533.0,1111.0,1533.0,0.0,0.00011220655257570476,0.0,1111.0,785.0
REFINED_MATERIAL_0188,Mervi Materials - Hsinchu,REFINED_MATERIAL,Taiwan,Silicon wafer,0,0,0.0,0.0,0,326,348.0,669.0,1312.0,0.0001381619813325136,0.00015430263162066635,8.0,348.0,22.0
REFINED_MATERIAL_0190,Doran Materials - Malta,REFINED_MATERIAL,North America,Silicon wafer,0,0,0.0,0.0,0,326,1211.0,1108.0,1531.0,4.774335084320725e-07,0.00011352246514846552,1.0,1108.0,782.0
REFINED_MATERIAL_0191,Nevin Materials - Kitakyushu,REFINED_MATERIAL,Japan,Photoresist,0,0,0.0,0.0,0,326,774.0,465.0,1403.0,0.00024384332386613044,0.00013752938670748697,3.0,465.0,139.0
REFINED_MATERIAL_0192,Brant Specialty - Chandler,REFINED_MATERIAL,North America,Packaging substrate,0,0,0.0,0.0,0,326,1533.0,1111.0,1533.0,0.0,0.00011220655257570476,0.0,1111.0,785.0
REFINED_MATERIAL_0193,Faryn Advanced Materials - Austin,REFINED_MATERIAL,North America,PCB laminate,0,0,0.0,0.0,0,326,234.0,231.0,298.0,0.0005162105572698172,0.0005326271343022089,11.0,231.0,-95.0
REFINED_MATERIAL_0194,Palter Chemical - Hiroshima,REFINED_MATERIAL,Japan,Packaging substrate,1,0,0.0,0.0,1,326,975.0,861.0,1104.0,5.650130187552973e-05,0.0001987842112242434,2.0,861.0,535.0
REFINED_MATERIAL_0195,Ader Materials - Leixlip,REFINED_MATERIAL,Europe,Silicon wafer,0,0,0.0,0.0,0,326,975.0,1016.0,1463.0,1.9197721848176714e-05,0.00012809441216849024,2.0,975.0,649.0
REFINED_MATERIAL_0196,Palter Chemical - Kitakyushu,REFINED_MATERIAL,Japan,PCB laminate,0,0,0.0,0.0,0,326,774.0,129.0,474.0,0.0007982946134269347,0.0003941203982117128,3.0,129.0,-197.0
REFINED_MATERIAL_0198,Halcy Specialty - Hillsboro,REFINED_MATERIAL,North America,Packaging substrate,0,0,0.0,0.0,0,326,1533.0,1111.0,1533.0,0.0,0.00011220655257570476,0.0,1111.0,785.0
REFINED_MATERIAL_0199,Jorel Advanced Materials - Chengdu,REFINED_MATERIAL,China,Photoresist,0,0,0.0,0.0,0,326,1533.0,1111.0,1533.0,0.0,0.00011220655257570476,0.0,1111.0,785.0
REFINED_MATERIAL_0200,Yarrow Advanced Materials - Nagano,REFINED_MATERIAL,Japan,Bonding wire,0,0,0.0,0.0,0,326,1533.0,1111.0,1533.0,0.0,0.00011220655257570476,0.0,1111.0,785.0
REFINED_MATERIAL_0201,Wexler Specialty - Chandler,REFINED_MATERIAL,North America,CMP slurry,0,0,0.0,0.0,0,326,1533.0,1111.0,1533.0,0.0,0.00011220655257570476,0.0,1111.0,785.0
REFINED_MATERIAL_0202,Jorel Chemical - Tianjin,REFINED_MATERIAL,China,Packaging substrate,0,0,0.0,0.0,0,326,549.0,809.0,1191.0,7.399490793892703e-05,0.00017980840833595793,5.0,549.0,223.0
REFINED_MATERIAL_0203,Ferrin Materials - Chengdu,REFINED_MATERIAL,China,Silicon wafer,0,0,0.0,0.0,0,326,1211.0,1013.0,1431.0,1.934741230319484e-05,0.00013197563997297123,1.0,1013.0,687.0
REFINED_MATERIAL_0204,Doran Advanced Materials - Sendai,REFINED_MATERIAL,Japan,Silicon wafer,1,0,0.0,0.0,1,326,774.0,613.0,1485.0,0.00016548904112289475,0.00012499826150922885,3.0,613.0,287.0
REFINED_MATERIAL_0205,Wend Materials - Yokkaichi,REFINED_MATERIAL,Japan,Packaging substrate,0,0,0.0,0.0,0,326,1211.0,1052.0,1359.0,1.0687513429644221e-05,0.00014655924889093194,1.0,1052.0,726.0
REFINED_MATERIAL_0207,Ivex Advanced Materials - Sendai,REFINED_MATERIAL,Japan,Bonding wire,3,0,0.0,0.0,1,326,113.0,242.0,139.0,0.0005007563971642387,0.0008471728242827166,19.0,113.0,-213.0
REFINED_MATERIAL_0208,Rivet Chemical - Tianjin,REFINED_MATERIAL,China,Packaging substrate,0,0,0.0,0.0,0,326,1533.0,1111.0,1533.0,0.0,0.00011220655257570476,0.0,1111.0,785.0
REFINED_MATERIAL_0209,Mervi Chemical - Yokkaichi,REFINED_MATERIAL,Japan,Bonding wire,0,0,0.0,0.0,0,326,975.0,902.0,1275.0,4.441129420229051e-05,0.00016124395801558447,2.0,902.0,576.0
REFINED_MATERIAL_0210,Orvid Specialty - Batangas,REFINED_MATERIAL,Southeast Asia,Silicon wafer,0,0,0.0,0.0,0,326,1533.0,1111.0,1533.0,0.0,0.00011220655257570476,0.0,1111.0,785.0
REFINED_MATERIAL_0211,Holt Advanced Materials - Penang,REFINED_MATERIAL,Southeast Asia,PCB laminate,0,0,0.0,0.0,0,326,549.0,738.0,773.0,0.00010141762237688123,0.00027140472015831226,5.0,549.0,223.0
REFINED_MATERIAL_0212,Gethin Materials - Yokkaichi,REFINED_MATERIAL,Japan,Bonding wire,0,0,0.0,0.0,0,326,774.0,747.0,990.0,9.841855858647261e-05,0.00022257755986076173,3.0,747.0,421.0
REFINED_MATERIAL_0214,Ferrin Chemical - Taoyuan,REFINED_MATERIAL,Taiwan,Photoresist,2,0,0.0,0.0,1,326,407.0,1044.0,1190.0,1.2283487652810327e-05,0.0001800817901340833,7.0,407.0,81.0
REFINED_MATERIAL_0215,Prendel Advanced Materials - Cheongju,REFINED_MATERIAL,Korea,Packaging substrate,0,0,0.0,0.0,0,326,1533.0,1111.0,1533.0,0.0,0.00011220655257570476,0.0,1111.0,785.0
REFINED_MATERIAL_0216,Umber Specialty - Kumamoto,REFINED_MATERIAL,Japan,Photoresist,0,0,0.0,0.0,0,326,975.0,1011.0,1447.0,1.9396745550639775e-05,0.00012999477778742903,2.0,975.0,649.0
REFINED_MATERIAL_0217,Prendel Specialty - Kitakyushu,REFINED_MATERIAL,Japan,CMP slurry,0,0,0.0,0.0,0,326,549.0,909.0,1270.0,4.028579764084611e-05,0.00016225872529115442,5.0,549.0,223.0
REFINED_MATERIAL_0218,Jorel Chemical - Xi'an,REFINED_MATERIAL,China,Silicon wafer,0,0,0.0,0.0,0,326,1211.0,1066.0,1454.0,8.056571531679985e-06,0.0001288923878100948,1.0,1066.0,740.0
REFINED_MATERIAL_0219,Noral Materials - Taichung,REFINED_MATERIAL,Taiwan,PCB laminate,0,0,0.0,0.0,0,326,1211.0,1037.0,1444.0,1.4530440501058025e-05,0.00013048137618064043,1.0,1037.0,711.0
REFINED_MATERIAL_0221,Gethin Materials - Hsinchu,REFINED_MATERIAL,Taiwan,Silicon wafer,0,0,0.0,0.0,0,326,1533.0,1111.0,1533.0,0.0,0.00011220655257570476,0.0,1111.0,785.0
REFINED_MATERIAL_0222,Quarn Advanced Materials - Taoyuan 2,REFINED_MATERIAL,Taiwan,CMP slurry,0,0,0.0,0.0,0,326,1211.0,1089.0,1528.0,4.419965423728109e-06,0.00011602458187937782,1.0,1089.0,763.0
REFINED_MATERIAL_0224,Jorel Advanced Materials - Wuxi,REFINED_MATERIAL,China,Process gas,0,0,0.0,0.0,0,326,267.0,590.0,681.0,0.00017996577984915815,0.00029977717849766667,10.0,267.0,-59.0
REFINED_MATERIAL_0225,Dyne Specialty - Nagano,REFINED_MATERIAL,Japan,Process gas,0,0,0.0,0.0,0,326,549.0,713.0,1162.0,0.0001104863646579898,0.00018598378783741819,5.0,549.0,223.0
REFINED_MATERIAL_0226,Isar Advanced Materials - Malta,REFINED_MATERIAL,North America,Process gas,0,0,0.0,0.0,0,326,638.0,574.0,818.0,0.00018870559420777674,0.00026045529766599915,4.0,574.0,248.0
REFINED_MATERIAL_0227,Ember Chemical - Dresden,REFINED_MATERIAL,Europe,Photoresist,0,0,0.0,0.0,0,326,1533.0,1111.0,1533.0,0.0,0.00011220655257570476,0.0,1111.0,785.0
REFINED_MATERIAL_0228,Oxbow Chemical - Grenoble,REFINED_MATERIAL,Europe,Packaging substrate,0,0,0.0,0.0,0,326,1533.0,1111.0,1533.0,0.0,0.00011220655257570476,0.0,1111.0,785.0
REFINED_MATERIAL_0229,Faryn Advanced Materials - Hwaseong,REFINED_MATERIAL,Korea,PCB laminate,0,0,0.0,0.0,0,326,1533.0,1111.0,1533.0,0.0,0.00011220655257570476,0.0,1111.0,785.0
REFINED_MATERIAL_0230,Mordant Advanced Materials - Icheon,REFINED_MATERIAL,Korea,Photoresist,1,0,0.0,0.0,1,326,774.0,507.0,1404.0,0.00021990605638132332,0.00013749466558672944,3.0,507.0,181.0
REFINED_MATERIAL_0231,Wexler Advanced Materials - Austin 2,REFINED_MATERIAL,North America,Packaging substrate,1,0,0.0,0.0,1,326,1211.0,745.0,1458.0,9.877793650887069e-05,0.00012846618397058894,1.0,745.0,419.0
REFINED_MATERIAL_0233,Oxbow Materials - Wuxi,REFINED_MATERIAL,China,Packaging substrate,0,0,0.0,0.0,0,326,304.0,403.0,396.0,0.00029146504142767984,0.00045628651988895895,9.0,304.0,-22.0
REFINED_MATERIAL_0234,Vantor Chemical - Grenoble,REFINED_MATERIAL,Europe,PCB laminate,0,0,0.0,0.0,0,326,1533.0,1111.0,1533.0,0.0,0.00011220655257570476,0.0,1111.0,785.0
REFINED_MATERIAL_0236,Quill Advanced Materials - Malta,REFINED_MATERIAL,North America,Process gas,0,0,0.0,0.0,0,326,304.0,472.0,634.0,0.00024055066333411959,0.0003193397940398795,9.0,304.0,-22.0
REFINED_MATERIAL_0237,Quarn Specialty - Shenzhen,REFINED_MATERIAL,China,Bonding wire,0,0,0.0,0.0,0,326,213.0,694.0,346.0,0.00011774366671675278,0.0004919019719131865,12.0,213.0,-113.0
REFINED_MATERIAL_0238,Quill Advanced Materials - Dresden,REFINED_MATERIAL,Europe,Silicon wafer,0,0,0.0,0.0,0,326,1533.0,1111.0,1533.0,0.0,0.00011220655257570476,0.0,1111.0,785.0
REFINED_MATERIAL_0239,Jorel Chemical - Johannesburg,REFINED_MATERIAL,Rest of World,CMP slurry,3,0,0.0,0.0,3,326,774.0,933.0,1384.0,3.4672843881385916e-05,0.00014237615061752916,3.0,774.0,448.0
REFINED_MATERIAL_0240,Palter Advanced Materials - Hiroshima,REFINED_MATERIAL,Japan,Process gas,0,0,0.0,0.0,0,326,774.0,787.0,528.0,8.317537041197344e-05,0.000359138610332006,3.0,528.0,202.0
REFINED_MATERIAL_0242,Mervi Materials - Tianjin,REFINED_MATERIAL,China,Process gas,0,0,0.0,0.0,0,326,1533.0,1111.0,1533.0,0.0,0.00011220655257570476,0.0,1111.0,785.0
REFINED_MATERIAL_0243,Jorel Chemical - Gumi,REFINED_MATERIAL,Korea,CMP slurry,2,0,0.0,0.0,2,326,975.0,1000.0,1435.0,2.1707316240262774e-05,0.00013117933600310147,2.0,975.0,649.0
REFINED_MATERIAL_0245,Vantor Advanced Materials - Eindhoven,REFINED_MATERIAL,Europe,CMP slurry,2,0,0.0,0.0,2,326,975.0,553.0,1406.0,0.00020146241893301658,0.00013730072292638168,2.0,553.0,227.0
REFINED_MATERIAL_0246,Thorne Chemical - Nagano,REFINED_MATERIAL,Japan,PCB laminate,0,0,0.0,0.0,0,326,1533.0,1111.0,1533.0,0.0,0.00011220655257570476,0.0,1111.0,785.0
REFINED_MATERIAL_0247,Xanthe Advanced Materials - Eindhoven,REFINED_MATERIAL,Europe,Process gas,1,0,0.0,0.0,1,326,348.0,781.0,900.0,8.471280678047116e-05,0.00024033583752795253,8.0,348.0,22.0
REFINED_MATERIAL_0248,Wexler Materials - Pyeongtaek,REFINED_MATERIAL,Korea,Bonding wire,0,0,0.0,0.0,0,326,638.0,727.0,930.0,0.00010576529788382794,0.00023453718847780982,4.0,638.0,312.0
REFINED_MATERIAL_0249,Doran Advanced Materials - Bac Ninh,REFINED_MATERIAL,Southeast Asia,Process gas,0,0,0.0,0.0,0,326,234.0,226.0,252.0,0.0005191936029926999,0.0006084225800339885,11.0,226.0,-100.0
REFINED_MATERIAL_0250,Wend Chemical - Sanand,REFINED_MATERIAL,South Asia,Photoresist,0,0,0.0,0.0,0,326,1211.0,1083.0,1347.0,5.4109130955634886e-06,0.00014808681291407006,1.0,1083.0,757.0
REFINED_MATERIAL_0251,Quill Specialty - Kaohsiung,REFINED_MATERIAL,Taiwan,Process gas,0,0,0.0,0.0,0,326,348.0,625.0,781.0,0.00015952905989269152,0.00026867313798978874,8.0,348.0,22.0
REFINED_MATERIAL_0252,Mordant Specialty - Hsinchu,REFINED_MATERIAL,Taiwan,Bonding wire,0,0,0.0,0.0,0,326,1211.0,1057.0,1424.0,1.0038360694017952e-05,0.0001334617091036829,1.0,1057.0,731.0
REFINED_MATERIAL_0253,Noral Materials - Chandler,REFINED_MATERIAL,North America,Silicon wafer,0,0,0.0,0.0,0,326,774.0,775.0,1410.0,8.740296865965371e-05,0.0001366070325324511,3.0,774.0,448.0
REFINED_MATERIAL_0254,Doran Materials - Hiroshima,REFINED_MATERIAL,Japan,Process gas,0,0,0.0,0.0,0,326,638.0,853.0,931.0,5.9949198538492726e-05,0.00023422378475836448,4.0,638.0,312.0
REFINED_MATERIAL_0256,Prendel Advanced Materials - Tianjin,REFINED_MATERIAL,China,CMP slurry,0,0,0.0,0.0,0,326,1533.0,1111.0,1533.0,0.0,0.00011220655257570476,0.0,1111.0,785.0
REFINED_MATERIAL_0257,Yarrow Materials - Sendai,REFINED_MATERIAL,Japan,Process gas,3,0,0.0,0.0,2,326,213.0,490.0,227.0,0.00022941664202903866,0.000640566876304546,12.0,213.0,-113.0
REFINED_MATERIAL_0258,Mordant Chemical - Grenoble,REFINED_MATERIAL,Europe,Silicon wafer,1,0,0.0,0.0,1,326,774.0,919.0,1302.0,3.802967071914923e-05,0.00015627841449127676,3.0,774.0,448.0
REFINED_MATERIAL_0259,Ember Materials - Shanghai,REFINED_MATERIAL,China,Packaging substrate,0,0,0.0,0.0,0,326,1211.0,1077.0,1268.0,6.047038645037313e-06,0.00016250402000516097,1.0,1077.0,751.0
REFINED_MATERIAL_0260,Ulvid Specialty - Kitakyushu,REFINED_MATERIAL,Japan,Process gas,0,0,0.0,0.0,0,326,1533.0,1111.0,1533.0,0.0,0.00011220655257570476,0.0,1111.0,785.0
REFINED_MATERIAL_0261,Lumen Materials - Gumi,REFINED_MATERIAL,Korea,CMP slurry,1,0,0.0,0.0,1,326,1211.0,696.0,1498.0,0.00011707385185293827,0.00012308534718549082,1.0,696.0,370.0
REFINED_MATERIAL_0262,Trellis Specialty - Pyeongtaek,REFINED_MATERIAL,Korea,Silicon wafer,1,0,0.0,0.0,1,326,774.0,993.0,1489.0,2.2634345037393765e-05,0.00012454529310193166,3.0,774.0,448.0
REFINED_MATERIAL_0263,Orvid Advanced Materials - Kumamoto,REFINED_MATERIAL,Japan,PCB laminate,0,0,0.0,0.0,0,326,267.0,105.0,172.0,0.0009279354892841399,0.0007638567708210842,10.0,105.0,-221.0
REFINED_MATERIAL_0264,Alder Materials - Hiroshima,REFINED_MATERIAL,Japan,Bonding wire,4,0,0.0,0.0,2,326,348.0,914.0,752.0,3.8884934148497545e-05,0.0002770309246004336,8.0,348.0,22.0
REFINED_MATERIAL_0265,Mordant Chemical - Sendai,REFINED_MATERIAL,Japan,Photoresist,0,0,0.0,0.0,0,326,1211.0,1073.0,1518.0,7.08478324422768e-06,0.00011882950775543306,1.0,1073.0,747.0
REFINED_MATERIAL_0266,Prendel Chemical - Hillsboro,REFINED_MATERIAL,North America,PCB laminate,0,0,0.0,0.0,0,326,975.0,807.0,1044.0,7.49728991948687e-05,0.00020942035121011927,2.0,807.0,481.0
REFINED_MATERIAL_0267,Yarrow Advanced Materials - Guadalajara,REFINED_MATERIAL,North America,Packaging substrate,0,0,0.0,0.0,0,326,1533.0,1111.0,1533.0,0.0,0.00011220655257570476,0.0,1111.0,785.0
REFINED_MATERIAL_0269,Quill Materials - Bengaluru,REFINED_MATERIAL,South Asia,Bonding wire,0,0,0.0,0.0,0,326,975.0,1062.0,1157.0,9.293223900506578e-06,0.00018659079640086907,2.0,975.0,649.0
REFINED_MATERIAL_0270,Holt Materials - Gumi,REFINED_MATERIAL,Korea,Silicon wafer,1,0,0.0,0.0,1,326,975.0,720.0,1442.0,0.00010901258865423532,0.00013053797988928353,2.0,720.0,394.0
REFINED_MATERIAL_0271,Ader Materials - Kumamoto,REFINED_MATERIAL,Japan,PCB laminate,0,0,0.0,0.0,0,326,348.0,71.0,141.0,0.001219133941039097,0.0008450975098696076,8.0,71.0,-255.0
REFINED_MATERIAL_0272,Doran Chemical - Pyeongtaek,REFINED_MATERIAL,Korea,Packaging substrate,2,0,0.0,0.0,2,326,975.0,882.0,1210.0,5.089072742268543e-05,0.00017560929595592542,2.0,882.0,556.0
REFINED_MATERIAL_0273,Faryn Chemical - Gumi 2,REFINED_MATERIAL,Korea,Packaging substrate,0,0,0.0,0.0,0,326,975.0,708.0,1127.0,0.00011299898150925757,0.0001948994289537168,2.0,708.0,382.0
REFINED_MATERIAL_0274,Belan Specialty - Tainan,REFINED_MATERIAL,Taiwan,PCB laminate,1,0,0.0,0.0,1,326,157.0,123.0,113.0,0.0008484177635006539,0.0009684465695241891,15.0,113.0,-213.0
REFINED_MATERIAL_0275,Yarrow Specialty - Bangkok,REFINED_MATERIAL,Southeast Asia,Process gas,0,0,0.0,0.0,0,326,774.0,526.0,572.0,0.00021015093663155054,0.0003421462373516867,3.0,526.0,200.0
REFINED_MATERIAL_0276,Orvid Materials - Dresden,REFINED_MATERIAL,Europe,PCB laminate,0,0,0.0,0.0,0,326,1211.0,860.0,1181.0,5.6517690109111405e-05,0.00018280606846987803,1.0,860.0,534.0
REFINED_MATERIAL_0277,Palter Chemical - Hiroshima 2,REFINED_MATERIAL,Japan,Bonding wire,0,0,0.0,0.0,0,326,1211.0,1048.0,1355.0,1.1579180355707242e-05,0.00014723024724129022,1.0,1048.0,722.0
REFINED_MATERIAL_0278,Nevin Specialty - Eindhoven,REFINED_MATERIAL,Europe,CMP slurry,5,0,0.0,0.0,1,326,638.0,800.0,1156.0,7.751905712736766e-05,0.00018665307611868962,4.0,638.0,312.0
REFINED_MATERIAL_0279,Ader Materials - Chengdu,REFINED_MATERIAL,China,Packaging substrate,0,0,0.0,0.0,0,326,975.0,998.0,1161.0,2.1822866395110737e-05,0.0001860717347605385,2.0,975.0,649.0
REFINED_MATERIAL_0280,Zephyr Specialty - Icheon,REFINED_MATERIAL,Korea,Photoresist,0,0,0.0,0.0,0,326,1533.0,1111.0,1533.0,0.0,0.00011220655257570476,0.0,1111.0,785.0
REFINED_MATERIAL_0281,Renbeck Advanced Materials - Icheon,REFINED_MATERIAL,Korea,Packaging substrate,0,0,0.0,0.0,0,326,1533.0,1111.0,1533.0,0.0,0.00011220655257570476,0.0,1111.0,785.0
REFINED_MATERIAL_0283,Lumen Specialty - Kaohsiung,REFINED_MATERIAL,Taiwan,PCB laminate,0,0,0.0,0.0,0,326,549.0,596.0,316.0,0.0001753489171751324,0.0005131903067423363,5.0,316.0,-10.0
REFINED_MATERIAL_0284,Ader Materials - Austin,REFINED_MATERIAL,North America,Photoresist,0,0,0.0,0.0,0,326,1533.0,1111.0,1533.0,0.0,0.00011220655257570476,0.0,1111.0,785.0
REFINED_MATERIAL_0285,Nevin Specialty - Nagano,REFINED_MATERIAL,Japan,Packaging substrate,1,0,0.0,0.0,1,326,975.0,524.0,1286.0,0.00021180802233507773,0.00015867128607243526,2.0,524.0,198.0
REFINED_MATERIAL_0286,Thorne Advanced Materials - Bac Ninh,REFINED_MATERIAL,Southeast Asia,Process gas,1,0,0.0,0.0,1,326,92.0,133.0,168.0,0.0007564351465861725,0.0007702238139400249,22.0,92.0,-234.0
REFINED_MATERIAL_0287,Stade Advanced Materials - Sendai,REFINED_MATERIAL,Japan,Silicon wafer,1,0,0.0,0.0,1,326,774.0,1090.0,1321.0,4.388547046240208e-06,0.00015331751547866123,3.0,774.0,448.0
REFINED_MATERIAL_0289,Dyne Chemical - Nagano,REFINED_MATERIAL,Japan,Process gas,1,0,0.0,0.0,1,326,234.0,263.0,276.0,0.0004677768095809782,0.0005616204951873398,11.0,234.0,-92.0
REFINED_MATERIAL_0290,Yarrow Advanced Materials - Hillsboro,REFINED_MATERIAL,North America,Silicon wafer,0,0,0.0,0.0,0,326,774.0,1023.0,1409.0,1.7536997306944794e-05,0.0001369748465388997,3.0,774.0,448.0
REFINED_MATERIAL_0293,Xanthe Specialty - Hwaseong,REFINED_MATERIAL,Korea,PCB laminate,0,0,0.0,0.0,0,326,1533.0,1111.0,1533.0,0.0,0.00011220655257570476,0.0,1111.0,785.0
REFINED_MATERIAL_0295,Gethin Advanced Materials - Hiroshima,REFINED_MATERIAL,Japan,Process gas,0,0,0.0,0.0,0,326,1211.0,1050.0,1154.0,1.0927944253915053e-05,0.00018808733827096384,1.0,1050.0,724.0
REFINED_MATERIAL_0296,Jorel Chemical - Kitakyushu,REFINED_MATERIAL,Japan,Packaging substrate,1,0,0.0,0.0,1,326,774.0,836.0,1053.0,6.502475775124401e-05,0.00020837129219851557,3.0,774.0,448.0
REFINED_MATERIAL_0297,Ember Chemical - Sendai,REFINED_MATERIAL,Japan,Packaging substrate,0,0,0.0,0.0,0,326,1211.0,946.0,1229.0,3.144799407477612e-05,0.00017270636990706237,1.0,946.0,620.0
REFINED_MATERIAL_0299,Umber Chemical - Bengaluru,REFINED_MATERIAL,South Asia,Silicon wafer,0,0,0.0,0.0,0,326,774.0,1002.0,937.0,2.1581217258145806e-05,0.00023209204779541442,3.0,774.0,448.0
REFINED_MATERIAL_0300,Vantor Advanced Materials - Shanghai,REFINED_MATERIAL,China,Packaging substrate,0,0,0.0,0.0,0,326,1211.0,1035.0,1396.0,1.4719511319517459e-05,0.0001389213060568437,1.0,1035.0,709.0
REFINED_MATERIAL_0301,Orvid Chemical - Hiroshima,REFINED_MATERIAL,Japan,Silicon wafer,0,0,0.0,0.0,0,326,1533.0,1111.0,1533.0,0.0,0.00011220655257570476,0.0,1111.0,785.0
REFINED_MATERIAL_0302,Yarrow Advanced Materials - Tianjin,REFINED_MATERIAL,China,Packaging substrate,2,0,0.0,0.0,1,326,457.0,842.0,962.0,6.386555415574088e-05,0.00022763225888027306,6.0,457.0,131.0
REFINED_MATERIAL_0303,Calder Advanced Materials - Austin,REFINED_MATERIAL,North America,Photoresist,0,0,0.0,0.0,0,326,1533.0,1111.0,1533.0,0.0,0.00011220655257570476,0.0,1111.0,785.0
REFINED_MATERIAL_0304,Cortex Chemical - Kumamoto,REFINED_MATERIAL,Japan,Process gas,0,0,0.0,0.0,0,326,1533.0,1111.0,1533.0,0.0,0.00011220655257570476,0.0,1111.0,785.0
REFINED_MATERIAL_0305,Ystad Advanced Materials - Grenoble,REFINED_MATERIAL,Europe,Packaging substrate,0,0,0.0,0.0,0,326,1533.0,1111.0,1533.0,0.0,0.00011220655257570476,0.0,1111.0,785.0
REFINED_MATERIAL_0306,Korrin Advanced Materials - Singapore,REFINED_MATERIAL,Southeast Asia,Bonding wire,0,0,0.0,0.0,0,326,1533.0,1111.0,1533.0,0.0,0.00011220655257570476,0.0,1111.0,785.0
REFINED_MATERIAL_0307,Lethe Specialty - Xi'an,REFINED_MATERIAL,China,Packaging substrate,0,0,0.0,0.0,0,326,1211.0,1063.0,1377.0,8.712172776931995e-06,0.00014337376497036686,1.0,1063.0,737.0
REFINED_MATERIAL_0308,Trellis Materials - Eindhoven,REFINED_MATERIAL,Europe,Silicon wafer,0,0,0.0,0.0,0,326,1533.0,1111.0,1533.0,0.0,0.00011220655257570476,0.0,1111.0,785.0
REFINED_MATERIAL_0310,Stade Advanced Materials - Yokkaichi,REFINED_MATERIAL,Japan,Silicon wafer,0,0,0.0,0.0,0,326,975.0,908.0,1341.0,4.03973773599697e-05,0.000149590418871275,2.0,908.0,582.0
REFINED_MATERIAL_0311,Ivex Specialty - Nagano,REFINED_MATERIAL,Japan,Silicon wafer,6,0,0.0,0.0,2,326,267.0,1064.0,1126.0,8.583929728675707e-06,0.00019496672635233405,10.0,267.0,-59.0
REFINED_MATERIAL_0312,Alder Advanced Materials - Kumamoto,REFINED_MATERIAL,Japan,PCB laminate,0,0,0.0,0.0,0,326,234.0,158.0,149.0,0.0006743282900705159,0.0008152317683444893,11.0,149.0,-177.0
REFINED_MATERIAL_0314,Trellis Advanced Materials - Tianjin,REFINED_MATERIAL,China,Packaging substrate,0,0,0.0,0.0,0,326,1533.0,1111.0,1533.0,0.0,0.00011220655257570476,0.0,1111.0,785.0
REFINED_MATERIAL_0315,Halcy Chemical - Antofagasta,REFINED_MATERIAL,Rest of World,Photoresist,0,0,0.0,0.0,0,326,1533.0,1111.0,1533.0,0.0,0.00011220655257570476,0.0,1111.0,785.0
REFINED_MATERIAL_0316,Doran Specialty - Bengaluru,REFINED_MATERIAL,South Asia,Bonding wire,0,0,0.0,0.0,0,326,1533.0,1111.0,1533.0,0.0,0.00011220655257570476,0.0,1111.0,785.0
REFINED_MATERIAL_0317,Ember Materials - Dalian,REFINED_MATERIAL,China,Silicon wafer,0,0,0.0,0.0,0,326,348.0,712.0,1094.0,0.00011085129047326213,0.0002005723785811301,8.0,348.0,22.0
REFINED_MATERIAL_0318,Quarn Chemical - Ottawa,REFINED_MATERIAL,North America,PCB laminate,0,0,0.0,0.0,0,326,1533.0,1111.0,1533.0,0.0,0.00011220655257570476,0.0,1111.0,785.0
REFINED_MATERIAL_0319,Dyne Chemical - Grenoble,REFINED_MATERIAL,Europe,CMP slurry,0,0,0.0,0.0,0,326,774.0,956.0,1425.0,2.9511779484632327e-05,0.00013312780504501405,3.0,774.0,448.0
REFINED_MATERIAL_0321,Halcy Specialty - Kitakyushu,REFINED_MATERIAL,Japan,PCB laminate,0,0,0.0,0.0,0,326,1533.0,1111.0,1533.0,0.0,0.00011220655257570476,0.0,1111.0,785.0
REFINED_MATERIAL_0322,Korrin Specialty - Hsinchu,REFINED_MATERIAL,Taiwan,PCB laminate,0,0,0.0,0.0,0,326,1533.0,1111.0,1533.0,0.0,0.00011220655257570476,0.0,1111.0,785.0
REFINED_MATERIAL_0323,Quill Materials - Hillsboro,REFINED_MATERIAL,North America,Bonding wire,0,0,0.0,0.0,0,326,774.0,915.0,1141.0,3.838797532074225e-05,0.0001923703217903346,3.0,774.0,448.0
REFINED_MATERIAL_0324,Ember Specialty - Shanghai,REFINED_MATERIAL,China,PCB laminate,0,0,0.0,0.0,0,326,193.0,122.0,125.0,0.0008515208303342123,0.0008911183290561882,13.0,122.0,-204.0
REFINED_MATERIAL_0325,Elstow Materials - Dresden,REFINED_MATERIAL,Europe,Packaging substrate,0,0,0.0,0.0,0,326,1533.0,1111.0,1533.0,0.0,0.00011220655257570476,0.0,1111.0,785.0
REFINED_MATERIAL_0327,Ulvid Advanced Materials - Leixlip,REFINED_MATERIAL,Europe,Packaging substrate,0,0,0.0,0.0,0,326,1533.0,1111.0,1533.0,0.0,0.00011220655257570476,0.0,1111.0,785.0
REFINED_MATERIAL_0329,Quill Chemical - Grenoble,REFINED_MATERIAL,Europe,Packaging substrate,0,0,0.0,0.0,0,326,1533.0,1111.0,1533.0,0.0,0.00011220655257570476,0.0,1111.0,785.0
REFINED_MATERIAL_0330,Alder Specialty - Bangkok,REFINED_MATERIAL,Southeast Asia,Packaging substrate,0,0,0.0,0.0,0,326,549.0,829.0,612.0,6.839301135895468e-05,0.0003259875959456077,5.0,549.0,223.0
REFINED_MATERIAL_0332,Renbeck Materials - Wuxi,REFINED_MATERIAL,China,Process gas,1,0,0.0,0.0,1,326,157.0,239.0,222.0,0.0005046105489799471,0.0006499454467059108,15.0,157.0,-169.0
REFINED_MATERIAL_0334,Noral Specialty - Gumi,REFINED_MATERIAL,Korea,CMP slurry,0,0,0.0,0.0,0,326,975.0,953.0,1407.0,2.990351195219045e-05,0.00013715028401405172,2.0,953.0,627.0
REFINED_MATERIAL_0335,Elstow Advanced Materials - Tainan,REFINED_MATERIAL,Taiwan,PCB laminate,0,0,0.0,0.0,0,326,1211.0,753.0,1098.0,9.691451830996076e-05,0.00020000195815118152,1.0,753.0,427.0
REFINED_MATERIAL_0336,Korrin Materials - Yokkaichi,REFINED_MATERIAL,Japan,Process gas,0,0,0.0,0.0,0,326,348.0,98.0,238.0,0.0009705314054495177,0.0006240151467027451,8.0,98.0,-228.0
REFINED_MATERIAL_0337,Granth Chemical - Kitakyushu,REFINED_MATERIAL,Japan,Process gas,2,0,0.0,0.0,1,326,638.0,784.0,1293.0,8.432321184392623e-05,0.0001580588633444406,4.0,638.0,312.0
REFINED_MATERIAL_0338,Prendel Chemical - Wuxi,REFINED_MATERIAL,China,Silicon wafer,0,0,0.0,0.0,0,326,774.0,1026.0,1294.0,1.7115653873685978e-05,0.00015802924691566208,3.0,774.0,448.0
REFINED_MATERIAL_0340,Renbeck Advanced Materials - Taichung,REFINED_MATERIAL,Taiwan,PCB laminate,1,0,0.0,0.0,1,326,234.0,288.0,263.0,0.00043401346984229774,0.0005827046095353797,11.0,234.0,-92.0
REFINED_MATERIAL_0341,Ember Advanced Materials - Taichung,REFINED_MATERIAL,Taiwan,Silicon wafer,1,0,0.0,0.0,1,326,267.0,737.0,1039.0,0.00010163513066722655,0.0002102856703493056,10.0,267.0,-59.0
REFINED_MATERIAL_0342,Lethe Materials - Kumamoto,REFINED_MATERIAL,Japan,Silicon wafer,0,0,0.0,0.0,0,326,1533.0,1111.0,1533.0,0.0,0.00011220655257570476,0.0,1111.0,785.0
REFINED_MATERIAL_0343,Doran Chemical - Guadalajara,REFINED_MATERIAL,North America,Bonding wire,0,0,0.0,0.0,0,326,638.0,973.0,1030.0,2.647279807554569e-05,0.000212304691475076,4.0,638.0,312.0
REFINED_MATERIAL_0344,Oxbow Materials - Shenzhen,REFINED_MATERIAL,China,PCB laminate,1,0,0.0,0.0,1,326,193.0,121.0,262.0,0.0008547776916652432,0.0005860349109551858,13.0,121.0,-205.0
REFINED_MATERIAL_0345,Dyne Materials - Kumamoto,REFINED_MATERIAL,Japan,PCB laminate,1,0,0.0,0.0,1,326,234.0,246.0,134.0,0.0004941632009183961,0.0008538268259982866,11.0,134.0,-192.0
REFINED_MATERIAL_0346,Zephyr Chemical - Hiroshima,REFINED_MATERIAL,Japan,Bonding wire,0,0,0.0,0.0,0,326,774.0,1034.0,1122.0,1.5225510001929555e-05,0.0001951651734941986,3.0,774.0,448.0
REFINED_MATERIAL_0347,Brant Specialty - Kitakyushu,REFINED_MATERIAL,Japan,Bonding wire,0,0,0.0,0.0,0,326,638.0,879.0,831.0,5.148378462868506e-05,0.00025601540956580315,4.0,638.0,312.0
REFINED_MATERIAL_0348,Ivex Specialty - Pyeongtaek,REFINED_MATERIAL,Korea,PCB laminate,2,0,0.0,0.0,1,326,457.0,149.0,231.0,0.0007018139618206523,0.0006311947531928611,6.0,149.0,-177.0
REFINED_MATERIAL_0349,Yarrow Chemical - Eindhoven,REFINED_MATERIAL,Europe,Silicon wafer,0,0,0.0,0.0,0,326,1533.0,1111.0,1533.0,0.0,0.00011220655257570476,0.0,1111.0,785.0
REFINED_MATERIAL_0350,Kestrel Materials - Nagano,REFINED_MATERIAL,Japan,PCB laminate,0,0,0.0,0.0,0,326,457.0,461.0,338.0,0.00024428908013895484,0.0004957218456226552,6.0,338.0,12.0
REFINED_MATERIAL_0352,Ystad Advanced Materials - Villach,REFINED_MATERIAL,Europe,PCB laminate,0,0,0.0,0.0,0,326,975.0,892.0,995.0,4.803976361890464e-05,0.0002214626384743216,2.0,892.0,566.0
REFINED_MATERIAL_0353,Granth Materials - Taichung,REFINED_MATERIAL,Taiwan,PCB laminate,0,0,0.0,0.0,0,326,975.0,623.0,538.0,0.00015997205808135622,0.0003555566987797874,2.0,538.0,212.0
REFINED_MATERIAL_0354,Ferrin Specialty - Austin,REFINED_MATERIAL,North America,Silicon wafer,0,0,0.0,0.0,0,326,1211.0,1078.0,1422.0,5.835512562684063e-06,0.00013384384906339284,1.0,1078.0,752.0
REFINED_MATERIAL_0355,Mordant Specialty - Chengdu,REFINED_MATERIAL,China,CMP slurry,0,0,0.0,0.0,0,326,1533.0,1111.0,1533.0,0.0,0.00011220655257570476,0.0,1111.0,785.0
REFINED_MATERIAL_0356,Mervi Chemical - Singapore,REFINED_MATERIAL,Southeast Asia,PCB laminate,0,0,0.0,0.0,0,326,774.0,579.0,550.0,0.00018520919951314424,0.00034950466271822876,3.0,550.0,224.0
REFINED_MATERIAL_0357,Korrin Materials - Wuxi,REFINED_MATERIAL,China,PCB laminate,1,0,0.0,0.0,1,326,132.0,348.0,277.0,0.00034940279745941373,0.0005609823544184748,17.0,132.0,-194.0
REFINED_MATERIAL_0358,Solvex Advanced Materials - Malta,REFINED_MATERIAL,North America,CMP slurry,0,0,0.0,0.0,0,326,975.0,1033.0,1427.0,1.5236452991693585e-05,0.00013256475835758466,2.0,975.0,649.0
REFINED_MATERIAL_0359,Lumen Advanced Materials - Malta,REFINED_MATERIAL,North America,Process gas,0,0,0.0,0.0,0,326,348.0,616.0,640.0,0.00016451575110293525,0.00031773393059801526,8.0,348.0,22.0
REFINED_MATERIAL_0361,Jarn Advanced Materials - Ottawa,REFINED_MATERIAL,North America,Silicon wafer,2,0,0.0,0.0,1,326,457.0,930.0,1215.0,3.514852339642461e-05,0.00017536000964694644,6.0,457.0,131.0
REFINED_MATERIAL_0362,Mordant Advanced Materials - Hiroshima,REFINED_MATERIAL,Japan,PCB laminate,0,0,0.0,0.0,0,326,348.0,207.0,132.0,0.0005494405889017704,0.0008552112921365131,8.0,132.0,-194.0
REFINED_MATERIAL_0363,Lethe Advanced Materials - Eindhoven,REFINED_MATERIAL,Europe,CMP slurry,0,0,0.0,0.0,0,326,1533.0,1111.0,1533.0,0.0,0.00011220655257570476,0.0,1111.0,785.0
REFINED_MATERIAL_0364,Mordant Advanced Materials - Villach,REFINED_MATERIAL,Europe,Bonding wire,0,0,0.0,0.0,0,326,1211.0,1031.0,1211.0,1.606659462509978e-05,0.0001754866783749182,1.0,1031.0,705.0
REFINED_MATERIAL_0365,Ulvid Materials - Pyeongtaek,REFINED_MATERIAL,Korea,Silicon wafer,0,0,0.0,0.0,0,326,1533.0,1111.0,1533.0,0.0,0.00011220655257570476,0.0,1111.0,785.0
REFINED_MATERIAL_0366,Umber Specialty - Austin,REFINED_MATERIAL,North America,Packaging substrate,0,0,0.0,0.0,0,326,1533.0,1111.0,1533.0,0.0,0.00011220655257570476,0.0,1111.0,785.0
REFINED_MATERIAL_0368,Oxbow Specialty - Hwaseong,REFINED_MATERIAL,Korea,Packaging substrate,0,0,0.0,0.0,0,326,1533.0,1111.0,1533.0,0.0,0.00011220655257570476,0.0,1111.0,785.0
REFINED_MATERIAL_0369,Cortex Materials - Dalian,REFINED_MATERIAL,China,Packaging substrate,7,0,0.0,0.0,2,326,157.0,857.0,194.0,5.796871949556508e-05,0.0007150145547377706,15.0,157.0,-169.0
REFINED_MATERIAL_0370,Granth Chemical - Nagano,REFINED_MATERIAL,Japan,Packaging substrate,0,0,0.0,0.0,0,326,774.0,1028.0,912.0,1.633776335506011e-05,0.00023863580335405687,3.0,774.0,448.0
REFINED_MATERIAL_0371,Quill Materials - Kitakyushu,REFINED_MATERIAL,Japan,PCB laminate,0,0,0.0,0.0,0,326,975.0,822.0,748.0,7.063387420424732e-05,0.00027880512779858543,2.0,748.0,422.0
REFINED_MATERIAL_0373,Ulvid Materials - Singapore,REFINED_MATERIAL,Southeast Asia,Process gas,0,0,0.0,0.0,0,326,638.0,501.0,561.0,0.00022322050724385965,0.00034519218307141027,4.0,501.0,175.0
REFINED_MATERIAL_0374,Palter Materials - Kolwezi,REFINED_MATERIAL,Rest of World,Silicon wafer,2,0,0.0,0.0,2,326,638.0,921.0,1319.0,3.7399558914205755e-05,0.00015360147165408632,4.0,638.0,312.0
REFINED_MATERIAL_0375,Doran Chemical - Tianjin,REFINED_MATERIAL,China,Bonding wire,0,0,0.0,0.0,0,326,1211.0,1053.0,1502.0,1.0514606472518306e-05,0.00012266218528253047,1.0,1053.0,727.0
REFINED_MATERIAL_0376,Prendel Materials - Xi'an,REFINED_MATERIAL,China,Silicon wafer,0,0,0.0,0.0,0,326,975.0,547.0,1354.0,0.00020312401161986016,0.00014730740804819,2.0,547.0,221.0
REFINED_MATERIAL_0377,Ember Specialty - Xi'an,REFINED_MATERIAL,China,Packaging substrate,0,0,0.0,0.0,0,326,1211.0,1080.0,1368.0,5.683694892544199e-06,0.00014462388571824308,1.0,1080.0,754.0
REFINED_MATERIAL_0378,Vantor Materials - Xi'an,REFINED_MATERIAL,China,PCB laminate,1,0,0.0,0.0,1,326,267.0,409.0,273.0,0.00028872973812258843,0.0005660787452724794,10.0,267.0,-59.0
REFINED_MATERIAL_0379,Palter Advanced Materials - Xi'an,REFINED_MATERIAL,China,Packaging substrate,0,0,0.0,0.0,0,326,1533.0,1111.0,1533.0,0.0,0.00011220655257570476,0.0,1111.0,785.0
EQUIPMENT_0000,Orvid Technologies - Austin,EQUIPMENT,North America,Deposition system,0,0,0.0,0.0,0,326,1211.0,1101.0,1152.0,2.015514461182413e-06,0.00018841930391911551,1.0,1101.0,775.0
EQUIPMENT_0001,Belan Instruments - Grenoble,EQUIPMENT,Europe,Deposition system,0,0,0.0,0.0,0,326,1211.0,1100.0,1182.0,2.490729739400164e-06,0.0001819338150543645,1.0,1100.0,774.0
EQUIPMENT_0002,Granth Instruments - Crolles,EQUIPMENT,Europe,Etch system,1,0,0.0,0.0,1,326,1211.0,1111.0,1467.0,0.0,0.00012785705110197732,1.0,1111.0,785.0
EQUIPMENT_0003,Isar Technologies - Kumamoto,EQUIPMENT,Japan,Metrology system,5,0,0.0,0.0,3,326,101.0,651.0,44.0,0.00014671771111970147,0.0017066126329484436,20.0,44.0,-282.0
EQUIPMENT_0004,Verity Precision - Kitakyushu,EQUIPMENT,Japan,Etch system,0,0,0.0,0.0,0,326,975.0,884.0,1248.0,4.9770512421175e-05,0.0001676099025075582,2.0,884.0,558.0
EQUIPMENT_0007,Ember Systems - Grenoble,EQUIPMENT,Europe,Deposition system,1,0,0.0,0.0,1,326,549.0,1111.0,484.0,0.0,0.0003869787039306082,5.0,484.0,158.0
EQUIPMENT_0009,Wexler Precision - Leixlip,EQUIPMENT,Europe,Test handler,0,0,0.0,0.0,0,326,975.0,604.0,519.0,0.0001697064096427879,0.00036529153192183146,2.0,519.0,193.0
EQUIPMENT_0010,Quarn Technologies - Nagano,EQUIPMENT,Japan,Ion implantation system,1,0,0.0,0.0,1,326,407.0,506.0,608.0,0.0002201848004743104,0.0003272426067526621,7.0,407.0,81.0
EQUIPMENT_0011,Jorel Systems - Austin,EQUIPMENT,North America,Test handler,0,0,0.0,0.0,0,326,774.0,760.0,451.0,9.549326815935559e-05,0.000409887576577338,3.0,451.0,125.0
EQUIPMENT_0012,Calder Instruments - Shanghai,EQUIPMENT,China,Ion implantation system,0,0,0.0,0.0,0,326,975.0,868.0,1178.0,5.379049672951946e-05,0.00018331839814019502,2.0,868.0,542.0
EQUIPMENT_0013,Ember Instruments - Sendai,EQUIPMENT,Japan,Etch system,0,0,0.0,0.0,0,326,407.0,500.0,469.0,0.00022372370182505567,0.0004000272515074629,7.0,407.0,81.0
EQUIPMENT_0014,Ferrin Precision - Ottawa,EQUIPMENT,North America,Metrology system,3,0,0.0,0.0,2,326,234.0,1111.0,191.0,0.0,0.0007220570952432951,11.0,191.0,-135.0
EQUIPMENT_0015,Kestrel Instruments - Dresden,EQUIPMENT,Europe,Etch system,0,0,0.0,0.0,0,326,975.0,725.0,1244.0,0.0001075944002743489,0.00016860914189255295,2.0,725.0,399.0
EQUIPMENT_0016,Quill Instruments - Austin,EQUIPMENT,North America,Metrology system,1,0,0.0,0.0,1,326,457.0,894.0,245.0,4.7086843964466634e-05,0.000614086927791321,6.0,245.0,-81.0
EQUIPMENT_0017,Mordant Technologies - Batam,EQUIPMENT,Southeast Asia,Test handler,2,0,0.0,0.0,1,326,157.0,635.0,55.0,0.0001556858928583536,0.0015336448306296068,15.0,55.0,-271.0
EQUIPMENT_0018,Palter Instruments - Leixlip,EQUIPMENT,Europe,Deposition system,0,0,0.0,0.0,0,326,975.0,1042.0,928.0,1.2602715292692877e-05,0.00023493112149009076,2.0,928.0,602.0
EQUIPMENT_0019,Wend Systems - Chandler,EQUIPMENT,North America,Test handler,1,0,0.0,0.0,1,326,1211.0,1094.0,817.0,3.825680554683251e-06,0.00026059939830865193,1.0,817.0,491.0
EQUIPMENT_0020,Belan Precision - Austin,EQUIPMENT,North America,Etch system,3,0,0.0,0.0,1,326,132.0,479.0,272.0,0.00023561148911512288,0.000566523712903875,17.0,132.0,-194.0
EQUIPMENT_0021,Alder Systems - Guadalajara,EQUIPMENT,North America,Test handler,0,0,0.0,0.0,0,326,1533.0,1111.0,1533.0,0.0,0.00011220655257570476,0.0,1111.0,785.0
EQUIPMENT_0022,Jarn Systems - Ottawa,EQUIPMENT,North America,Test handler,0,0,0.0,0.0,0,326,1211.0,825.0,1235.0,7.0157990455941e-05,0.00017177392641059994,1.0,825.0,499.0
EQUIPMENT_0023,Dyne Systems - Leixlip,EQUIPMENT,Europe,Lithography system,1,0,0.0,0.0,1,326,457.0,968.0,521.0,2.718953065118321e-05,0.00036364002077003406,6.0,457.0,131.0
EQUIPMENT_0024,Quarn Technologies - Hiroshima,EQUIPMENT,Japan,Deposition system,0,0,0.0,0.0,0,326,1211.0,1019.0,1137.0,1.8047926649255113e-05,0.00019333106360505637,1.0,1019.0,693.0
EQUIPMENT_0025,Oxbow Systems - Hiroshima,EQUIPMENT,Japan,Ion implantation system,0,0,0.0,0.0,0,326,1533.0,1111.0,1533.0,0.0,0.00011220655257570476,0.0,1111.0,785.0
EQUIPMENT_0026,Jorel Systems - Crolles,EQUIPMENT,Europe,Test handler,0,0,0.0,0.0,0,326,975.0,1076.0,514.0,6.317155787533255e-06,0.00036889634024848646,2.0,514.0,188.0
EQUIPMENT_0027,Isar Instruments - Kitakyushu,EQUIPMENT,Japan,Deposition system,1,0,0.0,0.0,1,326,457.0,496.0,606.0,0.00022588875085574112,0.0003277401546732188,6.0,457.0,131.0
EQUIPMENT_0029,Ivex Systems - Kumamoto,EQUIPMENT,Japan,Ion implantation system,1,0,0.0,0.0,1,326,774.0,1105.0,808.0,1.409217700183618e-06,0.00026288240908170686,3.0,774.0,448.0
EQUIPMENT_0030,Elstow Technologies - Dalian,EQUIPMENT,China,Deposition system,0,0,0.0,0.0,0,326,267.0,985.0,353.0,2.4400065704338776e-05,0.00048157834104932954,10.0,267.0,-59.0
EQUIPMENT_0032,Orvid Instruments - Villach,EQUIPMENT,Europe,Deposition system,0,0,0.0,0.0,0,326,638.0,1051.0,693.0,1.0734385822168438e-05,0.00029500815863741075,4.0,638.0,312.0
EQUIPMENT_0033,Calder Precision - Taoyuan,EQUIPMENT,Taiwan,Metrology system,0,0,0.0,0.0,0,326,1211.0,582.0,1066.0,0.00018405640820964077,0.000205152830274321,1.0,582.0,256.0
EQUIPMENT_0034,Ader Systems - Icheon,EQUIPMENT,Korea,Metrology system,1,0,0.0,0.0,1,326,407.0,511.0,91.0,0.00021887598656542521,0.0010946518990907629,7.0,91.0,-235.0
EQUIPMENT_0035,Renbeck Technologies - Dresden,EQUIPMENT,Europe,Deposition system,0,0,0.0,0.0,0,326,1533.0,1111.0,1533.0,0.0,0.00011220655257570476,0.0,1111.0,785.0
EQUIPMENT_0036,Vantor Systems - Hillsboro,EQUIPMENT,North America,Deposition system,0,0,0.0,0.0,0,326,1533.0,1111.0,1533.0,0.0,0.00011220655257570476,0.0,1111.0,785.0
EQUIPMENT_0037,Xanthe Technologies - Kumamoto,EQUIPMENT,Japan,Test handler,1,0,0.0,0.0,1,326,975.0,1111.0,341.0,0.0,0.0004938789016582525,2.0,341.0,15.0
EQUIPMENT_0038,Elstow Instruments - Leixlip,EQUIPMENT,Europe,Test handler,0,0,0.0,0.0,0,326,975.0,701.0,485.0,0.00011436970364505667,0.00038663996865227957,2.0,485.0,159.0
EQUIPMENT_0039,Lumen Instruments - Leixlip,EQUIPMENT,Europe,Etch system,0,0,0.0,0.0,0,326,1211.0,1060.0,1358.0,9.841600034705317e-06,0.00014670928221289178,1.0,1060.0,734.0
EQUIPMENT_0040,Korrin Precision - Ottawa,EQUIPMENT,North America,Test handler,0,0,0.0,0.0,0,326,638.0,1111.0,414.0,0.0,0.00044139297023666665,4.0,414.0,88.0
EQUIPMENT_0041,Quill Technologies - Taoyuan,EQUIPMENT,Taiwan,Etch system,0,0,0.0,0.0,0,326,774.0,1111.0,704.0,0.0,0.0002916051167100111,3.0,704.0,378.0
EQUIPMENT_0042,Gethin Systems - Kumamoto,EQUIPMENT,Japan,Deposition system,0,0,0.0,0.0,0,326,638.0,551.0,712.0,0.00020208735359484334,0.0002897826340978541,4.0,551.0,225.0
EQUIPMENT_0043,Holt Technologies - Wuxi,EQUIPMENT,China,Etch system,1,0,0.0,0.0,1,326,457.0,544.0,478.0,0.00020440030001812542,0.0003902984330626931,6.0,457.0,131.0
EQUIPMENT_0044,Ader Instruments - Kumamoto,EQUIPMENT,Japan,Deposition system,2,0,0.0,0.0,1,326,457.0,938.0,516.0,3.238369010822661e-05,0.00036708261356775473,6.0,457.0,131.0
EQUIPMENT_0045,Solvex Precision - Hiroshima,EQUIPMENT,Japan,Metrology system,0,0,0.0,0.0,0,326,1211.0,1106.0,1369.0,1.3934971358252275e-06,0.00014461619142357347,1.0,1106.0,780.0
EQUIPMENT_0046,Ferrin Precision - Hiroshima,EQUIPMENT,Japan,Test handler,0,0,0.0,0.0,0,326,975.0,657.0,202.0,0.00014399241433927083,0.0006888383988726543,2.0,202.0,-124.0
EQUIPMENT_0047,Mervi Precision - Sendai,EQUIPMENT,Japan,Lithography system,2,0,0.0,0.0,2,326,267.0,294.0,351.0,0.0004281901034258634,0.00048399273186416463,10.0,267.0,-59.0
EQUIPMENT_0048,Jorel Precision - Nagano,EQUIPMENT,Japan,Deposition system,0,0,0.0,0.0,0,326,1533.0,1111.0,1533.0,0.0,0.00011220655257570476,0.0,1111.0,785.0
EQUIPMENT_0049,Ivex Instruments - Nagano,EQUIPMENT,Japan,Deposition system,0,0,0.0,0.0,0,326,774.0,1111.0,1222.0,0.0,0.00017358374946973022,3.0,774.0,448.0
EQUIPMENT_0050,Zephyr Technologies - Eindhoven,EQUIPMENT,Europe,Test handler,0,0,0.0,0.0,0,326,1533.0,1111.0,1533.0,0.0,0.00011220655257570476,0.0,1111.0,785.0
EQUIPMENT_0051,Zephyr Precision - Leixlip,EQUIPMENT,Europe,Ion implantation system,1,0,0.0,0.0,1,326,1211.0,991.0,1416.0,2.275951609740972e-05,0.0001349700086457323,1.0,991.0,665.0
EQUIPMENT_0052,Xanthe Systems - Grenoble,EQUIPMENT,Europe,Ion implantation system,0,0,0.0,0.0,0,326,1211.0,686.0,1227.0,0.00012678810216285084,0.00017281174325476436,1.0,686.0,360.0
EQUIPMENT_0053,Lethe Precision - Grenoble,EQUIPMENT,Europe,Metrology system,2,0,0.0,0.0,2,326,1211.0,688.0,1109.0,0.00012615184780575826,0.00019751857767486613,1.0,688.0,362.0
EQUIPMENT_0054,Yarrow Systems - Malta,EQUIPMENT,North America,Deposition system,1,0,0.0,0.0,1,326,638.0,1007.0,731.0,2.0768633340661652e-05,0.00028340462245554356,4.0,638.0,312.0
RAW_MATERIAL_0000,Korrin Minerals - Batam,RAW_MATERIAL,Southeast Asia,Crude industrial gas,0,0,0.0,0.0,0,326,1211.0,1111.0,830.0,0.0,0.0002560311379734352,1.0,830.0,504.0
RAW_MATERIAL_0001,Granth Extraction - Pune,RAW_MATERIAL,South Asia,Crude industrial gas,0,0,0.0,0.0,0,326,1533.0,1111.0,1533.0,0.0,0.00011220655257570476,0.0,1111.0,785.0
RAW_MATERIAL_0002,Yarrow Feedstock - Tianjin,RAW_MATERIAL,China,Rare earth elements,0,0,0.0,0.0,0,326,975.0,1111.0,377.0,0.0,0.00046888780431521244,2.0,377.0,51.0
EQUIPMENT_0058,Faryn Instruments - Malta,EQUIPMENT,North America,Test handler,1,0,0.0,0.0,1,326,1211.0,1111.0,755.0,0.0,0.0002768574684237086,1.0,755.0,429.0
RAW_MATERIAL_0003,Trellis Resources - Johannesburg,RAW_MATERIAL,Rest of World,Substrate resin,0,0,0.0,0.0,0,326,1211.0,1111.0,1506.0,0.0,0.00012139645660798551,1.0,1111.0,785.0
RAW_MATERIAL_0004,Belan Resources - Leixlip,RAW_MATERIAL,Europe,Substrate resin,0,0,0.0,0.0,0,326,267.0,1111.0,135.0,0.0,0.0008534025424169467,10.0,135.0,-191.0
EQUIPMENT_0061,Korrin Instruments - Leixlip,EQUIPMENT,Europe,Etch system,0,0,0.0,0.0,0,326,1211.0,1058.0,1284.0,9.924536916909594e-06,0.0001589072169331094,1.0,1058.0,732.0
EQUIPMENT_0062,Belan Technologies - Dresden,EQUIPMENT,Europe,Ion implantation system,0,0,0.0,0.0,0,326,975.0,1111.0,1088.0,0.0,0.00020115308898304002,2.0,975.0,649.0
EQUIPMENT_0063,Umber Systems - Crolles,EQUIPMENT,Europe,Deposition system,0,0,0.0,0.0,0,326,774.0,907.0,1148.0,4.059915308237333e-05,0.00018990224326386935,3.0,774.0,448.0
RAW_MATERIAL_0005,Korrin Resources - Guadalajara,RAW_MATERIAL,North America,Silicon feedstock,0,0,0.0,0.0,0,326,1211.0,1111.0,1080.0,0.0,0.00020268903076759378,1.0,1080.0,754.0
EQUIPMENT_0065,Rivet Precision - Hiroshima,EQUIPMENT,Japan,Deposition system,2,0,0.0,0.0,1,326,267.0,415.0,293.0,0.0002831039946451951,0.0005398466571845462,10.0,267.0,-59.0
EQUIPMENT_0066,Ferrin Technologies - Hillsboro,EQUIPMENT,North America,Etch system,0,0,0.0,0.0,0,326,1533.0,1111.0,1533.0,0.0,0.00011220655257570476,0.0,1111.0,785.0
EQUIPMENT_0067,Belan Instruments - Eindhoven,EQUIPMENT,Europe,Metrology system,0,0,0.0,0.0,0,326,975.0,975.0,588.0,2.6254031673294145e-05,0.0003364139656072847,2.0,588.0,262.0
RAW_MATERIAL_0006,Quarn Minerals - Perth,RAW_MATERIAL,Rest of World,Copper,0,0,0.0,0.0,0,326,1533.0,1111.0,1533.0,0.0,0.00011220655257570476,0.0,1111.0,785.0
EQUIPMENT_0069,Cortex Systems - Hsinchu,EQUIPMENT,Taiwan,Etch system,2,0,0.0,0.0,2,326,234.0,533.0,365.0,0.00020779139379093674,0.0004758171123344974,11.0,234.0,-92.0
EQUIPMENT_0070,Jorel Instruments - Malta,EQUIPMENT,North America,Deposition system,0,0,0.0,0.0,0,326,1211.0,1095.0,1266.0,3.79310151741439e-06,0.00016338795989990354,1.0,1095.0,769.0
EQUIPMENT_0071,Quill Technologies - Gumi,EQUIPMENT,Korea,Ion implantation system,0,0,0.0,0.0,0,326,975.0,1096.0,1350.0,3.704147774093395e-06,0.00014792927125413196,2.0,975.0,649.0
EQUIPMENT_0072,Cortex Instruments - Yokkaichi,EQUIPMENT,Japan,Etch system,0,0,0.0,0.0,0,326,457.0,1111.0,749.0,0.0,0.0002778822463377568,6.0,457.0,131.0
EQUIPMENT_0073,Thorne Systems - Malta,EQUIPMENT,North America,Deposition system,0,0,0.0,0.0,0,326,1533.0,1111.0,1533.0,0.0,0.00011220655257570476,0.0,1111.0,785.0
EQUIPMENT_0074,Stade Systems - Chengdu,EQUIPMENT,China,Metrology system,2,0,0.0,0.0,2,326,774.0,845.0,630.0,6.365173132590866e-05,0.0003204953734002749,3.0,630.0,304.0
EQUIPMENT_0075,Nevin Systems - Austin,EQUIPMENT,North America,Test handler,0,0,0.0,0.0,0,326,304.0,457.0,137.0,0.00024791163703711383,0.0008517421855380292,9.0,137.0,-189.0
EQUIPMENT_0076,Alder Technologies - Austin,EQUIPMENT,North America,Deposition system,0,0,0.0,0.0,0,326,1211.0,1109.0,1511.0,2.8700910192364734e-07,0.00011988373054192184,1.0,1109.0,783.0
EQUIPMENT_0077,Rivet Precision - Hiroshima 2,EQUIPMENT,Japan,Metrology system,0,0,0.0,0.0,0,326,1533.0,1111.0,1533.0,0.0,0.00011220655257570476,0.0,1111.0,785.0
EQUIPMENT_0078,Trellis Precision - Malta,EQUIPMENT,North America,Test handler,1,0,0.0,0.0,1,326,549.0,1107.0,214.0,6.673580943876369e-07,0.0006586398920587825,5.0,214.0,-112.0
EQUIPMENT_0079,Kestrel Instruments - Shenzhen,EQUIPMENT,China,Test handler,0,0,0.0,0.0,0,326,774.0,1103.0,299.0,1.652219489119992e-06,0.0005298993968490163,3.0,299.0,-27.0
EQUIPMENT_0080,Cortex Systems - Grenoble,EQUIPMENT,Europe,Test handler,0,0,0.0,0.0,0,326,1211.0,1086.0,737.0,4.603597608773872e-06,0.0002824364841539249,1.0,737.0,411.0
EQUIPMENT_0081,Prendel Instruments - Cheongju,EQUIPMENT,Korea,Test handler,1,0,0.0,0.0,1,326,1211.0,562.0,401.0,0.00019715864151007448,0.0004511534759230766,1.0,401.0,75.0
EQUIPMENT_0082,Prendel Instruments - Chandler,EQUIPMENT,North America,Lithography system,13,0,0.0,0.0,1,326,121.0,834.0,198.0,6.587100101554653e-05,0.0007071598329443954,18.0,121.0,-205.0
EQUIPMENT_0083,Ader Technologies - Malta,EQUIPMENT,North America,Deposition system,0,0,0.0,0.0,0,326,774.0,1111.0,1165.0,0.0,0.00018594221611340742,3.0,774.0,448.0
EQUIPMENT_0084,Vantor Technologies - Chandler,EQUIPMENT,North America,Deposition system,0,0,0.0,0.0,0,326,1533.0,1111.0,1533.0,0.0,0.00011220655257570476,0.0,1111.0,785.0
EQUIPMENT_0085,Elstow Instruments - Kitakyushu,EQUIPMENT,Japan,Deposition system,0,0,0.0,0.0,0,326,457.0,1111.0,649.0,0.0,0.0003121174536073527,6.0,457.0,131.0
EQUIPMENT_0086,Dyne Technologies - Malta,EQUIPMENT,North America,Deposition system,0,0,0.0,0.0,0,326,1533.0,1111.0,1533.0,0.0,0.00011220655257570476,0.0,1111.0,785.0
EQUIPMENT_0087,Oxbow Technologies - Chandler,EQUIPMENT,North America,Deposition system,1,0,0.0,0.0,1,326,407.0,1059.0,620.0,9.870369257331642e-06,0.000323274560693309,7.0,407.0,81.0
EQUIPMENT_0088,Granth Systems - Nagano,EQUIPMENT,Japan,Etch system,0,0,0.0,0.0,0,326,638.0,1111.0,780.0,0.0,0.0002686955306017241,4.0,638.0,312.0
EQUIPMENT_0089,Brant Systems - Ottawa,EQUIPMENT,North America,Metrology system,0,0,0.0,0.0,0,326,1533.0,1111.0,1533.0,0.0,0.00011220655257570476,0.0,1111.0,785.0
EQUIPMENT_0090,Quill Precision - Dresden,EQUIPMENT,Europe,Metrology system,0,0,0.0,0.0,0,326,975.0,1111.0,1246.0,0.0,0.0001678187715073191,2.0,975.0,649.0
EQUIPMENT_0091,Rivet Technologies - Austin,EQUIPMENT,North America,Ion implantation system,4,0,0.0,0.0,3,326,975.0,891.0,1138.0,4.8163373379970245e-05,0.00019314138118095223,2.0,891.0,565.0
EQUIPMENT_0092,Gethin Systems - Kumamoto 2,EQUIPMENT,Japan,Test handler,0,0,0.0,0.0,0,326,348.0,1111.0,63.0,0.0,0.00143681075213003,8.0,63.0,-263.0
EQUIPMENT_0093,Elstow Instruments - Chandler,EQUIPMENT,North America,Test handler,0,0,0.0,0.0,0,326,549.0,68.0,199.0,0.001248659706261941,0.0006978060241257047,5.0,68.0,-258.0
EQUIPMENT_0094,Ader Precision - Ottawa,EQUIPMENT,North America,Metrology system,0,0,0.0,0.0,0,326,975.0,1111.0,680.0,0.0,0.0002998595995554175,2.0,680.0,354.0
RAW_MATERIAL_0007,Doran Resources - Perth,RAW_MATERIAL,Rest of World,Silicon feedstock,0,0,0.0,0.0,0,326,1211.0,1111.0,1049.0,0.0,0.0002084665771752996,1.0,1049.0,723.0
EQUIPMENT_0096,Kestrel Instruments - Chandler,EQUIPMENT,North America,Deposition system,0,0,0.0,0.0,0,326,975.0,941.0,1305.0,3.199362855436917e-05,0.00015580821052592824,2.0,941.0,615.0
EQUIPMENT_0097,Orvid Systems - Taoyuan,EQUIPMENT,Taiwan,Etch system,0,0,0.0,0.0,0,326,348.0,560.0,429.0,0.00019812312838514824,0.0004266771682439735,8.0,348.0,22.0
EQUIPMENT_0098,Lumen Systems - Nagano,EQUIPMENT,Japan,Metrology system,2,0,0.0,0.0,2,326,457.0,487.0,163.0,0.00022972407215083497,0.000779364668218966,6.0,163.0,-163.0
EQUIPMENT_0099,Ulvid Instruments - Crolles,EQUIPMENT,Europe,Deposition system,1,0,0.0,0.0,1,326,1211.0,1111.0,1322.0,0.0,0.0001529825057832894,1.0,1111.0,785.0
EQUIPMENT_0100,Verity Precision - Guadalajara,EQUIPMENT,North America,Deposition system,0,0,0.0,0.0,0,326,975.0,826.0,1253.0,6.980171678412867e-05,0.0001672493807439526,2.0,826.0,500.0
EQUIPMENT_0101,Jorel Systems - Hiroshima,EQUIPMENT,Japan,Etch system,0,0,0.0,0.0,0,326,549.0,1098.0,586.0,3.2145880729631104e-06,0.00033745796849069356,5.0,549.0,223.0
RAW_MATERIAL_0008,Noral Minerals - Malta,RAW_MATERIAL,North America,Bulk chemical,0,0,0.0,0.0,0,326,1533.0,1111.0,1533.0,0.0,0.00011220655257570476,0.0,1111.0,785.0
EQUIPMENT_0103,Thorne Technologies - Dresden,EQUIPMENT,Europe,Etch system,0,0,0.0,0.0,0,326,774.0,540.0,1047.0,0.00020579662340916604,0.00020901623542201936,3.0,540.0,214.0
EQUIPMENT_0104,Korrin Instruments - Hillsboro,EQUIPMENT,North America,Ion implantation system,0,0,0.0,0.0,0,326,975.0,1071.0,1285.0,7.3007708921311244e-06,0.0001587729733548366,2.0,975.0,649.0
RAW_MATERIAL_0009,Mervi Minerals - Batangas,RAW_MATERIAL,Southeast Asia,Substrate resin,0,0,0.0,0.0,0,326,774.0,1111.0,1000.0,0.0,0.00022038764785938406,3.0,774.0,448.0
EQUIPMENT_0106,Gethin Precision - Austin,EQUIPMENT,North America,Etch system,1,0,0.0,0.0,1,326,193.0,1111.0,492.0,0.0,0.00038451064257560293,13.0,193.0,-133.0
RAW_MATERIAL_0010,Ulvid Feedstock - Belo Horizonte,RAW_MATERIAL,Rest of World,Copper,0,0,0.0,0.0,0,326,774.0,1111.0,408.0,0.0,0.0004453994798123921,3.0,408.0,82.0
EQUIPMENT_0108,Prendel Instruments - Xi'an,EQUIPMENT,China,Test handler,0,0,0.0,0.0,0,326,304.0,1008.0,109.0,2.059175501780338e-05,0.000988920482646695,9.0,109.0,-217.0
EQUIPMENT_0109,Palter Instruments - Crolles,EQUIPMENT,Europe,Deposition system,0,0,0.0,0.0,0,326,975.0,1111.0,1217.0,0.0,0.00017496870519382858,2.0,975.0,649.0
EQUIPMENT_0110,Alder Precision - Nagano,EQUIPMENT,Japan,Etch system,0,0,0.0,0.0,0,326,774.0,989.0,1195.0,2.314282155008259e-05,0.00017819283010350541,3.0,774.0,448.0
EQUIPMENT_0111,Mervi Systems - Ottawa 2,EQUIPMENT,North America,Deposition system,0,0,0.0,0.0,0,326,1533.0,1111.0,1533.0,0.0,0.00011220655257570476,0.0,1111.0,785.0
EQUIPMENT_0112,Xanthe Precision - Kitakyushu,EQUIPMENT,Japan,Deposition system,0,0,0.0,0.0,0,326,407.0,920.0,403.0,3.773856644719104e-05,0.0004492215994837243,7.0,403.0,77.0
EQUIPMENT_0113,Wend Systems - Grenoble,EQUIPMENT,Europe,Etch system,0,0,0.0,0.0,0,326,1533.0,1111.0,1533.0,0.0,0.00011220655257570476,0.0,1111.0,785.0
EQUIPMENT_0114,Granth Instruments - Shanghai,EQUIPMENT,China,Deposition system,0,0,0.0,0.0,0,326,1533.0,1111.0,1533.0,0.0,0.00011220655257570476,0.0,1111.0,785.0
EQUIPMENT_0115,Korrin Systems - Malta,EQUIPMENT,North America,Ion implantation system,3,0,0.0,0.0,2,326,407.0,1039.0,700.0,1.418698730902612e-05,0.0002936916565426157,7.0,407.0,81.0
RAW_MATERIAL_0011,Oxbow Minerals - Bengaluru,RAW_MATERIAL,South Asia,Silicon feedstock,0,0,0.0,0.0,0,326,1533.0,1111.0,1533.0,0.0,0.00011220655257570476,0.0,1111.0,785.0
EQUIPMENT_0117,Stade Precision - Austin,EQUIPMENT,North America,Test handler,0,0,0.0,0.0,0,326,1533.0,1111.0,1533.0,0.0,0.00011220655257570476,0.0,1111.0,785.0
RAW_MATERIAL_0012,Dyne Resources - Guadalajara,RAW_MATERIAL,North America,Substrate resin,0,0,0.0,0.0,0,326,1211.0,1111.0,992.0,0.0,0.00022241730537813945,1.0,992.0,666.0
EQUIPMENT_0119,Palter Instruments - Chandler,EQUIPMENT,North America,Test handler,0,0,0.0,0.0,0,326,1211.0,856.0,1081.0,5.856748874121511e-05,0.00020245253560609752,1.0,856.0,530.0
EQUIPMENT_0120,Mervi Technologies - Sendai,EQUIPMENT,Japan,Ion implantation system,2,0,0.0,0.0,1,326,407.0,1046.0,397.0,1.1765313612948255e-05,0.0004546011140104212,7.0,397.0,71.0
EQUIPMENT_0121,Yarrow Technologies - Hillsboro,EQUIPMENT,North America,Lithography system,1,0,0.0,0.0,1,326,638.0,925.0,1027.0,3.645703213084591e-05,0.00021402334495381492,4.0,638.0,312.0
EQUIPMENT_0122,Korrin Precision - Crolles,EQUIPMENT,Europe,Deposition system,0,0,0.0,0.0,0,326,1211.0,1081.0,1280.0,5.571983264833911e-06,0.0001599383549153621,1.0,1081.0,755.0
EQUIPMENT_0123,Jarn Technologies - Ottawa,EQUIPMENT,North America,Deposition system,0,0,0.0,0.0,0,326,975.0,1074.0,1200.0,7.000053558413898e-06,0.000176971476236541,2.0,975.0,649.0
EQUIPMENT_0124,Mordant Technologies - Eindhoven,EQUIPMENT,Europe,Ion implantation system,0,0,0.0,0.0,0,326,1533.0,1111.0,1533.0,0.0,0.00011220655257570476,0.0,1111.0,785.0
EQUIPMENT_0125,Lumen Precision - Hiroshima,EQUIPMENT,Japan,Ion implantation system,2,0,0.0,0.0,1,326,267.0,516.0,411.0,0.00021658622552776598,0.0004425408139402831,10.0,267.0,-59.0
EQUIPMENT_0126,Brant Instruments - Tainan,EQUIPMENT,Taiwan,Test handler,0,0,0.0,0.0,0,326,1211.0,1111.0,1306.0,0.0,0.0001553498725964007,1.0,1111.0,785.0
RAW_MATERIAL_0013,Stade Extraction - Batangas,RAW_MATERIAL,Southeast Asia,Copper,0,0,0.0,0.0,0,326,638.0,1111.0,373.0,0.0,0.0004718141108522291,4.0,373.0,47.0
EQUIPMENT_0128,Nevin Systems - Chandler,EQUIPMENT,North America,Etch system,1,0,0.0,0.0,1,326,549.0,945.0,775.0,3.1557273956420676e-05,0.00027088232879787766,5.0,549.0,223.0
EQUIPMENT_0129,Gethin Technologies - Wuxi,EQUIPMENT,China,Ion implantation system,0,0,0.0,0.0,0,326,1533.0,1111.0,1533.0,0.0,0.00011220655257570476,0.0,1111.0,785.0
EQUIPMENT_0130,Ulvid Instruments - Nagano,EQUIPMENT,Japan,Metrology system,1,0,0.0,0.0,1,326,549.0,965.0,466.0,2.823235121093181e-05,0.0004011598046183948,5.0,466.0,140.0
RAW_MATERIAL_0014,Alder Feedstock - Xi'an,RAW_MATERIAL,China,Substrate resin,0,0,0.0,0.0,0,326,1533.0,1111.0,1533.0,0.0,0.00011220655257570476,0.0,1111.0,785.0
EQUIPMENT_0132,Wend Technologies - Hwaseong,EQUIPMENT,Korea,Deposition system,0,0,0.0,0.0,0,326,774.0,1097.0,1201.0,3.505355193374706e-06,0.0001769360056526239,3.0,774.0,448.0
EQUIPMENT_0133,Jarn Systems - Hillsboro,EQUIPMENT,North America,Ion implantation system,5,0,0.0,0.0,2,326,407.0,766.0,692.0,9.192695512991266e-05,0.00029516508685614577,7.0,407.0,81.0
EQUIPMENT_0134,Halcy Systems - Leixlip,EQUIPMENT,Europe,Metrology system,0,0,0.0,0.0,0,326,1533.0,1111.0,1533.0,0.0,0.00011220655257570476,0.0,1111.0,785.0
EQUIPMENT_0135,Vantor Systems - Austin,EQUIPMENT,North America,Test handler,0,0,0.0,0.0,0,326,975.0,1111.0,410.0,0.0,0.00044370277687788177,2.0,410.0,84.0
EQUIPMENT_0136,Trellis Instruments - Crolles,EQUIPMENT,Europe,Etch system,1,0,0.0,0.0,1,326,213.0,959.0,321.0,2.9051536571413e-05,0.0005109658129801441,12.0,213.0,-113.0
HUB_030,Rotterdam Port,LOGISTICS,Europe,Freight,0,0,0.0,0.0,0,326,23.0,25.0,17.0,0.0024685656283796684,0.005554627188526397,72.0,17.0,-309.0
EQUIPMENT_0138,Lethe Precision - Yokkaichi,EQUIPMENT,Japan,Test handler,0,0,0.0,0.0,0,326,213.0,1111.0,42.0,0.0,0.0017868551190819797,12.0,42.0,-284.0
EQUIPMENT_0139,Thorne Precision - Icheon,EQUIPMENT,Korea,Metrology system,0,0,0.0,0.0,0,326,457.0,662.0,120.0,0.00014289261931550872,0.0009133680399652846,6.0,120.0,-206.0
FAB_0000,Halcy Foundry - Villach,FAB,Europe,Power die,0,0,0.0,0.0,0,326,549.0,79.0,477.0,0.0011343226634689502,0.0003919540799014976,5.0,79.0,-247.0
FAB_0001,Yarrow Semiconductor - Taoyuan,FAB,Taiwan,Logic die,1,0,0.0,0.0,1,326,638.0,297.0,798.0,0.00042380574508433616,0.00026499422820683695,4.0,297.0,-29.0
FAB_0002,Mordant Foundry - Hsinchu,FAB,Taiwan,Power die,0,0,0.0,0.0,0,326,457.0,112.0,453.0,0.0008848291402610649,0.00040924052016924866,6.0,112.0,-214.0
HUB_031,Busan Port,LOGISTICS,Korea,Freight,0,0,0.0,0.0,0,326,3.0,4.0,2.0,0.02691684769642394,0.030654459876504135,690.0,2.0,-324.0
FAB_0004,Halcy Microelectronics - Hsinchu,FAB,Taiwan,Power die,1,0,0.0,0.0,1,326,457.0,56.0,378.0,0.0013686553725189578,0.00046783042586805217,6.0,56.0,-270.0
FAB_0005,Nevin Wafer Works - Hsinchu,FAB,Taiwan,Analog die,0,0,0.0,0.0,0,326,975.0,411.0,1291.0,0.0002860044978893502,0.00015816175153089888,2.0,411.0,85.0
FAB_0006,Renbeck Foundry - Guadalajara,FAB,North America,Memory die,0,0,0.0,0.0,0,326,1533.0,1111.0,1533.0,0.0,0.00011220655257570476,0.0,1111.0,785.0
FAB_0007,Doran Wafer Works - Taoyuan,FAB,Taiwan,RF die,0,0,0.0,0.0,0,326,407.0,156.0,573.0,0.0006799498133653536,0.0003414944456182154,7.0,156.0,-170.0
FAB_0008,Stade Semiconductor - Icheon,FAB,Korea,RF die,1,0,0.0,0.0,1,326,774.0,368.0,828.0,0.0003269415118819431,0.0002562732092986522,3.0,368.0,42.0
FAB_0009,Palter Wafer Works - Taichung,FAB,Taiwan,Power die,0,0,0.0,0.0,0,326,1211.0,997.0,1296.0,2.2313805449852974e-05,0.00015750367645891484,1.0,997.0,671.0
FAB_0010,Isar Foundry - Taoyuan,FAB,Taiwan,Analog die,0,0,0.0,0.0,0,326,975.0,393.0,1058.0,0.00030433481444881364,0.00020669135184491364,2.0,393.0,67.0
FAB_0011,Ferrin Semiconductor - Gumi,FAB,Korea,Memory die,3,0,0.0,0.0,2,326,267.0,58.0,161.0,0.0013450802864529603,0.0007837637104362884,10.0,58.0,-268.0
FAB_0012,Alder Foundry - Xi'an,FAB,China,RF die,1,0,0.0,0.0,1,326,348.0,49.0,594.0,0.001489961858219408,0.0003320887512143096,8.0,49.0,-277.0
FAB_0013,Halcy Foundry - Tainan,FAB,Taiwan,Power die,0,0,0.0,0.0,0,326,638.0,117.0,665.0,0.0008692589325291276,0.0003055937633211405,4.0,117.0,-209.0
FAB_0014,Cortex Semiconductor - Tianjin,FAB,China,Memory die,0,0,0.0,0.0,0,326,774.0,257.0,871.0,0.00047519778798842886,0.0002470409916711088,3.0,257.0,-69.0
FAB_0015,Elstow Wafer Works - Wuxi,FAB,China,MEMS die,0,0,0.0,0.0,0,326,774.0,88.0,1116.0,0.0010549225940068188,0.0001966871704238621,3.0,88.0,-238.0
HUB_032,Frankfurt Air Cargo Hub,LOGISTICS,Europe,Freight,0,0,0.0,0.0,0,326,975.0,940.0,501.0,3.1993800309139384e-05,0.00037608630989144495,2.0,501.0,175.0
FAB_0017,Ember Semiconductor - Guadalajara,FAB,North America,Logic die,0,0,0.0,0.0,0,326,1533.0,1111.0,1533.0,0.0,0.00011220655257570476,0.0,1111.0,785.0
FAB_0018,Holt Semiconductor - Taoyuan,FAB,Taiwan,MEMS die,0,0,0.0,0.0,0,326,457.0,221.0,690.0,0.0005238028406549215,0.0002956272668014612,6.0,221.0,-105.0
FAB_0019,Jorel Wafer Works - Taichung,FAB,Taiwan,Logic die,0,0,0.0,0.0,0,326,1533.0,1111.0,1533.0,0.0,0.00011220655257570476,0.0,1111.0,785.0
FAB_0020,Trellis Semiconductor - Taichung,FAB,Taiwan,RF die,2,0,0.0,0.0,2,326,407.0,193.0,677.0,0.0005814820319794619,0.00030110820638272923,7.0,193.0,-133.0
FAB_0021,Belan Semiconductor - Xi'an,FAB,China,MEMS die,0,0,0.0,0.0,0,326,1533.0,1111.0,1533.0,0.0,0.00011220655257570476,0.0,1111.0,785.0
FAB_0022,Vantor Semiconductor - Gumi,FAB,Korea,Power die,0,0,0.0,0.0,0,326,975.0,536.0,654.0,0.00020687741729214992,0.000311044327091173,2.0,536.0,210.0
FAB_0023,Xanthe Wafer Works - Kitakyushu,FAB,Japan,Logic die,1,0,0.0,0.0,1,326,774.0,200.0,682.0,0.0005653520091705543,0.0002994631675334641,3.0,200.0,-126.0
FAB_0024,Cortex Foundry - Yokkaichi,FAB,Japan,Memory die,0,0,0.0,0.0,0,326,638.0,60.0,388.0,0.0013309684033687144,0.00046164974020787016,4.0,60.0,-266.0
FAB_0025,Brant Semiconductor - Tainan,FAB,Taiwan,Power die,0,0,0.0,0.0,0,326,1211.0,867.0,1383.0,5.398361210072556e-05,0.00014238719736357655,1.0,867.0,541.0
FAB_0026,Quarn Semiconductor - Icheon,FAB,Korea,Analog die,0,0,0.0,0.0,0,326,638.0,331.0,1102.0,0.0003723443411602332,0.00019897158723682087,4.0,331.0,5.0
FAB_0027,Lumen Foundry - Hsinchu,FAB,Taiwan,Memory die,0,0,0.0,0.0,0,326,774.0,508.0,1370.0,0.00021917797733038294,0.0001444688297851304,3.0,508.0,182.0
HUB_033,Shenzhen Port,LOGISTICS,China,Freight,0,0,0.0,0.0,0,326,101.0,576.0,40.0,0.0001881487016658803,0.001827436745550723,20.0,40.0,-286.0
FAB_0029,Nevin Microelectronics - Taoyuan,FAB,Taiwan,Logic die,0,0,0.0,0.0,0,326,457.0,168.0,874.0,0.0006375808240418729,0.0002466699579879828,6.0,168.0,-158.0
FAB_0030,Solvex Semiconductor - Icheon,FAB,Korea,MEMS die,0,0,0.0,0.0,0,326,774.0,282.0,709.0,0.00044645981586033455,0.0002907662280724416,3.0,282.0,-44.0
FAB_0031,Isar Semiconductor - Pyeongtaek,FAB,Korea,Logic die,0,0,0.0,0.0,0,326,1533.0,1111.0,1533.0,0.0,0.00011220655257570476,0.0,1111.0,785.0
FAB_0032,Nevin Wafer Works - Hiroshima,FAB,Japan,Memory die,0,0,0.0,0.0,0,326,975.0,140.0,744.0,0.0007292052788734134,0.0002806402051374225,2.0,140.0,-186.0
FAB_0033,Belan Wafer Works - Hsinchu,FAB,Taiwan,Analog die,0,0,0.0,0.0,0,326,1211.0,1021.0,1521.0,1.771829125517794e-05,0.00011837432866905449,1.0,1021.0,695.0
FAB_0034,Isar Wafer Works - Hillsboro,FAB,North America,Memory die,1,0,0.0,0.0,1,326,638.0,195.0,1041.0,0.0005797546746542107,0.00021004420212693506,4.0,195.0,-131.0
FAB_0035,Granth Semiconductor - Pyeongtaek,FAB,Korea,Analog die,0,0,0.0,0.0,0,326,638.0,262.0,552.0,0.0004687525227127046,0.00034887021750011637,4.0,262.0,-64.0
FAB_0036,Vantor Wafer Works - Taichung,FAB,Taiwan,Analog die,0,0,0.0,0.0,0,326,1211.0,1018.0,1468.0,1.8196227146074255e-05,0.00012779659087123555,1.0,1018.0,692.0
FAB_0037,Oxbow Wafer Works - Hillsboro,FAB,North America,Logic die,0,0,0.0,0.0,0,326,1533.0,1111.0,1533.0,0.0,0.00011220655257570476,0.0,1111.0,785.0
FAB_0038,Jarn Semiconductor - Chengdu,FAB,China,Logic die,0,0,0.0,0.0,0,326,975.0,862.0,859.0,5.6114815241954814e-05,0.00024955206211451037,2.0,859.0,533.0
FAB_0039,Jarn Semiconductor - Taichung,FAB,Taiwan,Memory die,0,0,0.0,0.0,0,326,774.0,31.0,461.0,0.0019544082009238625,0.00040419225806855865,3.0,31.0,-295.0
FAB_0040,Vantor Foundry - Hwaseong,FAB,Korea,MEMS die,0,0,0.0,0.0,0,326,457.0,106.0,443.0,0.000917334688764072,0.0004161896161224103,6.0,106.0,-220.0
FAB_0041,Doran Foundry - Cheongju,FAB,Korea,Analog die,1,0,0.0,0.0,1,326,774.0,404.0,641.0,0.0002912034284093593,0.00031757591212152534,3.0,404.0,78.0
FAB_0042,Ystad Semiconductor - Gumi,FAB,Korea,Analog die,0,0,0.0,0.0,0,326,975.0,584.0,834.0,0.00018248273164569662,0.00025496404151792055,2.0,584.0,258.0
FAB_0043,Wend Wafer Works - Dalian,FAB,China,Memory die,0,0,0.0,0.0,0,326,975.0,588.0,1231.0,0.00018031439210712666,0.0001723376038349852,2.0,588.0,262.0
HUB_034,Shanghai Port,LOGISTICS,China,Freight,0,0,0.0,0.0,0,326,11.0,9.0,9.0,0.0082434910989291,0.011543404403359329,283.0,9.0,-317.0
FAB_0045,Elstow Wafer Works - Gumi,FAB,Korea,Logic die,0,0,0.0,0.0,0,326,1533.0,1111.0,1533.0,0.0,0.00011220655257570476,0.0,1111.0,785.0
FAB_0046,Umber Wafer Works - Dresden,FAB,Europe,Logic die,0,0,0.0,0.0,0,326,1533.0,1111.0,1533.0,0.0,0.00011220655257570476,0.0,1111.0,785.0
FAB_0047,Renbeck Wafer Works - Grenoble,FAB,Europe,Analog die,0,0,0.0,0.0,0,326,1211.0,295.0,1105.0,0.0004274225358182867,0.00019873665317009869,1.0,295.0,-31.0
FAB_0048,Mordant Foundry - Hsinchu 2,FAB,Taiwan,Memory die,0,0,0.0,0.0,0,326,975.0,155.0,1193.0,0.0006808677216373489,0.00017935208438461274,2.0,155.0,-171.0
FAB_0049,Holt Microelectronics - Ottawa,FAB,North America,Analog die,0,0,0.0,0.0,0,326,638.0,407.0,497.0,0.00028892857913157753,0.00038021461397601784,4.0,407.0,81.0
FAB_0050,Lumen Wafer Works - Shanghai,FAB,China,Logic die,0,0,0.0,0.0,0,326,457.0,148.0,540.0,0.000708841351636472,0.0003543412453237346,6.0,148.0,-178.0
FAB_0051,Lumen Foundry - Nagano,FAB,Japan,Analog die,0,0,0.0,0.0,0,326,975.0,42.0,447.0,0.0016180766279963025,0.0004138936753514503,2.0,42.0,-284.0
FAB_0052,Kestrel Microelectronics - Xi'an,FAB,China,Analog die,0,0,0.0,0.0,0,326,1533.0,1111.0,1533.0,0.0,0.00011220655257570476,0.0,1111.0,785.0
FAB_0053,Verity Wafer Works - Hsinchu,FAB,Taiwan,RF die,0,0,0.0,0.0,0,326,1533.0,1111.0,1533.0,0.0,0.00011220655257570476,0.0,1111.0,785.0
FAB_0054,Jorel Semiconductor - Pyeongtaek,FAB,Korea,Memory die,3,0,0.0,0.0,2,326,774.0,165.0,806.0,0.000640596660566124,0.0002638235190241231,3.0,165.0,-161.0
FAB_0055,Alder Wafer Works - Taoyuan,FAB,Taiwan,RF die,0,0,0.0,0.0,0,326,774.0,401.0,1068.0,0.00029596982291232757,0.00020459777440407328,3.0,401.0,75.0
HUB_035,Long Beach Port,LOGISTICS,North America,Freight,0,0,0.0,0.0,0,326,549.0,1070.0,340.0,7.309540475298727e-06,0.0004942402091575475,5.0,340.0,14.0
FAB_0057,Umber Semiconductor - Kaohsiung,FAB,Taiwan,Analog die,0,0,0.0,0.0,0,326,348.0,171.0,292.0,0.0006308541436564378,0.0005402488795404195,8.0,171.0,-155.0
FAB_0058,Solvex Foundry - Austin,FAB,North America,RF die,0,0,0.0,0.0,0,326,1211.0,349.0,1258.0,0.0003471600447242035,0.00016614875045888348,1.0,349.0,23.0
FAB_0059,Ivex Wafer Works - Nagano,FAB,Japan,Power die,0,0,0.0,0.0,0,326,304.0,118.0,200.0,0.0008670404439110687,0.000697539294156756,9.0,118.0,-208.0
FAB_0060,Thorne Microelectronics - Hiroshima,FAB,Japan,Logic die,0,0,0.0,0.0,0,326,1211.0,396.0,879.0,0.0003008355506306334,0.0002454791533780021,1.0,396.0,70.0
FAB_0061,Kestrel Foundry - Tianjin,FAB,China,Memory die,0,0,0.0,0.0,0,326,1533.0,1111.0,1533.0,0.0,0.00011220655257570476,0.0,1111.0,785.0
FAB_0062,Quill Foundry - Hsinchu,FAB,Taiwan,Memory die,0,0,0.0,0.0,0,326,774.0,443.0,1090.0,0.0002579897189839519,0.00020096705704596824,3.0,443.0,117.0
FAB_0063,Wend Microelectronics - Tainan,FAB,Taiwan,Analog die,0,0,0.0,0.0,0,326,1533.0,1111.0,1533.0,0.0,0.00011220655257570476,0.0,1111.0,785.0
HUB_036,Leipzig Air Cargo Hub,LOGISTICS,Europe,Freight,0,0,0.0,0.0,0,326,7.0,5.0,8.0,0.016830673413450747,0.015345736938993243,397.0,5.0,-321.0
FAB_0065,Dyne Microelectronics - Xi'an,FAB,China,Memory die,0,0,0.0,0.0,0,326,1533.0,1111.0,1533.0,0.0,0.00011220655257570476,0.0,1111.0,785.0
FAB_0066,Noral Semiconductor - Ottawa,FAB,North America,Power die,1,0,0.0,0.0,1,326,774.0,470.0,537.0,0.0002413644188312664,0.0003558142312765821,3.0,470.0,144.0
FAB_0067,Halcy Foundry - Guadalajara,FAB,North America,Power die,0,0,0.0,0.0,0,326,1211.0,705.0,1476.0,0.00011380777456595955,0.00012563930235465602,1.0,705.0,379.0
FAB_0068,Faryn Microelectronics - Shenzhen,FAB,China,Memory die,5,0,0.0,0.0,2,326,1211.0,300.0,1417.0,0.0004210805834403626,0.00013465163004750905,1.0,300.0,-26.0
FAB_0069,Mordant Microelectronics - Hsinchu,FAB,Taiwan,Logic die,0,0,0.0,0.0,0,326,193.0,80.0,180.0,0.001130845712907916,0.0007415545554605571,13.0,80.0,-246.0
FAB_0070,Ivex Semiconductor - Austin,FAB,North America,Logic die,0,0,0.0,0.0,0,326,774.0,253.0,513.0,0.00048064122912547014,0.0003690472002955522,3.0,253.0,-73.0
FAB_0071,Noral Foundry - Leixlip,FAB,Europe,Analog die,0,0,0.0,0.0,0,326,407.0,131.0,220.0,0.0007705254360872788,0.0006506285357689723,7.0,131.0,-195.0
FAB_0072,Lumen Foundry - Tainan,FAB,Taiwan,Memory die,1,0,0.0,0.0,1,326,1211.0,618.0,1475.0,0.00016371760804069263,0.00012579590272453428,1.0,618.0,292.0
FAB_0073,Alder Semiconductor - Tainan,FAB,Taiwan,Logic die,0,0,0.0,0.0,0,326,774.0,267.0,1023.0,0.00046297113790460306,0.00021523834736301737,3.0,267.0,-59.0
FAB_0074,Korrin Semiconductor - Kaohsiung,FAB,Taiwan,Power die,2,0,0.0,0.0,2,326,234.0,67.0,431.0,0.0012614890740343103,0.00042571943671118503,11.0,67.0,-259.0
FAB_0075,Kestrel Foundry - Icheon,FAB,Korea,Logic die,1,0,0.0,0.0,1,326,774.0,519.0,553.0,0.0002143250761165054,0.0003485164161423871,3.0,519.0,193.0
FAB_0076,Granth Wafer Works - Chandler,FAB,North America,MEMS die,0,0,0.0,0.0,0,326,1211.0,866.0,1247.0,5.4422532885060414e-05,0.00016764714484452734,1.0,866.0,540.0
FAB_0077,Faryn Microelectronics - Malta,FAB,North America,RF die,0,0,0.0,0.0,0,326,975.0,743.0,1171.0,0.00010028491811003918,0.00018460046224572769,2.0,743.0,417.0
FAB_0078,Lethe Microelectronics - Kaohsiung,FAB,Taiwan,Analog die,0,0,0.0,0.0,0,326,304.0,85.0,268.0,0.0010810415632090977,0.0005766460230038174,9.0,85.0,-241.0
FAB_0079,Oxbow Wafer Works - Chandler,FAB,North America,Power die,0,0,0.0,0.0,0,326,774.0,115.0,855.0,0.0008728064168596585,0.0002510252837004508,3.0,115.0,-211.0
FAB_0080,Mervi Semiconductor - Kaohsiung,FAB,Taiwan,MEMS die,0,0,0.0,0.0,0,326,549.0,323.0,642.0,0.00038511409223604024,0.00031743088389606035,5.0,323.0,-3.0
FAB_0081,Orvid Wafer Works - Kaohsiung,FAB,Taiwan,Analog die,0,0,0.0,0.0,0,326,1211.0,905.0,1491.0,4.24529376996049e-05,0.00012423682041038325,1.0,905.0,579.0
HUB_037,Singapore Port,LOGISTICS,Southeast Asia,Freight,0,0,0.0,0.0,0,326,457.0,927.0,363.0,3.590374124742964e-05,0.00047679784387023253,6.0,363.0,37.0
FAB_0083,Verity Microelectronics - Wuxi,FAB,China,RF die,0,0,0.0,0.0,0,326,638.0,69.0,800.0,0.0012458287755564114,0.00026490655135077843,4.0,69.0,-257.0
FAB_0084,Jarn Wafer Works - Nagano,FAB,Japan,Analog die,0,0,0.0,0.0,0,326,407.0,38.0,376.0,0.0017528083467310935,0.00046946514368767685,7.0,38.0,-288.0
FAB_0085,Faryn Microelectronics - Kumamoto,FAB,Japan,Logic die,0,0,0.0,0.0,0,326,975.0,196.0,729.0,0.0005760134876570338,0.00028374043647378603,2.0,196.0,-130.0
FAB_0086,Verity Microelectronics - Chengdu,FAB,China,Memory die,0,0,0.0,0.0,0,326,457.0,34.0,337.0,0.0018502684889181809,0.000495917578487248,6.0,34.0,-292.0
FAB_0087,Thorne Semiconductor - Hsinchu,FAB,Taiwan,Memory die,0,0,0.0,0.0,0,326,1533.0,1111.0,1533.0,0.0,0.00011220655257570476,0.0,1111.0,785.0
FAB_0088,Ferrin Foundry - Kaohsiung,FAB,Taiwan,Memory die,0,0,0.0,0.0,0,326,1533.0,1111.0,1533.0,0.0,0.00011220655257570476,0.0,1111.0,785.0
FAB_0089,Vantor Semiconductor - Kaohsiung,FAB,Taiwan,Memory die,0,0,0.0,0.0,0,326,1533.0,1111.0,1533.0,0.0,0.00011220655257570476,0.0,1111.0,785.0
FAB_0090,Yarrow Foundry - Hsinchu,FAB,Taiwan,Memory die,0,0,0.0,0.0,0,326,975.0,369.0,1405.0,0.0003267698911427041,0.00013742859791561436,2.0,369.0,43.0
FAB_0091,Prendel Semiconductor - Yokkaichi,FAB,Japan,MEMS die,0,0,0.0,0.0,0,326,1211.0,917.0,1146.0,3.8238777120647166e-05,0.00019084221121828883,1.0,917.0,591.0
FAB_0092,Mervi Foundry - Penang,FAB,Southeast Asia,Analog die,1,0,0.0,0.0,1,326,774.0,703.0,1245.0,0.00011424297854344045,0.0001685840711317765,3.0,703.0,377.0
HUB_038,Shanghai Pudong Air Cargo Hub,LOGISTICS,China,Freight,0,0,0.0,0.0,0,326,457.0,1075.0,591.0,6.783898627983932e-06,0.00033358586398775836,6.0,457.0,131.0
FAB_0094,Yarrow Wafer Works - Kaohsiung,FAB,Taiwan,Power die,0,0,0.0,0.0,0,326,1211.0,786.0,1256.0,8.353194287385707e-05,0.0001665345275200181,1.0,786.0,460.0
OSAT_0000,Granth Microassembly - Dalian,OSAT,China,Power IC,0,0,0.0,0.0,0,326,975.0,400.0,1192.0,0.00029659864493036483,0.00017963220518342073,2.0,400.0,74.0
OSAT_0001,Lumen Packaging - Hsinchu,OSAT,Taiwan,Memory IC,0,0,0.0,0.0,0,326,774.0,388.0,1226.0,0.00030791794830721915,0.00017299642631697567,3.0,388.0,62.0
HUB_039,Kobe Port,LOGISTICS,Japan,Freight,0,0,0.0,0.0,0,326,78.0,438.0,53.0,0.00026096234788755774,0.001576024577249877,25.0,53.0,-273.0
HUB_040,Valencia Port,LOGISTICS,Europe,Freight,0,0,0.0,0.0,0,326,20.0,37.0,18.0,0.0017737068322980806,0.004183974860256762,81.0,18.0,-308.0
OSAT_0004,Wexler Microassembly - Taoyuan,OSAT,Taiwan,MEMS sensor,0,0,0.0,0.0,0,326,975.0,223.0,839.0,0.0005230354080036773,0.00025459254928515576,2.0,223.0,-103.0
OSAT_0005,Vantor Microassembly - Tianjin,OSAT,China,Power IC,1,0,0.0,0.0,1,326,407.0,164.0,607.0,0.0006433039931157601,0.00032765060219730696,7.0,164.0,-162.0
OSAT_0006,Korrin Microassembly - Hsinchu,OSAT,Taiwan,Analog IC,0,0,0.0,0.0,0,326,1533.0,1111.0,1533.0,0.0,0.00011220655257570476,0.0,1111.0,785.0
OSAT_0007,Renbeck Microassembly - Batangas,OSAT,Southeast Asia,Analog IC,0,0,0.0,0.0,0,326,1533.0,1111.0,1533.0,0.0,0.00011220655257570476,0.0,1111.0,785.0
HUB_041,Los Angeles Port,LOGISTICS,North America,Freight,0,0,0.0,0.0,0,326,975.0,1001.0,676.0,2.164478010770133e-05,0.0003015046501088531,2.0,676.0,350.0
OSAT_0009,Verity Test Services - Sendai,OSAT,Japan,Logic IC,1,0,0.0,0.0,1,326,549.0,138.0,1067.0,0.0007360155125097279,0.0002049229935354805,5.0,138.0,-188.0
OSAT_0010,Vantor Microassembly - Tianjin 2,OSAT,China,Memory IC,1,0,0.0,0.0,1,326,267.0,70.0,482.0,0.001241434871126599,0.0003892993591493798,10.0,70.0,-256.0
HUB_042,Tanjung Pelepas Port,LOGISTICS,Southeast Asia,Freight,0,0,0.0,0.0,0,326,457.0,435.0,88.0,0.0002713538171293153,0.0011114459188690925,6.0,88.0,-238.0
OSAT_0012,Calder Assembly - Kumamoto,OSAT,Japan,Analog IC,1,0,0.0,0.0,1,326,407.0,648.0,428.0,0.00014843228624897693,0.00042670262319342936,7.0,407.0,81.0
OSAT_0013,Belan Test Services - Tianjin,OSAT,China,Power IC,2,0,0.0,0.0,1,326,113.0,244.0,283.0,0.0004968760980536821,0.0005532224598951884,19.0,113.0,-213.0
OSAT_0014,Oxbow Microassembly - Taoyuan,OSAT,Taiwan,Power IC,1,0,0.0,0.0,1,326,774.0,202.0,822.0,0.0005629875559216363,0.00025950566340825307,3.0,202.0,-124.0
OSAT_0015,Ferrin Assembly - Penang,OSAT,Southeast Asia,Power IC,0,0,0.0,0.0,0,326,1211.0,322.0,870.0,0.0003853894165445319,0.0002471747202708625,1.0,322.0,-4.0
HUB_043,Amsterdam Air Cargo Hub,LOGISTICS,Europe,Freight,0,0,0.0,0.0,0,326,975.0,1104.0,987.0,1.643894362378998e-06,0.00022447914112014818,2.0,975.0,649.0
RAW_MATERIAL_0029,Elstow Minerals - Xi'an,RAW_MATERIAL,China,Bulk chemical,0,0,0.0,0.0,0,326,638.0,1111.0,566.0,0.0,0.0003442942383967328,4.0,566.0,240.0
RAW_MATERIAL_0030,Umber Minerals - Dalian,RAW_MATERIAL,China,Rare earth elements,0,0,0.0,0.0,0,326,1533.0,1111.0,1533.0,0.0,0.00011220655257570476,0.0,1111.0,785.0
OSAT_0019,Quill Test Services - Hiroshima,OSAT,Japan,Power IC,0,0,0.0,0.0,0,326,1211.0,762.0,915.0,9.469972943017469e-05,0.00023851405695343305,1.0,762.0,436.0
OSAT_0020,Yarrow Microassembly - Taichung,OSAT,Taiwan,Memory IC,2,0,0.0,0.0,1,326,549.0,341.0,632.0,0.0003600091196431657,0.00032019648468715236,5.0,341.0,15.0
RAW_MATERIAL_0031,Solvex Feedstock - Chandler,RAW_MATERIAL,North America,Gold,0,0,0.0,0.0,0,326,1211.0,1111.0,841.0,0.0,0.00025383547331329903,1.0,841.0,515.0
OSAT_0022,Doran Test Services - Bac Ninh,OSAT,Southeast Asia,Memory IC,2,0,0.0,0.0,1,326,213.0,296.0,441.0,0.00042727135291774235,0.00041660915372039505,12.0,213.0,-113.0
OSAT_0023,Palter Packaging - Kaohsiung,OSAT,Taiwan,RF IC,0,0,0.0,0.0,0,326,975.0,211.0,1212.0,0.0005447779026177691,0.00017546829158638264,2.0,211.0,-115.0
RAW_MATERIAL_0032,Elstow Extraction - Yokkaichi,RAW_MATERIAL,Japan,Crude industrial gas,0,0,0.0,0.0,0,326,1533.0,1111.0,1533.0,0.0,0.00011220655257570476,0.0,1111.0,785.0
OSAT_0025,Lethe Assembly - Bac Ninh,OSAT,Southeast Asia,Analog IC,0,0,0.0,0.0,0,326,774.0,482.0,587.0,0.00023281907598980228,0.0003368992869385896,3.0,482.0,156.0
OSAT_0026,Doran Microassembly - Guadalajara,OSAT,North America,Analog IC,1,0,0.0,0.0,1,326,213.0,217.0,317.0,0.0005351973641376415,0.0005131190936953655,12.0,213.0,-113.0
OSAT_0027,Verity Microassembly - Hwaseong,OSAT,Korea,Analog IC,0,0,0.0,0.0,0,326,1533.0,1111.0,1533.0,0.0,0.00011220655257570476,0.0,1111.0,785.0
OSAT_0028,Rivet Packaging - Penang,OSAT,Southeast Asia,Analog IC,0,0,0.0,0.0,0,326,348.0,280.0,532.0,0.0004499614810464679,0.0003585069570287996,8.0,280.0,-46.0
RAW_MATERIAL_0033,Vantor Extraction - Ottawa,RAW_MATERIAL,North America,Crude industrial gas,0,0,0.0,0.0,0,326,549.0,1111.0,575.0,0.0,0.00034118243595468423,5.0,549.0,223.0
OSAT_0030,Trellis Microassembly - Batangas,OSAT,Southeast Asia,Power IC,0,0,0.0,0.0,0,326,975.0,870.0,1413.0,5.307209829215077e-05,0.00013577826720016572,2.0,870.0,544.0
OSAT_0031,Quill Packaging - Kaohsiung,OSAT,Taiwan,Power IC,0,0,0.0,0.0,0,326,975.0,529.0,1159.0,0.0002092613487283231,0.0001864313503882336,2.0,529.0,203.0
OSAT_0032,Wexler Packaging - Kaohsiung,OSAT,Taiwan,Memory IC,0,0,0.0,0.0,0,326,638.0,466.0,644.0,0.0002437047696078012,0.00031643573288676457,4.0,466.0,140.0
OSAT_0033,Faryn Microassembly - Tainan,OSAT,Taiwan,Memory IC,1,0,0.0,0.0,1,326,193.0,114.0,255.0,0.0008765353443348414,0.0005988542308903746,13.0,114.0,-212.0
OSAT_0034,Yarrow Microassembly - Penang,OSAT,Southeast Asia,Analog IC,0,0,0.0,0.0,0,326,638.0,308.0,571.0,0.00041101350386488976,0.000342695519014517,4.0,308.0,-18.0
OSAT_0035,Wend Packaging - Dalian,OSAT,China,Analog IC,1,0,0.0,0.0,1,326,549.0,599.0,802.0,0.00017297664949004717,0.00026460023357535197,5.0,549.0,223.0
RAW_MATERIAL_0034,Vantor Minerals - Chengdu,RAW_MATERIAL,China,Bulk chemical,0,0,0.0,0.0,0,326,975.0,1111.0,698.0,0.0,0.0002938883135201154,2.0,698.0,372.0
OSAT_0037,Trellis Microassembly - Tainan,OSAT,Taiwan,Logic IC,0,0,0.0,0.0,0,326,457.0,153.0,460.0,0.0006825889775214075,0.0004045146388419229,6.0,153.0,-173.0
RAW_MATERIAL_0035,Nevin Resources - Antofagasta,RAW_MATERIAL,Rest of World,Bulk chemical,0,0,0.0,0.0,0,326,1533.0,1111.0,1533.0,0.0,0.00011220655257570476,0.0,1111.0,785.0
RAW_MATERIAL_0036,Thorne Feedstock - Shanghai,RAW_MATERIAL,China,Crude industrial gas,0,0,0.0,0.0,0,326,1533.0,1111.0,1533.0,0.0,0.00011220655257570476,0.0,1111.0,785.0
RAW_MATERIAL_0037,Yarrow Minerals - Bangkok,RAW_MATERIAL,Southeast Asia,Silicon feedstock,0,0,0.0,0.0,0,326,1533.0,1111.0,1533.0,0.0,0.00011220655257570476,0.0,1111.0,785.0
OSAT_0041,Prendel Assembly - Kaohsiung,OSAT,Taiwan,Logic IC,0,0,0.0,0.0,0,326,1211.0,844.0,1351.0,6.379097325252506e-05,0.00014783145703734364,1.0,844.0,518.0
OSAT_0042,Ferrin Microassembly - Dalian,OSAT,China,Logic IC,0,0,0.0,0.0,0,326,1211.0,764.0,1490.0,9.289268161395083e-05,0.0001242884433290559,1.0,764.0,438.0
OSAT_0043,Halcy Assembly - Chengdu,OSAT,China,Power IC,1,0,0.0,0.0,1,326,348.0,525.0,747.0,0.00021051744072630304,0.00027947314372475733,8.0,348.0,22.0
RAW_MATERIAL_0038,Holt Feedstock - Shenzhen,RAW_MATERIAL,China,Crude industrial gas,0,0,0.0,0.0,0,326,1533.0,1111.0,1533.0,0.0,0.00011220655257570476,0.0,1111.0,785.0
OSAT_0045,Renbeck Packaging - Tainan,OSAT,Taiwan,Memory IC,1,0,0.0,0.0,1,326,975.0,408.0,794.0,0.000288823051876147,0.0002657337664516847,2.0,408.0,82.0
OSAT_0046,Quarn Assembly - Shenzhen,OSAT,China,RF IC,1,0,0.0,0.0,1,326,348.0,285.0,648.0,0.000441774004621036,0.0003130858763298701,8.0,285.0,-41.0
OSAT_0047,Ulvid Assembly - Tainan,OSAT,Taiwan,Analog IC,1,0,0.0,0.0,1,326,348.0,422.0,498.0,0.0002765203332891175,0.00037947372007441526,8.0,348.0,22.0
RAW_MATERIAL_0039,Lumen Minerals - Chandler,RAW_MATERIAL,North America,Bulk chemical,0,0,0.0,0.0,0,326,1533.0,1111.0,1533.0,0.0,0.00011220655257570476,0.0,1111.0,785.0
OSAT_0049,Elstow Test Services - Kaohsiung,OSAT,Taiwan,Power IC,0,0,0.0,0.0,0,326,774.0,630.0,774.0,0.00015716877714734058,0.0002710496165888703,3.0,630.0,304.0
OSAT_0050,Jorel Test Services - Taichung,OSAT,Taiwan,Logic IC,0,0,0.0,0.0,0,326,1211.0,810.0,983.0,7.393060463977573e-05,0.00022498817215659,1.0,810.0,484.0
RAW_MATERIAL_0040,Granth Extraction - Dresden,RAW_MATERIAL,Europe,Copper,0,0,0.0,0.0,0,326,1533.0,1111.0,1533.0,0.0,0.00011220655257570476,0.0,1111.0,785.0
OSAT_0052,Verity Packaging - Hsinchu,OSAT,Taiwan,Power IC,3,0,0.0,0.0,1,326,78.0,40.0,165.0,0.0016651654147070056,0.0007746779569663718,25.0,40.0,-286.0
RAW_MATERIAL_0041,Mervi Resources - Hyderabad,RAW_MATERIAL,South Asia,Copper,1,0,0.0,0.0,1,326,193.0,1111.0,46.0,0.0,0.0016897141978879533,13.0,46.0,-280.0
OSAT_0054,Orvid Packaging - Bangkok,OSAT,Southeast Asia,Analog IC,0,0,0.0,0.0,0,326,1211.0,647.0,849.0,0.0001485380272048416,0.0002527213572994306,1.0,647.0,321.0
OSAT_0055,Stade Test Services - Pyeongtaek,OSAT,Korea,Analog IC,0,0,0.0,0.0,0,326,975.0,233.0,635.0,0.000513799583185078,0.0003192445902907107,2.0,233.0,-93.0
RAW_MATERIAL_0042,Quill Extraction - Antofagasta,RAW_MATERIAL,Rest of World,Rare earth elements,0,0,0.0,0.0,0,326,1211.0,1111.0,1482.0,0.0,0.0001254692667236743,1.0,1111.0,785.0
RAW_MATERIAL_0043,Faryn Resources - Xi'an,RAW_MATERIAL,China,Rare earth elements,0,0,0.0,0.0,0,326,975.0,1111.0,728.0,0.0,0.0002837943236538681,2.0,728.0,402.0
OSAT_0058,Quarn Assembly - Taoyuan,OSAT,Taiwan,Logic IC,0,0,0.0,0.0,0,326,975.0,726.0,1034.0,0.00010756179811743139,0.00021161049626107354,2.0,726.0,400.0
RAW_MATERIAL_0044,Thorne Minerals - Tianjin,RAW_MATERIAL,China,Rare earth elements,0,0,0.0,0.0,0,326,1211.0,1111.0,1494.0,0.0,0.00012397545395524134,1.0,1111.0,785.0
OSAT_0060,Verity Test Services - Hsinchu,OSAT,Taiwan,Analog IC,0,0,0.0,0.0,0,326,638.0,478.0,741.0,0.00023604694767986122,0.0002810527151188944,4.0,478.0,152.0
RAW_MATERIAL_0045,Belan Extraction - Shenzhen,RAW_MATERIAL,China,Rare earth elements,0,0,0.0,0.0,0,326,1211.0,1111.0,782.0,0.0,0.0002684509743672596,1.0,782.0,456.0
OSAT_0062,Ystad Assembly - Penang,OSAT,Southeast Asia,RF IC,0,0,0.0,0.0,0,326,774.0,476.0,758.0,0.0002365847918423334,0.00027586606931923453,3.0,476.0,150.0
OSAT_0063,Faryn Microassembly - Kaohsiung,OSAT,Taiwan,Analog IC,1,0,0.0,0.0,1,326,457.0,413.0,801.0,0.000285041590419175,0.0002647336044221465,6.0,413.0,87.0
RAW_MATERIAL_0046,Ader Extraction - Grenoble,RAW_MATERIAL,Europe,Silicon feedstock,0,0,0.0,0.0,0,326,975.0,1111.0,1013.0,0.0,0.0002177239699717264,2.0,975.0,649.0
RAW_MATERIAL_0047,Renbeck Resources - Wuxi,RAW_MATERIAL,China,Silicon feedstock,1,0,0.0,0.0,1,326,1211.0,1111.0,1252.0,0.0,0.00016740981478617097,1.0,1111.0,785.0
RAW_MATERIAL_0048,Calder Extraction - Singapore,RAW_MATERIAL,Southeast Asia,Bulk chemical,0,0,0.0,0.0,0,326,1533.0,1111.0,1533.0,0.0,0.00011220655257570476,0.0,1111.0,785.0
OSAT_0067,Oxbow Microassembly - Bac Ninh,OSAT,Southeast Asia,Power IC,0,0,0.0,0.0,0,326,1211.0,734.0,820.0,0.0001032933008016628,0.00026011687333752146,1.0,734.0,408.0
RAW_MATERIAL_0049,Faryn Extraction - Icheon,RAW_MATERIAL,Korea,Substrate resin,1,0,0.0,0.0,1,326,348.0,1111.0,138.0,0.0,0.000849579856651819,8.0,138.0,-188.0
OSAT_0069,Ader Microassembly - Kaohsiung,OSAT,Taiwan,Power IC,0,0,0.0,0.0,0,326,975.0,564.0,965.0,0.00019616091796135604,0.00022678951855242108,2.0,564.0,238.0
OSAT_0070,Alder Microassembly - Hsinchu,OSAT,Taiwan,Logic IC,0,0,0.0,0.0,0,326,638.0,453.0,743.0,0.0002501881992034426,0.00028090908390350895,4.0,453.0,127.0
RAW_MATERIAL_0050,Gethin Feedstock - Bac Ninh,RAW_MATERIAL,Southeast Asia,Silicon feedstock,0,0,0.0,0.0,0,326,975.0,1111.0,611.0,0.0,0.00032645514100251095,2.0,611.0,285.0
OSAT_0072,Cortex Assembly - Shanghai,OSAT,China,MEMS sensor,0,0,0.0,0.0,0,326,975.0,583.0,1233.0,0.00018333598970863034,0.00017229669766174153,2.0,583.0,257.0
OSAT_0073,Vantor Microassembly - Icheon,OSAT,Korea,RF IC,0,0,0.0,0.0,0,326,638.0,480.0,558.0,0.00023550293172205529,0.00034602582393327043,4.0,480.0,154.0
RAW_MATERIAL_0051,Vantor Extraction - Chengdu,RAW_MATERIAL,China,Bulk chemical,0,0,0.0,0.0,0,326,1533.0,1111.0,1533.0,0.0,0.00011220655257570476,0.0,1111.0,785.0
OSAT_0075,Oxbow Packaging - Taichung,OSAT,Taiwan,Analog IC,0,0,0.0,0.0,0,326,1533.0,1111.0,1533.0,0.0,0.00011220655257570476,0.0,1111.0,785.0
RAW_MATERIAL_0052,Ader Feedstock - Johannesburg,RAW_MATERIAL,Rest of World,Copper,0,0,0.0,0.0,0,326,1533.0,1111.0,1533.0,0.0,0.00011220655257570476,0.0,1111.0,785.0
OSAT_0077,Mervi Test Services - Hsinchu,OSAT,Taiwan,Analog IC,0,0,0.0,0.0,0,326,975.0,628.0,1237.0,0.00015825003157914793,0.00017152881224286973,2.0,628.0,302.0
OSAT_0078,Calder Assembly - Tainan,OSAT,Taiwan,Power IC,0,0,0.0,0.0,0,326,1211.0,1061.0,1526.0,9.2994795101395e-06,0.00011664981984473268,1.0,1061.0,735.0
RAW_MATERIAL_0053,Ferrin Resources - Shanghai,RAW_MATERIAL,China,Bulk chemical,0,0,0.0,0.0,0,326,975.0,1111.0,711.0,0.0,0.00028987891805342503,2.0,711.0,385.0
OSAT_0080,Jorel Assembly - Hiroshima,OSAT,Japan,Analog IC,0,0,0.0,0.0,0,326,1533.0,1111.0,1533.0,0.0,0.00011220655257570476,0.0,1111.0,785.0
OSAT_0081,Yarrow Packaging - Xi'an,OSAT,China,RF IC,1,0,0.0,0.0,1,326,407.0,270.0,815.0,0.00045849272605301726,0.0002609155426357824,7.0,270.0,-56.0
RAW_MATERIAL_0054,Palter Extraction - Dresden,RAW_MATERIAL,Europe,Bulk chemical,0,0,0.0,0.0,0,326,1533.0,1111.0,1533.0,0.0,0.00011220655257570476,0.0,1111.0,785.0
OSAT_0083,Quill Microassembly - Shenzhen,OSAT,China,Logic IC,1,0,0.0,0.0,1,326,213.0,261.0,673.0,0.00047118899360449256,0.0003019632295954461,12.0,213.0,-113.0
RAW_MATERIAL_0055,Halcy Extraction - Bengaluru,RAW_MATERIAL,South Asia,Substrate resin,0,0,0.0,0.0,0,326,975.0,1111.0,946.0,0.0,0.000230162900215031,2.0,946.0,620.0
OSAT_0085,Granth Assembly - Chengdu,OSAT,China,MEMS sensor,0,0,0.0,0.0,0,326,234.0,150.0,209.0,0.000698518494794618,0.0006637259690976554,11.0,150.0,-176.0
OSAT_0086,Thorne Microassembly - Taoyuan,OSAT,Taiwan,Power IC,0,0,0.0,0.0,0,326,975.0,310.0,873.0,0.0004087613675879531,0.00024684234970695664,2.0,310.0,-16.0
RAW_MATERIAL_0056,Belan Resources - Xi'an,RAW_MATERIAL,China,Bulk chemical,0,0,0.0,0.0,0,326,1211.0,1111.0,1096.0,0.0,0.00020018361976164285,1.0,1096.0,770.0
OSAT_0088,Verity Assembly - Cheongju,OSAT,Korea,Memory IC,0,0,0.0,0.0,0,326,1211.0,806.0,757.0,7.523244122704198e-05,0.0002761847161538082,1.0,757.0,431.0
RAW_MATERIAL_0057,Ader Minerals - Malta,RAW_MATERIAL,North America,Rare earth elements,1,0,0.0,0.0,1,326,1211.0,1111.0,1483.0,0.0,0.00012543120153201093,1.0,1111.0,785.0
OSAT_0090,Oxbow Packaging - Tainan,OSAT,Taiwan,Power IC,1,0,0.0,0.0,1,326,234.0,87.0,347.0,0.0010749192579873228,0.0004918439912792828,11.0,87.0,-239.0
OSAT_0091,Yarrow Assembly - Tainan,OSAT,Taiwan,Memory IC,0,0,0.0,0.0,0,326,638.0,488.0,957.0,0.00022950188122849334,0.0002288815885300497,4.0,488.0,162.0
RAW_MATERIAL_0058,Granth Feedstock - Kolwezi,RAW_MATERIAL,Rest of World,Silicon feedstock,0,0,0.0,0.0,0,326,1533.0,1111.0,1533.0,0.0,0.00011220655257570476,0.0,1111.0,785.0
RAW_MATERIAL_0059,Alder Extraction - Kolwezi,RAW_MATERIAL,Rest of World,Bulk chemical,0,0,0.0,0.0,0,326,1533.0,1111.0,1533.0,0.0,0.00011220655257570476,0.0,1111.0,785.0
RAW_MATERIAL_0060,Mordant Resources - Singapore,RAW_MATERIAL,Southeast Asia,Bulk chemical,0,0,0.0,0.0,0,326,1533.0,1111.0,1533.0,0.0,0.00011220655257570476,0.0,1111.0,785.0
OSAT_0095,Oxbow Microassembly - Wuxi,OSAT,China,Logic IC,0,0,0.0,0.0,0,326,1211.0,931.0,1362.0,3.5007884392288805e-05,0.00014559367277718746,1.0,931.0,605.0
RAW_MATERIAL_0061,Elstow Extraction - Perth,RAW_MATERIAL,Rest of World,Crude industrial gas,0,0,0.0,0.0,0,326,1533.0,1111.0,1533.0,0.0,0.00011220655257570476,0.0,1111.0,785.0
OSAT_0097,Oxbow Test Services - Batangas,OSAT,Southeast Asia,Power IC,0,0,0.0,0.0,0,326,975.0,301.0,765.0,0.0004200399609256369,0.00027279000357286625,2.0,301.0,-25.0
OSAT_0098,Mervi Test Services - Pyeongtaek,OSAT,Korea,RF IC,0,0,0.0,0.0,0,326,975.0,624.0,732.0,0.00015980377507441969,0.0002827584746557432,2.0,624.0,298.0
RAW_MATERIAL_0062,Palter Resources - Kolwezi,RAW_MATERIAL,Rest of World,Silicon feedstock,2,0,0.0,0.0,2,326,457.0,1111.0,313.0,0.0,0.0005162525957325589,6.0,313.0,-13.0
OSAT_0100,Calder Microassembly - Kaohsiung,OSAT,Taiwan,Logic IC,2,0,0.0,0.0,1,326,213.0,176.0,323.0,0.0006164717809581804,0.000508817974226295,12.0,176.0,-150.0
OSAT_0101,Lethe Assembly - Hsinchu,OSAT,Taiwan,Memory IC,0,0,0.0,0.0,0,326,638.0,374.0,1234.0,0.0003226658330272676,0.00017205769613239536,4.0,374.0,48.0
OSAT_0102,Alder Packaging - Pyeongtaek,OSAT,Korea,Logic IC,0,0,0.0,0.0,0,326,975.0,663.0,707.0,0.00014261687313949292,0.00029118320379824123,2.0,663.0,337.0
RAW_MATERIAL_0063,Oxbow Feedstock - Tianjin,RAW_MATERIAL,China,Crude industrial gas,0,0,0.0,0.0,0,326,975.0,1111.0,467.0,0.0,0.00040018039146531766,2.0,467.0,141.0
OSAT_0104,Belan Microassembly - Chengdu,OSAT,China,RF IC,1,0,0.0,0.0,1,326,175.0,441.0,355.0,0.0002588885181724496,0.0004806467636696296,14.0,175.0,-151.0
RAW_MATERIAL_0064,Mordant Resources - Wuxi,RAW_MATERIAL,China,Copper,0,0,0.0,0.0,0,326,121.0,1111.0,37.0,0.0,0.0018742195735971109,18.0,37.0,-289.0
OSAT_0106,Stade Microassembly - Bangkok,OSAT,Southeast Asia,Analog IC,1,0,0.0,0.0,1,326,638.0,684.0,989.0,0.0001273726278205513,0.00022260841543144904,4.0,638.0,312.0
OSAT_0107,Quarn Packaging - Shanghai,OSAT,China,Analog IC,0,0,0.0,0.0,0,326,457.0,432.0,872.0,0.0002732880295581325,0.0002468449716116375,6.0,432.0,106.0
OSAT_0108,Korrin Packaging - Taoyuan,OSAT,Taiwan,Logic IC,3,0,0.0,0.0,1,326,65.0,29.0,143.0,0.002053871835036029,0.0008372587839863352,29.0,29.0,-297.0
RAW_MATERIAL_0065,Thorne Minerals - Yokkaichi,RAW_MATERIAL,Japan,Silicon feedstock,2,0,0.0,0.0,2,326,774.0,1111.0,419.0,0.0,0.00043392271719019194,3.0,419.0,93.0
OSAT_0110,Cortex Packaging - Batangas,OSAT,Southeast Asia,MEMS sensor,0,0,0.0,0.0,0,326,193.0,132.0,197.0,0.000757666885428976,0.0007083052909037151,13.0,132.0,-194.0
OSAT_0111,Ember Test Services - Hillsboro,OSAT,North America,Logic IC,0,0,0.0,0.0,0,326,975.0,509.0,1072.0,0.00021913315214634543,0.0002038610533086608,2.0,509.0,183.0
OSAT_0112,Belan Assembly - Batam,OSAT,Southeast Asia,Power IC,0,0,0.0,0.0,0,326,975.0,291.0,858.0,0.00043125900512448664,0.0002499061079116433,2.0,291.0,-35.0
OSAT_0113,Ulvid Packaging - Kitakyushu,OSAT,Japan,Logic IC,1,0,0.0,0.0,1,326,638.0,357.0,547.0,0.0003377711779260015,0.0003505197000216328,4.0,357.0,31.0
RAW_MATERIAL_0066,Noral Feedstock - Pune,RAW_MATERIAL,South Asia,Silicon feedstock,0,0,0.0,0.0,0,326,1533.0,1111.0,1533.0,0.0,0.00011220655257570476,0.0,1111.0,785.0
OSAT_0115,Oxbow Test Services - Batam,OSAT,Southeast Asia,Logic IC,0,0,0.0,0.0,0,326,638.0,682.0,717.0,0.00012805936805632698,0.0002880484760144787,4.0,638.0,312.0
RAW_MATERIAL_0067,Jarn Extraction - Wuxi,RAW_MATERIAL,China,Copper,0,0,0.0,0.0,0,326,638.0,1111.0,423.0,0.0,0.00043129389177825705,4.0,423.0,97.0
RAW_MATERIAL_0068,Ader Minerals - Dalian,RAW_MATERIAL,China,Crude industrial gas,0,0,0.0,0.0,0,326,638.0,1111.0,487.0,0.0,0.00038627259308120465,4.0,487.0,161.0
RAW_MATERIAL_0069,Solvex Extraction - Xi'an,RAW_MATERIAL,China,Gold,0,0,0.0,0.0,0,326,407.0,1111.0,228.0,0.0,0.0006376080137754926,7.0,228.0,-98.0
RAW_MATERIAL_0070,Xanthe Extraction - Chengdu,RAW_MATERIAL,China,Bulk chemical,0,0,0.0,0.0,0,326,975.0,1111.0,1323.0,0.0,0.00015266106884137017,2.0,975.0,649.0
OSAT_0120,Prendel Packaging - Bac Ninh,OSAT,Southeast Asia,Memory IC,4,0,0.0,0.0,1,326,132.0,100.0,357.0,0.0009576861757319539,0.0004789341083490734,17.0,100.0,-226.0
OSAT_0121,Isar Microassembly - Tainan,OSAT,Taiwan,Power IC,0,0,0.0,0.0,0,326,774.0,359.0,723.0,0.00033552296955454276,0.00028476845161701627,3.0,359.0,33.0
OSAT_0122,Nevin Assembly - Kaohsiung,OSAT,Taiwan,Logic IC,0,0,0.0,0.0,0,326,1533.0,1111.0,1533.0,0.0,0.00011220655257570476,0.0,1111.0,785.0
OSAT_0123,Lethe Assembly - Hiroshima,OSAT,Japan,Memory IC,0,0,0.0,0.0,0,326,1533.0,1111.0,1533.0,0.0,0.00011220655257570476,0.0,1111.0,785.0
OSAT_0124,Korrin Test Services - Penang,OSAT,Southeast Asia,Analog IC,0,0,0.0,0.0,0,326,1533.0,1111.0,1533.0,0.0,0.00011220655257570476,0.0,1111.0,785.0
RAW_MATERIAL_0071,Calder Minerals - Bengaluru,RAW_MATERIAL,South Asia,Bulk chemical,0,0,0.0,0.0,0,326,1211.0,1111.0,777.0,0.0,0.0002698937486141803,1.0,777.0,451.0
RAW_MATERIAL_0072,Korrin Extraction - Kolwezi,RAW_MATERIAL,Rest of World,Gold,0,0,0.0,0.0,0,326,1211.0,1111.0,1432.0,0.0,0.00013176062405627638,1.0,1111.0,785.0
OSAT_0127,Elstow Test Services - Taichung,OSAT,Taiwan,Analog IC,0,0,0.0,0.0,0,326,1533.0,1111.0,1533.0,0.0,0.00011220655257570476,0.0,1111.0,785.0
RAW_MATERIAL_0073,Lethe Extraction - Perth,RAW_MATERIAL,Rest of World,Rare earth elements,0,0,0.0,0.0,0,326,1211.0,1111.0,719.0,0.0,0.00028769739547739585,1.0,719.0,393.0
RAW_MATERIAL_0074,Alder Minerals - Wuxi,RAW_MATERIAL,China,Crude industrial gas,0,0,0.0,0.0,0,326,774.0,1111.0,213.0,0.0,0.0006588424377894875,3.0,213.0,-113.0
OSAT_0130,Kestrel Microassembly - Cheongju,OSAT,Korea,Analog IC,0,0,0.0,0.0,0,326,1533.0,1111.0,1533.0,0.0,0.00011220655257570476,0.0,1111.0,785.0
OSAT_0131,Alder Assembly - Hillsboro,OSAT,North America,Power IC,1,0,0.0,0.0,1,326,175.0,180.0,284.0,0.0006094132515988836,0.0005523876972253611,14.0,175.0,-151.0
RAW_MATERIAL_0075,Noral Extraction - Tianjin,RAW_MATERIAL,China,Bulk chemical,0,0,0.0,0.0,0,326,1533.0,1111.0,1533.0,0.0,0.00011220655257570476,0.0,1111.0,785.0
RAW_MATERIAL_0076,Renbeck Feedstock - Belo Horizonte,RAW_MATERIAL,Rest of World,Copper,1,0,0.0,0.0,1,326,638.0,1111.0,315.0,0.0,0.0005146125938189118,4.0,315.0,-11.0
RAW_MATERIAL_0077,Stade Resources - Ottawa,RAW_MATERIAL,North America,Copper,0,0,0.0,0.0,0,326,1211.0,1111.0,1501.0,0.0,0.0001226717159580636,1.0,1111.0,785.0
RAW_MATERIAL_0078,Ivex Extraction - Perth,RAW_MATERIAL,Rest of World,Crude industrial gas,0,0,0.0,0.0,0,326,1533.0,1111.0,1533.0,0.0,0.00011220655257570476,0.0,1111.0,785.0
OSAT_0136,Solvex Test Services - Shenzhen,OSAT,China,Power IC,0,0,0.0,0.0,0,326,457.0,377.0,687.0,0.00032053965799784133,0.0002970634147008826,6.0,377.0,51.0
OSAT_0137,Palter Microassembly - Singapore,OSAT,Southeast Asia,Memory IC,1,0,0.0,0.0,1,326,175.0,627.0,392.0,0.00015897129310608063,0.0004599771918787533,14.0,175.0,-151.0
OSAT_0138,Renbeck Test Services - Batam,OSAT,Southeast Asia,Logic IC,0,0,0.0,0.0,0,326,304.0,473.0,562.0,0.0002392761052770837,0.0003449659589835345,9.0,304.0,-22.0
OSAT_0139,Gethin Test Services - Taichung,OSAT,Taiwan,MEMS sensor,0,0,0.0,0.0,0,326,975.0,801.0,1113.0,7.669273936967742e-05,0.00019719048494029015,2.0,801.0,475.0
OSAT_0140,Dyne Packaging - Taichung,OSAT,Taiwan,Logic IC,0,0,0.0,0.0,0,326,1211.0,899.0,1519.0,4.550270134996792e-05,0.00011861390870369608,1.0,899.0,573.0
OSAT_0141,Korrin Assembly - Wuxi,OSAT,China,Logic IC,0,0,0.0,0.0,0,326,975.0,888.0,1170.0,4.9019622883105005e-05,0.00018480291883271109,2.0,888.0,562.0
OSAT_0142,Holt Microassembly - Tianjin,OSAT,China,Power IC,0,0,0.0,0.0,0,326,549.0,612.0,659.0,0.00016706138524921768,0.00030725942358344473,5.0,549.0,223.0
RAW_MATERIAL_0079,Solvex Resources - Chengdu,RAW_MATERIAL,China,Substrate resin,0,0,0.0,0.0,0,326,1533.0,1111.0,1533.0,0.0,0.00011220655257570476,0.0,1111.0,785.0
OSAT_0144,Alder Assembly - Taichung,OSAT,Taiwan,Power IC,1,0,0.0,0.0,1,326,146.0,256.0,306.0,0.00047953403733052023,0.0005215078949511889,16.0,146.0,-180.0
OSAT_0145,Renbeck Microassembly - Tainan,OSAT,Taiwan,RF IC,1,0,0.0,0.0,1,326,638.0,325.0,595.0,0.00038437919870475606,0.00033178734016279496,4.0,325.0,-1.0
OSAT_0146,Ader Assembly - Tianjin,OSAT,China,RF IC,2,0,0.0,0.0,1,326,457.0,304.0,1283.0,0.00041553168401566406,0.00015893074505400186,6.0,304.0,-22.0
OSAT_0147,Gethin Assembly - Bac Ninh,OSAT,Southeast Asia,Power IC,2,0,0.0,0.0,1,326,348.0,685.0,656.0,0.00012705493930013844,0.00030949981242115474,8.0,348.0,22.0
OSAT_0148,Gethin Microassembly - Chengdu,OSAT,China,Memory IC,0,0,0.0,0.0,0,326,193.0,126.0,307.0,0.0008217266389768087,0.0005198126570948562,13.0,126.0,-200.0
OSAT_0149,Zephyr Microassembly - Gumi,OSAT,Korea,RF IC,0,0,0.0,0.0,0,326,975.0,658.0,884.0,0.00014393528878539234,0.00024465597652779513,2.0,658.0,332.0
OSAT_0150,Xanthe Test Services - Kaohsiung,OSAT,Taiwan,Memory IC,0,0,0.0,0.0,0,326,457.0,181.0,568.0,0.0006093038215501108,0.0003440222390000343,6.0,181.0,-145.0
OSAT_0151,Mervi Microassembly - Icheon,OSAT,Korea,MEMS sensor,0,0,0.0,0.0,0,326,975.0,615.0,926.0,0.00016539186764913844,0.0002357112085707717,2.0,615.0,289.0
RAW_MATERIAL_0080,Rivet Feedstock - Shanghai,RAW_MATERIAL,China,Copper,0,0,0.0,0.0,0,326,774.0,1111.0,417.0,0.0,0.00043540700364993166,3.0,417.0,91.0
OSAT_0153,Noral Assembly - Chengdu,OSAT,China,Analog IC,0,0,0.0,0.0,0,326,549.0,431.0,1125.0,0.0002733013306825831,0.00019502224475939896,5.0,431.0,105.0
OSAT_0154,Isar Assembly - Hillsboro,OSAT,North America,Memory IC,1,0,0.0,0.0,1,326,407.0,277.0,1187.0,0.0004538185176092871,0.00018062752796053842,7.0,277.0,-49.0
OSAT_0155,Holt Test Services - Pyeongtaek,OSAT,Korea,Analog IC,0,0,0.0,0.0,0,326,975.0,354.0,759.0,0.00034416605710603287,0.0002756319463969184,2.0,354.0,28.0
OSAT_0156,Jorel Packaging - Chandler,OSAT,North America,Power IC,0,0,0.0,0.0,0,326,1211.0,683.0,854.0,0.00012745672704247686,0.0002512917136306945,1.0,683.0,357.0
RAW_MATERIAL_0081,Palter Feedstock - Hyderabad,RAW_MATERIAL,South Asia,Rare earth elements,0,0,0.0,0.0,0,326,1533.0,1111.0,1533.0,0.0,0.00011220655257570476,0.0,1111.0,785.0
OSAT_0158,Calder Microassembly - Taoyuan,OSAT,Taiwan,Analog IC,0,0,0.0,0.0,0,326,1533.0,1111.0,1533.0,0.0,0.00011220655257570476,0.0,1111.0,785.0
OSAT_0159,Solvex Microassembly - Tainan,OSAT,Taiwan,Analog IC,0,0,0.0,0.0,0,326,1533.0,1111.0,1533.0,0.0,0.00011220655257570476,0.0,1111.0,785.0
OSAT_0160,Ystad Assembly - Batangas,OSAT,Southeast Asia,RF IC,0,0,0.0,0.0,0,326,1211.0,677.0,1329.0,0.0001318537364257296,0.0001515189390652774,1.0,677.0,351.0
OSAT_0161,Doran Test Services - Cheongju,OSAT,Korea,Power IC,1,0,0.0,0.0,1,326,193.0,255.0,342.0,0.0004805199231928127,0.0004938303701132618,13.0,193.0,-133.0
RAW_MATERIAL_0082,Lethe Resources - Xi'an,RAW_MATERIAL,China,Bulk chemical,1,0,0.0,0.0,1,326,549.0,1111.0,270.0,0.0,0.0005719177263640915,5.0,270.0,-56.0
OSAT_0163,Ember Assembly - Taoyuan,OSAT,Taiwan,Memory IC,0,0,0.0,0.0,0,326,457.0,260.0,488.0,0.0004714556247776764,0.00038529477242603454,6.0,260.0,-66.0
OSAT_0164,Vantor Test Services - Kaohsiung,OSAT,Taiwan,Power IC,3,0,0.0,0.0,1,326,193.0,269.0,261.0,0.0004592400566642644,0.0005942107142867466,13.0,193.0,-133.0
OSAT_0165,Mervi Assembly - Kaohsiung,OSAT,Taiwan,Power IC,0,0,0.0,0.0,0,326,549.0,471.0,627.0,0.00024119796659182065,0.00032092711028505614,5.0,471.0,145.0
RAW_MATERIAL_0083,Brant Extraction - Belo Horizonte,RAW_MATERIAL,Rest of World,Substrate resin,0,0,0.0,0.0,0,326,1211.0,1111.0,967.0,0.0,0.0002266025238389914,1.0,967.0,641.0
OSAT_0167,Jarn Packaging - Taoyuan,OSAT,Taiwan,Analog IC,0,0,0.0,0.0,0,326,638.0,128.0,624.0,0.0008042255117241477,0.00032249384519289243,4.0,128.0,-198.0
OSAT_0168,Alder Packaging - Tainan,OSAT,Taiwan,Logic IC,0,0,0.0,0.0,0,326,1211.0,609.0,1173.0,0.00016792611614556343,0.00018431283394709037,1.0,609.0,283.0
OSAT_0169,Palter Microassembly - Pyeongtaek,OSAT,Korea,Analog IC,1,0,0.0,0.0,1,326,975.0,315.0,686.0,0.0003897844654720952,0.0002975104997254712,2.0,315.0,-11.0
EMS_0000,Belan Assemblies - Bangkok,EMS,Southeast Asia,Power module,0,0,0.0,0.0,0,326,975.0,759.0,1189.0,9.59826261296115e-05,0.00018046702246009297,2.0,759.0,433.0
RAW_MATERIAL_0084,Gethin Minerals - Johannesburg,RAW_MATERIAL,Rest of World,Rare earth elements,0,0,0.0,0.0,0,326,774.0,1111.0,370.0,0.0,0.0004730594234859367,3.0,370.0,44.0
RAW_MATERIAL_0085,Trellis Resources - Perth,RAW_MATERIAL,Rest of World,Crude industrial gas,0,0,0.0,0.0,0,326,1533.0,1111.0,1533.0,0.0,0.00011220655257570476,0.0,1111.0,785.0
EMS_0003,Yarrow Assemblies - Shanghai,EMS,China,Sensor module,0,0,0.0,0.0,0,326,549.0,249.0,734.0,0.0004896847314071506,0.00028265190373280715,5.0,249.0,-77.0
EMS_0004,Palter Electronics - Leixlip,EMS,Europe,PCB assembly,0,0,0.0,0.0,0,326,1211.0,982.0,1499.0,2.466702800134879e-05,0.00012308197817703978,1.0,982.0,656.0
RAW_MATERIAL_0086,Solvex Extraction - Bac Ninh,RAW_MATERIAL,Southeast Asia,Gold,0,0,0.0,0.0,0,326,638.0,1111.0,549.0,0.0,0.00035008850604782254,4.0,549.0,223.0
RAW_MATERIAL_0087,Mordant Resources - Taoyuan,RAW_MATERIAL,Taiwan,Gold,0,0,0.0,0.0,0,326,975.0,1111.0,1121.0,0.0,0.00019551703704304623,2.0,975.0,649.0
EMS_0007,Palter Electronics - Kaohsiung,EMS,Taiwan,PCB assembly,0,0,0.0,0.0,0,326,549.0,350.0,799.0,0.00034697326986543006,0.0002649312543033365,5.0,350.0,24.0
RAW_MATERIAL_0088,Faryn Minerals - Villach,RAW_MATERIAL,Europe,Bulk chemical,0,0,0.0,0.0,0,326,975.0,1111.0,506.0,0.0,0.0003731783243307842,2.0,506.0,180.0
EMS_0009,Brant Electronics - Batam,EMS,Southeast Asia,PCB assembly,0,0,0.0,0.0,0,326,975.0,375.0,864.0,0.0003219321681172898,0.0002488268756799774,2.0,375.0,49.0
RAW_MATERIAL_0089,Ferrin Feedstock - Hiroshima,RAW_MATERIAL,Japan,Rare earth elements,0,0,0.0,0.0,0,326,1211.0,1111.0,1254.0,0.0,0.00016680667163250257,1.0,1111.0,785.0
RAW_MATERIAL_0090,Ader Minerals - Xi'an,RAW_MATERIAL,China,Bulk chemical,0,0,0.0,0.0,0,326,1211.0,1111.0,1360.0,0.0,0.0001461834252936469,1.0,1111.0,785.0
EMS_0012,Ystad Assemblies - Xi'an,EMS,China,Sensor module,0,0,0.0,0.0,0,326,975.0,878.0,1251.0,5.1750655203562864e-05,0.00016749805469520496,2.0,878.0,552.0
EMS_0013,Zephyr Assemblies - Tianjin,EMS,China,Power module,0,0,0.0,0.0,0,326,157.0,380.0,476.0,0.00031766186670760234,0.00039312153865689927,15.0,157.0,-169.0
EMS_0014,Ivex Assemblies - Taoyuan,EMS,Taiwan,PCB assembly,0,0,0.0,0.0,0,326,1533.0,1111.0,1533.0,0.0,0.00011220655257570476,0.0,1111.0,785.0
EMS_0015,Verity Circuits - Wuxi,EMS,China,PCB assembly,0,0,0.0,0.0,0,326,1211.0,833.0,1372.0,6.669247890811551e-05,0.00014414476114806406,1.0,833.0,507.0
EMS_0016,Jarn Manufacturing - Bangkok,EMS,Southeast Asia,Sensor module,0,0,0.0,0.0,0,326,1211.0,687.0,1082.0,0.0001264371570541075,0.00020231540731440175,1.0,687.0,361.0
EMS_0017,Thorne Circuits - Dalian,EMS,China,PCB assembly,0,0,0.0,0.0,0,326,1533.0,1111.0,1533.0,0.0,0.00011220655257570476,0.0,1111.0,785.0
EMS_0018,Korrin Circuits - Singapore,EMS,Southeast Asia,PCB assembly,0,0,0.0,0.0,0,326,638.0,379.0,643.0,0.0003182686808578314,0.00031682059125021767,4.0,379.0,53.0
EMS_0019,Stade Manufacturing - Shenzhen,EMS,China,PCB assembly,0,0,0.0,0.0,0,326,157.0,124.0,358.0,0.0008476414871869449,0.00047869562001979523,15.0,124.0,-202.0
EMS_0020,Alder Assemblies - Hillsboro,EMS,North America,PCB assembly,0,0,0.0,0.0,0,326,975.0,749.0,1381.0,9.760862521883495e-05,0.00014244479886305303,2.0,749.0,423.0
EMS_0021,Jorel Manufacturing - Bangkok,EMS,Southeast Asia,PCB assembly,0,0,0.0,0.0,0,326,638.0,661.0,618.0,0.00014314312982544,0.00032428071456541463,4.0,618.0,292.0
EMS_0022,Ader Manufacturing - Leixlip,EMS,Europe,Sensor module,0,0,0.0,0.0,0,326,1211.0,865.0,1139.0,5.520770288700859e-05,0.00019303079328136056,1.0,865.0,539.0
RAW_MATERIAL_0091,Mervi Feedstock - Villach,RAW_MATERIAL,Europe,Substrate resin,0,0,0.0,0.0,0,326,975.0,1111.0,966.0,0.0,0.00022667574334949957,2.0,966.0,640.0
RAW_MATERIAL_0092,Wend Extraction - Shenzhen,RAW_MATERIAL,China,Silicon feedstock,1,0,0.0,0.0,1,326,774.0,1111.0,434.0,0.0,0.00042460084989717366,3.0,434.0,108.0
EMS_0025,Ferrin Electronics - Leixlip,EMS,Europe,PCB assembly,0,0,0.0,0.0,0,326,1533.0,1111.0,1533.0,0.0,0.00011220655257570476,0.0,1111.0,785.0
EMS_0026,Gethin Electronics - Batam,EMS,Southeast Asia,PCB assembly,0,0,0.0,0.0,0,326,457.0,278.0,753.0,0.00045190673245666576,0.0002769866894924505,6.0,278.0,-48.0
RAW_MATERIAL_0093,Jarn Feedstock - Batam,RAW_MATERIAL,Southeast Asia,Copper,0,0,0.0,0.0,0,326,638.0,1111.0,458.0,0.0,0.00040592411426073043,4.0,458.0,132.0
RAW_MATERIAL_0095,Stade Extraction - Perth,RAW_MATERIAL,Rest of World,Copper,0,0,0.0,0.0,0,326,1211.0,1111.0,905.0,0.0,0.00023915817922154722,1.0,905.0,579.0
EMS_0029,Lumen Electronics - Tianjin,EMS,China,PCB assembly,0,0,0.0,0.0,0,326,638.0,665.0,795.0,0.0001418314013797409,0.00026536774784248403,4.0,638.0,312.0
EMS_0030,Alder Manufacturing - Batam,EMS,Southeast Asia,PCB assembly,0,0,0.0,0.0,0,326,774.0,640.0,1225.0,0.00015270579913759225,0.00017302174124016195,3.0,640.0,314.0
RAW_MATERIAL_0096,Lethe Extraction - Johannesburg,RAW_MATERIAL,Rest of World,Copper,0,0,0.0,0.0,0,326,975.0,1111.0,579.0,0.0,0.0003406160363280597,2.0,579.0,253.0
EMS_0032,Zephyr Electronics - Shenzhen,EMS,China,Power module,0,0,0.0,0.0,0,326,1533.0,1111.0,1533.0,0.0,0.00011220655257570476,0.0,1111.0,785.0
EMS_0033,Oxbow Manufacturing - Yokkaichi,EMS,Japan,PCB assembly,0,0,0.0,0.0,0,326,1533.0,1111.0,1533.0,0.0,0.00011220655257570476,0.0,1111.0,785.0
RAW_MATERIAL_0097,Belan Resources - Belo Horizonte,RAW_MATERIAL,Rest of World,Bulk chemical,0,0,0.0,0.0,0,326,1211.0,1111.0,1085.0,0.0,0.00020149121307387968,1.0,1085.0,759.0
EMS_0035,Umber Manufacturing - Eindhoven,EMS,Europe,PCB assembly,0,0,0.0,0.0,0,326,975.0,746.0,1301.0,9.877043075516044e-05,0.00015641394070236764,2.0,746.0,420.0
RAW_MATERIAL_0098,Stade Extraction - Tainan,RAW_MATERIAL,Taiwan,Bulk chemical,0,0,0.0,0.0,0,326,304.0,1111.0,112.0,0.0,0.0009714676495543888,9.0,112.0,-214.0
RAW_MATERIAL_0099,Halcy Extraction - Perth,RAW_MATERIAL,Rest of World,Silicon feedstock,2,0,0.0,0.0,1,326,975.0,1111.0,763.0,0.0,0.0002734133222127388,2.0,763.0,437.0
EMS_0038,Kestrel Circuits - Bangkok,EMS,Southeast Asia,PCB assembly,0,0,0.0,0.0,0,326,1533.0,1111.0,1533.0,0.0,0.00011220655257570476,0.0,1111.0,785.0
EMS_0039,Lumen Electronics - Bac Ninh,EMS,Southeast Asia,PCB assembly,0,0,0.0,0.0,0,326,1533.0,1111.0,1533.0,0.0,0.00011220655257570476,0.0,1111.0,785.0
RAW_MATERIAL_0100,Lethe Extraction - Chandler,RAW_MATERIAL,North America,Crude industrial gas,0,0,0.0,0.0,0,326,1533.0,1111.0,1533.0,0.0,0.00011220655257570476,0.0,1111.0,785.0
EMS_0041,Quill Assemblies - Tianjin,EMS,China,Power module,0,0,0.0,0.0,0,326,549.0,494.0,852.0,0.00022751277980612847,0.0002520237478371505,5.0,494.0,168.0
EMS_0042,Isar Circuits - Austin,EMS,North America,PCB assembly,0,0,0.0,0.0,0,326,234.0,235.0,605.0,0.0005080420148929837,0.0003279844294949334,11.0,234.0,-92.0
EMS_0043,Brant Assemblies - Guadalajara,EMS,North America,Power module,0,0,0.0,0.0,0,326,94.0,419.0,400.0,0.00027985126539772974,0.00045242365985308225,21.0,94.0,-232.0
RAW_MATERIAL_0102,Holt Extraction - Johannesburg,RAW_MATERIAL,Rest of World,Bulk chemical,0,0,0.0,0.0,0,326,1533.0,1111.0,1533.0,0.0,0.00011220655257570476,0.0,1111.0,785.0
RAW_MATERIAL_0103,Lethe Feedstock - Kolwezi,RAW_MATERIAL,Rest of World,Rare earth elements,0,0,0.0,0.0,0,326,1211.0,1111.0,1397.0,0.0,0.0001388831980099418,1.0,1111.0,785.0
RAW_MATERIAL_0104,Xanthe Feedstock - Ottawa,RAW_MATERIAL,North America,Copper,0,0,0.0,0.0,0,326,975.0,1111.0,664.0,0.0,0.0003057610993468851,2.0,664.0,338.0
EMS_0047,Trellis Manufacturing - Bangkok,EMS,Southeast Asia,PCB assembly,0,0,0.0,0.0,0,326,1533.0,1111.0,1533.0,0.0,0.00011220655257570476,0.0,1111.0,785.0
EMS_0048,Quill Assemblies - Shanghai,EMS,China,PCB assembly,0,0,0.0,0.0,0,326,1533.0,1111.0,1533.0,0.0,0.00011220655257570476,0.0,1111.0,785.0
EMS_0049,Orvid Assemblies - Xi'an,EMS,China,PCB assembly,0,0,0.0,0.0,0,326,975.0,474.0,1186.0,0.00023904132311293127,0.00018078172094166255,2.0,474.0,148.0
EMS_0050,Holt Electronics - Sanand,EMS,South Asia,Power module,0,0,0.0,0.0,0,326,774.0,897.0,911.0,4.591415598659693e-05,0.00023884610126034562,3.0,774.0,448.0
EMS_0051,Prendel Assemblies - Ottawa,EMS,North America,Sensor module,0,0,0.0,0.0,0,326,348.0,477.0,545.0,0.0002365379031158402,0.0003512363774075022,8.0,348.0,22.0
EMS_0052,Nevin Assemblies - Batangas,EMS,Southeast Asia,PCB assembly,0,0,0.0,0.0,0,326,1211.0,298.0,1059.0,0.0004225327650007519,0.0002066063051591016,1.0,298.0,-28.0
EMS_0053,Palter Circuits - Bangkok,EMS,Southeast Asia,PCB assembly,0,0,0.0,0.0,0,326,975.0,587.0,1028.0,0.00018089125349826692,0.00021328857024850392,2.0,587.0,261.0
EMS_0054,Ystad Manufacturing - Wuxi,EMS,China,Power module,0,0,0.0,0.0,0,326,975.0,1009.0,1250.0,2.0363382375512663e-05,0.0001675634712580773,2.0,975.0,649.0
RAW_MATERIAL_0105,Rivet Feedstock - Shanghai 2,RAW_MATERIAL,China,Silicon feedstock,0,0,0.0,0.0,0,326,1533.0,1111.0,1533.0,0.0,0.00011220655257570476,0.0,1111.0,785.0
EMS_0056,Lethe Electronics - Sanand,EMS,South Asia,PCB assembly,0,0,0.0,0.0,0,326,638.0,644.0,1004.0,0.00015060090054488769,0.00021948885673332363,4.0,638.0,312.0
RAW_MATERIAL_0106,Halcy Feedstock - Belo Horizonte,RAW_MATERIAL,Rest of World,Copper,0,0,0.0,0.0,0,326,1211.0,1111.0,1452.0,0.0,0.00012944551422427872,1.0,1111.0,785.0
RAW_MATERIAL_0107,Solvex Minerals - Hyderabad,RAW_MATERIAL,South Asia,Crude industrial gas,0,0,0.0,0.0,0,326,549.0,1111.0,205.0,0.0,0.0006770517411668907,5.0,205.0,-121.0
EMS_0059,Lumen Circuits - Xi'an,EMS,China,Sensor module,0,0,0.0,0.0,0,326,774.0,932.0,1134.0,3.479941290346595e-05,0.00019397273743231217,3.0,774.0,448.0
RAW_MATERIAL_0108,Ystad Resources - Perth,RAW_MATERIAL,Rest of World,Rare earth elements,1,0,0.0,0.0,1,326,1211.0,1111.0,1119.0,0.0,0.00019591092179274377,1.0,1111.0,785.0
EMS_0061,Halcy Electronics - Shenzhen,EMS,China,PCB assembly,0,0,0.0,0.0,0,326,975.0,846.0,1287.0,6.215084571034714e-05,0.00015864058080969226,2.0,846.0,520.0
RAW_MATERIAL_0109,Faryn Minerals - Sanand,RAW_MATERIAL,South Asia,Rare earth elements,0,0,0.0,0.0,0,326,638.0,1111.0,295.0,0.0,0.0005359935279601807,4.0,295.0,-31.0
EMS_0063,Holt Circuits - Tianjin,EMS,China,PCB assembly,0,0,0.0,0.0,0,326,774.0,390.0,1230.0,0.0003068306689023492,0.000172422176312609,3.0,390.0,64.0
EMS_0064,Wend Assemblies - Hsinchu,EMS,Taiwan,PCB assembly,0,0,0.0,0.0,0,326,1211.0,1003.0,1415.0,2.1530359726067604e-05,0.0001352151505521099,1.0,1003.0,677.0
RAW_MATERIAL_0110,Renbeck Extraction - Sanand,RAW_MATERIAL,South Asia,Copper,0,0,0.0,0.0,0,326,1533.0,1111.0,1533.0,0.0,0.00011220655257570476,0.0,1111.0,785.0
EMS_0066,Mervi Electronics - Villach,EMS,Europe,PCB assembly,0,0,0.0,0.0,0,326,975.0,820.0,1169.0,7.091931473138206e-05,0.00018493828707957975,2.0,820.0,494.0
EMS_0067,Mervi Circuits - Chandler,EMS,North America,PCB assembly,0,0,0.0,0.0,0,326,1211.0,976.0,1515.0,2.5629414205867903e-05,0.00011894095073653144,1.0,976.0,650.0
EMS_0068,Nevin Manufacturing - Shanghai,EMS,China,PCB assembly,0,0,0.0,0.0,0,326,774.0,638.0,895.0,0.00015353193661542982,0.00024086214627215753,3.0,638.0,312.0
EMS_0069,Rivet Electronics - Sendai,EMS,Japan,PCB assembly,0,0,0.0,0.0,0,326,1533.0,1111.0,1533.0,0.0,0.00011220655257570476,0.0,1111.0,785.0
EMS_0070,Trellis Electronics - Hyderabad,EMS,South Asia,Power module,0,0,0.0,0.0,0,326,975.0,629.0,847.0,0.00015741794189238004,0.00025289859691698523,2.0,629.0,303.0
RAW_MATERIAL_0111,Ferrin Extraction - Leixlip,RAW_MATERIAL,Europe,Crude industrial gas,0,0,0.0,0.0,0,326,774.0,1111.0,490.0,0.0,0.00038484616377090796,3.0,490.0,164.0
EMS_0072,Brant Electronics - Grenoble,EMS,Europe,PCB assembly,0,0,0.0,0.0,0,326,1211.0,922.0,1331.0,3.7393497186458886e-05,0.000151277129854101,1.0,922.0,596.0
EMS_0073,Thorne Circuits - Dalian 2,EMS,China,Power module,0,0,0.0,0.0,0,326,457.0,719.0,1007.0,0.00010911930636640967,0.00021825222568110244,6.0,457.0,131.0
EMS_0074,Cortex Assemblies - Sanand,EMS,South Asia,Sensor module,0,0,0.0,0.0,0,326,1533.0,1111.0,1533.0,0.0,0.00011220655257570476,0.0,1111.0,785.0
EMS_0075,Solvex Electronics - Hsinchu,EMS,Taiwan,PCB assembly,0,0,0.0,0.0,0,326,1211.0,923.0,1461.0,3.7141137781125914e-05,0.00012823893950158588,1.0,923.0,597.0
EMS_0076,Vantor Assemblies - Batam,EMS,Southeast Asia,PCB assembly,0,0,0.0,0.0,0,326,1211.0,515.0,1185.0,0.00021692286401404614,0.00018086091809090246,1.0,515.0,189.0
RAW_MATERIAL_0112,Alder Resources - Kolwezi,RAW_MATERIAL,Rest of World,Substrate resin,0,0,0.0,0.0,0,326,1211.0,1111.0,905.0,0.0,0.00023915817922154722,1.0,905.0,579.0
EMS_0078,Stade Circuits - Pune,EMS,South Asia,PCB assembly,0,0,0.0,0.0,0,326,774.0,792.0,945.0,8.170189489575676e-05,0.0002301816096529012,3.0,774.0,448.0
EMS_0079,Wexler Manufacturing - Pune,EMS,South Asia,PCB assembly,0,0,0.0,0.0,0,326,1533.0,1111.0,1533.0,0.0,0.00011220655257570476,0.0,1111.0,785.0
EMS_0080,Prendel Manufacturing - Shanghai,EMS,China,PCB assembly,0,0,0.0,0.0,0,326,975.0,769.0,1315.0,9.011583443183686e-05,0.0001540157448026013,2.0,769.0,443.0
RAW_MATERIAL_0113,Doran Resources - Johannesburg,RAW_MATERIAL,Rest of World,Substrate resin,0,0,0.0,0.0,0,326,975.0,1111.0,626.0,0.0,0.00032116435752170476,2.0,626.0,300.0
EMS_0082,Granth Electronics - Chengdu,EMS,China,Sensor module,0,0,0.0,0.0,0,326,1533.0,1111.0,1533.0,0.0,0.00011220655257570476,0.0,1111.0,785.0
EMS_0083,Mervi Assemblies - Shanghai,EMS,China,PCB assembly,0,0,0.0,0.0,0,326,1211.0,999.0,1516.0,2.178872104051556e-05,0.0001189079591962457,1.0,999.0,673.0
EMS_0084,Zephyr Circuits - Batam,EMS,Southeast Asia,Power module,0,0,0.0,0.0,0,326,213.0,498.0,418.0,0.00022433270961183326,0.00043413733905220837,12.0,213.0,-113.0
EMS_0085,Prendel Manufacturing - Pune,EMS,South Asia,PCB assembly,0,0,0.0,0.0,0,326,1211.0,969.0,1517.0,2.68595046714945e-05,0.00011883891440076134,1.0,969.0,643.0
RAW_MATERIAL_0114,Elstow Resources - Eindhoven,RAW_MATERIAL,Europe,Bulk chemical,0,0,0.0,0.0,0,326,549.0,1111.0,631.0,0.0,0.00032039242388147426,5.0,549.0,223.0
EMS_0087,Calder Assemblies - Kumamoto,EMS,Japan,PCB assembly,0,0,0.0,0.0,0,326,1533.0,1111.0,1533.0,0.0,0.00011220655257570476,0.0,1111.0,785.0
EMS_0088,Palter Assemblies - Batam,EMS,Southeast Asia,Power module,0,0,0.0,0.0,0,326,638.0,555.0,796.0,0.00020101230803819763,0.00026524660888663085,4.0,555.0,229.0
RAW_MATERIAL_0115,Yarrow Resources - Hyderabad,RAW_MATERIAL,South Asia,Bulk chemical,0,0,0.0,0.0,0,326,774.0,1111.0,470.0,0.0,0.0003993010308538564,3.0,470.0,144.0
RAW_MATERIAL_0116,Zephyr Extraction - Dalian,RAW_MATERIAL,China,Bulk chemical,0,0,0.0,0.0,0,326,1211.0,1111.0,1430.0,0.0,0.00013202089680157107,1.0,1111.0,785.0
EMS_0091,Lumen Manufacturing - Batangas,EMS,Southeast Asia,PCB assembly,0,0,0.0,0.0,0,326,975.0,483.0,1018.0,0.00023274460562919011,0.00021632078288726903,2.0,483.0,157.0
EMS_0092,Cortex Electronics - Crolles,EMS,Europe,Sensor module,0,0,0.0,0.0,0,326,234.0,424.0,655.0,0.0002760214665396674,0.00031029299336555576,11.0,234.0,-92.0
EMS_0093,Quarn Manufacturing - Taichung,EMS,Taiwan,PCB assembly,0,0,0.0,0.0,0,326,638.0,216.0,867.0,0.0005361116101452683,0.0002482475973212823,4.0,216.0,-110.0
RAW_MATERIAL_0117,Gethin Resources - Shenzhen,RAW_MATERIAL,China,Copper,0,0,0.0,0.0,0,326,975.0,1111.0,459.0,0.0,0.0004056708152582727,2.0,459.0,133.0
EMS_0095,Faryn Electronics - Wuxi,EMS,China,Power module,0,0,0.0,0.0,0,326,975.0,944.0,1421.0,3.172276517046323e-05,0.00013388824946564877,2.0,944.0,618.0
EMS_0096,Palter Circuits - Grenoble,EMS,Europe,PCB assembly,0,0,0.0,0.0,0,326,975.0,813.0,1114.0,7.321740267111168e-05,0.0001970860397992275,2.0,813.0,487.0
RAW_MATERIAL_0118,Brant Extraction - Kolwezi,RAW_MATERIAL,Rest of World,Silicon feedstock,0,0,0.0,0.0,0,326,774.0,1111.0,767.0,0.0,0.0002725756269860609,3.0,767.0,441.0
EMS_0098,Korrin Assemblies - Pune,EMS,South Asia,PCB assembly,0,0,0.0,0.0,0,326,638.0,534.0,754.0,0.00020705056056448152,0.000276884764512011,4.0,534.0,208.0
EMS_0099,Renbeck Electronics - Singapore,EMS,Southeast Asia,Power module,0,0,0.0,0.0,0,326,1211.0,1047.0,1493.0,1.1649816565952335e-05,0.00012400638935315325,1.0,1047.0,721.0
EMS_0100,Gethin Circuits - Singapore,EMS,Southeast Asia,Power module,0,0,0.0,0.0,0,326,1533.0,1111.0,1533.0,0.0,0.00011220655257570476,0.0,1111.0,785.0
EMS_0101,Ystad Manufacturing - Crolles,EMS,Europe,PCB assembly,0,0,0.0,0.0,0,326,975.0,815.0,1327.0,7.184745536380166e-05,0.0001517506672768207,2.0,815.0,489.0
EMS_0102,Ader Electronics - Shanghai,EMS,China,PCB assembly,0,0,0.0,0.0,0,326,549.0,468.0,1107.0,0.00024163800917322811,0.00019830153383765153,5.0,468.0,142.0
EMS_0103,Quill Manufacturing - Dalian,EMS,China,Power module,0,0,0.0,0.0,0,326,348.0,376.0,614.0,0.00032137638542512124,0.00032514720660632316,8.0,348.0,22.0
EMS_0104,Nevin Assemblies - Shanghai,EMS,China,Power module,0,0,0.0,0.0,0,326,457.0,631.0,791.0,0.0001569247802135272,0.000266139427580034,6.0,457.0,131.0
EMS_0105,Oxbow Electronics - Malta,EMS,North America,PCB assembly,0,0,0.0,0.0,0,326,1533.0,1111.0,1533.0,0.0,0.00011220655257570476,0.0,1111.0,785.0
RAW_MATERIAL_0119,Kestrel Resources - Grenoble,RAW_MATERIAL,Europe,Rare earth elements,2,0,0.0,0.0,2,326,457.0,1111.0,336.0,0.0,0.0004960203492402919,6.0,336.0,10.0
EMS_0107,Doran Electronics - Shanghai,EMS,China,Power module,0,0,0.0,0.0,0,326,774.0,421.0,875.0,0.00027937795042363463,0.0002464807137753068,3.0,421.0,95.0
RAW_MATERIAL_0120,Ember Minerals - Ottawa,RAW_MATERIAL,North America,Bulk chemical,0,0,0.0,0.0,0,326,1533.0,1111.0,1533.0,0.0,0.00011220655257570476,0.0,1111.0,785.0
RAW_MATERIAL_0121,Halcy Feedstock - Kolwezi,RAW_MATERIAL,Rest of World,Substrate resin,0,0,0.0,0.0,0,326,1211.0,1111.0,896.0,0.0,0.0002405532520418312,1.0,896.0,570.0
EMS_0110,Dyne Manufacturing - Dalian,EMS,China,PCB assembly,0,0,0.0,0.0,0,326,1533.0,1111.0,1533.0,0.0,0.00011220655257570476,0.0,1111.0,785.0
EMS_0111,Ferrin Manufacturing - Bac Ninh,EMS,Southeast Asia,PCB assembly,0,0,0.0,0.0,0,326,1211.0,569.0,1082.0,0.00019244877086848966,0.00020231540731440175,1.0,569.0,243.0
EMS_0112,Ferrin Manufacturing - Dalian,EMS,China,PCB assembly,0,0,0.0,0.0,0,326,1533.0,1111.0,1533.0,0.0,0.00011220655257570476,0.0,1111.0,785.0
EMS_0113,Oxbow Manufacturing - Wuxi,EMS,China,PCB assembly,0,0,0.0,0.0,0,326,234.0,225.0,613.0,0.0005196036873886465,0.0003252484432234965,11.0,225.0,-101.0
EMS_0114,Zephyr Assemblies - Shanghai,EMS,China,PCB assembly,0,0,0.0,0.0,0,326,1211.0,924.0,1453.0,3.664041718450226e-05,0.00012907034543853437,1.0,924.0,598.0
RAW_MATERIAL_0122,Holt Minerals - Belo Horizonte,RAW_MATERIAL,Rest of World,Rare earth elements,0,0,0.0,0.0,0,326,1211.0,1111.0,719.0,0.0,0.00028769739547739585,1.0,719.0,393.0
EMS_0116,Rivet Assemblies - Dalian,EMS,China,Sensor module,0,0,0.0,0.0,0,326,638.0,699.0,998.0,0.00011588528345140438,0.00022136760842733833,4.0,638.0,312.0
RAW_MATERIAL_0123,Granth Resources - Tianjin,RAW_MATERIAL,China,Silicon feedstock,1,0,0.0,0.0,1,326,549.0,1111.0,496.0,0.0,0.00038075834511229993,5.0,496.0,170.0
RAW_MATERIAL_0124,Doran Minerals - Johannesburg,RAW_MATERIAL,Rest of World,Silicon feedstock,0,0,0.0,0.0,0,326,1533.0,1111.0,1533.0,0.0,0.00011220655257570476,0.0,1111.0,785.0
EMS_0119,Noral Electronics - Shenzhen,EMS,China,PCB assembly,0,0,0.0,0.0,0,326,1211.0,1079.0,1513.0,5.832952222945728e-06,0.00011922942888652996,1.0,1079.0,753.0
EMS_0120,Xanthe Circuits - Shanghai,EMS,China,PCB assembly,0,0,0.0,0.0,0,326,975.0,711.0,1310.0,0.0001117364280531033,0.00015461549137438222,2.0,711.0,385.0
EMS_0121,Cortex Electronics - Taoyuan,EMS,Taiwan,PCB assembly,0,0,0.0,0.0,0,326,975.0,799.0,1346.0,7.751982010323337e-05,0.00014814263262759715,2.0,799.0,473.0
EMS_0122,Vantor Electronics - Austin,EMS,North America,PCB assembly,0,0,0.0,0.0,0,326,1211.0,789.0,1401.0,8.28122339281887e-05,0.0001382988035143916,1.0,789.0,463.0
EMS_0123,Umber Manufacturing - Tianjin,EMS,China,PCB assembly,0,0,0.0,0.0,0,326,638.0,454.0,996.0,0.00024880090934819443,0.0002214394690447177,4.0,454.0,128.0
EMS_0124,Halcy Electronics - Tianjin,EMS,China,Sensor module,0,0,0.0,0.0,0,326,975.0,936.0,1365.0,3.304521584287457e-05,0.0001450864191981903,2.0,936.0,610.0
EMS_0125,Isar Manufacturing - Tianjin,EMS,China,PCB assembly,0,0,0.0,0.0,0,326,1533.0,1111.0,1533.0,0.0,0.00011220655257570476,0.0,1111.0,785.0
RAW_MATERIAL_0125,Zephyr Resources - Xi'an,RAW_MATERIAL,China,Silicon feedstock,0,0,0.0,0.0,0,326,1211.0,1111.0,1025.0,0.0,0.00021485259666143293,1.0,1025.0,699.0
RAW_MATERIAL_0126,Rivet Feedstock - Malta,RAW_MATERIAL,North America,Crude industrial gas,3,0,0.0,0.0,2,326,774.0,1111.0,555.0,0.0,0.0003471685257853432,3.0,555.0,229.0
EMS_0128,Lethe Electronics - Penang,EMS,Southeast Asia,Sensor module,0,0,0.0,0.0,0,326,1533.0,1111.0,1533.0,0.0,0.00011220655257570476,0.0,1111.0,785.0
EMS_0129,Orvid Electronics - Xi'an,EMS,China,PCB assembly,0,0,0.0,0.0,0,326,774.0,664.0,984.0,0.00014225002648089158,0.00022496484154745634,3.0,664.0,338.0
EMS_0130,Lethe Circuits - Penang,EMS,Southeast Asia,PCB assembly,0,0,0.0,0.0,0,326,549.0,329.0,668.0,0.00037914920552769904,0.0003039067232604449,5.0,329.0,3.0
EMS_0131,Zephyr Electronics - Malta,EMS,North America,Power module,0,0,0.0,0.0,0,326,1211.0,1054.0,1492.0,1.0481654775913524e-05,0.0001241454423041076,1.0,1054.0,728.0
EMS_0132,Zephyr Circuits - Malta,EMS,North America,PCB assembly,0,0,0.0,0.0,0,326,638.0,586.0,1130.0,0.00018105478539220664,0.00019424116512461128,4.0,586.0,260.0
EMS_0133,Yarrow Manufacturing - Xi'an,EMS,China,PCB assembly,0,0,0.0,0.0,0,326,975.0,916.0,1393.0,3.831388435084965e-05,0.00013978063766954132,2.0,916.0,590.0
RAW_MATERIAL_0127,Korrin Minerals - Gumi,RAW_MATERIAL,Korea,Copper,0,0,0.0,0.0,0,326,774.0,1111.0,1203.0,0.0,0.000176549779313328,3.0,774.0,448.0
RAW_MATERIAL_0128,Korrin Minerals - Xi'an,RAW_MATERIAL,China,Copper,0,0,0.0,0.0,0,326,1533.0,1111.0,1533.0,0.0,0.00011220655257570476,0.0,1111.0,785.0
EMS_0136,Mordant Assemblies - Malta,EMS,North America,PCB assembly,0,0,0.0,0.0,0,326,1211.0,880.0,1471.0,5.095740383257505e-05,0.00012665047720247783,1.0,880.0,554.0
RAW_MATERIAL_0129,Belan Extraction - Shanghai,RAW_MATERIAL,China,Bulk chemical,0,0,0.0,0.0,0,326,1533.0,1111.0,1533.0,0.0,0.00011220655257570476,0.0,1111.0,785.0
RAW_MATERIAL_0130,Ivex Feedstock - Shanghai,RAW_MATERIAL,China,Gold,1,0,0.0,0.0,1,326,121.0,1111.0,65.0,0.0,0.0013802187718009887,18.0,65.0,-261.0
EMS_0139,Ferrin Assemblies - Batam,EMS,Southeast Asia,PCB assembly,0,0,0.0,0.0,0,326,1533.0,1111.0,1533.0,0.0,0.00011220655257570476,0.0,1111.0,785.0
RAW_MATERIAL_0131,Ivex Minerals - Shanghai,RAW_MATERIAL,China,Bulk chemical,0,0,0.0,0.0,0,326,774.0,1111.0,684.0,0.0,0.00029830418745608917,3.0,684.0,358.0
RAW_MATERIAL_0132,Noral Minerals - Wuxi,RAW_MATERIAL,China,Rare earth elements,0,0,0.0,0.0,0,326,1533.0,1111.0,1533.0,0.0,0.00011220655257570476,0.0,1111.0,785.0
EMS_0142,Wexler Assemblies - Pyeongtaek,EMS,Korea,Sensor module,0,0,0.0,0.0,0,326,975.0,852.0,1398.0,6.016462604583188e-05,0.00013853064571006218,2.0,852.0,526.0
EMS_0143,Dyne Assemblies - Shanghai,EMS,China,PCB assembly,0,0,0.0,0.0,0,326,774.0,503.0,1177.0,0.00022151746341021289,0.00018381356227939867,3.0,503.0,177.0
EMS_0144,Quill Manufacturing - Wuxi,EMS,China,PCB assembly,0,0,0.0,0.0,0,326,1211.0,863.0,1514.0,5.564248756711717e-05,0.0001192036094883284,1.0,863.0,537.0
RAW_MATERIAL_0133,Palter Feedstock - Xi'an,RAW_MATERIAL,China,Bulk chemical,2,0,0.0,0.0,2,326,348.0,1111.0,152.0,0.0,0.0008055718805961801,8.0,152.0,-174.0
EMS_0146,Ulvid Electronics - Dalian,EMS,China,PCB assembly,0,0,0.0,0.0,0,326,549.0,550.0,1017.0,0.0002021501796877923,0.00021645671940126785,5.0,549.0,223.0
RAW_MATERIAL_0134,Renbeck Extraction - Chengdu,RAW_MATERIAL,China,Crude industrial gas,0,0,0.0,0.0,0,326,975.0,1111.0,539.0,0.0,0.00035547740371243185,2.0,539.0,213.0
EMS_0148,Thorne Circuits - Tianjin,EMS,China,PCB assembly,0,0,0.0,0.0,0,326,1211.0,958.0,1313.0,2.9095856746522974e-05,0.00015423886517302245,1.0,958.0,632.0
EMS_0149,Granth Circuits - Chandler,EMS,North America,PCB assembly,0,0,0.0,0.0,0,326,457.0,410.0,1029.0,0.00028705215707726183,0.00021272455146469134,6.0,410.0,84.0
RAW_MATERIAL_0135,Holt Extraction - Johannesburg 2,RAW_MATERIAL,Rest of World,Bulk chemical,0,0,0.0,0.0,0,326,774.0,1111.0,714.0,0.0,0.00028870973525260354,3.0,714.0,388.0
EMS_0151,Oxbow Manufacturing - Chengdu,EMS,China,PCB assembly,0,0,0.0,0.0,0,326,1533.0,1111.0,1533.0,0.0,0.00011220655257570476,0.0,1111.0,785.0
EMS_0152,Granth Manufacturing - Chengdu,EMS,China,PCB assembly,0,0,0.0,0.0,0,326,1533.0,1111.0,1533.0,0.0,0.00011220655257570476,0.0,1111.0,785.0
EMS_0153,Wend Manufacturing - Tianjin,EMS,China,Sensor module,0,0,0.0,0.0,0,326,774.0,819.0,1128.0,7.096378510945261e-05,0.00019481647882186454,3.0,774.0,448.0
RAW_MATERIAL_0136,Verity Extraction - Pune,RAW_MATERIAL,South Asia,Substrate resin,0,0,0.0,0.0,0,326,1211.0,1111.0,1064.0,0.0,0.00020526932430496426,1.0,1064.0,738.0
EMS_0155,Wend Assemblies - Grenoble,EMS,Europe,PCB assembly,0,0,0.0,0.0,0,326,1533.0,1111.0,1533.0,0.0,0.00011220655257570476,0.0,1111.0,785.0
RAW_MATERIAL_0137,Cortex Minerals - Johannesburg,RAW_MATERIAL,Rest of World,Rare earth elements,0,0,0.0,0.0,0,326,1211.0,1111.0,1443.0,0.0,0.00013050654757795118,1.0,1111.0,785.0
EMS_0157,Dyne Circuits - Dalian,EMS,China,PCB assembly,0,0,0.0,0.0,0,326,638.0,333.0,1077.0,0.00037135300715935123,0.0002029523307775325,4.0,333.0,7.0
RAW_MATERIAL_0138,Lethe Resources - Sanand,RAW_MATERIAL,South Asia,Silicon feedstock,0,0,0.0,0.0,0,326,975.0,1111.0,961.0,0.0,0.00022770308324045752,2.0,961.0,635.0
EMS_0159,Ember Manufacturing - Bac Ninh,EMS,Southeast Asia,Power module,0,0,0.0,0.0,0,326,975.0,926.0,947.0,3.642665830102678e-05,0.00023001380841191932,2.0,926.0,600.0
EMS_0160,Ivex Manufacturing - Hillsboro,EMS,North America,PCB assembly,0,0,0.0,0.0,0,326,1533.0,1111.0,1533.0,0.0,0.00011220655257570476,0.0,1111.0,785.0
EMS_0161,Mordant Circuits - Shenzhen,EMS,China,Power module,0,0,0.0,0.0,0,326,774.0,877.0,940.0,5.180249708157801e-05,0.00023134373541353726,3.0,774.0,448.0
EMS_0162,Belan Electronics - Tainan,EMS,Taiwan,Power module,0,0,0.0,0.0,0,326,1533.0,1111.0,1533.0,0.0,0.00011220655257570476,0.0,1111.0,785.0
RAW_MATERIAL_0139,Belan Feedstock - Antofagasta,RAW_MATERIAL,Rest of World,Crude industrial gas,0,0,0.0,0.0,0,326,1211.0,1111.0,967.0,0.0,0.0002266025238389914,1.0,967.0,641.0
EMS_0164,Dyne Circuits - Chengdu,EMS,China,PCB assembly,0,0,0.0,0.0,0,326,1533.0,1111.0,1533.0,0.0,0.00011220655257570476,0.0,1111.0,785.0
EMS_0165,Halcy Electronics - Shenzhen 2,EMS,China,Sensor module,0,0,0.0,0.0,0,326,549.0,589.0,985.0,0.00018017247735556936,0.00022481285958239814,5.0,549.0,223.0
RAW_MATERIAL_0140,Wexler Resources - Kumamoto,RAW_MATERIAL,Japan,Bulk chemical,1,0,0.0,0.0,1,326,101.0,1111.0,59.0,0.0,0.0014697253025952885,20.0,59.0,-267.0
EMS_0167,Wexler Electronics - Dalian,EMS,China,PCB assembly,0,0,0.0,0.0,0,326,549.0,573.0,1037.0,0.0001891937151034411,0.00021062950564421602,5.0,549.0,223.0
EMS_0168,Trellis Assemblies - Tianjin,EMS,China,PCB assembly,0,0,0.0,0.0,0,326,638.0,593.0,1232.0,0.00017741030663032622,0.00017233069516420585,4.0,593.0,267.0
RAW_MATERIAL_0141,Nevin Feedstock - Taoyuan,RAW_MATERIAL,Taiwan,Rare earth elements,3,0,0.0,0.0,2,326,549.0,1111.0,256.0,0.0,0.0005971834058019931,5.0,256.0,-70.0
RAW_MATERIAL_0142,Solvex Resources - Tianjin,RAW_MATERIAL,China,Substrate resin,0,0,0.0,0.0,0,326,1211.0,1111.0,1391.0,0.0,0.00014031607273775636,1.0,1111.0,785.0
EMS_0171,Granth Circuits - Sanand,EMS,South Asia,PCB assembly,0,0,0.0,0.0,0,326,1533.0,1111.0,1533.0,0.0,0.00011220655257570476,0.0,1111.0,785.0
RAW_MATERIAL_0143,Jarn Minerals - Belo Horizonte,RAW_MATERIAL,Rest of World,Bulk chemical,0,0,0.0,0.0,0,326,1533.0,1111.0,1533.0,0.0,0.00011220655257570476,0.0,1111.0,785.0
EMS_0173,Vantor Electronics - Batangas,EMS,Southeast Asia,PCB assembly,0,0,0.0,0.0,0,326,975.0,740.0,949.0,0.00010074900269363817,0.00022987692428540766,2.0,740.0,414.0
EMS_0174,Ember Manufacturing - Chandler,EMS,North America,PCB assembly,0,0,0.0,0.0,0,326,1211.0,1030.0,1338.0,1.622004469239458e-05,0.00015021079146650102,1.0,1030.0,704.0
EMS_0175,Renbeck Manufacturing - Tianjin,EMS,China,PCB assembly,0,0,0.0,0.0,0,326,975.0,514.0,1325.0,0.0002178299033805017,0.0001525735436630427,2.0,514.0,188.0
EMS_0176,Gethin Manufacturing - Dalian,EMS,China,PCB assembly,0,0,0.0,0.0,0,326,638.0,326.0,779.0,0.00038392399917373604,0.00026895109093926455,4.0,326.0,0.0
EMS_0177,Oxbow Assemblies - Xi'an,EMS,China,Power module,0,0,0.0,0.0,0,326,774.0,896.0,1324.0,4.639139568468319e-05,0.000152638593993219,3.0,774.0,448.0
EMS_0178,Noral Circuits - Bac Ninh,EMS,Southeast Asia,PCB assembly,0,0,0.0,0.0,0,326,774.0,755.0,1386.0,9.657394378742554e-05,0.00014215864109238884,3.0,755.0,429.0
EMS_0179,Belan Manufacturing - Hyderabad,EMS,South Asia,Power module,0,0,0.0,0.0,0,326,638.0,459.0,809.0,0.00024675486811638614,0.000262792806144778,4.0,459.0,133.0
EMS_0180,Calder Manufacturing - Tianjin,EMS,China,PCB assembly,0,0,0.0,0.0,0,326,1211.0,943.0,1366.0,3.1918069756789695e-05,0.00014477856532202308,1.0,943.0,617.0
EMS_0181,Isar Manufacturing - Dalian,EMS,China,PCB assembly,0,0,0.0,0.0,0,326,1533.0,1111.0,1533.0,0.0,0.00011220655257570476,0.0,1111.0,785.0
EMS_0182,Verity Assemblies - Chengdu,EMS,China,Sensor module,0,0,0.0,0.0,0,326,1533.0,1111.0,1533.0,0.0,0.00011220655257570476,0.0,1111.0,785.0
RAW_MATERIAL_0144,Prendel Feedstock - Xi'an,RAW_MATERIAL,China,Bulk chemical,0,0,0.0,0.0,0,326,975.0,1111.0,512.0,0.0,0.0003691449709526778,2.0,512.0,186.0
EMS_0184,Belan Manufacturing - Taichung,EMS,Taiwan,Power module,0,0,0.0,0.0,0,326,638.0,559.0,736.0,0.000199302673251885,0.0002824801553134049,4.0,559.0,233.0
EMS_0185,Kestrel Electronics - Tianjin,EMS,China,PCB assembly,0,0,0.0,0.0,0,326,774.0,690.0,1241.0,0.00012076025275041992,0.00016966073501175326,3.0,690.0,364.0
RAW_MATERIAL_0145,Lethe Feedstock - Kolwezi 2,RAW_MATERIAL,Rest of World,Copper,0,0,0.0,0.0,0,326,638.0,1111.0,391.0,0.0,0.0004602911646447703,4.0,391.0,65.0
RAW_MATERIAL_0146,Stade Resources - Kolwezi,RAW_MATERIAL,Rest of World,Crude industrial gas,0,0,0.0,0.0,0,326,1211.0,1111.0,974.0,0.0,0.0002252074510187074,1.0,974.0,648.0
EMS_0188,Wend Electronics - Sanand,EMS,South Asia,PCB assembly,0,0,0.0,0.0,0,326,975.0,646.0,1317.0,0.0001487232196735836,0.00015386902317254543,2.0,646.0,320.0
RAW_MATERIAL_0147,Renbeck Minerals - Grenoble,RAW_MATERIAL,Europe,Bulk chemical,0,0,0.0,0.0,0,326,1533.0,1111.0,1533.0,0.0,0.00011220655257570476,0.0,1111.0,785.0
EMS_0190,Ivex Assemblies - Chandler,EMS,North America,PCB assembly,0,0,0.0,0.0,0,326,975.0,693.0,1198.0,0.00011849479456555076,0.00017778840070771819,2.0,693.0,367.0
EMS_0191,Yarrow Circuits - Sanand,EMS,South Asia,PCB assembly,0,0,0.0,0.0,0,326,774.0,768.0,805.0,9.032218849449861e-05,0.0002640108547795027,3.0,768.0,442.0
EMS_0192,Isar Manufacturing - Cheongju,EMS,Korea,PCB assembly,0,0,0.0,0.0,0,326,774.0,504.0,959.0,0.00022096632544765462,0.00022815493209662137,3.0,504.0,178.0
RAW_MATERIAL_0148,Dyne Feedstock - Kolwezi,RAW_MATERIAL,Rest of World,Bulk chemical,0,0,0.0,0.0,0,326,1211.0,1111.0,1106.0,0.0,0.00019870106743331172,1.0,1106.0,780.0
RAW_MATERIAL_0149,Cortex Extraction - Bengaluru,RAW_MATERIAL,South Asia,Substrate resin,0,0,0.0,0.0,0,326,1533.0,1111.0,1533.0,0.0,0.00011220655257570476,0.0,1111.0,785.0
EMS_0195,Gethin Electronics - Guadalajara,EMS,North America,PCB assembly,0,0,0.0,0.0,0,326,975.0,718.0,1278.0,0.00010916738744177875,0.00016032039990156166,2.0,718.0,392.0
EMS_0196,Korrin Circuits - Wuxi,EMS,China,PCB assembly,0,0,0.0,0.0,0,326,1211.0,1005.0,1451.0,2.1443042371914663e-05,0.00012945429786532202,1.0,1005.0,679.0
RAW_MATERIAL_0150,Jarn Minerals - Gumi,RAW_MATERIAL,Korea,Copper,0,0,0.0,0.0,0,326,1533.0,1111.0,1533.0,0.0,0.00011220655257570476,0.0,1111.0,785.0
EMS_0198,Calder Electronics - Dalian,EMS,China,PCB assembly,0,0,0.0,0.0,0,326,549.0,397.0,958.0,0.00029956477688569363,0.0002286680431844585,5.0,397.0,71.0
RAW_MATERIAL_0151,Ystad Resources - Belo Horizonte,RAW_MATERIAL,Rest of World,Bulk chemical,0,0,0.0,0.0,0,326,1533.0,1111.0,1533.0,0.0,0.00011220655257570476,0.0,1111.0,785.0
RAW_MATERIAL_0152,Zephyr Minerals - Austin,RAW_MATERIAL,North America,Crude industrial gas,0,0,0.0,0.0,0,326,638.0,1111.0,425.0,0.0,0.0004291953105577752,4.0,425.0,99.0
RAW_MATERIAL_0153,Wexler Feedstock - Penang,RAW_MATERIAL,Southeast Asia,Substrate resin,0,0,0.0,0.0,0,326,1533.0,1111.0,1533.0,0.0,0.00011220655257570476,0.0,1111.0,785.0
EMS_0202,Stade Electronics - Penang,EMS,Southeast Asia,PCB assembly,0,0,0.0,0.0,0,326,774.0,460.0,715.0,0.00024660317242859026,0.00028823361275040797,3.0,460.0,134.0
RAW_MATERIAL_0154,Rivet Extraction - Shenzhen,RAW_MATERIAL,China,Copper,0,0,0.0,0.0,0,326,132.0,1111.0,39.0,0.0,0.0018419129505607946,17.0,39.0,-287.0
RAW_MATERIAL_0155,Nevin Feedstock - Sanand,RAW_MATERIAL,South Asia,Bulk chemical,0,0,0.0,0.0,0,326,1211.0,1111.0,1069.0,0.0,0.00020433416673471905,1.0,1069.0,743.0
RAW_MATERIAL_0156,Korrin Minerals - Villach,RAW_MATERIAL,Europe,Copper,0,0,0.0,0.0,0,326,774.0,1111.0,444.0,0.0,0.00041596723422530896,3.0,444.0,118.0
EMS_0206,Xanthe Manufacturing - Bac Ninh,EMS,Southeast Asia,PCB assembly,0,0,0.0,0.0,0,326,1533.0,1111.0,1533.0,0.0,0.00011220655257570476,0.0,1111.0,785.0
EMS_0207,Alder Electronics - Chengdu,EMS,China,PCB assembly,0,0,0.0,0.0,0,326,975.0,903.0,1385.0,4.281289104855477e-05,0.00014219038112177421,2.0,903.0,577.0
EMS_0208,Lethe Electronics - Xi'an,EMS,China,PCB assembly,0,0,0.0,0.0,0,326,407.0,428.0,683.0,0.00027414998132598386,0.0002983960329480102,7.0,407.0,81.0
EMS_0209,Trellis Electronics - Wuxi,EMS,China,PCB assembly,0,0,0.0,0.0,0,326,975.0,773.0,1382.0,8.782445286351067e-05,0.00014241901568306871,2.0,773.0,447.0
EMS_0210,Prendel Electronics - Bengaluru,EMS,South Asia,PCB assembly,0,0,0.0,0.0,0,326,975.0,887.0,954.0,4.909065440482378e-05,0.00022927705330026178,2.0,887.0,561.0
EMS_0211,Mordant Assemblies - Wuxi,EMS,China,PCB assembly,0,0,0.0,0.0,0,326,975.0,521.0,1097.0,0.0002136359208554398,0.0002000068600007522,2.0,521.0,195.0
RAW_MATERIAL_0157,Korrin Extraction - Cheongju,RAW_MATERIAL,Korea,Substrate resin,1,0,0.0,0.0,1,326,267.0,1111.0,204.0,0.0,0.0006793397516141262,10.0,204.0,-122.0
RAW_MATERIAL_0158,Jarn Extraction - Sanand,RAW_MATERIAL,South Asia,Substrate resin,0,0,0.0,0.0,0,326,774.0,1111.0,881.0,0.0,0.0002448932693652274,3.0,774.0,448.0
EMS_0214,Vantor Assemblies - Eindhoven,EMS,Europe,PCB assembly,0,0,0.0,0.0,0,326,975.0,911.0,1299.0,3.9782503286417654e-05,0.00015671767900485946,2.0,911.0,585.0
EMS_0215,Jorel Manufacturing - Tianjin,EMS,China,PCB assembly,0,0,0.0,0.0,0,326,1211.0,832.0,1507.0,6.689677610533934e-05,0.00012133148159052353,1.0,832.0,506.0
RAW_MATERIAL_0159,Xanthe Feedstock - Kitakyushu,RAW_MATERIAL,Japan,Copper,0,0,0.0,0.0,0,326,774.0,1111.0,1197.0,0.0,0.0001780671214908579,3.0,774.0,448.0
RAW_MATERIAL_0160,Brant Minerals - Kolwezi,RAW_MATERIAL,Rest of World,Copper,0,0,0.0,0.0,0,326,1211.0,1111.0,953.0,0.0,0.00022939266947955938,1.0,953.0,627.0
EMS_0218,Verity Assemblies - Guadalajara,EMS,North America,Power module,0,0,0.0,0.0,0,326,774.0,765.0,1174.0,9.278260068654164e-05,0.00018411050649246968,3.0,765.0,439.0
EMS_0219,Umber Electronics - Crolles,EMS,Europe,PCB assembly,0,0,0.0,0.0,0,326,1533.0,1111.0,1533.0,0.0,0.00011220655257570476,0.0,1111.0,785.0
EMS_0220,Dyne Assemblies - Ottawa,EMS,North America,PCB assembly,0,0,0.0,0.0,0,326,1211.0,848.0,1316.0,6.141114884295752e-05,0.00015398410214180879,1.0,848.0,522.0
RAW_MATERIAL_0161,Ember Minerals - Dalian,RAW_MATERIAL,China,Copper,0,0,0.0,0.0,0,326,213.0,1111.0,70.0,0.0,0.0012853074948687333,12.0,70.0,-256.0
EMS_0222,Renbeck Electronics - Dresden,EMS,Europe,PCB assembly,0,0,0.0,0.0,0,326,975.0,741.0,1024.0,0.00010073767241389936,0.00021503051391124297,2.0,741.0,415.0
RAW_MATERIAL_0163,Umber Feedstock - Leixlip,RAW_MATERIAL,Europe,Bulk chemical,0,0,0.0,0.0,0,326,1211.0,1111.0,1120.0,0.0,0.00019579770867871223,1.0,1111.0,785.0
EMS_0224,Gethin Assemblies - Hsinchu,EMS,Taiwan,Sensor module,0,0,0.0,0.0,0,326,1533.0,1111.0,1533.0,0.0,0.00011220655257570476,0.0,1111.0,785.0
EMS_0225,Ystad Assemblies - Batam,EMS,Southeast Asia,PCB assembly,0,0,0.0,0.0,0,326,774.0,520.0,865.0,0.0002141324713211889,0.0002483274306271373,3.0,520.0,194.0
EMS_0226,Ulvid Assemblies - Austin,EMS,North America,PCB assembly,0,0,0.0,0.0,0,326,407.0,334.0,616.0,0.00037116853885806516,0.00032483808541451713,7.0,334.0,8.0
RAW_MATERIAL_0164,Cortex Minerals - Perth,RAW_MATERIAL,Rest of World,Copper,0,0,0.0,0.0,0,326,975.0,1111.0,724.0,0.0,0.00028457400621843224,2.0,724.0,398.0
EMS_0228,Halcy Circuits - Chandler,EMS,North America,PCB assembly,0,0,0.0,0.0,0,326,774.0,626.0,1240.0,0.00015947849237999242,0.00017023732090248205,3.0,626.0,300.0
EMS_0229,Trellis Electronics - Pyeongtaek,EMS,Korea,PCB assembly,0,0,0.0,0.0,0,326,774.0,585.0,951.0,0.00018145363201066728,0.00022949872613914934,3.0,585.0,259.0
EMS_0230,Prendel Electronics - Tianjin,EMS,China,PCB assembly,0,0,0.0,0.0,0,326,1533.0,1111.0,1533.0,0.0,0.00011220655257570476,0.0,1111.0,785.0
EMS_0231,Calder Circuits - Shanghai,EMS,China,PCB assembly,0,0,0.0,0.0,0,326,1533.0,1111.0,1533.0,0.0,0.00011220655257570476,0.0,1111.0,785.0
EMS_0232,Mervi Assemblies - Xi'an,EMS,China,PCB assembly,0,0,0.0,0.0,0,326,1533.0,1111.0,1533.0,0.0,0.00011220655257570476,0.0,1111.0,785.0
EMS_0233,Lumen Electronics - Bac Ninh 2,EMS,Southeast Asia,PCB assembly,0,0,0.0,0.0,0,326,1533.0,1111.0,1533.0,0.0,0.00011220655257570476,0.0,1111.0,785.0
EMS_0234,Trellis Manufacturing - Wuxi,EMS,China,PCB assembly,0,0,0.0,0.0,0,326,1211.0,974.0,1214.0,2.6331237471735553e-05,0.00017538152328531502,1.0,974.0,648.0
EMS_0235,Wexler Manufacturing - Tianjin,EMS,China,PCB assembly,0,0,0.0,0.0,0,326,975.0,963.0,1395.0,2.8871636103416616e-05,0.00013900544666886077,2.0,963.0,637.0
EMS_0236,Holt Circuits - Xi'an 2,EMS,China,Power module,0,0,0.0,0.0,0,326,1533.0,1111.0,1533.0,0.0,0.00011220655257570476,0.0,1111.0,785.0
EMS_0237,Renbeck Electronics - Sanand,EMS,South Asia,Sensor module,0,0,0.0,0.0,0,326,1211.0,777.0,1100.0,8.649870108611863e-05,0.00019945480875126852,1.0,777.0,451.0
EMS_0238,Wend Assemblies - Tianjin,EMS,China,Sensor module,0,0,0.0,0.0,0,326,457.0,742.0,846.0,0.00010031037221054298,0.0002530975782064204,6.0,457.0,131.0
RAW_MATERIAL_0165,Stade Resources - Kumamoto,RAW_MATERIAL,Japan,Bulk chemical,0,0,0.0,0.0,0,326,1533.0,1111.0,1533.0,0.0,0.00011220655257570476,0.0,1111.0,785.0
EMS_0240,Kestrel Electronics - Tainan,EMS,Taiwan,PCB assembly,0,0,0.0,0.0,0,326,1211.0,939.0,1271.0,3.2254020556886264e-05,0.00016215930100839894,1.0,939.0,613.0
EMS_0241,Rivet Assemblies - Hwaseong,EMS,Korea,PCB assembly,0,0,0.0,0.0,0,326,267.0,144.0,666.0,0.0007172740263202649,0.00030558353210871506,10.0,144.0,-182.0
EMS_0242,Rivet Manufacturing - Wuxi,EMS,China,PCB assembly,0,0,0.0,0.0,0,326,1533.0,1111.0,1533.0,0.0,0.00011220655257570476,0.0,1111.0,785.0
EMS_0243,Oxbow Electronics - Sanand,EMS,South Asia,Power module,0,0,0.0,0.0,0,326,1533.0,1111.0,1533.0,0.0,0.00011220655257570476,0.0,1111.0,785.0
RAW_MATERIAL_0166,Ferrin Feedstock - Ottawa,RAW_MATERIAL,North America,Rare earth elements,0,0,0.0,0.0,0,326,1211.0,1111.0,617.0,0.0,0.00032434791873034457,1.0,617.0,291.0
RAW_MATERIAL_0167,Mordant Feedstock - Bac Ninh,RAW_MATERIAL,Southeast Asia,Rare earth elements,0,0,0.0,0.0,0,326,975.0,1111.0,416.0,0.0,0.0004390549581306277,2.0,416.0,90.0
RAW_MATERIAL_0168,Halcy Feedstock - Perth,RAW_MATERIAL,Rest of World,Crude industrial gas,0,0,0.0,0.0,0,326,1533.0,1111.0,1533.0,0.0,0.00011220655257570476,0.0,1111.0,785.0
EMS_0247,Zephyr Circuits - Batangas,EMS,Southeast Asia,PCB assembly,0,0,0.0,0.0,0,326,774.0,622.0,886.0,0.00016000321116874805,0.000243764869054681,3.0,622.0,296.0
EMS_0248,Renbeck Assemblies - Sanand,EMS,South Asia,PCB assembly,0,0,0.0,0.0,0,326,1533.0,1111.0,1533.0,0.0,0.00011220655257570476,0.0,1111.0,785.0
EMS_0249,Quill Manufacturing - Sendai,EMS,Japan,PCB assembly,0,0,0.0,0.0,0,326,1533.0,1111.0,1533.0,0.0,0.00011220655257570476,0.0,1111.0,785.0
EMS_0250,Korrin Manufacturing - Tainan,EMS,Taiwan,Power module,0,0,0.0,0.0,0,326,774.0,633.0,803.0,0.00015619842029105315,0.0002643301192692952,3.0,633.0,307.0
EMS_0251,Umber Manufacturing - Taoyuan,EMS,Taiwan,Power module,0,0,0.0,0.0,0,326,1533.0,1111.0,1533.0,0.0,0.00011220655257570476,0.0,1111.0,785.0
EMS_0252,Solvex Circuits - Guadalajara,EMS,North America,Power module,0,0,0.0,0.0,0,326,457.0,545.0,1057.0,0.00020388426940339604,0.000206816562445943,6.0,457.0,131.0
EMS_0253,Lumen Manufacturing - Wuxi,EMS,China,PCB assembly,0,0,0.0,0.0,0,326,975.0,771.0,1314.0,8.950418349177835e-05,0.00015410754298777473,2.0,771.0,445.0
EMS_0254,Verity Assemblies - Tainan,EMS,Taiwan,Sensor module,0,0,0.0,0.0,0,326,774.0,447.0,756.0,0.00025512501265666633,0.00027622955871490937,3.0,447.0,121.0
EMS_0255,Thorne Electronics - Ottawa,EMS,North America,PCB assembly,0,0,0.0,0.0,0,326,549.0,530.0,910.0,0.0002092453684999019,0.0002388703011129562,5.0,530.0,204.0
EMS_0256,Elstow Circuits - Tianjin,EMS,China,PCB assembly,0,0,0.0,0.0,0,326,975.0,835.0,1363.0,6.513947687136892e-05,0.0001454864392727978,2.0,835.0,509.0
EMS_0257,Zephyr Assemblies - Wuxi,EMS,China,Power module,0,0,0.0,0.0,0,326,975.0,954.0,1399.0,2.9840552106417132e-05,0.00013845487945619896,2.0,954.0,628.0
EMS_0258,Cortex Electronics - Tianjin,EMS,China,PCB assembly,0,0,0.0,0.0,0,326,549.0,606.0,964.0,0.00016924490345791515,0.00022729747396840869,5.0,549.0,223.0
EMS_0259,Faryn Circuits - Hillsboro,EMS,North America,Power module,0,0,0.0,0.0,0,326,975.0,912.0,1434.0,3.953294123696874e-05,0.00013121330387994538,2.0,912.0,586.0
RAW_MATERIAL_0169,Palter Extraction - Antofagasta,RAW_MATERIAL,Rest of World,Bulk chemical,0,0,0.0,0.0,0,326,975.0,1111.0,426.0,0.0,0.0004279158585297381,2.0,426.0,100.0
EMS_0261,Gethin Electronics - Leixlip,EMS,Europe,Power module,0,0,0.0,0.0,0,326,638.0,767.0,1043.0,9.120561673697252e-05,0.00020971455986449797,4.0,638.0,312.0
EMS_0262,Rivet Electronics - Eindhoven,EMS,Europe,Power module,0,0,0.0,0.0,0,326,975.0,850.0,955.0,6.0772314934083186e-05,0.00022920497197312207,2.0,850.0,524.0
EMS_0263,Ulvid Electronics - Batam,EMS,Southeast Asia,PCB assembly,0,0,0.0,0.0,0,326,774.0,372.0,861.0,0.0003249132663661465,0.00024901299966098383,3.0,372.0,46.0
RAW_MATERIAL_0170,Mervi Feedstock - Kolwezi,RAW_MATERIAL,Rest of World,Crude industrial gas,0,0,0.0,0.0,0,326,1533.0,1111.0,1533.0,0.0,0.00011220655257570476,0.0,1111.0,785.0
EMS_0265,Yarrow Circuits - Dalian,EMS,China,PCB assembly,0,0,0.0,0.0,0,326,1211.0,901.0,1356.0,4.488020010438594e-05,0.00014720792232712781,1.0,901.0,575.0
EMS_0266,Belan Assemblies - Penang,EMS,Southeast Asia,PCB assembly,0,0,0.0,0.0,0,326,1533.0,1111.0,1533.0,0.0,0.00011220655257570476,0.0,1111.0,785.0
EMS_0267,Stade Circuits - Crolles,EMS,Europe,PCB assembly,0,0,0.0,0.0,0,326,1211.0,913.0,1419.0,3.8980019651329795e-05,0.00013424636539941545,1.0,913.0,587.0
RAW_MATERIAL_0171,Holt Resources - Kolwezi,RAW_MATERIAL,Rest of World,Silicon feedstock,0,0,0.0,0.0,0,326,1533.0,1111.0,1533.0,0.0,0.00011220655257570476,0.0,1111.0,785.0
EMS_0269,Quarn Manufacturing - Shenzhen,EMS,China,PCB assembly,0,0,0.0,0.0,0,326,457.0,338.0,710.0,0.0003635190510802823,0.0002902648726253826,6.0,338.0,12.0
EMS_0270,Solvex Circuits - Shanghai,EMS,China,PCB assembly,0,0,0.0,0.0,0,326,1533.0,1111.0,1533.0,0.0,0.00011220655257570476,0.0,1111.0,785.0
EMS_0271,Prendel Electronics - Crolles,EMS,Europe,PCB assembly,0,0,0.0,0.0,0,326,975.0,700.0,1091.0,0.00011552248617195467,0.00020093088723404287,2.0,700.0,374.0
EMS_0272,Dyne Assemblies - Chandler,EMS,North America,Power module,0,0,0.0,0.0,0,326,1533.0,1111.0,1533.0,0.0,0.00011220655257570476,0.0,1111.0,785.0
EMS_0273,Nevin Assemblies - Hsinchu,EMS,Taiwan,PCB assembly,0,0,0.0,0.0,0,326,638.0,287.0,787.0,0.00043850570505738076,0.0002668431500173293,4.0,287.0,-39.0
EMS_0274,Isar Circuits - Bangkok,EMS,Southeast Asia,Power module,0,0,0.0,0.0,0,326,1533.0,1111.0,1533.0,0.0,0.00011220655257570476,0.0,1111.0,785.0
EMS_0275,Mordant Circuits - Wuxi,EMS,China,PCB assembly,0,0,0.0,0.0,0,326,1533.0,1111.0,1533.0,0.0,0.00011220655257570476,0.0,1111.0,785.0
RAW_MATERIAL_0172,Zephyr Extraction - Bac Ninh,RAW_MATERIAL,Southeast Asia,Bulk chemical,0,0,0.0,0.0,0,326,1211.0,1111.0,658.0,0.0,0.00030797928919910146,1.0,658.0,332.0
EMS_0277,Ystad Manufacturing - Shenzhen,EMS,China,Sensor module,0,0,0.0,0.0,0,326,549.0,796.0,1179.0,7.904465500553277e-05,0.00018291104534978408,5.0,549.0,223.0
RAW_MATERIAL_0173,Lumen Resources - Hillsboro,RAW_MATERIAL,North America,Rare earth elements,2,0,0.0,0.0,1,326,267.0,1111.0,160.0,0.0,0.0007839343244768486,10.0,160.0,-166.0
EMS_0279,Halcy Circuits - Hyderabad,EMS,South Asia,PCB assembly,0,0,0.0,0.0,0,326,1211.0,710.0,1371.0,0.00011206271299849125,0.00014426446213746576,1.0,710.0,384.0
RAW_MATERIAL_0174,Prendel Minerals - Guadalajara,RAW_MATERIAL,North America,Bulk chemical,0,0,0.0,0.0,0,326,407.0,1111.0,248.0,0.0,0.0006122352258012865,7.0,248.0,-78.0
EMS_0281,Ystad Circuits - Singapore,EMS,Southeast Asia,PCB assembly,0,0,0.0,0.0,0,326,1211.0,1029.0,1342.0,1.6272708254442646e-05,0.00014949213160445957,1.0,1029.0,703.0
EMS_0282,Trellis Manufacturing - Shanghai,EMS,China,Power module,0,0,0.0,0.0,0,326,1211.0,996.0,1464.0,2.2330875093127717e-05,0.00012806654824431833,1.0,996.0,670.0
RAW_MATERIAL_0175,Halcy Feedstock - Wuxi,RAW_MATERIAL,China,Copper,0,0,0.0,0.0,0,326,457.0,1111.0,177.0,0.0,0.0007542647897933039,6.0,177.0,-149.0
EMS_0284,Elstow Circuits - Hiroshima,EMS,Japan,PCB assembly,0,0,0.0,0.0,0,326,1533.0,1111.0,1533.0,0.0,0.00011220655257570476,0.0,1111.0,785.0
EMS_0285,Stade Assemblies - Hwaseong,EMS,Korea,PCB assembly,0,0,0.0,0.0,0,326,1533.0,1111.0,1533.0,0.0,0.00011220655257570476,0.0,1111.0,785.0
EMS_0286,Belan Manufacturing - Batam,EMS,Southeast Asia,Sensor module,0,0,0.0,0.0,0,326,549.0,655.0,738.0,0.00014554259683144803,0.0002824241262568779,5.0,549.0,223.0
RAW_MATERIAL_0176,Doran Resources - Villach,RAW_MATERIAL,Europe,Substrate resin,0,0,0.0,0.0,0,326,975.0,1111.0,1394.0,0.0,0.00013939511657904232,2.0,975.0,649.0
EMS_0288,Vantor Assemblies - Crolles,EMS,Europe,Power module,0,0,0.0,0.0,0,326,774.0,634.0,832.0,0.0001561023693326383,0.00025577347356830544,3.0,634.0,308.0
RAW_MATERIAL_0177,Nevin Feedstock - Shenzhen,RAW_MATERIAL,China,Substrate resin,1,0,0.0,0.0,1,326,1211.0,1111.0,1063.0,0.0,0.00020569814651264127,1.0,1063.0,737.0
EMS_0290,Trellis Electronics - Penang,EMS,Southeast Asia,PCB assembly,0,0,0.0,0.0,0,326,975.0,363.0,1117.0,0.0003321657004293729,0.00019632718654907382,2.0,363.0,37.0
EMS_0291,Dyne Electronics - Chandler,EMS,North America,Power module,0,0,0.0,0.0,0,326,975.0,929.0,1333.0,3.537365618997839e-05,0.00015088457285993096,2.0,929.0,603.0
EMS_0292,Ader Assemblies - Wuxi,EMS,China,PCB assembly,0,0,0.0,0.0,0,326,1211.0,966.0,1508.0,2.7899041602974404e-05,0.00012041643268651648,1.0,966.0,640.0
EMS_0293,Elstow Circuits - Bangkok,EMS,Southeast Asia,PCB assembly,0,0,0.0,0.0,0,326,1211.0,523.0,1123.0,0.00021286768085981248,0.00019516391090656867,1.0,523.0,197.0
EMS_0294,Zephyr Electronics - Tianjin,EMS,China,PCB assembly,0,0,0.0,0.0,0,326,774.0,843.0,1334.0,6.385037828449584e-05,0.00015073298519925174,3.0,774.0,448.0
EMS_0295,Yarrow Circuits - Villach,EMS,Europe,PCB assembly,0,0,0.0,0.0,0,326,638.0,772.0,903.0,8.833926993657524e-05,0.00023934402139209313,4.0,638.0,312.0
EMS_0296,Prendel Manufacturing - Shenzhen,EMS,China,Power module,0,0,0.0,0.0,0,326,407.0,385.0,667.0,0.0003108469125084863,0.00030548329148358185,7.0,385.0,59.0
EMS_0297,Mordant Electronics - Hyderabad,EMS,South Asia,Power module,0,0,0.0,0.0,0,326,975.0,450.0,963.0,0.000252768606103466,0.00022751148138489338,2.0,450.0,124.0
EMS_0298,Stade Assemblies - Kaohsiung,EMS,Taiwan,PCB assembly,0,0,0.0,0.0,0,326,549.0,175.0,543.0,0.000617470001211117,0.00035197215026496067,5.0,175.0,-151.0
EMS_0299,Holt Assemblies - Kaohsiung,EMS,Taiwan,PCB assembly,0,0,0.0,0.0,0,326,638.0,414.0,678.0,0.00028355238510364343,0.0003004722650625572,4.0,414.0,88.0
EMS_0300,Quarn Manufacturing - Austin,EMS,North America,PCB assembly,0,0,0.0,0.0,0,326,638.0,467.0,1263.0,0.00024199183244157053,0.00016526452904814745,4.0,467.0,141.0
RAW_MATERIAL_0178,Nevin Resources - Guadalajara,RAW_MATERIAL,North America,Crude industrial gas,1,0,0.0,0.0,1,326,1211.0,1111.0,589.0,0.0,0.00033387918273485907,1.0,589.0,263.0
EMS_0302,Wexler Assemblies - Wuxi,EMS,China,Power module,0,0,0.0,0.0,0,326,774.0,733.0,1073.0,0.00010342148704831018,0.00020370149905563095,3.0,733.0,407.0
EMS_0303,Zephyr Circuits - Xi'an,EMS,China,Sensor module,0,0,0.0,0.0,0,326,348.0,715.0,629.0,0.00011020580047364034,0.0003205190645758446,8.0,348.0,22.0
EMS_0304,Ivex Electronics - Singapore,EMS,Southeast Asia,PCB assembly,0,0,0.0,0.0,0,326,975.0,565.0,862.0,0.0001958531198670222,0.00024897299341843874,2.0,565.0,239.0
RAW_MATERIAL_0179,Nevin Minerals - Pune,RAW_MATERIAL,South Asia,Copper,0,0,0.0,0.0,0,326,549.0,1111.0,303.0,0.0,0.0005250237874933724,5.0,303.0,-23.0
RAW_MATERIAL_0180,Gethin Resources - Chengdu,RAW_MATERIAL,China,Silicon feedstock,0,0,0.0,0.0,0,326,774.0,1111.0,804.0,0.0,0.0002641661848321528,3.0,774.0,448.0
RAW_MATERIAL_0181,Ferrin Minerals - Ottawa,RAW_MATERIAL,North America,Bulk chemical,0,0,0.0,0.0,0,326,975.0,1111.0,814.0,0.0,0.0002609702161364173,2.0,814.0,488.0
RAW_MATERIAL_0182,Verity Feedstock - Antofagasta,RAW_MATERIAL,Rest of World,Bulk chemical,0,0,0.0,0.0,0,326,1533.0,1111.0,1533.0,0.0,0.00011220655257570476,0.0,1111.0,785.0
EMS_0309,Kestrel Circuits - Hillsboro,EMS,North America,PCB assembly,0,0,0.0,0.0,0,326,348.0,378.0,842.0,0.00031926076986342326,0.000253778791868173,8.0,348.0,22.0
EMS_0310,Granth Manufacturing - Dalian,EMS,China,PCB assembly,0,0,0.0,0.0,0,326,1211.0,814.0,1387.0,7.227614775588272e-05,0.00014211397297937608,1.0,814.0,488.0
EMS_0311,Ystad Manufacturing - Chengdu,EMS,China,PCB assembly,0,0,0.0,0.0,0,326,1533.0,1111.0,1533.0,0.0,0.00011220655257570476,0.0,1111.0,785.0
EMS_0312,Noral Assemblies - Villach,EMS,Europe,PCB assembly,0,0,0.0,0.0,0,326,304.0,182.0,548.0,0.0006075235646198241,0.0003503402254882462,9.0,182.0,-144.0
EMS_0313,Umber Assemblies - Tianjin,EMS,China,PCB assembly,0,0,0.0,0.0,0,326,1211.0,957.0,1445.0,2.9186328479731657e-05,0.00013038317682512705,1.0,957.0,631.0
EMS_0314,Lethe Assemblies - Gumi,EMS,Korea,Power module,0,0,0.0,0.0,0,326,1211.0,1055.0,1509.0,1.0408718766332539e-05,0.00012035561112366642,1.0,1055.0,729.0
EMS_0315,Renbeck Assemblies - Batam,EMS,Southeast Asia,Power module,0,0,0.0,0.0,0,326,638.0,362.0,908.0,0.00033224733225739557,0.00023907727561569777,4.0,362.0,36.0
RAW_MATERIAL_0183,Mervi Resources - Belo Horizonte,RAW_MATERIAL,Rest of World,Substrate resin,0,0,0.0,0.0,0,326,1533.0,1111.0,1533.0,0.0,0.00011220655257570476,0.0,1111.0,785.0
EMS_0317,Solvex Manufacturing - Austin,EMS,North America,PCB assembly,0,0,0.0,0.0,0,326,1533.0,1111.0,1533.0,0.0,0.00011220655257570476,0.0,1111.0,785.0
EMS_0318,Oxbow Electronics - Dalian,EMS,China,PCB assembly,0,0,0.0,0.0,0,326,549.0,340.0,1143.0,0.00036134066045678635,0.00019151190378910367,5.0,340.0,14.0
EMS_0319,Mordant Circuits - Batangas,EMS,Southeast Asia,Power module,0,0,0.0,0.0,0,326,1211.0,847.0,1343.0,6.145504253746166e-05,0.00014885204370877539,1.0,847.0,521.0
RAW_MATERIAL_0184,Thorne Minerals - Kolwezi,RAW_MATERIAL,Rest of World,Copper,0,0,0.0,0.0,0,326,1211.0,1111.0,999.0,0.0,0.00022102223255785546,1.0,999.0,673.0
RAW_MATERIAL_0185,Quarn Resources - Tianjin,RAW_MATERIAL,China,Bulk chemical,0,0,0.0,0.0,0,326,638.0,1111.0,297.0,0.0,0.0005354037338151122,4.0,297.0,-29.0
EMS_0322,Verity Electronics - Hyderabad,EMS,South Asia,PCB assembly,0,0,0.0,0.0,0,326,975.0,321.0,768.0,0.0003856402779257997,0.00027255749251276455,2.0,321.0,-5.0
EMS_0323,Stade Circuits - Bac Ninh,EMS,Southeast Asia,PCB assembly,0,0,0.0,0.0,0,326,1533.0,1111.0,1533.0,0.0,0.00011220655257570476,0.0,1111.0,785.0
EMS_0324,Umber Circuits - Ottawa,EMS,North America,PCB assembly,0,0,0.0,0.0,0,326,1211.0,872.0,1257.0,5.268967644054545e-05,0.00016638280801577603,1.0,872.0,546.0
RAW_MATERIAL_0186,Ystad Feedstock - Johannesburg,RAW_MATERIAL,Rest of World,Silicon feedstock,0,0,0.0,0.0,0,326,1211.0,1111.0,1049.0,0.0,0.0002084665771752996,1.0,1049.0,723.0
RAW_MATERIAL_0187,Calder Extraction - Tainan,RAW_MATERIAL,Taiwan,Crude industrial gas,0,0,0.0,0.0,0,326,1211.0,1111.0,829.0,0.0,0.0002561448248911221,1.0,829.0,503.0
RAW_MATERIAL_0188,Xanthe Minerals - Dalian,RAW_MATERIAL,China,Silicon feedstock,0,0,0.0,0.0,0,326,1533.0,1111.0,1533.0,0.0,0.00011220655257570476,0.0,1111.0,785.0
EMS_0328,Ember Circuits - Taoyuan,EMS,Taiwan,PCB assembly,0,0,0.0,0.0,0,326,1211.0,889.0,1448.0,4.8806215252579765e-05,0.00012994824264567925,1.0,889.0,563.0
EMS_0329,Umber Manufacturing - Chengdu,EMS,China,PCB assembly,0,0,0.0,0.0,0,326,348.0,383.0,866.0,0.0003121242613115579,0.00024829764088327974,8.0,348.0,22.0
EMS_0330,Dyne Electronics - Xi'an,EMS,China,Power module,0,0,0.0,0.0,0,326,774.0,721.0,1095.0,0.00010896853944432026,0.00020055607794073672,3.0,721.0,395.0
EMS_0331,Xanthe Circuits - Shanghai 2,EMS,China,Power module,0,0,0.0,0.0,0,326,1533.0,1111.0,1533.0,0.0,0.00011220655257570476,0.0,1111.0,785.0
RAW_MATERIAL_0189,Cortex Minerals - Tianjin,RAW_MATERIAL,China,Gold,0,0,0.0,0.0,0,326,1211.0,1111.0,932.0,0.0,0.00023304226644949784,1.0,932.0,606.0
EMS_0333,Renbeck Assemblies - Dalian,EMS,China,Sensor module,0,0,0.0,0.0,0,326,407.0,691.0,718.0,0.00012003029832663805,0.00028783521643056586,7.0,407.0,81.0
RAW_MATERIAL_0190,Ystad Minerals - Wuxi,RAW_MATERIAL,China,Bulk chemical,0,0,0.0,0.0,0,326,1533.0,1111.0,1533.0,0.0,0.00011220655257570476,0.0,1111.0,785.0
RAW_MATERIAL_0191,Korrin Minerals - Perth,RAW_MATERIAL,Rest of World,Copper,0,0,0.0,0.0,0,326,1211.0,1111.0,909.0,0.0,0.00023890398567487145,1.0,909.0,583.0
EMS_0336,Korrin Assemblies - Tianjin,EMS,China,Power module,0,0,0.0,0.0,0,326,975.0,972.0,1239.0,2.6627144852156485e-05,0.0001703883105476901,2.0,972.0,646.0
EMS_0337,Belan Assemblies - Eindhoven,EMS,Europe,PCB assembly,0,0,0.0,0.0,0,326,975.0,841.0,1298.0,6.394578335181965e-05,0.00015693504438978788,2.0,841.0,515.0
EMS_0338,Mordant Electronics - Hsinchu,EMS,Taiwan,PCB assembly,0,0,0.0,0.0,0,326,549.0,250.0,691.0,0.0004883765713520051,0.00029536792463098755,5.0,250.0,-76.0
RAW_MATERIAL_0192,Dyne Resources - Wuxi,RAW_MATERIAL,China,Rare earth elements,0,0,0.0,0.0,0,326,774.0,1111.0,515.0,0.0,0.0003678373369885557,3.0,515.0,189.0
EMS_0340,Kestrel Electronics - Tianjin 2,EMS,China,Power module,0,0,0.0,0.0,0,326,1211.0,994.0,1474.0,2.248547184827956e-05,0.00012623654874409368,1.0,994.0,668.0
EMS_0341,Oxbow Electronics - Hsinchu,EMS,Taiwan,Power module,0,0,0.0,0.0,0,326,549.0,352.0,901.0,0.00034604333379677086,0.00023948572020341516,5.0,352.0,26.0
EMS_0342,Kestrel Assemblies - Austin,EMS,North America,Sensor module,0,0,0.0,0.0,0,326,348.0,512.0,853.0,0.0002187209958523092,0.0002519122457916933,8.0,348.0,22.0
RAW_MATERIAL_0193,Dyne Feedstock - Tianjin,RAW_MATERIAL,China,Bulk chemical,0,0,0.0,0.0,0,326,1533.0,1111.0,1533.0,0.0,0.00011220655257570476,0.0,1111.0,785.0
EMS_0344,Jorel Circuits - Bangkok,EMS,Southeast Asia,PCB assembly,0,0,0.0,0.0,0,326,1211.0,904.0,1167.0,4.26800985290698e-05,0.00018515181593560233,1.0,904.0,578.0
EMS_0345,Prendel Assemblies - Bac Ninh,EMS,Southeast Asia,Sensor module,0,0,0.0,0.0,0,326,638.0,575.0,697.0,0.00018815155974594917,0.0002942505156494041,4.0,575.0,249.0
RAW_MATERIAL_0194,Quill Feedstock - Grenoble,RAW_MATERIAL,Europe,Copper,0,0,0.0,0.0,0,326,193.0,1111.0,45.0,0.0,0.0017028283050274848,13.0,45.0,-281.0
EMS_0347,Umber Assemblies - Ottawa,EMS,North America,Power module,0,0,0.0,0.0,0,326,638.0,874.0,1282.0,5.2610143197799585e-05,0.00015936711413429256,4.0,638.0,312.0
EMS_0348,Mervi Electronics - Sendai,EMS,Japan,PCB assembly,0,0,0.0,0.0,0,326,1211.0,818.0,1288.0,7.108325915961262e-05,0.00015861327232262075,1.0,818.0,492.0
EMS_0349,Zephyr Electronics - Chengdu,EMS,China,Power module,0,0,0.0,0.0,0,326,638.0,709.0,1131.0,0.00011285205761418066,0.00019405686589418742,4.0,638.0,312.0
EMS_0350,Nevin Assemblies - Malta,EMS,North America,PCB assembly,0,0,0.0,0.0,0,326,774.0,890.0,1145.0,4.817013103313111e-05,0.0001913622312139628,3.0,774.0,448.0
EMS_0351,Thorne Manufacturing - Bengaluru,EMS,South Asia,Power module,0,0,0.0,0.0,0,326,1211.0,706.0,1255.0,0.00011316437029642482,0.00016655792527523627,1.0,706.0,380.0
EMS_0352,Prendel Electronics - Hillsboro,EMS,North America,Power module,0,0,0.0,0.0,0,326,304.0,264.0,776.0,0.00046742563094599965,0.00027015971036051603,9.0,264.0,-62.0
EMS_0353,Brant Manufacturing - Guadalajara,EMS,North America,PCB assembly,0,0,0.0,0.0,0,326,1211.0,979.0,1320.0,2.549728378089425e-05,0.00015344519477635603,1.0,979.0,653.0
EMS_0354,Doran Manufacturing - Hwaseong,EMS,Korea,PCB assembly,0,0,0.0,0.0,0,326,1211.0,855.0,1473.0,5.93394839538155e-05,0.00012632706484840589,1.0,855.0,529.0
EMS_0355,Ferrin Circuits - Dresden,EMS,Europe,PCB assembly,0,0,0.0,0.0,0,326,638.0,757.0,914.0,9.628322409051805e-05,0.00023860467175999142,4.0,638.0,312.0
EMS_0356,Trellis Manufacturing - Taoyuan,EMS,Taiwan,Power module,0,0,0.0,0.0,0,326,213.0,314.0,448.0,0.00039545749006113554,0.00041344766823714075,12.0,213.0,-113.0
EMS_0357,Faryn Circuits - Eindhoven,EMS,Europe,Sensor module,0,0,0.0,0.0,0,326,638.0,621.0,993.0,0.00016106287156603813,0.00022168998572851938,4.0,621.0,295.0
EMS_0358,Alder Assemblies - Dresden,EMS,Europe,Sensor module,0,0,0.0,0.0,0,326,774.0,788.0,904.0,8.287227876061006e-05,0.00023923105228230114,3.0,774.0,448.0
RAW_MATERIAL_0195,Rivet Extraction - Antofagasta,RAW_MATERIAL,Rest of World,Copper,0,0,0.0,0.0,0,326,1211.0,1111.0,1337.0,0.0,0.00015025880655068722,1.0,1111.0,785.0
RAW_MATERIAL_0196,Holt Feedstock - Belo Horizonte,RAW_MATERIAL,Rest of World,Bulk chemical,0,0,0.0,0.0,0,326,1211.0,1111.0,892.0,0.0,0.0002419483248621152,1.0,892.0,566.0
RAW_MATERIAL_0197,Lethe Feedstock - Hyderabad,RAW_MATERIAL,South Asia,Rare earth elements,0,0,0.0,0.0,0,326,1211.0,1111.0,1150.0,0.0,0.00018952794303059176,1.0,1111.0,785.0
EMS_0362,Jarn Electronics - Penang,EMS,Southeast Asia,PCB assembly,0,0,0.0,0.0,0,326,1211.0,947.0,1477.0,3.086878738389051e-05,0.00012560936581678666,1.0,947.0,621.0
EMS_0363,Verity Circuits - Dalian,EMS,China,PCB assembly,0,0,0.0,0.0,0,326,975.0,952.0,1272.0,2.999105942477999e-05,0.00016213525312878607,2.0,952.0,626.0
EMS_0364,Quill Electronics - Hillsboro,EMS,North America,PCB assembly,0,0,0.0,0.0,0,326,1211.0,838.0,1274.0,6.477057208995086e-05,0.00016153120305099352,1.0,838.0,512.0
EMS_0365,Quarn Manufacturing - Malta,EMS,North America,PCB assembly,0,0,0.0,0.0,0,326,457.0,366.0,1016.0,0.0003280506851301655,0.00021674063946364012,6.0,366.0,40.0
EMS_0366,Ember Manufacturing - Shenzhen,EMS,China,PCB assembly,0,0,0.0,0.0,0,326,638.0,732.0,786.0,0.00010424011224876466,0.0002668592685701655,4.0,638.0,312.0
EMS_0367,Palter Manufacturing - Austin,EMS,North America,PCB assembly,0,0,0.0,0.0,0,326,1533.0,1111.0,1533.0,0.0,0.00011220655257570476,0.0,1111.0,785.0
EMS_0368,Elstow Electronics - Xi'an,EMS,China,PCB assembly,0,0,0.0,0.0,0,326,457.0,283.0,778.0,0.0004438607827662017,0.0002691943720329922,6.0,283.0,-43.0
EMS_0369,Brant Manufacturing - Malta,EMS,North America,Sensor module,0,0,0.0,0.0,0,326,407.0,549.0,1086.0,0.00020217434836756782,0.0002013273100492869,7.0,407.0,81.0
EMS_0370,Noral Assemblies - Kaohsiung,EMS,Taiwan,PCB assembly,0,0,0.0,0.0,0,326,774.0,702.0,1335.0,0.00011435752089120425,0.00015047972357701015,3.0,702.0,376.0
EMS_0371,Oxbow Electronics - Hillsboro,EMS,North America,PCB assembly,0,0,0.0,0.0,0,326,1211.0,910.0,1497.0,4.018863551784134e-05,0.0001231865495770526,1.0,910.0,584.0
EMS_0372,Oxbow Assemblies - Austin,EMS,North America,PCB assembly,0,0,0.0,0.0,0,326,1211.0,949.0,1487.0,3.0255642519682652e-05,0.0001247276017877681,1.0,949.0,623.0
EMS_0373,Dyne Manufacturing - Chengdu,EMS,China,PCB assembly,0,0,0.0,0.0,0,326,975.0,791.0,1118.0,8.180248224238941e-05,0.0001961276381021156,2.0,791.0,465.0
EMS_0374,Ystad Manufacturing - Shanghai,EMS,China,Sensor module,0,0,0.0,0.0,0,326,975.0,1038.0,1364.0,1.426728371502555e-05,0.00014527944476832642,2.0,975.0,649.0
RAW_MATERIAL_0198,Xanthe Extraction - Bengaluru,RAW_MATERIAL,South Asia,Gold,0,0,0.0,0.0,0,326,774.0,1111.0,455.0,0.0,0.00040795774708659487,3.0,455.0,129.0
EMS_0376,Stade Circuits - Malta,EMS,North America,Power module,0,0,0.0,0.0,0,326,638.0,793.0,1311.0,8.151541476418665e-05,0.00015445081383646611,4.0,638.0,312.0
EMS_0377,Ader Circuits - Chengdu,EMS,China,Sensor module,0,0,0.0,0.0,0,326,774.0,797.0,1367.0,7.874459353362614e-05,0.000144679589849305,3.0,774.0,448.0
EMS_0378,Halcy Assemblies - Batam,EMS,Southeast Asia,PCB assembly,0,0,0.0,0.0,0,326,1533.0,1111.0,1533.0,0.0,0.00011220655257570476,0.0,1111.0,785.0
EMS_0379,Ferrin Manufacturing - Shanghai,EMS,China,PCB assembly,0,0,0.0,0.0,0,326,975.0,670.0,1349.0,0.00013620284487738199,0.00014798435532798065,2.0,670.0,344.0
RAW_MATERIAL_0199,Belan Minerals - Johannesburg,RAW_MATERIAL,Rest of World,Bulk chemical,0,0,0.0,0.0,0,326,1533.0,1111.0,1533.0,0.0,0.00011220655257570476,0.0,1111.0,785.0
EMS_0381,Dyne Circuits - Hillsboro,EMS,North America,PCB assembly,0,0,0.0,0.0,0,326,1533.0,1111.0,1533.0,0.0,0.00011220655257570476,0.0,1111.0,785.0
EMS_0382,Alder Electronics - Tianjin,EMS,China,PCB assembly,0,0,0.0,0.0,0,326,1211.0,849.0,1344.0,6.110331109500692e-05,0.00014846972422829258,1.0,849.0,523.0
RAW_MATERIAL_0200,Doran Extraction - Shanghai,RAW_MATERIAL,China,Copper,0,0,0.0,0.0,0,326,157.0,1111.0,43.0,0.0,0.0017431421858208783,15.0,43.0,-283.0
EMS_0384,Vantor Assemblies - Shenzhen 2,EMS,China,Power module,0,0,0.0,0.0,0,326,1211.0,1020.0,1478.0,1.7930320108720485e-05,0.0001255190878001369,1.0,1020.0,694.0
EMS_0385,Ivex Assemblies - Kaohsiung,EMS,Taiwan,PCB assembly,0,0,0.0,0.0,0,326,638.0,577.0,1176.0,0.00018785525555311178,0.00018403169144090133,4.0,577.0,251.0
EMS_0386,Wexler Manufacturing - Hsinchu,EMS,Taiwan,Power module,0,0,0.0,0.0,0,326,348.0,367.0,621.0,0.00032712748851651205,0.0003227542281434358,8.0,348.0,22.0
EMS_0387,Umber Electronics - Austin,EMS,North America,PCB assembly,0,0,0.0,0.0,0,326,348.0,370.0,812.0,0.00032656797797420123,0.0002617065661460073,8.0,348.0,22.0
RAW_MATERIAL_0201,Rivet Feedstock - Wuxi,RAW_MATERIAL,China,Rare earth elements,0,0,0.0,0.0,0,326,1533.0,1111.0,1533.0,0.0,0.00011220655257570476,0.0,1111.0,785.0
EMS_0389,Wexler Circuits - Guadalajara,EMS,North America,PCB assembly,0,0,0.0,0.0,0,326,348.0,188.0,675.0,0.000597894627434724,0.00030151680334998635,8.0,188.0,-138.0
RAW_MATERIAL_0202,Oxbow Extraction - Tainan,RAW_MATERIAL,Taiwan,Bulk chemical,0,0,0.0,0.0,0,326,1211.0,1111.0,1062.0,0.0,0.0002062451513381731,1.0,1062.0,736.0
EMS_0391,Verity Manufacturing - Grenoble,EMS,Europe,Sensor module,0,0,0.0,0.0,0,326,774.0,763.0,1020.0,9.361541265735976e-05,0.00021591250713414047,3.0,763.0,437.0
RAW_MATERIAL_0203,Prendel Resources - Dalian,RAW_MATERIAL,China,Silicon feedstock,0,0,0.0,0.0,0,326,1533.0,1111.0,1533.0,0.0,0.00011220655257570476,0.0,1111.0,785.0
RAW_MATERIAL_0205,Korrin Extraction - Perth,RAW_MATERIAL,Rest of World,Bulk chemical,0,0,0.0,0.0,0,326,1533.0,1111.0,1533.0,0.0,0.00011220655257570476,0.0,1111.0,785.0
RAW_MATERIAL_0206,Quill Minerals - Hyderabad,RAW_MATERIAL,South Asia,Copper,0,0,0.0,0.0,0,326,549.0,1111.0,251.0,0.0,0.000609258396152793,5.0,251.0,-75.0
EMS_0395,Wend Assemblies - Batam,EMS,Southeast Asia,Power module,0,0,0.0,0.0,0,326,1533.0,1111.0,1533.0,0.0,0.00011220655257570476,0.0,1111.0,785.0
EMS_0396,Kestrel Manufacturing - Xi'an,EMS,China,PCB assembly,0,0,0.0,0.0,0,326,1533.0,1111.0,1533.0,0.0,0.00011220655257570476,0.0,1111.0,785.0
RAW_MATERIAL_0207,Nevin Resources - Perth,RAW_MATERIAL,Rest of World,Crude industrial gas,0,0,0.0,0.0,0,326,1211.0,1111.0,1035.0,0.0,0.0002112567228158676,1.0,1035.0,709.0
EMS_0398,Elstow Electronics - Guadalajara,EMS,North America,PCB assembly,0,0,0.0,0.0,0,326,549.0,637.0,1012.0,0.00015398724665061336,0.00021774025747882007,5.0,549.0,223.0
EMS_0399,Rivet Assemblies - Dalian 2,EMS,China,PCB assembly,0,0,0.0,0.0,0,326,1533.0,1111.0,1533.0,0.0,0.00011220655257570476,0.0,1111.0,785.0
EMS_0400,Granth Electronics - Wuxi,EMS,China,PCB assembly,0,0,0.0,0.0,0,326,1533.0,1111.0,1533.0,0.0,0.00011220655257570476,0.0,1111.0,785.0
RAW_MATERIAL_0208,Korrin Extraction - Shanghai,RAW_MATERIAL,China,Silicon feedstock,0,0,0.0,0.0,0,326,975.0,1111.0,1055.0,0.0,0.00020747013393499983,2.0,975.0,649.0
EMS_0402,Verity Assemblies - Shanghai,EMS,China,PCB assembly,0,0,0.0,0.0,0,326,975.0,876.0,1450.0,5.2406658445488006e-05,0.00012960044740091794,2.0,876.0,550.0
RAW_MATERIAL_0209,Solvex Feedstock - Tianjin,RAW_MATERIAL,China,Rare earth elements,2,0,0.0,0.0,2,326,1211.0,1111.0,1209.0,0.0,0.00017562793313643922,1.0,1111.0,785.0
EMS_0404,Xanthe Circuits - Guadalajara,EMS,North America,PCB assembly,0,0,0.0,0.0,0,326,774.0,681.0,1196.0,0.0001286902829875452,0.0001781658375953807,3.0,681.0,355.0
EMS_0405,Vantor Electronics - Shanghai,EMS,China,Sensor module,0,0,0.0,0.0,0,326,638.0,437.0,936.0,0.00026630741624968606,0.0002322501529293001,4.0,437.0,111.0
RAW_MATERIAL_0210,Jarn Extraction - Wuxi 2,RAW_MATERIAL,China,Substrate resin,0,0,0.0,0.0,0,326,94.0,1111.0,82.0,0.0,0.0011525158616092492,21.0,82.0,-244.0
RAW_MATERIAL_0211,Nevin Extraction - Wuxi,RAW_MATERIAL,China,Copper,0,0,0.0,0.0,0,326,457.0,1111.0,142.0,0.0,0.0008439651436281338,6.0,142.0,-184.0
RAW_MATERIAL_0212,Jorel Feedstock - Bangkok,RAW_MATERIAL,Southeast Asia,Bulk chemical,0,0,0.0,0.0,0,326,975.0,1111.0,1373.0,0.0,0.00014412694681402753,2.0,975.0,649.0
RAW_MATERIAL_0213,Palter Extraction - Hwaseong,RAW_MATERIAL,Korea,Silicon feedstock,1,0,0.0,0.0,1,326,549.0,1111.0,708.0,0.0,0.00029095474621375155,5.0,549.0,223.0
EMS_0410,Lumen Electronics - Taichung,EMS,Taiwan,PCB assembly,0,0,0.0,0.0,0,326,457.0,318.0,783.0,0.00038776814006841534,0.00026833574313009823,6.0,318.0,-8.0
EMS_0411,Vantor Manufacturing - Hsinchu,EMS,Taiwan,PCB assembly,0,0,0.0,0.0,0,326,1533.0,1111.0,1533.0,0.0,0.00011220655257570476,0.0,1111.0,785.0
EMS_0412,Yarrow Circuits - Shenzhen,EMS,China,PCB assembly,0,0,0.0,0.0,0,326,638.0,594.0,941.0,0.00017705135091903229,0.00023133780456388147,4.0,594.0,268.0
RAW_MATERIAL_0214,Rivet Minerals - Chengdu,RAW_MATERIAL,China,Copper,0,0,0.0,0.0,0,326,975.0,1111.0,1045.0,0.0,0.00020931368363925337,2.0,975.0,649.0
RAW_MATERIAL_0215,Oxbow Feedstock - Austin,RAW_MATERIAL,North America,Copper,0,0,0.0,0.0,0,326,234.0,1111.0,119.0,0.0,0.0009279695485747058,11.0,119.0,-207.0
EMS_0415,Calder Assemblies - Hsinchu,EMS,Taiwan,PCB assembly,0,0,0.0,0.0,0,326,975.0,730.0,1213.0,0.00010503122603549425,0.00017545026192020724,2.0,730.0,404.0
EMS_0416,Xanthe Manufacturing - Bangkok,EMS,Southeast Asia,Power module,0,0,0.0,0.0,0,326,1533.0,1111.0,1533.0,0.0,0.00011220655257570476,0.0,1111.0,785.0
RAW_MATERIAL_0216,Quarn Minerals - Kolwezi,RAW_MATERIAL,Rest of World,Rare earth elements,3,0,0.0,0.0,3,326,774.0,1111.0,393.0,0.0,0.0004596119187363223,3.0,393.0,67.0
RAW_MATERIAL_0217,Ember Feedstock - Wuxi,RAW_MATERIAL,China,Gold,0,0,0.0,0.0,0,326,348.0,1111.0,265.0,0.0,0.0005801214662927217,8.0,265.0,-61.0
EMS_0419,Gethin Assemblies - Shenzhen,EMS,China,PCB assembly,0,0,0.0,0.0,0,326,1211.0,830.0,1242.0,6.746967038265316e-05,0.0001693025369827136,1.0,830.0,504.0
EMS_0420,Belan Assemblies - Sanand,EMS,South Asia,PCB assembly,0,0,0.0,0.0,0,326,1533.0,1111.0,1533.0,0.0,0.00011220655257570476,0.0,1111.0,785.0
EMS_0421,Solvex Circuits - Penang,EMS,Southeast Asia,PCB assembly,0,0,0.0,0.0,0,326,1533.0,1111.0,1533.0,0.0,0.00011220655257570476,0.0,1111.0,785.0
RAW_MATERIAL_0218,Verity Resources - Xi'an,RAW_MATERIAL,China,Rare earth elements,1,0,0.0,0.0,1,326,1211.0,1111.0,1460.0,0.0,0.0001282408339110064,1.0,1111.0,785.0
EMS_0423,Calder Assemblies - Tianjin,EMS,China,Power module,0,0,0.0,0.0,0,326,549.0,532.0,1160.0,0.00020821525323249225,0.00018615231671129218,5.0,532.0,206.0
EMS_0424,Wend Electronics - Dalian,EMS,China,PCB assembly,0,0,0.0,0.0,0,326,213.0,172.0,456.0,0.0006291303086300286,0.00040699452874893346,12.0,172.0,-154.0
RAW_MATERIAL_0219,Renbeck Minerals - Gumi,RAW_MATERIAL,Korea,Substrate resin,0,0,0.0,0.0,0,326,638.0,1111.0,480.0,0.0,0.0003895594418965224,4.0,480.0,154.0
EMS_0426,Jorel Electronics - Wuxi,EMS,China,PCB assembly,0,0,0.0,0.0,0,326,1211.0,906.0,1472.0,4.08839680883778e-05,0.00012648054867745698,1.0,906.0,580.0
EMS_0427,Nevin Circuits - Chandler,EMS,North America,PCB assembly,0,0,0.0,0.0,0,326,348.0,252.0,837.0,0.0004808357517520647,0.00025482550135921394,8.0,252.0,-74.0
RAW_MATERIAL_0220,Solvex Feedstock - Kolwezi,RAW_MATERIAL,Rest of World,Copper,0,0,0.0,0.0,0,326,1211.0,1111.0,637.0,0.0,0.00031821754206899427,1.0,637.0,311.0
EMS_0429,Elstow Circuits - Hillsboro,EMS,North America,Sensor module,0,0,0.0,0.0,0,326,549.0,714.0,919.0,0.00011040650160214171,0.00023734670651745016,5.0,549.0,223.0
RAW_MATERIAL_0222,Wend Extraction - Austin,RAW_MATERIAL,North America,Copper,0,0,0.0,0.0,0,326,975.0,1111.0,529.0,0.0,0.0003591264121757697,2.0,529.0,203.0
EMS_0431,Noral Circuits - Hsinchu,EMS,Taiwan,PCB assembly,0,0,0.0,0.0,0,326,1211.0,679.0,1093.0,0.00013037027720690819,0.00020088510803283513,1.0,679.0,353.0
EMS_0432,Xanthe Assemblies - Leixlip,EMS,Europe,PCB assembly,0,0,0.0,0.0,0,326,774.0,641.0,1389.0,0.00015249644550253575,0.00014104838240902508,3.0,641.0,315.0
RAW_MATERIAL_0224,Thorne Feedstock - Shenzhen,RAW_MATERIAL,China,Crude industrial gas,0,0,0.0,0.0,0,326,1211.0,1111.0,1423.0,0.0,0.00013358116077233663,1.0,1111.0,785.0
RAW_MATERIAL_0225,Halcy Feedstock - Antofagasta,RAW_MATERIAL,Rest of World,Silicon feedstock,0,0,0.0,0.0,0,326,975.0,1111.0,1332.0,0.0,0.00015099178560289432,2.0,975.0,649.0
RAW_MATERIAL_0226,Korrin Feedstock - Yokkaichi,RAW_MATERIAL,Japan,Rare earth elements,8,0,0.0,0.0,3,326,348.0,1111.0,96.0,0.0,0.0010672156685822504,8.0,96.0,-230.0
EMS_0436,Brant Electronics - Xi'an,EMS,China,PCB assembly,0,0,0.0,0.0,0,326,975.0,729.0,1216.0,0.00010531952353456401,0.00017514637475249663,2.0,729.0,403.0
EMS_0437,Xanthe Electronics - Shanghai,EMS,China,PCB assembly,0,0,0.0,0.0,0,326,774.0,731.0,1218.0,0.00010427384732466086,0.00017482683806772987,3.0,731.0,405.0
RAW_MATERIAL_0227,Calder Minerals - Antofagasta,RAW_MATERIAL,Rest of World,Bulk chemical,0,0,0.0,0.0,0,326,1211.0,1111.0,1049.0,0.0,0.0002084665771752996,1.0,1049.0,723.0
EMS_0439,Quill Electronics - Shanghai,EMS,China,PCB assembly,0,0,0.0,0.0,0,326,457.0,395.0,790.0,0.00030114540434161976,0.0002663511074425283,6.0,395.0,69.0
RAW_MATERIAL_0229,Brant Extraction - Austin,RAW_MATERIAL,North America,Copper,0,0,0.0,0.0,0,326,1211.0,1111.0,823.0,0.0,0.0002590847580477723,1.0,823.0,497.0
EMS_0441,Vantor Assemblies - Pune,EMS,South Asia,PCB assembly,0,0,0.0,0.0,0,326,975.0,898.0,1206.0,4.5694797538566926e-05,0.00017606612454861483,2.0,898.0,572.0
RAW_MATERIAL_0230,Trellis Minerals - Dresden,RAW_MATERIAL,Europe,Crude industrial gas,1,0,0.0,0.0,1,326,774.0,1111.0,371.0,0.0,0.00047269402298114445,3.0,371.0,45.0
EMS_0443,Mervi Assemblies - Xi'an 2,EMS,China,Power module,0,0,0.0,0.0,0,326,975.0,808.0,1290.0,7.473239350954117e-05,0.00015827956862059158,2.0,808.0,482.0
RAW_MATERIAL_0231,Rivet Resources - Grenoble,RAW_MATERIAL,Europe,Bulk chemical,0,0,0.0,0.0,0,326,1211.0,1111.0,1108.0,0.0,0.00019805070512029444,1.0,1108.0,782.0
RAW_MATERIAL_0232,Elstow Minerals - Dalian,RAW_MATERIAL,China,Crude industrial gas,0,0,0.0,0.0,0,326,1533.0,1111.0,1533.0,0.0,0.00011220655257570476,0.0,1111.0,785.0
EMS_0446,Stade Manufacturing - Chengdu,EMS,China,PCB assembly,0,0,0.0,0.0,0,326,774.0,558.0,1273.0,0.00019977038394658922,0.00016203614006347257,3.0,558.0,232.0
EMS_0447,Holt Electronics - Bac Ninh,EMS,Southeast Asia,Power module,0,0,0.0,0.0,0,326,638.0,563.0,848.0,0.0001970214739506893,0.00025278453094745526,4.0,563.0,237.0
RAW_MATERIAL_0233,Jarn Resources - Pune,RAW_MATERIAL,South Asia,Bulk chemical,0,0,0.0,0.0,0,326,1211.0,1111.0,1208.0,0.0,0.00017568009537055328,1.0,1111.0,785.0
EMS_0449,Verity Circuits - Singapore,EMS,Southeast Asia,Power module,0,0,0.0,0.0,0,326,975.0,881.0,948.0,5.0904647175919706e-05,0.00022992919780613773,2.0,881.0,555.0
EMS_0450,Mordant Circuits - Singapore,EMS,Southeast Asia,PCB assembly,0,0,0.0,0.0,0,326,1533.0,1111.0,1533.0,0.0,0.00011220655257570476,0.0,1111.0,785.0
RAW_MATERIAL_0234,Brant Extraction - Xi'an,RAW_MATERIAL,China,Crude industrial gas,0,0,0.0,0.0,0,326,975.0,1111.0,694.0,0.0,0.0002949301530348712,2.0,694.0,368.0
RAW_MATERIAL_0235,Jarn Extraction - Guadalajara,RAW_MATERIAL,North America,Gold,0,0,0.0,0.0,0,326,774.0,1111.0,503.0,0.0,0.00037510714392203495,3.0,503.0,177.0
RAW_MATERIAL_0236,Solvex Minerals - Johannesburg,RAW_MATERIAL,Rest of World,Copper,0,0,0.0,0.0,0,326,549.0,1111.0,235.0,0.0,0.0006277929884996861,5.0,235.0,-91.0
RAW_MATERIAL_0237,Solvex Resources - Tianjin 2,RAW_MATERIAL,China,Copper,0,0,0.0,0.0,0,326,975.0,1111.0,1071.0,0.0,0.00020418119146615844,2.0,975.0,649.0
EMS_0455,Orvid Circuits - Bac Ninh,EMS,Southeast Asia,PCB assembly,0,0,0.0,0.0,0,326,1533.0,1111.0,1533.0,0.0,0.00011220655257570476,0.0,1111.0,785.0
RAW_MATERIAL_0238,Lumen Minerals - Xi'an,RAW_MATERIAL,China,Bulk chemical,0,0,0.0,0.0,0,326,1211.0,1111.0,1172.0,0.0,0.00018452002126080917,1.0,1111.0,785.0
RAW_MATERIAL_0239,Kestrel Extraction - Shenzhen,RAW_MATERIAL,China,Silicon feedstock,0,0,0.0,0.0,0,326,975.0,1111.0,1087.0,0.0,0.00020115550646014277,2.0,975.0,649.0
EMS_0458,Isar Circuits - Tianjin,EMS,China,PCB assembly,0,0,0.0,0.0,0,326,774.0,707.0,1261.0,0.00011316371746662437,0.00016561768509750388,3.0,707.0,381.0
EMS_0459,Solvex Electronics - Batam,EMS,Southeast Asia,PCB assembly,0,0,0.0,0.0,0,326,1533.0,1111.0,1533.0,0.0,0.00011220655257570476,0.0,1111.0,785.0
RAW_MATERIAL_0240,Yarrow Resources - Chengdu,RAW_MATERIAL,China,Bulk chemical,0,0,0.0,0.0,0,326,774.0,1111.0,1184.0,0.0,0.00018089755677478273,3.0,774.0,448.0
RAW_MATERIAL_0241,Solvex Minerals - Chandler,RAW_MATERIAL,North America,Rare earth elements,0,0,0.0,0.0,0,326,1211.0,1111.0,1164.0,0.0,0.00018594484841458986,1.0,1111.0,785.0
RAW_MATERIAL_0242,Thorne Extraction - Kolwezi,RAW_MATERIAL,Rest of World,Substrate resin,0,0,0.0,0.0,0,326,1211.0,1111.0,1008.0,0.0,0.00021823208691728753,1.0,1008.0,682.0
EMS_0463,Ystad Electronics - Wuxi,EMS,China,Sensor module,0,0,0.0,0.0,0,326,1211.0,983.0,1440.0,2.4461620072088034e-05,0.00013073223259008296,1.0,983.0,657.0
EMS_0464,Wend Circuits - Chengdu,EMS,China,PCB assembly,0,0,0.0,0.0,0,326,975.0,566.0,1155.0,0.00019551203020804096,0.00018670209640490353,2.0,566.0,240.0
EMS_0465,Prendel Manufacturing - Bangkok,EMS,Southeast Asia,PCB assembly,0,0,0.0,0.0,0,326,1533.0,1111.0,1533.0,0.0,0.00011220655257570476,0.0,1111.0,785.0
RAW_MATERIAL_0243,Brant Minerals - Sanand,RAW_MATERIAL,South Asia,Substrate resin,0,0,0.0,0.0,0,326,549.0,1111.0,320.0,0.0,0.0005111950277884577,5.0,320.0,-6.0
EMS_0467,Korrin Circuits - Dalian,EMS,China,PCB assembly,0,0,0.0,0.0,0,326,348.0,177.0,695.0,0.0006136502059379457,0.0002946163774112898,8.0,177.0,-149.0
RAW_MATERIAL_0244,Wend Extraction - Kolwezi,RAW_MATERIAL,Rest of World,Bulk chemical,0,0,0.0,0.0,0,326,1211.0,1111.0,1207.0,0.0,0.0001757496257336313,1.0,1111.0,785.0
EMS_0469,Halcy Circuits - Bengaluru,EMS,South Asia,PCB assembly,0,0,0.0,0.0,0,326,774.0,568.0,836.0,0.00019354092065176914,0.0002548575620972184,3.0,568.0,242.0
EMS_0470,Halcy Assemblies - Eindhoven,EMS,Europe,PCB assembly,0,0,0.0,0.0,0,326,407.0,353.0,657.0,0.0003456974278977971,0.0003092778184820085,7.0,353.0,27.0
EMS_0471,Ivex Circuits - Penang,EMS,Southeast Asia,PCB assembly,0,0,0.0,0.0,0,326,1533.0,1111.0,1533.0,0.0,0.00011220655257570476,0.0,1111.0,785.0
EMS_0472,Noral Manufacturing - Villach,EMS,Europe,Sensor module,0,0,0.0,0.0,0,326,146.0,556.0,402.0,0.0002004162250985569,0.00045110077674340274,16.0,146.0,-180.0
EMS_0473,Elstow Circuits - Leixlip,EMS,Europe,PCB assembly,0,0,0.0,0.0,0,326,1211.0,854.0,1503.0,5.954435537125609e-05,0.00012195654991296721,1.0,854.0,528.0
EMS_0474,Belan Circuits - Tianjin,EMS,China,PCB assembly,0,0,0.0,0.0,0,326,1211.0,971.0,1500.0,2.682494132829146e-05,0.00012272675070764942,1.0,971.0,645.0
EMS_0475,Vantor Circuits - Batangas,EMS,Southeast Asia,PCB assembly,0,0,0.0,0.0,0,326,975.0,611.0,833.0,0.00016713465296353233,0.0002556861366108878,2.0,611.0,285.0
EMS_0476,Thorne Manufacturing - Batam,EMS,Southeast Asia,Power module,0,0,0.0,0.0,0,326,457.0,355.0,483.0,0.0003424829495563799,0.00038805794121079764,6.0,355.0,29.0
EMS_0477,Quarn Assemblies - Ottawa,EMS,North America,Sensor module,0,0,0.0,0.0,0,326,1211.0,1027.0,1520.0,1.6917677105743887e-05,0.0001183984686929032,1.0,1027.0,701.0
RAW_MATERIAL_0245,Jorel Minerals - Guadalajara,RAW_MATERIAL,North America,Substrate resin,0,0,0.0,0.0,0,326,638.0,1111.0,489.0,0.0,0.00038503902793366325,4.0,489.0,163.0
RAW_MATERIAL_0246,Thorne Resources - Taichung,RAW_MATERIAL,Taiwan,Silicon feedstock,0,0,0.0,0.0,0,326,638.0,1111.0,407.0,0.0,0.0004458908315890506,4.0,407.0,81.0
EMS_0480,Doran Assemblies - Icheon,EMS,Korea,PCB assembly,0,0,0.0,0.0,0,326,774.0,382.0,991.0,0.0003153927573782481,0.00022253611384385067,3.0,382.0,56.0
EMS_0481,Quarn Manufacturing - Ottawa,EMS,North America,PCB assembly,0,0,0.0,0.0,0,326,1211.0,790.0,1414.0,8.267691025462721e-05,0.00013522912693336963,1.0,790.0,464.0
EMS_0482,Ulvid Circuits - Bac Ninh,EMS,Southeast Asia,PCB assembly,0,0,0.0,0.0,0,326,1533.0,1111.0,1533.0,0.0,0.00011220655257570476,0.0,1111.0,785.0
EMS_0483,Ivex Manufacturing - Yokkaichi,EMS,Japan,Power module,0,0,0.0,0.0,0,326,549.0,598.0,807.0,0.0001733220031863839,0.00026320249642281397,5.0,549.0,223.0
EMS_0484,Faryn Manufacturing - Penang,EMS,Southeast Asia,PCB assembly,0,0,0.0,0.0,0,326,1211.0,828.0,1158.0,6.859359927986178e-05,0.00018658211521716895,1.0,828.0,502.0
EMS_0485,Wend Assemblies - Malta,EMS,North America,PCB assembly,0,0,0.0,0.0,0,326,1211.0,955.0,1487.0,2.9723500113041793e-05,0.0001247276017877681,1.0,955.0,629.0
RAW_MATERIAL_0247,Yarrow Minerals - Kumamoto,RAW_MATERIAL,Japan,Silicon feedstock,3,0,0.0,0.0,3,326,234.0,1111.0,242.0,0.0,0.0006200593376391501,11.0,234.0,-92.0
EMS_0487,Orvid Circuits - Penang,EMS,Southeast Asia,Power module,0,0,0.0,0.0,0,326,1533.0,1111.0,1533.0,0.0,0.00011220655257570476,0.0,1111.0,785.0
RAW_MATERIAL_0248,Cortex Minerals - Dalian,RAW_MATERIAL,China,Substrate resin,0,0,0.0,0.0,0,326,304.0,1111.0,195.0,0.0,0.0007141545581013241,9.0,195.0,-131.0
RAW_MATERIAL_0249,Cortex Resources - Kolwezi,RAW_MATERIAL,Rest of World,Silicon feedstock,1,0,0.0,0.0,1,326,975.0,1111.0,564.0,0.0,0.0003444732471760108,2.0,564.0,238.0
RAW_MATERIAL_0250,Solvex Extraction - Kolwezi,RAW_MATERIAL,Rest of World,Bulk chemical,0,0,0.0,0.0,0,326,1533.0,1111.0,1533.0,0.0,0.00011220655257570476,0.0,1111.0,785.0
RAW_MATERIAL_0251,Ulvid Extraction - Guadalajara,RAW_MATERIAL,North America,Substrate resin,0,0,0.0,0.0,0,326,1211.0,1111.0,974.0,0.0,0.0002252074510187074,1.0,974.0,648.0
RAW_MATERIAL_0252,Ader Feedstock - Tainan,RAW_MATERIAL,Taiwan,Bulk chemical,0,0,0.0,0.0,0,326,1211.0,1111.0,789.0,0.0,0.000266428095953994,1.0,789.0,463.0
EMS_0493,Cortex Manufacturing - Ottawa,EMS,North America,PCB assembly,0,0,0.0,0.0,0,326,549.0,673.0,843.0,0.00013325305945786548,0.00025348242290857103,5.0,549.0,223.0
EMS_0494,Alder Manufacturing - Taoyuan,EMS,Taiwan,PCB assembly,0,0,0.0,0.0,0,326,774.0,272.0,988.0,0.00045784255984651233,0.0002236388810727908,3.0,272.0,-54.0
RAW_MATERIAL_0253,Orvid Minerals - Hillsboro,RAW_MATERIAL,North America,Substrate resin,0,0,0.0,0.0,0,326,1211.0,1111.0,1074.0,0.0,0.00020350731710378197,1.0,1074.0,748.0
EMS_0496,Zephyr Circuits - Bac Ninh,EMS,Southeast Asia,Power module,0,0,0.0,0.0,0,326,1211.0,722.0,1167.0,0.00010893465763778495,0.00018515181593560233,1.0,722.0,396.0
RAW_MATERIAL_0254,Palter Minerals - Kumamoto,RAW_MATERIAL,Japan,Rare earth elements,0,0,0.0,0.0,0,326,1211.0,1111.0,925.0,0.0,0.00023606134422687284,1.0,925.0,599.0
EMS_0498,Vantor Electronics - Shanghai 2,EMS,China,Sensor module,0,0,0.0,0.0,0,326,1533.0,1111.0,1533.0,0.0,0.00011220655257570476,0.0,1111.0,785.0
EMS_0499,Oxbow Manufacturing - Taichung,EMS,Taiwan,PCB assembly,0,0,0.0,0.0,0,326,1533.0,1111.0,1533.0,0.0,0.00011220655257570476,0.0,1111.0,785.0
EMS_0500,Korrin Assemblies - Dresden 2,EMS,Europe,PCB assembly,0,0,0.0,0.0,0,326,1211.0,1056.0,1374.0,1.0123102166500301e-05,0.00014398435414430413,1.0,1056.0,730.0
EMS_0501,Mervi Manufacturing - Grenoble,EMS,Europe,PCB assembly,0,0,0.0,0.0,0,326,1211.0,962.0,1129.0,2.889487439045182e-05,0.00019433441006693568,1.0,962.0,636.0
EMS_0502,Granth Circuits - Batangas,EMS,Southeast Asia,Sensor module,0,0,0.0,0.0,0,326,638.0,697.0,1040.0,0.00011647543626431425,0.00021006271047538264,4.0,638.0,312.0
EMS_0503,Cortex Manufacturing - Tianjin,EMS,China,PCB assembly,0,0,0.0,0.0,0,326,975.0,779.0,1352.0,8.602979029897093e-05,0.00014759556655971696,2.0,779.0,453.0
RAW_MATERIAL_0256,Nevin Minerals - Shenzhen,RAW_MATERIAL,China,Crude industrial gas,0,0,0.0,0.0,0,326,1211.0,1111.0,1188.0,0.0,0.000180592683373745,1.0,1111.0,785.0
EMS_0505,Isar Circuits - Dalian,EMS,China,PCB assembly,0,0,0.0,0.0,0,326,1533.0,1111.0,1533.0,0.0,0.00011220655257570476,0.0,1111.0,785.0
EMS_0506,Doran Electronics - Xi'an,EMS,China,Power module,0,0,0.0,0.0,0,326,975.0,434.0,1149.0,0.00027147679630404873,0.00018976599819048426,2.0,434.0,108.0
EMS_0507,Palter Circuits - Singapore,EMS,Southeast Asia,PCB assembly,0,0,0.0,0.0,0,326,1211.0,695.0,1005.0,0.0001174891091791235,0.00021947899869320116,1.0,695.0,369.0
EMS_0508,Cortex Manufacturing - Tianjin 2,EMS,China,PCB assembly,0,0,0.0,0.0,0,326,1211.0,750.0,1236.0,9.71557197994095e-05,0.00017155273718170226,1.0,750.0,424.0
EMS_0509,Rivet Assemblies - Wuxi,EMS,China,PCB assembly,0,0,0.0,0.0,0,326,457.0,455.0,944.0,0.00024864382132422727,0.0002303700353754406,6.0,455.0,129.0
EMS_0510,Yarrow Circuits - Penang,EMS,Southeast Asia,PCB assembly,0,0,0.0,0.0,0,326,1211.0,895.0,1330.0,4.699421170831396e-05,0.00015145453050070983,1.0,895.0,569.0
RAW_MATERIAL_0257,Quill Minerals - Batam,RAW_MATERIAL,Southeast Asia,Copper,0,0,0.0,0.0,0,326,304.0,1111.0,185.0,0.0,0.0007323618273917371,9.0,185.0,-141.0
EMS_0512,Oxbow Electronics - Batam,EMS,Southeast Asia,PCB assembly,0,0,0.0,0.0,0,326,1533.0,1111.0,1533.0,0.0,0.00011220655257570476,0.0,1111.0,785.0
RAW_MATERIAL_0258,Quill Minerals - Chengdu,RAW_MATERIAL,China,Rare earth elements,0,0,0.0,0.0,0,326,975.0,1111.0,399.0,0.0,0.0004534747780159049,2.0,399.0,73.0
EMS_0514,Ivex Manufacturing - Dalian,EMS,China,PCB assembly,0,0,0.0,0.0,0,326,407.0,351.0,645.0,0.00034636344014475113,0.000314600625967846,7.0,351.0,25.0
EMS_0515,Verity Electronics - Crolles,EMS,Europe,PCB assembly,0,0,0.0,0.0,0,326,348.0,617.0,769.0,0.00016421246556589482,0.0002724247254564303,8.0,348.0,22.0
EMS_0516,Gethin Circuits - Singapore 2,EMS,Southeast Asia,PCB assembly,0,0,0.0,0.0,0,326,1533.0,1111.0,1533.0,0.0,0.00011220655257570476,0.0,1111.0,785.0
RAW_MATERIAL_0259,Xanthe Resources - Hillsboro,RAW_MATERIAL,North America,Copper,0,0,0.0,0.0,0,326,1211.0,1111.0,934.0,0.0,0.00023255902476734767,1.0,934.0,608.0
EMS_0518,Solvex Assemblies - Batangas,EMS,Southeast Asia,PCB assembly,0,0,0.0,0.0,0,326,1533.0,1111.0,1533.0,0.0,0.00011220655257570476,0.0,1111.0,785.0
EMS_0519,Rivet Manufacturing - Gumi,EMS,Korea,Sensor module,0,0,0.0,0.0,0,326,774.0,774.0,1101.0,8.757078809258708e-05,0.00019921729016052117,3.0,774.0,448.0
HUB_000,Yokohama Port,LOGISTICS,Japan,Freight,0,0,0.0,0.0,0,326,6.0,7.0,7.0,0.012282094953958064,0.016516956334613996,430.0,6.0,-320.0
HUB_001,Kaohsiung Port,LOGISTICS,Taiwan,Freight,0,0,0.0,0.0,0,326,,,,,,,,
HUB_002,Tianjin Port,LOGISTICS,China,Freight,0,0,0.0,0.0,0,326,76.0,570.0,25.0,0.00019239502673282566,0.002268450320317714,26.0,25.0,-301.0
HUB_003,Laem Chabang Port,LOGISTICS,Southeast Asia,Freight,0,0,0.0,0.0,0,326,,,,,,,,
HUB_004,Chicago Air Cargo Hub,LOGISTICS,North America,Freight,0,0,0.0,0.0,0,326,1211.0,1110.0,1439.0,1.1935837710801813e-07,0.00013105900025726428,1.0,1110.0,784.0
HUB_005,Liege Air Cargo Hub,LOGISTICS,Europe,Freight,0,0,0.0,0.0,0,326,,,,,,,,
HUB_006,Vancouver Port,LOGISTICS,North America,Freight,0,0,0.0,0.0,0,326,60.0,313.0,26.0,0.0004011134275804419,0.002226664603127829,31.0,26.0,-300.0
HUB_007,Kuala Lumpur Air Cargo Hub,LOGISTICS,Southeast Asia,Freight,0,0,0.0,0.0,0,326,70.0,592.0,75.0,0.00017754048429053515,0.001233954036421727,28.0,70.0,-256.0
HUB_008,Memphis Air Cargo Hub,LOGISTICS,North America,Freight,0,0,0.0,0.0,0,326,304.0,336.0,100.0,0.0003660714891228223,0.0010492774042813971,9.0,100.0,-226.0
HUB_009,Hong Kong Air Cargo Hub,LOGISTICS,China,Freight,0,0,0.0,0.0,0,326,101.0,675.0,52.0,0.00013270086033518257,0.0015929896628264304,20.0,52.0,-274.0
HUB_010,Ningbo Port,LOGISTICS,China,Freight,0,0,0.0,0.0,0,326,4.0,6.0,5.0,0.014394782892290011,0.02141009573507068,477.0,4.0,-322.0
HUB_011,Incheon Air Cargo Hub,LOGISTICS,Korea,Freight,0,0,0.0,0.0,0,326,2.0,2.0,4.0,0.03323459240795385,0.026712830555977618,840.0,2.0,-324.0
HUB_012,Clark Air Cargo Hub,LOGISTICS,Southeast Asia,Freight,0,0,0.0,0.0,0,326,9.0,11.0,14.0,0.006297745079207445,0.007907339884797606,322.0,9.0,-317.0
HUB_013,Nagoya Port,LOGISTICS,Japan,Freight,0,0,0.0,0.0,0,326,11.0,12.0,10.0,0.0054559505466284675,0.010604549094146452,283.0,10.0,-316.0
RAW_MATERIAL_0015,Vantor Resources - Villach,RAW_MATERIAL,Europe,Crude industrial gas,0,0,0.0,0.0,0,326,638.0,1111.0,223.0,0.0,0.0006492579887766076,4.0,223.0,-103.0
RAW_MATERIAL_0016,Orvid Extraction - Belo Horizonte,RAW_MATERIAL,Rest of World,Copper,0,0,0.0,0.0,0,326,1211.0,1111.0,967.0,0.0,0.0002266025238389914,1.0,967.0,641.0
RAW_MATERIAL_0017,Ystad Feedstock - Chengdu,RAW_MATERIAL,China,Substrate resin,1,0,0.0,0.0,1,326,304.0,1111.0,131.0,0.0,0.0008614363257319773,9.0,131.0,-195.0
RAW_MATERIAL_0018,Ferrin Minerals - Shenzhen,RAW_MATERIAL,China,Substrate resin,0,0,0.0,0.0,0,326,638.0,1111.0,329.0,0.0,0.0005045119427801839,4.0,329.0,3.0
RAW_MATERIAL_0019,Faryn Extraction - Hiroshima,RAW_MATERIAL,Japan,Substrate resin,1,0,0.0,0.0,1,326,304.0,1111.0,189.0,0.0,0.0007241289464194091,9.0,189.0,-137.0
RAW_MATERIAL_0020,Quill Resources - Xi'an,RAW_MATERIAL,China,Crude industrial gas,0,0,0.0,0.0,0,326,975.0,1111.0,1092.0,0.0,0.0002009021250091663,2.0,975.0,649.0
RAW_MATERIAL_0021,Ader Resources - Xi'an,RAW_MATERIAL,China,Crude industrial gas,3,0,0.0,0.0,2,326,774.0,1111.0,217.0,0.0,0.0006563876525691505,3.0,217.0,-109.0
RAW_MATERIAL_0022,Mervi Resources - Austin,RAW_MATERIAL,North America,Copper,0,0,0.0,0.0,0,326,1533.0,1111.0,1533.0,0.0,0.00011220655257570476,0.0,1111.0,785.0
RAW_MATERIAL_0023,Solvex Feedstock - Belo Horizonte,RAW_MATERIAL,Rest of World,Bulk chemical,1,0,0.0,0.0,1,326,774.0,1111.0,345.0,0.0,0.0004923277220177076,3.0,345.0,19.0
RAW_MATERIAL_0024,Belan Resources - Dalian,RAW_MATERIAL,China,Substrate resin,1,0,0.0,0.0,1,326,774.0,1111.0,359.0,0.0,0.00047730637712755557,3.0,359.0,33.0
RAW_MATERIAL_0025,Ystad Feedstock - Kolwezi,RAW_MATERIAL,Rest of World,Gold,0,0,0.0,0.0,0,326,1533.0,1111.0,1533.0,0.0,0.00011220655257570476,0.0,1111.0,785.0
RAW_MATERIAL_0026,Calder Resources - Kolwezi,RAW_MATERIAL,Rest of World,Silicon feedstock,0,0,0.0,0.0,0,326,1211.0,1111.0,974.0,0.0,0.0002252074510187074,1.0,974.0,648.0
RAW_MATERIAL_0027,Ulvid Feedstock - Icheon,RAW_MATERIAL,Korea,Copper,0,0,0.0,0.0,0,326,267.0,1111.0,110.0,0.0,0.00098421170227435,10.0,110.0,-216.0
RAW_MATERIAL_0028,Palter Feedstock - Leixlip,RAW_MATERIAL,Europe,Silicon feedstock,0,0,0.0,0.0,0,326,774.0,1111.0,638.0,0.0,0.00031787432015470467,3.0,638.0,312.0
HUB_028,Changi Air Cargo Hub,LOGISTICS,Southeast Asia,Freight,0,0,0.0,0.0,0,326,26.0,91.0,31.0,0.0010478825799333043,0.002005860664530709,69.0,26.0,-300.0
HUB_029,Houston Port,LOGISTICS,North America,Freight,0,0,0.0,0.0,0,326,,,,,,,,
HUB_014,Antwerp Port,LOGISTICS,Europe,Freight,0,0,0.0,0.0,0,326,,,,,,,,
RAW_MATERIAL_0260,Orvid Extraction - Austin,RAW_MATERIAL,North America,Substrate resin,0,0,0.0,0.0,0,326,975.0,1111.0,590.0,0.0,0.00033368111878821056,2.0,590.0,264.0
HUB_016,Keelung Port,LOGISTICS,Taiwan,Freight,0,0,0.0,0.0,0,326,73.0,392.0,50.0,0.00030619335432921626,0.001637277049513508,27.0,50.0,-276.0
HUB_017,Savannah Port,LOGISTICS,North America,Freight,0,0,0.0,0.0,0,326,975.0,1093.0,362.0,3.951247748657444e-06,0.00047689029246226556,2.0,362.0,36.0
HUB_018,Port Klang Port,LOGISTICS,Southeast Asia,Freight,0,0,0.0,0.0,0,326,549.0,1102.0,282.0,1.659947588915789e-06,0.0005552068986456254,5.0,282.0,-44.0
HUB_019,Guangzhou Air Cargo Hub,LOGISTICS,China,Freight,0,0,0.0,0.0,0,326,14.0,13.0,11.0,0.00536322122008565,0.009720246519663167,211.0,11.0,-315.0
HUB_020,Hai Phong Port,LOGISTICS,Southeast Asia,Freight,0,0,0.0,0.0,0,326,1211.0,1099.0,825.0,2.6831621942258582e-06,0.00025838761649999884,1.0,825.0,499.0
HUB_021,Nhava Sheva Port,LOGISTICS,South Asia,Freight,0,0,0.0,0.0,0,326,407.0,462.0,224.0,0.0002442256006720748,0.0006457847499200125,7.0,224.0,-102.0
HUB_022,Incheon Port,LOGISTICS,Korea,Freight,0,0,0.0,0.0,0,326,975.0,1087.0,699.0,4.5933078253787606e-06,0.00029373961146135616,2.0,699.0,373.0
HUB_023,Qingdao Port,LOGISTICS,China,Freight,0,0,0.0,0.0,0,326,8.0,8.0,6.0,0.010160157514905972,0.018105125839672446,342.0,6.0,-320.0
HUB_024,Taoyuan Air Cargo Hub,LOGISTICS,Taiwan,Freight,0,0,0.0,0.0,0,326,10.0,10.0,13.0,0.0071801846459933144,0.008189809571481705,292.0,10.0,-316.0
HUB_025,Hamburg Port,LOGISTICS,Europe,Freight,0,0,0.0,0.0,0,326,13.0,16.0,12.0,0.0046250068780258405,0.008720968248091023,228.0,12.0,-314.0
HUB_026,Manila Port,LOGISTICS,Southeast Asia,Freight,0,0,0.0,0.0,0,326,1.0,1.0,1.0,0.056219869074514865,0.042897422531553125,1059.0,1.0,-325.0
HUB_027,Taichung Port,LOGISTICS,Taiwan,Freight,0,0,0.0,0.0,0,326,17.0,47.0,16.0,0.0015045704871323577,0.005587430256698606,107.0,16.0,-310.0
HUB_044,Miami Air Cargo Hub,LOGISTICS,North America,Freight,0,0,0.0,0.0,0,326,,,,,,,,
